Potential,Disk-O2,Ring-O2,Disk-N2,Ring-N2,Disk-Density,Ring-Density,Potential_RHE,ABS
-0.9000,-0.0012100,0.0000854,-0.00019300,0.00001360,-4.1090912819e+00,2.9010102153e-01,0.0673,1.9191923141e+00
-0.8990,-0.0011900,0.0000850,-0.00016700,0.00001330,-4.1333332062e+00,2.8969696164e-01,0.0683,1.9434342384e+00
-0.8980,-0.0011800,0.0000848,-0.00014800,0.00001320,-4.1696972847e+00,2.8929293156e-01,0.0693,1.9797983170e+00
-0.8970,-0.0011700,0.0000847,-0.00013100,0.00001300,-4.1979799271e+00,2.8969696164e-01,0.0703,2.0080809593e+00
-0.8960,-0.0011600,0.0000844,-0.00011800,0.00001290,-4.2101011276e+00,2.8888890147e-01,0.0713,2.0202021599e+00
-0.8950,-0.0011500,0.0000842,-0.00010700,0.00001270,-4.2141413689e+00,2.8888887167e-01,0.0723,2.0242424011e+00
-0.8940,-0.0011500,0.0000840,-0.00009710,0.00001260,-4.2541413307e+00,2.8848484159e-01,0.0733,2.0642423630e+00
-0.8930,-0.0011400,0.0000837,-0.00008830,0.00001240,-4.2492928505e+00,2.8808081150e-01,0.0743,2.0593938828e+00
-0.8920,-0.0011400,0.0000834,-0.00008040,0.00001230,-4.2812118530e+00,2.8727275133e-01,0.0753,2.0913128853e+00
-0.8910,-0.0011300,0.0000831,-0.00007310,0.00001220,-4.2703032494e+00,2.8646466136e-01,0.0763,2.0804042816e+00
-0.8900,-0.0011300,0.0000832,-0.00006670,0.00001210,-4.2961616516e+00,2.8727275133e-01,0.0773,2.1062626839e+00
-0.8890,-0.0011300,0.0000829,-0.00006070,0.00001190,-4.3204040527e+00,2.8686869144e-01,0.0783,2.1305050850e+00
-0.8880,-0.0011200,0.0000826,-0.00005500,0.00001180,-4.3030304909e+00,2.8606060147e-01,0.0793,2.1131315231e+00
-0.8870,-0.0011200,0.0000825,-0.00005070,0.00001170,-4.3204040527e+00,2.8606060147e-01,0.0803,2.1305050850e+00
-0.8860,-0.0011200,0.0000823,-0.00004590,0.00001160,-4.3397979736e+00,2.8565657139e-01,0.0813,2.1498990059e+00
-0.8850,-0.0011200,0.0000821,-0.00004170,0.00001150,-4.3567681313e+00,2.8525251150e-01,0.0823,2.1668691635e+00
-0.8840,-0.0011100,0.0000820,-0.00003790,0.00001140,-4.3317165375e+00,2.8525251150e-01,0.0833,2.1418175697e+00
-0.8830,-0.0011100,0.0000817,-0.00003410,0.00001130,-4.3470702171e+00,2.8444442153e-01,0.0843,2.1571712494e+00
-0.8820,-0.0011100,0.0000815,-0.00003100,0.00001120,-4.3595957756e+00,2.8404042125e-01,0.0853,2.1696968079e+00
-0.8810,-0.0011100,0.0000814,-0.00002790,0.00001110,-4.3721213341e+00,2.8404042125e-01,0.0863,2.1822223663e+00
-0.8800,-0.0011100,0.0000812,-0.00002510,0.00001100,-4.3834342957e+00,2.8363636136e-01,0.0873,2.1935353279e+00
-0.8790,-0.0011000,0.0000810,-0.00002230,0.00001100,-4.3543434143e+00,2.8282827139e-01,0.0883,2.1644444466e+00
-0.8780,-0.0011000,0.0000808,-0.00001990,0.00001090,-4.3640403748e+00,2.8242421150e-01,0.0893,2.1741414070e+00
-0.8770,-0.0011000,0.0000807,-0.00001730,0.00001080,-4.3745455742e+00,2.8242424130e-01,0.0903,2.1846466064e+00
-0.8760,-0.0011000,0.0000805,-0.00001520,0.00001070,-4.3830304146e+00,2.8202021122e-01,0.0913,2.1931314468e+00
-0.8750,-0.0011000,0.0000805,-0.00001320,0.00001060,-4.3911113739e+00,2.8242424130e-01,0.0923,2.2012124062e+00
-0.8740,-0.0010900,0.0000802,-0.00001120,0.00001060,-4.3587880135e+00,2.8121212125e-01,0.0933,2.1688890457e+00
-0.8730,-0.0011000,0.0000800,-0.00000936,0.00001050,-4.4066262245e+00,2.8080806136e-01,0.0943,2.2167272568e+00
-0.8720,-0.0010900,0.0000800,-0.00000761,0.00001040,-4.3732933998e+00,2.8121212125e-01,0.0953,2.1833944321e+00
-0.8710,-0.0010900,0.0000798,-0.00000597,0.00001030,-4.3799195290e+00,2.8080806136e-01,0.0963,2.1900205612e+00
-0.8700,-0.0010900,0.0000797,-0.00000436,0.00001030,-4.3864245415e+00,2.8040406108e-01,0.0973,2.1965255737e+00
-0.8690,-0.0010900,0.0000794,-0.00000283,0.00001020,-4.3926057816e+00,2.7959597111e-01,0.0983,2.2027068138e+00
-0.8680,-0.0010900,0.0000793,-0.00000148,0.00001010,-4.3980607986e+00,2.7959597111e-01,0.0993,2.2081618309e+00
-0.8670,-0.0010900,0.0000792,-0.00000009,0.00001010,-4.4036746025e+00,2.7919194102e-01,0.1003,2.2137756348e+00
-0.8660,-0.0010900,0.0000791,0.00000114,0.00001000,-4.4086470604e+00,2.7919194102e-01,0.1013,2.2187480927e+00
-0.8650,-0.0010900,0.0000789,0.00000226,0.00000995,-4.4131717682e+00,2.7858582139e-01,0.1023,2.2232728004e+00
-0.8640,-0.0010900,0.0000788,0.00000366,0.00000990,-4.4188284874e+00,2.7838385105e-01,0.1033,2.2289295197e+00
-0.8630,-0.0010800,0.0000786,0.00000450,0.00000984,-4.3818182945e+00,2.7781820297e-01,0.1043,2.1919193268e+00
-0.8620,-0.0010800,0.0000786,0.00000560,0.00000979,-4.3862624168e+00,2.7802023292e-01,0.1053,2.1963634491e+00
-0.8610,-0.0010800,0.0000784,0.00000651,0.00000973,-4.3899388313e+00,2.7745455503e-01,0.1063,2.2000398636e+00
-0.8600,-0.0010900,0.0000783,0.00000750,0.00000968,-4.4343438148e+00,2.7725252509e-01,0.1073,2.2444448471e+00
-0.8590,-0.0010800,0.0000782,0.00000840,0.00000962,-4.3975753784e+00,2.7709090710e-01,0.1083,2.2076764107e+00
-0.8580,-0.0010800,0.0000780,0.00000930,0.00000957,-4.4012117386e+00,2.7648481727e-01,0.1093,2.2113127708e+00
-0.8570,-0.0010800,0.0000779,0.00001020,0.00000952,-4.4048480988e+00,2.7628281713e-01,0.1103,2.2149491310e+00
-0.8560,-0.0010800,0.0000778,0.00001090,0.00000947,-4.4076766968e+00,2.7608081698e-01,0.1113,2.2177777290e+00
-0.8550,-0.0010800,0.0000776,0.00001170,0.00000942,-4.4109086990e+00,2.7547475696e-01,0.1123,2.2210097313e+00
-0.8540,-0.0010800,0.0000776,0.00001230,0.00000937,-4.4133329391e+00,2.7567678690e-01,0.1133,2.2234339714e+00
-0.8530,-0.0010800,0.0000774,0.00001310,0.00000933,-4.4165654182e+00,2.7503031492e-01,0.1143,2.2266664505e+00
-0.8520,-0.0010800,0.0000774,0.00001370,0.00000929,-4.4189896584e+00,2.7519190311e-01,0.1153,2.2290906906e+00
-0.8510,-0.0010800,0.0000773,0.00001440,0.00000924,-4.4218177795e+00,2.7498990297e-01,0.1163,2.2319188118e+00
-0.8500,-0.0010800,0.0000771,0.00001490,0.00000919,-4.4238381386e+00,2.7438384295e-01,0.1173,2.2339391708e+00
-0.8490,-0.0010800,0.0000770,0.00001570,0.00000915,-4.4270706177e+00,2.7414140105e-01,0.1183,2.2371716499e+00
-0.8480,-0.0010800,0.0000769,0.00001620,0.00000911,-4.4290909767e+00,2.7389898896e-01,0.1193,2.2391920090e+00
-0.8470,-0.0010800,0.0000767,0.00001670,0.00000907,-4.4311108589e+00,2.7325254679e-01,0.1203,2.2412118912e+00
-0.8460,-0.0010800,0.0000767,0.00001730,0.00000903,-4.4335350990e+00,2.7341413498e-01,0.1213,2.2436361313e+00
-0.8450,-0.0010800,0.0000765,0.00001770,0.00000899,-4.4351515770e+00,2.7276769280e-01,0.1223,2.2452526093e+00
-0.8440,-0.0010800,0.0000764,0.00001830,0.00000895,-4.4375758171e+00,2.7252525091e-01,0.1233,2.2476768494e+00
-0.8430,-0.0010800,0.0000764,0.00001860,0.00000891,-4.4387879372e+00,2.7268686891e-01,0.1243,2.2488889694e+00
-0.8420,-0.0010800,0.0000762,0.00001910,0.00000887,-4.4408078194e+00,2.7204039693e-01,0.1253,2.2509088516e+00
-0.8410,-0.0010800,0.0000761,0.00001960,0.00000884,-4.4428281784e+00,2.7175757289e-01,0.1263,2.2529292107e+00
-0.8400,-0.0010700,0.0000760,0.00002000,0.00000880,-4.4040403366e+00,2.7151513100e-01,0.1273,2.2141413689e+00
-0.8390,-0.0010700,0.0000760,0.00002040,0.00000877,-4.4056568146e+00,2.7163633704e-01,0.1283,2.2157578468e+00
-0.8380,-0.0010700,0.0000759,0.00002080,0.00000873,-4.4072728157e+00,2.7139395475e-01,0.1293,2.2173738480e+00
-0.8370,-0.0010700,0.0000757,0.00002120,0.00000870,-4.4088892937e+00,2.7070707083e-01,0.1303,2.2189903259e+00
-0.8360,-0.0010700,0.0000757,0.00002160,0.00000867,-4.4105052948e+00,2.7082827687e-01,0.1313,2.2206063271e+00
-0.8350,-0.0010700,0.0000755,0.00002200,0.00000864,-4.4121212959e+00,2.7014139295e-01,0.1323,2.2222223282e+00
-0.8340,-0.0010700,0.0000755,0.00002230,0.00000860,-4.4133334160e+00,2.7030304074e-01,0.1333,2.2234344482e+00
-0.8330,-0.0010700,0.0000753,0.00002260,0.00000856,-4.4145455360e+00,2.6965656877e-01,0.1343,2.2246465683e+00
-0.8320,-0.0010700,0.0000752,0.00002290,0.00000853,-4.4157576561e+00,2.6937374473e-01,0.1353,2.2258586884e+00
-0.8310,-0.0010700,0.0000751,0.00002340,0.00000850,-4.4177775383e+00,2.6909089088e-01,0.1363,2.2278785706e+00
-0.8300,-0.0010700,0.0000750,0.00002350,0.00000847,-4.4181814194e+00,2.6880809665e-01,0.1373,2.2282824516e+00
-0.8290,-0.0010700,0.0000750,0.00002390,0.00000843,-4.4197978973e+00,2.6896971464e-01,0.1383,2.2298989296e+00
-0.8280,-0.0010700,0.0000748,0.00002420,0.00000840,-4.4210100174e+00,2.6828283072e-01,0.1393,2.2311110497e+00
-0.8270,-0.0010700,0.0000747,0.00002450,0.00000837,-4.4222221375e+00,2.6800000668e-01,0.1403,2.2323231697e+00
-0.8260,-0.0010700,0.0000746,0.00002480,0.00000834,-4.4234342575e+00,2.6771718264e-01,0.1413,2.2335352898e+00
-0.8250,-0.0010700,0.0000746,0.00002510,0.00000831,-4.4246463776e+00,2.6783838868e-01,0.1423,2.2347474098e+00
-0.8240,-0.0010700,0.0000745,0.00002530,0.00000828,-4.4254546165e+00,2.6755556464e-01,0.1433,2.2355556488e+00
-0.8230,-0.0010700,0.0000744,0.00002560,0.00000825,-4.4266667366e+00,2.6727274060e-01,0.1443,2.2367677689e+00
-0.8220,-0.0010600,0.0000743,0.00002590,0.00000823,-4.3874745369e+00,2.6694947481e-01,0.1453,2.1975755692e+00
-0.8210,-0.0010700,0.0000742,0.00002610,0.00000820,-4.4286866188e+00,2.6666668057e-01,0.1463,2.2387876511e+00
-0.8200,-0.0010700,0.0000742,0.00002640,0.00000818,-4.4298987389e+00,2.6674744487e-01,0.1473,2.2399997711e+00
-0.8190,-0.0010700,0.0000740,0.00002700,0.00000816,-4.4323229790e+00,2.6602020860e-01,0.1483,2.2424240112e+00
-0.8180,-0.0010700,0.0000740,0.00002690,0.00000813,-4.4319190979e+00,2.6614141464e-01,0.1493,2.2420201302e+00
-0.8170,-0.0010700,0.0000739,0.00002720,0.00000810,-4.4331312180e+00,2.6585862041e-01,0.1503,2.2432322502e+00
-0.8160,-0.0010700,0.0000738,0.00002730,0.00000808,-4.4335350990e+00,2.6553535461e-01,0.1513,2.2436361313e+00
-0.8150,-0.0010700,0.0000737,0.00002750,0.00000805,-4.4343433380e+00,2.6525253057e-01,0.1523,2.2444443703e+00
-0.8140,-0.0010700,0.0000736,0.00002770,0.00000803,-4.4351515770e+00,2.6492929459e-01,0.1533,2.2452526093e+00
-0.8130,-0.0010700,0.0000735,0.00002800,0.00000801,-4.4363636971e+00,2.6460605860e-01,0.1543,2.2464647293e+00
-0.8120,-0.0010600,0.0000735,0.00002820,0.00000799,-4.3967676163e+00,2.6468688250e-01,0.1553,2.2068686485e+00
-0.8110,-0.0010700,0.0000734,0.00002830,0.00000797,-4.4375758171e+00,2.6436361670e-01,0.1563,2.2476768494e+00
-0.8100,-0.0010600,0.0000733,0.00002840,0.00000794,-4.3975758553e+00,2.6408082247e-01,0.1573,2.2076768875e+00
-0.8090,-0.0010600,0.0000731,0.00002860,0.00000792,-4.3983840942e+00,2.6335349679e-01,0.1583,2.2084851265e+00
-0.8080,-0.0010600,0.0000730,0.00002870,0.00000790,-4.3987879753e+00,2.6303032041e-01,0.1593,2.2088890076e+00
-0.8070,-0.0010600,0.0000731,0.00002900,0.00000788,-4.4000000954e+00,2.6351514459e-01,0.1603,2.2101011276e+00
-0.8060,-0.0010600,0.0000729,0.00002920,0.00000787,-4.4008083344e+00,2.6274746656e-01,0.1613,2.2109093666e+00
-0.8050,-0.0010600,0.0000728,0.00002930,0.00000785,-4.4012122154e+00,2.6242423058e-01,0.1623,2.2113132477e+00
-0.8040,-0.0010600,0.0000728,0.00002950,0.00000782,-4.4020204544e+00,2.6254543662e-01,0.1633,2.2121214867e+00
-0.8030,-0.0010600,0.0000727,0.00002970,0.00000780,-4.4028282166e+00,2.6222223043e-01,0.1643,2.2129292488e+00
-0.8020,-0.0010600,0.0000726,0.00002980,0.00000778,-4.4032325745e+00,2.6189899445e-01,0.1653,2.2133336067e+00
-0.8010,-0.0010600,0.0000727,0.00003000,0.00000776,-4.4040403366e+00,2.6238384843e-01,0.1663,2.2141413689e+00
-0.8000,-0.0010600,0.0000725,0.00003020,0.00000775,-4.4048485756e+00,2.6161614060e-01,0.1673,2.2149496078e+00
-0.7990,-0.0010600,0.0000724,0.00003030,0.00000772,-4.4052524567e+00,2.6133331656e-01,0.1683,2.2153534889e+00
-0.7980,-0.0010600,0.0000724,0.00003050,0.00000770,-4.4060606956e+00,2.6141414046e-01,0.1693,2.2161617279e+00
-0.7970,-0.0010600,0.0000723,0.00003060,0.00000768,-4.4064650536e+00,2.6109090447e-01,0.1703,2.2165660858e+00
-0.7960,-0.0010600,0.0000723,0.00003080,0.00000767,-4.4072728157e+00,2.6113128662e-01,0.1713,2.2173738480e+00
-0.7950,-0.0010600,0.0000722,0.00003090,0.00000765,-4.4076771736e+00,2.6080808043e-01,0.1723,2.2177782059e+00
-0.7940,-0.0010600,0.0000720,0.00003110,0.00000764,-4.4084849358e+00,2.6004040241e-01,0.1733,2.2185859680e+00
-0.7930,-0.0010600,0.0000720,0.00003110,0.00000761,-4.4084849358e+00,2.6016163826e-01,0.1743,2.2185859680e+00
-0.7920,-0.0010600,0.0000719,0.00003130,0.00000760,-4.4092931747e+00,2.5979799032e-01,0.1753,2.2193942070e+00
-0.7910,-0.0010600,0.0000718,0.00003140,0.00000757,-4.4096970558e+00,2.5951516628e-01,0.1763,2.2197980881e+00
-0.7900,-0.0010600,0.0000718,0.00003150,0.00000756,-4.4101014137e+00,2.5955554843e-01,0.1773,2.2202024460e+00
-0.7890,-0.0010600,0.0000717,0.00003160,0.00000754,-4.4105052948e+00,2.5923231244e-01,0.1783,2.2206063271e+00
-0.7880,-0.0010600,0.0000718,0.00003180,0.00000753,-4.4113135338e+00,2.5967678428e-01,0.1793,2.2214145660e+00
-0.7870,-0.0010600,0.0000715,0.00003190,0.00000752,-4.4117174149e+00,2.5850504637e-01,0.1803,2.2218184471e+00
-0.7860,-0.0010600,0.0000714,0.00003200,0.00000750,-4.4121212959e+00,2.5818181038e-01,0.1813,2.2222223282e+00
-0.7850,-0.0010600,0.0000714,0.00003220,0.00000748,-4.4129295349e+00,2.5826263428e-01,0.1823,2.2230305672e+00
-0.7840,-0.0010600,0.0000714,0.00003230,0.00000747,-4.4133334160e+00,2.5830301642e-01,0.1833,2.2234344482e+00
-0.7830,-0.0010600,0.0000713,0.00003250,0.00000746,-4.4141416550e+00,2.5793936849e-01,0.1843,2.2242426872e+00
-0.7820,-0.0010600,0.0000712,0.00003250,0.00000743,-4.4141416550e+00,2.5765657425e-01,0.1853,2.2242426872e+00
-0.7810,-0.0010600,0.0000713,0.00003270,0.00000741,-4.4149498940e+00,2.5814139843e-01,0.1863,2.2250509262e+00
-0.7800,-0.0010600,0.0000711,0.00003280,0.00000739,-4.4153537750e+00,2.5741416216e-01,0.1873,2.2254548073e+00
-0.7790,-0.0010600,0.0000710,0.00003280,0.00000738,-4.4153537750e+00,2.5705051422e-01,0.1883,2.2254548073e+00
-0.7780,-0.0010600,0.0000710,0.00003290,0.00000736,-4.4157576561e+00,2.5713130832e-01,0.1893,2.2258586884e+00
-0.7770,-0.0010600,0.0000709,0.00003310,0.00000734,-4.4165658951e+00,2.5680807233e-01,0.1903,2.2266669273e+00
-0.7760,-0.0010600,0.0000707,0.00003320,0.00000734,-4.4169697762e+00,2.5600001216e-01,0.1913,2.2270708084e+00
-0.7750,-0.0010600,0.0000707,0.00003330,0.00000733,-4.4173741341e+00,2.5604039431e-01,0.1923,2.2274751663e+00
-0.7740,-0.0010600,0.0000706,0.00003350,0.00000732,-4.4181818962e+00,2.5567677617e-01,0.1933,2.2282829285e+00
-0.7730,-0.0010600,0.0000706,0.00003350,0.00000730,-4.4181818962e+00,2.5575757027e-01,0.1943,2.2282829285e+00
-0.7720,-0.0010600,0.0000706,0.00003360,0.00000728,-4.4185862541e+00,2.5583836436e-01,0.1953,2.2286872864e+00
-0.7710,-0.0010500,0.0000705,0.00003370,0.00000727,-4.3785858154e+00,2.5547474623e-01,0.1963,2.1886868477e+00
-0.7700,-0.0010600,0.0000703,0.00003380,0.00000726,-4.4193940163e+00,2.5470703840e-01,0.1973,2.2294950485e+00
-0.7690,-0.0010500,0.0000704,0.00003390,0.00000725,-4.3793940544e+00,2.5515151024e-01,0.1983,2.1894950867e+00
-0.7680,-0.0010500,0.0000703,0.00003410,0.00000724,-4.3802018166e+00,2.5478786230e-01,0.1993,2.1903028488e+00
-0.7670,-0.0010500,0.0000703,0.00003400,0.00000723,-4.3797979355e+00,2.5482827425e-01,0.2003,2.1898989677e+00
-0.7660,-0.0010500,0.0000701,0.00003420,0.00000722,-4.3806061745e+00,2.5406062603e-01,0.2013,2.1907072067e+00
-0.7650,-0.0010500,0.0000700,0.00003430,0.00000721,-4.3810100555e+00,2.5369697809e-01,0.2023,2.1911110878e+00
-0.7640,-0.0010500,0.0000701,0.00003430,0.00000720,-4.3810100555e+00,2.5414144993e-01,0.2033,2.1911110878e+00
-0.7630,-0.0010500,0.0000700,0.00003440,0.00000719,-4.3814139366e+00,2.5377780199e-01,0.2043,2.1915149689e+00
-0.7620,-0.0010500,0.0000699,0.00003450,0.00000717,-4.3818182945e+00,2.5345456600e-01,0.2053,2.1919193268e+00
-0.7610,-0.0010500,0.0000699,0.00003460,0.00000717,-4.3822221756e+00,2.5345456600e-01,0.2063,2.1923232079e+00
-0.7600,-0.0010500,0.0000698,0.00003450,0.00000715,-4.3818182945e+00,2.5313130021e-01,0.2073,2.1919193268e+00
-0.7590,-0.0010500,0.0000699,0.00003470,0.00000714,-4.3826260567e+00,2.5357577205e-01,0.2083,2.1927270889e+00
-0.7580,-0.0010500,0.0000697,0.00003490,0.00000713,-4.3834342957e+00,2.5280806422e-01,0.2093,2.1935353279e+00
-0.7570,-0.0010500,0.0000696,0.00003490,0.00000711,-4.3834342957e+00,2.5248485804e-01,0.2103,2.1935353279e+00
-0.7560,-0.0010500,0.0000696,0.00003500,0.00000709,-4.3838381767e+00,2.5256565213e-01,0.2113,2.1939392090e+00
-0.7550,-0.0010500,0.0000695,0.00003510,0.00000709,-4.3842425346e+00,2.5216162205e-01,0.2123,2.1943435669e+00
-0.7540,-0.0010500,0.0000694,0.00003520,0.00000708,-4.3846464157e+00,2.5179797411e-01,0.2133,2.1947474480e+00
-0.7530,-0.0010500,0.0000694,0.00003530,0.00000707,-4.3850502968e+00,2.5183838606e-01,0.2143,2.1951513290e+00
-0.7520,-0.0010500,0.0000694,0.00003540,0.00000706,-4.3854546547e+00,2.5187876821e-01,0.2153,2.1955556870e+00
-0.7510,-0.0010500,0.0000693,0.00003540,0.00000705,-4.3854546547e+00,2.5151512027e-01,0.2163,2.1955556870e+00
-0.7500,-0.0010500,0.0000692,0.00003540,0.00000705,-4.3854546547e+00,2.5111111999e-01,0.2173,2.1955556870e+00
-0.7490,-0.0010500,0.0000692,0.00003570,0.00000704,-4.3866667747e+00,2.5115153193e-01,0.2183,2.1967678070e+00
-0.7480,-0.0010500,0.0000692,0.00003570,0.00000702,-4.3866667747e+00,2.5123235583e-01,0.2193,2.1967678070e+00
-0.7470,-0.0010500,0.0000690,0.00003570,0.00000701,-4.3866667747e+00,2.5046464801e-01,0.2203,2.1967678070e+00
-0.7460,-0.0010500,0.0000691,0.00003580,0.00000700,-4.3870706558e+00,2.5090909004e-01,0.2213,2.1971716881e+00
-0.7450,-0.0010500,0.0000690,0.00003580,0.00000699,-4.3870706558e+00,2.5054547191e-01,0.2223,2.1971716881e+00
-0.7440,-0.0010500,0.0000689,0.00003590,0.00000697,-4.3874745369e+00,2.5022220612e-01,0.2233,2.1975755692e+00
-0.7430,-0.0010500,0.0000688,0.00003600,0.00000696,-4.3878788948e+00,2.4985858798e-01,0.2243,2.1979799271e+00
-0.7420,-0.0010500,0.0000688,0.00003610,0.00000695,-4.3882827759e+00,2.4989898503e-01,0.2253,2.1983838081e+00
-0.7410,-0.0010500,0.0000688,0.00003600,0.00000694,-4.3878788948e+00,2.4993941188e-01,0.2263,2.1979799271e+00
-0.7400,-0.0010500,0.0000688,0.00003620,0.00000693,-4.3886871338e+00,2.4997979403e-01,0.2273,2.1987881660e+00
-0.7390,-0.0010500,0.0000686,0.00003620,0.00000693,-4.3886871338e+00,2.4917170405e-01,0.2283,2.1987881660e+00
-0.7380,-0.0010500,0.0000687,0.00003620,0.00000692,-4.3886871338e+00,2.4961614609e-01,0.2293,2.1987881660e+00
-0.7370,-0.0010500,0.0000686,0.00003630,0.00000691,-4.3890910149e+00,2.4925252795e-01,0.2303,2.1991920471e+00
-0.7360,-0.0010500,0.0000686,0.00003640,0.00000691,-4.3894948959e+00,2.4925252795e-01,0.2313,2.1995959282e+00
-0.7350,-0.0010500,0.0000685,0.00003650,0.00000690,-4.3898992538e+00,2.4888888001e-01,0.2323,2.2000002861e+00
-0.7340,-0.0010400,0.0000685,0.00003650,0.00000689,-4.3494949341e+00,2.4892929196e-01,0.2333,2.1595959663e+00
-0.7330,-0.0010500,0.0000684,0.00003660,0.00000689,-4.3903031349e+00,2.4852524698e-01,0.2343,2.2004041672e+00
-0.7320,-0.0010400,0.0000684,0.00003670,0.00000688,-4.3503031731e+00,2.4856564403e-01,0.2353,2.1604042053e+00
-0.7310,-0.0010500,0.0000683,0.00003670,0.00000687,-4.3907070160e+00,2.4820202589e-01,0.2363,2.2008080482e+00
-0.7300,-0.0010500,0.0000684,0.00003670,0.00000686,-4.3907070160e+00,2.4864645302e-01,0.2373,2.2008080482e+00
-0.7290,-0.0010400,0.0000683,0.00003690,0.00000685,-4.3511114120e+00,2.4828283489e-01,0.2383,2.1612124443e+00
-0.7280,-0.0010400,0.0000683,0.00003680,0.00000684,-4.3507070541e+00,2.4832326174e-01,0.2393,2.1608080864e+00
-0.7270,-0.0010500,0.0000681,0.00003690,0.00000683,-4.3915152550e+00,2.4755556881e-01,0.2403,2.2016162872e+00
-0.7260,-0.0010400,0.0000681,0.00003690,0.00000682,-4.3511114120e+00,2.4759595096e-01,0.2413,2.1612124443e+00
-0.7250,-0.0010500,0.0000681,0.00003690,0.00000681,-4.3915152550e+00,2.4763637781e-01,0.2423,2.2016162872e+00
-0.7240,-0.0010400,0.0000681,0.00003710,0.00000681,-4.3519196510e+00,2.4763637781e-01,0.2433,2.1620206833e+00
-0.7230,-0.0010400,0.0000680,0.00003710,0.00000680,-4.3519196510e+00,2.4727272987e-01,0.2443,2.1620206833e+00
-0.7220,-0.0010400,0.0000679,0.00003710,0.00000680,-4.3519196510e+00,2.4686868489e-01,0.2453,2.1620206833e+00
-0.7210,-0.0010400,0.0000679,0.00003720,0.00000680,-4.3523235321e+00,2.4686868489e-01,0.2463,2.1624245644e+00
-0.7200,-0.0010400,0.0000679,0.00003710,0.00000678,-4.3519196510e+00,2.4694949389e-01,0.2473,2.1620206833e+00
-0.7190,-0.0010400,0.0000677,0.00003730,0.00000675,-4.3527274132e+00,2.4626262486e-01,0.2483,2.1628284454e+00
-0.7180,-0.0010400,0.0000677,0.00003730,0.00000677,-4.3527274132e+00,2.4618181586e-01,0.2493,2.1628284454e+00
-0.7170,-0.0010400,0.0000678,0.00003750,0.00000676,-4.3535356522e+00,2.4662627280e-01,0.2503,2.1636366844e+00
-0.7160,-0.0010400,0.0000677,0.00003750,0.00000675,-4.3535356522e+00,2.4626262486e-01,0.2513,2.1636366844e+00
-0.7150,-0.0010400,0.0000676,0.00003760,0.00000676,-4.3539395332e+00,2.4581816792e-01,0.2523,2.1640405655e+00
-0.7140,-0.0010400,0.0000677,0.00003750,0.00000675,-4.3535356522e+00,2.4626262486e-01,0.2533,2.1636366844e+00
-0.7130,-0.0010400,0.0000676,0.00003760,0.00000674,-4.3539395332e+00,2.4589899182e-01,0.2543,2.1640405655e+00
-0.7120,-0.0010400,0.0000675,0.00003770,0.00000673,-4.3543438911e+00,2.4553534389e-01,0.2553,2.1644449234e+00
-0.7110,-0.0010400,0.0000675,0.00003770,0.00000672,-4.3543438911e+00,2.4557574093e-01,0.2563,2.1644449234e+00
-0.7100,-0.0010400,0.0000675,0.00003790,0.00000672,-4.3551516533e+00,2.4557574093e-01,0.2573,2.1652526855e+00
-0.7090,-0.0010400,0.0000675,0.00003790,0.00000671,-4.3551516533e+00,2.4561615288e-01,0.2583,2.1652526855e+00
-0.7080,-0.0010400,0.0000674,0.00003800,0.00000670,-4.3555560112e+00,2.4525250494e-01,0.2593,2.1656570435e+00
-0.7070,-0.0010400,0.0000676,0.00003800,0.00000670,-4.3555560112e+00,2.4606059492e-01,0.2603,2.1656570435e+00
-0.7060,-0.0010400,0.0000674,0.00003800,0.00000669,-4.3555560112e+00,2.4529291689e-01,0.2613,2.1656570435e+00
-0.7050,-0.0010400,0.0000674,0.00003810,0.00000668,-4.3559594154e+00,2.4533332884e-01,0.2623,2.1660604477e+00
-0.7040,-0.0010400,0.0000673,0.00003810,0.00000667,-4.3559594154e+00,2.4496971071e-01,0.2633,2.1660604477e+00
-0.7030,-0.0010400,0.0000670,0.00003820,0.00000667,-4.3563637733e+00,2.4375757575e-01,0.2643,2.1664648056e+00
-0.7020,-0.0010300,0.0000671,0.00003820,0.00000666,-4.3159594536e+00,2.4420203269e-01,0.2653,2.1260604858e+00
-0.7010,-0.0010400,0.0000670,0.00003830,0.00000666,-4.3567676544e+00,2.4379798770e-01,0.2663,2.1668686867e+00
-0.7000,-0.0010400,0.0000669,0.00003830,0.00000665,-4.3567676544e+00,2.4343433976e-01,0.2673,2.1668686867e+00
-0.6990,-0.0010300,0.0000668,0.00003830,0.00000664,-4.3163642883e+00,2.4307070673e-01,0.2683,2.1264653206e+00
-0.6980,-0.0010300,0.0000668,0.00003840,0.00000663,-4.3167676926e+00,2.4311111867e-01,0.2693,2.1268687248e+00
-0.6970,-0.0010300,0.0000669,0.00003830,0.00000662,-4.3163642883e+00,2.4355554581e-01,0.2703,2.1264653206e+00
-0.6960,-0.0010300,0.0000669,0.00003850,0.00000661,-4.3171715736e+00,2.4359595776e-01,0.2713,2.1272726059e+00
-0.6950,-0.0010300,0.0000669,0.00003850,0.00000660,-4.3171715736e+00,2.4363636971e-01,0.2723,2.1272726059e+00
-0.6940,-0.0010300,0.0000669,0.00003860,0.00000659,-4.3175759315e+00,2.4367678165e-01,0.2733,2.1276769638e+00
-0.6930,-0.0010300,0.0000670,0.00003860,0.00000658,-4.3175759315e+00,2.4412120879e-01,0.2743,2.1276769638e+00
-0.6920,-0.0010400,0.0000670,0.00003870,0.00000657,-4.3583836555e+00,2.4416162074e-01,0.2753,2.1684846878e+00
-0.6910,-0.0010300,0.0000670,0.00003870,0.00000656,-4.3179798126e+00,2.4420203269e-01,0.2763,2.1280808449e+00
-0.6900,-0.0010300,0.0000668,0.00003880,0.00000656,-4.3183836937e+00,2.4339394271e-01,0.2773,2.1284847260e+00
-0.6890,-0.0010300,0.0000669,0.00003880,0.00000656,-4.3183836937e+00,2.4379798770e-01,0.2783,2.1284847260e+00
-0.6880,-0.0010300,0.0000668,0.00003880,0.00000656,-4.3183836937e+00,2.4339394271e-01,0.2793,2.1284847260e+00
-0.6870,-0.0010300,0.0000668,0.00003890,0.00000655,-4.3187880516e+00,2.4343433976e-01,0.2803,2.1288890839e+00
-0.6860,-0.0010300,0.0000668,0.00003900,0.00000654,-4.3191919327e+00,2.4347473681e-01,0.2813,2.1292929649e+00
-0.6850,-0.0010300,0.0000668,0.00003900,0.00000654,-4.3191919327e+00,2.4347473681e-01,0.2823,2.1292929649e+00
-0.6840,-0.0010300,0.0000667,0.00003910,0.00000654,-4.3195958138e+00,2.4307069182e-01,0.2833,2.1296968460e+00
-0.6830,-0.0010300,0.0000667,0.00003900,0.00000653,-4.3191919327e+00,2.4311110377e-01,0.2843,2.1292929649e+00
-0.6820,-0.0010300,0.0000667,0.00003910,0.00000652,-4.3195958138e+00,2.4315151572e-01,0.2853,2.1296968460e+00
-0.6810,-0.0010300,0.0000667,0.00003920,0.00000653,-4.3200001717e+00,2.4311110377e-01,0.2863,2.1301012039e+00
-0.6800,-0.0010300,0.0000666,0.00003920,0.00000652,-4.3200001717e+00,2.4274747074e-01,0.2873,2.1301012039e+00
-0.6790,-0.0010300,0.0000666,0.00003920,0.00000652,-4.3200001717e+00,2.4274747074e-01,0.2883,2.1301012039e+00
-0.6780,-0.0010300,0.0000666,0.00003930,0.00000652,-4.3204040527e+00,2.4274747074e-01,0.2893,2.1305050850e+00
-0.6770,-0.0010300,0.0000665,0.00003930,0.00000652,-4.3204040527e+00,2.4234342575e-01,0.2903,2.1305050850e+00
-0.6760,-0.0010300,0.0000666,0.00003930,0.00000652,-4.3204040527e+00,2.4274747074e-01,0.2913,2.1305050850e+00
-0.6750,-0.0010300,0.0000667,0.00003940,0.00000651,-4.3208079338e+00,2.4319191277e-01,0.2923,2.1309089661e+00
-0.6740,-0.0010300,0.0000666,0.00003940,0.00000650,-4.3208079338e+00,2.4282827973e-01,0.2933,2.1309089661e+00
-0.6730,-0.0010300,0.0000666,0.00003950,0.00000649,-4.3212122917e+00,2.4286867678e-01,0.2943,2.1313133240e+00
-0.6720,-0.0010300,0.0000665,0.00003960,0.00000649,-4.3216161728e+00,2.4246463180e-01,0.2953,2.1317172050e+00
-0.6710,-0.0010300,0.0000665,0.00003960,0.00000648,-4.3216161728e+00,2.4250504375e-01,0.2963,2.1317172050e+00
-0.6700,-0.0010300,0.0000666,0.00003960,0.00000648,-4.3216161728e+00,2.4290907383e-01,0.2973,2.1317172050e+00
-0.6690,-0.0010300,0.0000664,0.00003960,0.00000648,-4.3216161728e+00,2.4210102856e-01,0.2983,2.1317172050e+00
-0.6680,-0.0010300,0.0000665,0.00003960,0.00000647,-4.3216161728e+00,2.4254544079e-01,0.2993,2.1317172050e+00
-0.6670,-0.0010300,0.0000664,0.00003970,0.00000646,-4.3220200539e+00,2.4218183756e-01,0.3003,2.1321210861e+00
-0.6660,-0.0010300,0.0000665,0.00003980,0.00000646,-4.3224244118e+00,2.4258585274e-01,0.3013,2.1325254440e+00
-0.6650,-0.0010300,0.0000665,0.00003990,0.00000646,-4.3228282928e+00,2.4258585274e-01,0.3023,2.1329293251e+00
-0.6640,-0.0010300,0.0000665,0.00003980,0.00000646,-4.3224244118e+00,2.4258585274e-01,0.3033,2.1325254440e+00
-0.6630,-0.0010300,0.0000664,0.00003980,0.00000646,-4.3224244118e+00,2.4218183756e-01,0.3043,2.1325254440e+00
-0.6620,-0.0010300,0.0000665,0.00003980,0.00000645,-4.3224244118e+00,2.4262626469e-01,0.3053,2.1325254440e+00
-0.6610,-0.0010300,0.0000664,0.00003990,0.00000645,-4.3228282928e+00,2.4222224951e-01,0.3063,2.1329293251e+00
-0.6600,-0.0010300,0.0000664,0.00003990,0.00000645,-4.3228282928e+00,2.4222224951e-01,0.3073,2.1329293251e+00
-0.6590,-0.0010300,0.0000663,0.00003990,0.00000644,-4.3228282928e+00,2.4185858667e-01,0.3083,2.1329293251e+00
-0.6580,-0.0010200,0.0000664,0.00004000,0.00000643,-4.2828278542e+00,2.4230304360e-01,0.3093,2.0929288864e+00
-0.6570,-0.0010300,0.0000664,0.00004000,0.00000642,-4.3232321739e+00,2.4234345555e-01,0.3103,2.1333332062e+00
-0.6560,-0.0010200,0.0000664,0.00004010,0.00000642,-4.2832322121e+00,2.4234345555e-01,0.3113,2.0933332443e+00
-0.6550,-0.0010200,0.0000664,0.00004000,0.00000642,-4.2828278542e+00,2.4234345555e-01,0.3123,2.0929288864e+00
-0.6540,-0.0010300,0.0000665,0.00004010,0.00000642,-4.3236365318e+00,2.4274747074e-01,0.3133,2.1337375641e+00
-0.6530,-0.0010200,0.0000664,0.00004020,0.00000641,-4.2836360931e+00,2.4238385260e-01,0.3143,2.0937371254e+00
-0.6520,-0.0010300,0.0000664,0.00004030,0.00000641,-4.3244442940e+00,2.4238385260e-01,0.3153,2.1345453262e+00
-0.6510,-0.0010200,0.0000664,0.00004020,0.00000642,-4.2836360931e+00,2.4234345555e-01,0.3163,2.0937371254e+00
-0.6500,-0.0010200,0.0000664,0.00004020,0.00000640,-4.2836360931e+00,2.4242424965e-01,0.3173,2.0937371254e+00
-0.6490,-0.0010200,0.0000665,0.00004030,0.00000640,-4.2840399742e+00,2.4282826483e-01,0.3183,2.0941410065e+00
-0.6480,-0.0010200,0.0000665,0.00004020,0.00000640,-4.2836360931e+00,2.4282826483e-01,0.3193,2.0937371254e+00
-0.6470,-0.0010200,0.0000665,0.00004030,0.00000639,-4.2840399742e+00,2.4286867678e-01,0.3203,2.0941410065e+00
-0.6460,-0.0010200,0.0000665,0.00004040,0.00000639,-4.2844443321e+00,2.4286867678e-01,0.3213,2.0945453644e+00
-0.6450,-0.0010200,0.0000664,0.00004020,0.00000639,-4.2836360931e+00,2.4246466160e-01,0.3223,2.0937371254e+00
-0.6440,-0.0010200,0.0000664,0.00004040,0.00000638,-4.2844443321e+00,2.4250507355e-01,0.3233,2.0945453644e+00
-0.6430,-0.0010200,0.0000666,0.00004050,0.00000639,-4.2848482132e+00,2.4327272177e-01,0.3243,2.0949492455e+00
-0.6420,-0.0010200,0.0000665,0.00004050,0.00000638,-4.2848482132e+00,2.4290907383e-01,0.3253,2.0949492455e+00
-0.6410,-0.0010200,0.0000663,0.00004050,0.00000637,-4.2848482132e+00,2.4214142561e-01,0.3263,2.0949492455e+00
-0.6400,-0.0010200,0.0000665,0.00004060,0.00000637,-4.2852520943e+00,2.4294948578e-01,0.3273,2.0953531265e+00
-0.6390,-0.0010200,0.0000664,0.00004060,0.00000636,-4.2852520943e+00,2.4258586764e-01,0.3283,2.0953531265e+00
-0.6380,-0.0010200,0.0000664,0.00004070,0.00000637,-4.2856564522e+00,2.4254547060e-01,0.3293,2.0957574844e+00
-0.6370,-0.0010200,0.0000664,0.00004070,0.00000636,-4.2856564522e+00,2.4258586764e-01,0.3303,2.0957574844e+00
-0.6360,-0.0010200,0.0000665,0.00004070,0.00000636,-4.2856564522e+00,2.4298988283e-01,0.3313,2.0957574844e+00
-0.6350,-0.0010200,0.0000665,0.00004070,0.00000636,-4.2856564522e+00,2.4298988283e-01,0.3323,2.0957574844e+00
-0.6340,-0.0010200,0.0000666,0.00004090,0.00000636,-4.2864642143e+00,2.4339392781e-01,0.3333,2.0965652466e+00
-0.6330,-0.0010200,0.0000666,0.00004080,0.00000635,-4.2860603333e+00,2.4343432486e-01,0.3343,2.0961613655e+00
-0.6320,-0.0010200,0.0000665,0.00004070,0.00000635,-4.2856564522e+00,2.4303029478e-01,0.3353,2.0957574844e+00
-0.6310,-0.0010200,0.0000666,0.00004080,0.00000634,-4.2860603333e+00,2.4347473681e-01,0.3363,2.0961613655e+00
-0.6300,-0.0010200,0.0000666,0.00004080,0.00000634,-4.2860603333e+00,2.4347473681e-01,0.3373,2.0961613655e+00
-0.6290,-0.0010200,0.0000666,0.00004090,0.00000633,-4.2864642143e+00,2.4351514876e-01,0.3383,2.0965652466e+00
-0.6280,-0.0010100,0.0000667,0.00004080,0.00000633,-4.2456564903e+00,2.4391919374e-01,0.3393,2.0557575226e+00
-0.6270,-0.0010200,0.0000667,0.00004110,0.00000633,-4.2872724533e+00,2.4391919374e-01,0.3403,2.0973734856e+00
-0.6260,-0.0010100,0.0000667,0.00004100,0.00000633,-4.2464647293e+00,2.4391919374e-01,0.3413,2.0565657616e+00
-0.6250,-0.0010200,0.0000668,0.00004110,0.00000633,-4.2872724533e+00,2.4432323873e-01,0.3423,2.0973734856e+00
-0.6240,-0.0010200,0.0000667,0.00004100,0.00000632,-4.2868685722e+00,2.4395959079e-01,0.3433,2.0969696045e+00
-0.6230,-0.0010100,0.0000667,0.00004100,0.00000631,-4.2464647293e+00,2.4399998784e-01,0.3443,2.0565657616e+00
-0.6220,-0.0010100,0.0000668,0.00004110,0.00000631,-4.2468686104e+00,2.4440403283e-01,0.3453,2.0569696426e+00
-0.6210,-0.0010100,0.0000668,0.00004120,0.00000631,-4.2472724915e+00,2.4440403283e-01,0.3463,2.0573735237e+00
-0.6200,-0.0010100,0.0000669,0.00004130,0.00000631,-4.2476768494e+00,2.4480807781e-01,0.3473,2.0577778816e+00
-0.6190,-0.0010100,0.0000668,0.00004120,0.00000630,-4.2472724915e+00,2.4444444478e-01,0.3483,2.0573735237e+00
-0.6180,-0.0010100,0.0000668,0.00004130,0.00000630,-4.2476768494e+00,2.4444444478e-01,0.3493,2.0577778816e+00
-0.6170,-0.0010100,0.0000669,0.00004130,0.00000630,-4.2476768494e+00,2.4484848976e-01,0.3503,2.0577778816e+00
-0.6160,-0.0010100,0.0000669,0.00004130,0.00000630,-4.2476768494e+00,2.4484848976e-01,0.3513,2.0577778816e+00
-0.6150,-0.0010100,0.0000670,0.00004130,0.00000629,-4.2476768494e+00,2.4529293180e-01,0.3523,2.0577778816e+00
-0.6140,-0.0010100,0.0000670,0.00004150,0.00000629,-4.2484846115e+00,2.4529293180e-01,0.3533,2.0585856438e+00
-0.6130,-0.0010100,0.0000670,0.00004150,0.00000630,-4.2484846115e+00,2.4525251985e-01,0.3543,2.0585856438e+00
-0.6120,-0.0010100,0.0000670,0.00004160,0.00000630,-4.2488889694e+00,2.4525251985e-01,0.3553,2.0589900017e+00
-0.6110,-0.0010100,0.0000670,0.00004150,0.00000630,-4.2484846115e+00,2.4525251985e-01,0.3563,2.0585856438e+00
-0.6100,-0.0010100,0.0000670,0.00004140,0.00000630,-4.2480807304e+00,2.4525251985e-01,0.3573,2.0581817627e+00
-0.6090,-0.0010100,0.0000672,0.00004150,0.00000630,-4.2484846115e+00,2.4606060982e-01,0.3583,2.0585856438e+00
-0.6080,-0.0010100,0.0000672,0.00004150,0.00000629,-4.2484846115e+00,2.4610102177e-01,0.3593,2.0585856438e+00
-0.6070,-0.0010100,0.0000672,0.00004150,0.00000629,-4.2484846115e+00,2.4610102177e-01,0.3603,2.0585856438e+00
-0.6060,-0.0010100,0.0000672,0.00004150,0.00000628,-4.2484846115e+00,2.4614143372e-01,0.3613,2.0585856438e+00
-0.6050,-0.0010100,0.0000673,0.00004160,0.00000628,-4.2488889694e+00,2.4654547870e-01,0.3623,2.0589900017e+00
-0.6040,-0.0010100,0.0000673,0.00004160,0.00000628,-4.2488889694e+00,2.4654547870e-01,0.3633,2.0589900017e+00
-0.6030,-0.0010100,0.0000672,0.00004150,0.00000627,-4.2484846115e+00,2.4618183076e-01,0.3643,2.0585856438e+00
-0.6020,-0.0010100,0.0000673,0.00004170,0.00000627,-4.2492928505e+00,2.4658587575e-01,0.3653,2.0593938828e+00
-0.6010,-0.0010100,0.0000674,0.00004170,0.00000627,-4.2492928505e+00,2.4698989093e-01,0.3663,2.0593938828e+00
-0.6000,-0.0010000,0.0000674,0.00004160,0.00000627,-4.2084851265e+00,2.4698989093e-01,0.3673,2.0185861588e+00
-0.5990,-0.0010100,0.0000675,0.00004170,0.00000627,-4.2492928505e+00,2.4739393592e-01,0.3683,2.0593938828e+00
-0.5980,-0.0010100,0.0000675,0.00004170,0.00000627,-4.2492928505e+00,2.4739393592e-01,0.3693,2.0593938828e+00
-0.5970,-0.0010000,0.0000675,0.00004180,0.00000626,-4.2092928886e+00,2.4743433297e-01,0.3703,2.0193939209e+00
-0.5960,-0.0010000,0.0000675,0.00004180,0.00000626,-4.2092928886e+00,2.4743433297e-01,0.3713,2.0193939209e+00
-0.5950,-0.0010100,0.0000676,0.00004180,0.00000626,-4.2496967316e+00,2.4783837795e-01,0.3723,2.0597977638e+00
-0.5940,-0.0010000,0.0000676,0.00004190,0.00000625,-4.2096972466e+00,2.4787878990e-01,0.3733,2.0197982788e+00
-0.5930,-0.0010000,0.0000675,0.00004180,0.00000625,-4.2092928886e+00,2.4747474492e-01,0.3743,2.0193939209e+00
-0.5920,-0.0010000,0.0000676,0.00004180,0.00000625,-4.2092928886e+00,2.4787878990e-01,0.3753,2.0193939209e+00
-0.5910,-0.0010000,0.0000676,0.00004190,0.00000625,-4.2096972466e+00,2.4787878990e-01,0.3763,2.0197982788e+00
-0.5900,-0.0010000,0.0000677,0.00004180,0.00000625,-4.2092928886e+00,2.4828283489e-01,0.3773,2.0193939209e+00
-0.5890,-0.0010000,0.0000678,0.00004180,0.00000625,-4.2092928886e+00,2.4868687987e-01,0.3783,2.0193939209e+00
-0.5880,-0.0009990,0.0000677,0.00004200,0.00000625,-4.2060608864e+00,2.4828283489e-01,0.3793,2.0161619186e+00
-0.5870,-0.0010000,0.0000677,0.00004200,0.00000624,-4.2101011276e+00,2.4832323194e-01,0.3803,2.0202021599e+00
-0.5860,-0.0010000,0.0000678,0.00004190,0.00000624,-4.2096972466e+00,2.4872727692e-01,0.3813,2.0197982788e+00
-0.5850,-0.0010000,0.0000678,0.00004200,0.00000624,-4.2101011276e+00,2.4872727692e-01,0.3823,2.0202021599e+00
-0.5840,-0.0009980,0.0000678,0.00004200,0.00000624,-4.2020201683e+00,2.4872727692e-01,0.3833,2.0121212006e+00
-0.5830,-0.0009980,0.0000677,0.00004210,0.00000623,-4.2024240494e+00,2.4836362898e-01,0.3843,2.0125250816e+00
-0.5820,-0.0009980,0.0000679,0.00004210,0.00000623,-4.2024240494e+00,2.4917170405e-01,0.3853,2.0125250816e+00
-0.5810,-0.0009970,0.0000679,0.00004210,0.00000623,-4.1983838081e+00,2.4917170405e-01,0.3863,2.0084848404e+00
-0.5800,-0.0009970,0.0000679,0.00004210,0.00000623,-4.1983838081e+00,2.4917170405e-01,0.3873,2.0084848404e+00
-0.5790,-0.0009980,0.0000679,0.00004210,0.00000623,-4.2024240494e+00,2.4917170405e-01,0.3883,2.0125250816e+00
-0.5780,-0.0009960,0.0000679,0.00004200,0.00000622,-4.1939392090e+00,2.4921213090e-01,0.3893,2.0040402412e+00
-0.5770,-0.0009960,0.0000680,0.00004220,0.00000623,-4.1947474480e+00,2.4957574904e-01,0.3903,2.0048484802e+00
-0.5760,-0.0009960,0.0000681,0.00004220,0.00000622,-4.1947474480e+00,2.5002020597e-01,0.3913,2.0048484802e+00
-0.5750,-0.0009950,0.0000681,0.00004220,0.00000622,-4.1907072067e+00,2.5002020597e-01,0.3923,2.0008082390e+00
-0.5740,-0.0009940,0.0000681,0.00004220,0.00000622,-4.1866664886e+00,2.5002020597e-01,0.3933,1.9967675209e+00
-0.5730,-0.0009950,0.0000682,0.00004220,0.00000622,-4.1907072067e+00,2.5042426586e-01,0.3943,2.0008082390e+00
-0.5720,-0.0009950,0.0000682,0.00004230,0.00000621,-4.1911110878e+00,2.5046464801e-01,0.3953,2.0012121201e+00
-0.5710,-0.0009930,0.0000682,0.00004220,0.00000621,-4.1826262474e+00,2.5046464801e-01,0.3963,1.9927272797e+00
-0.5700,-0.0009940,0.0000682,0.00004230,0.00000621,-4.1870708466e+00,2.5046464801e-01,0.3973,1.9971718788e+00
-0.5690,-0.0009930,0.0000683,0.00004240,0.00000621,-4.1834340096e+00,2.5086870790e-01,0.3983,1.9935350418e+00
-0.5680,-0.0009910,0.0000683,0.00004230,0.00000621,-4.1749491692e+00,2.5086870790e-01,0.3993,1.9850502014e+00
-0.5670,-0.0009930,0.0000684,0.00004240,0.00000621,-4.1834340096e+00,2.5127270818e-01,0.4003,1.9935350418e+00
-0.5660,-0.0009920,0.0000685,0.00004250,0.00000621,-4.1797976494e+00,2.5167676806e-01,0.4013,1.9898986816e+00
-0.5650,-0.0009920,0.0000685,0.00004240,0.00000620,-4.1793937683e+00,2.5171715021e-01,0.4023,1.9894948006e+00
-0.5640,-0.0009940,0.0000686,0.00004230,0.00000620,-4.1870708466e+00,2.5212118030e-01,0.4033,1.9971718788e+00
-0.5630,-0.0009900,0.0000686,0.00004250,0.00000620,-4.1717171669e+00,2.5212118030e-01,0.4043,1.9818181992e+00
-0.5620,-0.0009930,0.0000686,0.00004250,0.00000620,-4.1838383675e+00,2.5212118030e-01,0.4053,1.9939393997e+00
-0.5610,-0.0009920,0.0000686,0.00004250,0.00000619,-4.1797976494e+00,2.5216162205e-01,0.4063,1.9898986816e+00
-0.5600,-0.0009920,0.0000687,0.00004250,0.00000619,-4.1797976494e+00,2.5256565213e-01,0.4073,1.9898986816e+00
-0.5590,-0.0009910,0.0000687,0.00004250,0.00000619,-4.1757574081e+00,2.5256565213e-01,0.4083,1.9858584404e+00
-0.5580,-0.0009910,0.0000686,0.00004250,0.00000619,-4.1757574081e+00,2.5216162205e-01,0.4093,1.9858584404e+00
-0.5570,-0.0009910,0.0000689,0.00004240,0.00000619,-4.1753535271e+00,2.5337374210e-01,0.4103,1.9854545593e+00
-0.5560,-0.0009910,0.0000688,0.00004260,0.00000619,-4.1761612892e+00,2.5296971202e-01,0.4113,1.9862623215e+00
-0.5550,-0.0009910,0.0000689,0.00004260,0.00000619,-4.1761612892e+00,2.5337374210e-01,0.4123,1.9862623215e+00
-0.5540,-0.0009890,0.0000689,0.00004250,0.00000619,-4.1676764488e+00,2.5337374210e-01,0.4133,1.9777774811e+00
-0.5530,-0.0009890,0.0000687,0.00004270,0.00000619,-4.1684846878e+00,2.5256565213e-01,0.4143,1.9785857201e+00
-0.5520,-0.0009860,0.0000688,0.00004260,0.00000618,-4.1559596062e+00,2.5301009417e-01,0.4153,1.9660606384e+00
-0.5510,-0.0009900,0.0000687,0.00004270,0.00000618,-4.1725249290e+00,2.5260606408e-01,0.4163,1.9826259613e+00
-0.5500,-0.0009860,0.0000689,0.00004270,0.00000618,-4.1563639641e+00,2.5341412425e-01,0.4173,1.9664649963e+00
-0.5490,-0.0009860,0.0000689,0.00004260,0.00000617,-4.1559596062e+00,2.5345456600e-01,0.4183,1.9660606384e+00
-0.5480,-0.0009870,0.0000689,0.00004270,0.00000617,-4.1604037285e+00,2.5345456600e-01,0.4193,1.9705047607e+00
-0.5470,-0.0009850,0.0000690,0.00004270,0.00000617,-4.1523232460e+00,2.5385859609e-01,0.4203,1.9624242783e+00
-0.5460,-0.0009870,0.0000690,0.00004270,0.00000617,-4.1604037285e+00,2.5385859609e-01,0.4213,1.9705047607e+00
-0.5450,-0.0009860,0.0000690,0.00004280,0.00000617,-4.1567678452e+00,2.5385859609e-01,0.4223,1.9668688774e+00
-0.5440,-0.0009870,0.0000691,0.00004280,0.00000615,-4.1608076096e+00,2.5434342027e-01,0.4233,1.9709086418e+00
-0.5430,-0.0009840,0.0000691,0.00004290,0.00000614,-4.1490907669e+00,2.5438386202e-01,0.4243,1.9591917992e+00
-0.5420,-0.0009860,0.0000691,0.00004280,0.00000614,-4.1567678452e+00,2.5438386202e-01,0.4253,1.9668688774e+00
-0.5410,-0.0009860,0.0000691,0.00004270,0.00000613,-4.1563639641e+00,2.5442424417e-01,0.4263,1.9664649963e+00
-0.5400,-0.0009840,0.0000691,0.00004290,0.00000614,-4.1490907669e+00,2.5438386202e-01,0.4273,1.9591917992e+00
-0.5390,-0.0009820,0.0000692,0.00004280,0.00000614,-4.1406059265e+00,2.5478789210e-01,0.4283,1.9507069588e+00
-0.5380,-0.0009830,0.0000692,0.00004290,0.00000614,-4.1450505257e+00,2.5478789210e-01,0.4293,1.9551515579e+00
-0.5370,-0.0009860,0.0000692,0.00004290,0.00000614,-4.1571717262e+00,2.5478789210e-01,0.4303,1.9672727585e+00
-0.5360,-0.0009830,0.0000692,0.00004290,0.00000614,-4.1450505257e+00,2.5478789210e-01,0.4313,1.9551515579e+00
-0.5350,-0.0009820,0.0000693,0.00004290,0.00000614,-4.1410102844e+00,2.5519192219e-01,0.4323,1.9511113167e+00
-0.5340,-0.0009840,0.0000693,0.00004300,0.00000615,-4.1494951248e+00,2.5515148044e-01,0.4333,1.9595961571e+00
-0.5330,-0.0009830,0.0000693,0.00004290,0.00000614,-4.1450505257e+00,2.5519192219e-01,0.4343,1.9551515579e+00
-0.5320,-0.0009840,0.0000693,0.00004300,0.00000614,-4.1494951248e+00,2.5519192219e-01,0.4353,1.9595961571e+00
-0.5310,-0.0009830,0.0000693,0.00004310,0.00000614,-4.1458587646e+00,2.5519192219e-01,0.4363,1.9559597969e+00
-0.5300,-0.0009820,0.0000694,0.00004300,0.00000614,-4.1414141655e+00,2.5559595227e-01,0.4373,1.9515151978e+00
-0.5290,-0.0009810,0.0000694,0.00004300,0.00000614,-4.1373739243e+00,2.5559595227e-01,0.4383,1.9474749565e+00
-0.5280,-0.0009810,0.0000694,0.00004300,0.00000615,-4.1373739243e+00,2.5555554032e-01,0.4393,1.9474749565e+00
-0.5270,-0.0009800,0.0000694,0.00004290,0.00000614,-4.1329293251e+00,2.5559595227e-01,0.4403,1.9430303574e+00
-0.5260,-0.0009790,0.0000694,0.00004310,0.00000615,-4.1296968460e+00,2.5555554032e-01,0.4413,1.9397978783e+00
-0.5250,-0.0009810,0.0000695,0.00004300,0.00000614,-4.1373739243e+00,2.5600001216e-01,0.4423,1.9474749565e+00
-0.5240,-0.0009800,0.0000694,0.00004310,0.00000614,-4.1337375641e+00,2.5559595227e-01,0.4433,1.9438385963e+00
-0.5230,-0.0009800,0.0000694,0.00004310,0.00000614,-4.1337375641e+00,2.5559595227e-01,0.4443,1.9438385963e+00
-0.5220,-0.0009800,0.0000696,0.00004320,0.00000614,-4.1341414452e+00,2.5640404224e-01,0.4453,1.9442424774e+00
-0.5210,-0.0009790,0.0000695,0.00004300,0.00000613,-4.1292929649e+00,2.5604039431e-01,0.4463,1.9393939972e+00
-0.5200,-0.0009800,0.0000696,0.00004310,0.00000613,-4.1337375641e+00,2.5644442439e-01,0.4473,1.9438385963e+00
-0.5190,-0.0009770,0.0000696,0.00004310,0.00000613,-4.1216158867e+00,2.5644442439e-01,0.4483,1.9317169189e+00
-0.5180,-0.0009800,0.0000696,0.00004320,0.00000613,-4.1341414452e+00,2.5644442439e-01,0.4493,1.9442424774e+00
-0.5170,-0.0009800,0.0000695,0.00004320,0.00000613,-4.1341414452e+00,2.5604039431e-01,0.4503,1.9442424774e+00
-0.5160,-0.0009780,0.0000695,0.00004320,0.00000613,-4.1260604858e+00,2.5604039431e-01,0.4513,1.9361615181e+00
-0.5150,-0.0009780,0.0000695,0.00004320,0.00000613,-4.1260604858e+00,2.5604039431e-01,0.4523,1.9361615181e+00
-0.5140,-0.0009760,0.0000696,0.00004310,0.00000613,-4.1175756454e+00,2.5644442439e-01,0.4533,1.9276766777e+00
-0.5130,-0.0009790,0.0000696,0.00004320,0.00000613,-4.1301007271e+00,2.5644442439e-01,0.4543,1.9402017593e+00
-0.5120,-0.0009770,0.0000696,0.00004340,0.00000613,-4.1228280067e+00,2.5644442439e-01,0.4553,1.9329290390e+00
-0.5110,-0.0009790,0.0000696,0.00004330,0.00000612,-4.1305050850e+00,2.5648486614e-01,0.4563,1.9406061172e+00
-0.5100,-0.0009770,0.0000696,0.00004330,0.00000611,-4.1224241257e+00,2.5652524829e-01,0.4573,1.9325251579e+00
-0.5090,-0.0009770,0.0000695,0.00004310,0.00000610,-4.1216158867e+00,2.5616160035e-01,0.4583,1.9317169189e+00
-0.5080,-0.0009760,0.0000695,0.00004330,0.00000612,-4.1183838844e+00,2.5608080626e-01,0.4593,1.9284849167e+00
-0.5070,-0.0009750,0.0000695,0.00004330,0.00000611,-4.1143431664e+00,2.5612121820e-01,0.4603,1.9244441986e+00
-0.5060,-0.0009740,0.0000697,0.00004330,0.00000612,-4.1103034019e+00,2.5688889623e-01,0.4613,1.9204044342e+00
-0.5050,-0.0009740,0.0000698,0.00004340,0.00000611,-4.1107072830e+00,2.5733333826e-01,0.4623,1.9208083153e+00
-0.5040,-0.0009770,0.0000695,0.00004330,0.00000611,-4.1224241257e+00,2.5612121820e-01,0.4633,1.9325251579e+00
-0.5030,-0.0009750,0.0000696,0.00004340,0.00000612,-4.1147475243e+00,2.5648486614e-01,0.4643,1.9248485565e+00
-0.5020,-0.0009730,0.0000697,0.00004340,0.00000611,-4.1066670418e+00,2.5692927837e-01,0.4653,1.9167680740e+00
-0.5010,-0.0009750,0.0000697,0.00004350,0.00000611,-4.1151514053e+00,2.5692927837e-01,0.4663,1.9252524376e+00
-0.5000,-0.0009730,0.0000696,0.00004340,0.00000611,-4.1066670418e+00,2.5652524829e-01,0.4673,1.9167680740e+00
-0.4990,-0.0009750,0.0000696,0.00004350,0.00000611,-4.1151514053e+00,2.5652524829e-01,0.4683,1.9252524376e+00
-0.4980,-0.0009720,0.0000696,0.00004340,0.00000611,-4.1026263237e+00,2.5652524829e-01,0.4693,1.9127273560e+00
-0.4970,-0.0009730,0.0000696,0.00004330,0.00000611,-4.1062626839e+00,2.5652524829e-01,0.4703,1.9163637161e+00
-0.4960,-0.0009740,0.0000697,0.00004340,0.00000611,-4.1107072830e+00,2.5692927837e-01,0.4713,1.9208083153e+00
-0.4950,-0.0009720,0.0000698,0.00004330,0.00000610,-4.1022224426e+00,2.5737372041e-01,0.4723,1.9123234749e+00
-0.4940,-0.0009730,0.0000698,0.00004340,0.00000610,-4.1066670418e+00,2.5737372041e-01,0.4733,1.9167680740e+00
-0.4930,-0.0009750,0.0000698,0.00004360,0.00000611,-4.1155552864e+00,2.5733333826e-01,0.4743,1.9256563187e+00
-0.4920,-0.0009720,0.0000696,0.00004350,0.00000610,-4.1030306816e+00,2.5656563044e-01,0.4753,1.9131317139e+00
-0.4910,-0.0009700,0.0000697,0.00004340,0.00000610,-4.0945453644e+00,2.5696969032e-01,0.4763,1.9046463966e+00
-0.4900,-0.0009740,0.0000698,0.00004350,0.00000610,-4.1111111641e+00,2.5737372041e-01,0.4773,1.9212121964e+00
-0.4890,-0.0009720,0.0000698,0.00004350,0.00000610,-4.1030306816e+00,2.5737372041e-01,0.4783,1.9131317139e+00
-0.4880,-0.0009720,0.0000696,0.00004360,0.00000610,-4.1034345627e+00,2.5656563044e-01,0.4793,1.9135355949e+00
-0.4870,-0.0009720,0.0000697,0.00004360,0.00000610,-4.1034345627e+00,2.5696969032e-01,0.4803,1.9135355949e+00
-0.4860,-0.0009720,0.0000697,0.00004360,0.00000610,-4.1034345627e+00,2.5696969032e-01,0.4813,1.9135355949e+00
-0.4850,-0.0009680,0.0000697,0.00004350,0.00000610,-4.0868687630e+00,2.5696969032e-01,0.4823,1.8969697952e+00
-0.4840,-0.0009720,0.0000696,0.00004360,0.00000610,-4.1034345627e+00,2.5656563044e-01,0.4833,1.9135355949e+00
-0.4830,-0.0009680,0.0000696,0.00004340,0.00000609,-4.0864648819e+00,2.5660607219e-01,0.4843,1.8965659142e+00
-0.4820,-0.0009690,0.0000696,0.00004360,0.00000609,-4.0913133621e+00,2.5660607219e-01,0.4853,1.9014143944e+00
-0.4810,-0.0009690,0.0000696,0.00004350,0.00000609,-4.0909090042e+00,2.5660607219e-01,0.4863,1.9010100365e+00
-0.4800,-0.0009700,0.0000696,0.00004360,0.00000609,-4.0953536034e+00,2.5660607219e-01,0.4873,1.9054546356e+00
-0.4790,-0.0009690,0.0000695,0.00004350,0.00000609,-4.0909090042e+00,2.5620201230e-01,0.4883,1.9010100365e+00
-0.4780,-0.0009690,0.0000695,0.00004360,0.00000608,-4.0913133621e+00,2.5624242425e-01,0.4893,1.9014143944e+00
-0.4770,-0.0009670,0.0000695,0.00004370,0.00000608,-4.0836362839e+00,2.5624242425e-01,0.4903,1.8937373161e+00
-0.4760,-0.0009670,0.0000692,0.00004360,0.00000608,-4.0832324028e+00,2.5503030419e-01,0.4913,1.8933334351e+00
-0.4750,-0.0009670,0.0000692,0.00004370,0.00000608,-4.0836362839e+00,2.5503030419e-01,0.4923,1.8937373161e+00
-0.4740,-0.0009660,0.0000693,0.00004370,0.00000608,-4.0795960426e+00,2.5543433428e-01,0.4933,1.8896970749e+00
-0.4730,-0.0009660,0.0000692,0.00004370,0.00000608,-4.0795960426e+00,2.5503030419e-01,0.4943,1.8896970749e+00
-0.4720,-0.0009620,0.0000691,0.00004370,0.00000609,-4.0634341240e+00,2.5458586216e-01,0.4953,1.8735351562e+00
-0.4710,-0.0009660,0.0000691,0.00004370,0.00000608,-4.0795960426e+00,2.5462627411e-01,0.4963,1.8896970749e+00
-0.4700,-0.0009630,0.0000690,0.00004380,0.00000607,-4.0678787231e+00,2.5426265597e-01,0.4973,1.8779797554e+00
-0.4690,-0.0009620,0.0000689,0.00004370,0.00000607,-4.0634341240e+00,2.5385859609e-01,0.4983,1.8735351562e+00
-0.4680,-0.0009630,0.0000689,0.00004370,0.00000607,-4.0674748421e+00,2.5385859609e-01,0.4993,1.8775758743e+00
-0.4670,-0.0009620,0.0000688,0.00004380,0.00000607,-4.0638384819e+00,2.5345456600e-01,0.5003,1.8739395142e+00
-0.4660,-0.0009620,0.0000688,0.00004380,0.00000607,-4.0638384819e+00,2.5345456600e-01,0.5013,1.8739395142e+00
-0.4650,-0.0009620,0.0000687,0.00004380,0.00000607,-4.0638384819e+00,2.5305050611e-01,0.5023,1.8739395142e+00
-0.4640,-0.0009590,0.0000688,0.00004370,0.00000606,-4.0513134003e+00,2.5349494815e-01,0.5033,1.8614144325e+00
-0.4630,-0.0009620,0.0000688,0.00004380,0.00000607,-4.0638384819e+00,2.5345456600e-01,0.5043,1.8739395142e+00
-0.4620,-0.0009620,0.0000687,0.00004380,0.00000607,-4.0638384819e+00,2.5305050611e-01,0.5053,1.8739395142e+00
-0.4610,-0.0009610,0.0000687,0.00004380,0.00000607,-4.0597977638e+00,2.5305050611e-01,0.5063,1.8698987961e+00
-0.4600,-0.0009610,0.0000687,0.00004390,0.00000607,-4.0602021217e+00,2.5305050611e-01,0.5073,1.8703031540e+00
-0.4590,-0.0009620,0.0000686,0.00004370,0.00000606,-4.0634341240e+00,2.5268685818e-01,0.5083,1.8735351562e+00
-0.4580,-0.0009590,0.0000685,0.00004380,0.00000607,-4.0517172813e+00,2.5224241614e-01,0.5093,1.8618183136e+00
-0.4570,-0.0009620,0.0000684,0.00004380,0.00000607,-4.0638384819e+00,2.5183838606e-01,0.5103,1.8739395142e+00
-0.4560,-0.0009620,0.0000684,0.00004380,0.00000607,-4.0638384819e+00,2.5183838606e-01,0.5113,1.8739395142e+00
-0.4550,-0.0009600,0.0000685,0.00004390,0.00000607,-4.0561614037e+00,2.5224241614e-01,0.5123,1.8662624359e+00
-0.4540,-0.0009620,0.0000684,0.00004390,0.00000607,-4.0642423630e+00,2.5183838606e-01,0.5133,1.8743433952e+00
-0.4530,-0.0009610,0.0000683,0.00004390,0.00000607,-4.0602021217e+00,2.5143438578e-01,0.5143,1.8703031540e+00
-0.4520,-0.0009630,0.0000682,0.00004380,0.00000606,-4.0678787231e+00,2.5107070804e-01,0.5153,1.8779797554e+00
-0.4510,-0.0009600,0.0000682,0.00004390,0.00000606,-4.0561614037e+00,2.5107070804e-01,0.5163,1.8662624359e+00
-0.4500,-0.0009610,0.0000681,0.00004380,0.00000605,-4.0597977638e+00,2.5070706010e-01,0.5173,1.8698987961e+00
-0.4490,-0.0009620,0.0000681,0.00004370,0.00000606,-4.0634341240e+00,2.5066667795e-01,0.5183,1.8735351562e+00
-0.4480,-0.0009610,0.0000680,0.00004390,0.00000606,-4.0602021217e+00,2.5026264787e-01,0.5193,1.8703031540e+00
-0.4470,-0.0009620,0.0000679,0.00004390,0.00000606,-4.0642423630e+00,2.4985858798e-01,0.5203,1.8743433952e+00
-0.4460,-0.0009620,0.0000679,0.00004390,0.00000606,-4.0642423630e+00,2.4985858798e-01,0.5213,1.8743433952e+00
-0.4450,-0.0009580,0.0000678,0.00004390,0.00000606,-4.0480809212e+00,2.4945454299e-01,0.5223,1.8581819534e+00
-0.4440,-0.0009600,0.0000676,0.00004400,0.00000606,-4.0565652847e+00,2.4864645302e-01,0.5233,1.8666663170e+00
-0.4430,-0.0009610,0.0000676,0.00004390,0.00000606,-4.0602021217e+00,2.4864645302e-01,0.5243,1.8703031540e+00
-0.4420,-0.0009590,0.0000675,0.00004400,0.00000606,-4.0525255203e+00,2.4824242294e-01,0.5253,1.8626265526e+00
-0.4410,-0.0009600,0.0000674,0.00004400,0.00000606,-4.0565652847e+00,2.4783837795e-01,0.5263,1.8666663170e+00
-0.4400,-0.0009600,0.0000674,0.00004390,0.00000606,-4.0561614037e+00,2.4783837795e-01,0.5273,1.8662624359e+00
-0.4390,-0.0009590,0.0000674,0.00004390,0.00000605,-4.0521216393e+00,2.4787876010e-01,0.5283,1.8622226715e+00
-0.4380,-0.0009600,0.0000671,0.00004400,0.00000606,-4.0565652847e+00,2.4662627280e-01,0.5293,1.8666663170e+00
-0.4370,-0.0009600,0.0000670,0.00004400,0.00000605,-4.0565652847e+00,2.4626263976e-01,0.5303,1.8666663170e+00
-0.4360,-0.0009590,0.0000670,0.00004390,0.00000606,-4.0521216393e+00,2.4622222781e-01,0.5313,1.8622226715e+00
-0.4350,-0.0009560,0.0000668,0.00004400,0.00000605,-4.0404043198e+00,2.4545454979e-01,0.5323,1.8505053520e+00
-0.4340,-0.0009610,0.0000667,0.00004400,0.00000606,-4.0606060028e+00,2.4501009285e-01,0.5333,1.8707070351e+00
-0.4330,-0.0009570,0.0000667,0.00004400,0.00000605,-4.0444445610e+00,2.4505050480e-01,0.5343,1.8545455933e+00
-0.4320,-0.0009560,0.0000666,0.00004400,0.00000604,-4.0404043198e+00,2.4468687177e-01,0.5353,1.8505053520e+00
-0.4310,-0.0009610,0.0000663,0.00004400,0.00000604,-4.0606060028e+00,2.4347476661e-01,0.5363,1.8707070351e+00
-0.4300,-0.0009580,0.0000663,0.00004400,0.00000604,-4.0484852791e+00,2.4347476661e-01,0.5373,1.8585863113e+00
-0.4290,-0.0009560,0.0000662,0.00004400,0.00000604,-4.0404043198e+00,2.4307072163e-01,0.5383,1.8505053520e+00
-0.4280,-0.0009570,0.0000661,0.00004410,0.00000604,-4.0448489189e+00,2.4266667664e-01,0.5393,1.8549499512e+00
-0.4270,-0.0009590,0.0000660,0.00004400,0.00000604,-4.0525255203e+00,2.4226263165e-01,0.5403,1.8626265526e+00
-0.4260,-0.0009580,0.0000658,0.00004400,0.00000604,-4.0484852791e+00,2.4145455658e-01,0.5413,1.8585863113e+00
-0.4250,-0.0009570,0.0000657,0.00004410,0.00000604,-4.0448489189e+00,2.4105051160e-01,0.5423,1.8549499512e+00
-0.4240,-0.0009590,0.0000657,0.00004390,0.00000603,-4.0521216393e+00,2.4109089375e-01,0.5433,1.8622226715e+00
-0.4230,-0.0009590,0.0000655,0.00004410,0.00000603,-4.0529294014e+00,2.4028281868e-01,0.5443,1.8630304337e+00
-0.4220,-0.0009580,0.0000653,0.00004410,0.00000603,-4.0488891602e+00,2.3947475851e-01,0.5453,1.8589901924e+00
-0.4210,-0.0009590,0.0000653,0.00004400,0.00000604,-4.0525255203e+00,2.3943436146e-01,0.5463,1.8626265526e+00
-0.4200,-0.0009580,0.0000651,0.00004400,0.00000603,-4.0484852791e+00,2.3866666853e-01,0.5473,1.8585863113e+00
-0.4190,-0.0009570,0.0000649,0.00004410,0.00000604,-4.0448489189e+00,2.3781818151e-01,0.5483,1.8549499512e+00
-0.4180,-0.0009590,0.0000647,0.00004400,0.00000604,-4.0525255203e+00,2.3701010644e-01,0.5493,1.8626265526e+00
-0.4170,-0.0009560,0.0000646,0.00004410,0.00000603,-4.0408082008e+00,2.3664644361e-01,0.5503,1.8509092331e+00
-0.4160,-0.0009570,0.0000644,0.00004420,0.00000604,-4.0452528000e+00,2.3579800129e-01,0.5513,1.8553538322e+00
-0.4150,-0.0009580,0.0000642,0.00004410,0.00000603,-4.0488891602e+00,2.3503030837e-01,0.5523,1.8589901924e+00
-0.4140,-0.0009570,0.0000641,0.00004410,0.00000603,-4.0448489189e+00,2.3462626338e-01,0.5533,1.8549499512e+00
-0.4130,-0.0009550,0.0000639,0.00004420,0.00000603,-4.0371718407e+00,2.3381817341e-01,0.5543,1.8472728729e+00
-0.4120,-0.0009560,0.0000638,0.00004410,0.00000602,-4.0408082008e+00,2.3345454037e-01,0.5553,1.8509092331e+00
-0.4110,-0.0009550,0.0000636,0.00004420,0.00000603,-4.0371718407e+00,2.3260603845e-01,0.5563,1.8472728729e+00
-0.4100,-0.0009560,0.0000635,0.00004420,0.00000602,-4.0412125587e+00,2.3224243522e-01,0.5573,1.8513135910e+00
-0.4090,-0.0009550,0.0000633,0.00004450,0.00000603,-4.0383839607e+00,2.3139394820e-01,0.5583,1.8484849930e+00
-0.4080,-0.0009560,0.0000631,0.00004410,0.00000604,-4.0408082008e+00,2.3054546118e-01,0.5593,1.8509092331e+00
-0.4070,-0.0009570,0.0000629,0.00004410,0.00000603,-4.0448489189e+00,2.2977776825e-01,0.5603,1.8549499512e+00
-0.4060,-0.0009540,0.0000627,0.00004420,0.00000603,-4.0331315994e+00,2.2896967828e-01,0.5613,1.8432326317e+00
-0.4050,-0.0009590,0.0000625,0.00004410,0.00000601,-4.0529294014e+00,2.2824244201e-01,0.5623,1.8630304337e+00
-0.4040,-0.0009570,0.0000625,0.00004420,0.00000601,-4.0452528000e+00,2.2824244201e-01,0.5633,1.8553538322e+00
-0.4030,-0.0009540,0.0000622,0.00004420,0.00000601,-4.0331315994e+00,2.2703030705e-01,0.5643,1.8432326317e+00
-0.4020,-0.0009570,0.0000620,0.00004420,0.00000600,-4.0452528000e+00,2.2626261413e-01,0.5653,1.8553538322e+00
-0.4010,-0.0009580,0.0000618,0.00004410,0.00000601,-4.0488891602e+00,2.2541414201e-01,0.5663,1.8589901924e+00
-0.4000,-0.0009550,0.0000616,0.00004420,0.00000600,-4.0371718407e+00,2.2464646399e-01,0.5673,1.8472728729e+00
-0.3990,-0.0009550,0.0000613,0.00004410,0.00000601,-4.0367679596e+00,2.2339394689e-01,0.5683,1.8468689919e+00
-0.3980,-0.0009560,0.0000611,0.00004430,0.00000601,-4.0416164398e+00,2.2258585691e-01,0.5693,1.8517174721e+00
-0.3970,-0.0009560,0.0000610,0.00004430,0.00000600,-4.0416164398e+00,2.2222220898e-01,0.5703,1.8517174721e+00
-0.3960,-0.0009550,0.0000608,0.00004430,0.00000600,-4.0375757217e+00,2.2141414881e-01,0.5713,1.8476767540e+00
-0.3950,-0.0009550,0.0000605,0.00004400,0.00000600,-4.0363636017e+00,2.2020202875e-01,0.5723,1.8464646339e+00
-0.3940,-0.0009580,0.0000603,0.00004420,0.00000600,-4.0492930412e+00,2.1939393878e-01,0.5733,1.8593940735e+00
-0.3930,-0.0009560,0.0000600,0.00004430,0.00000600,-4.0416164398e+00,2.1818180382e-01,0.5743,1.8517174721e+00
-0.3920,-0.0009550,0.0000598,0.00004410,0.00000600,-4.0367679596e+00,2.1737374365e-01,0.5753,1.8468689919e+00
-0.3910,-0.0009520,0.0000596,0.00004420,0.00000600,-4.0250506401e+00,2.1656565368e-01,0.5763,1.8351516724e+00
-0.3900,-0.0009550,0.0000593,0.00004430,0.00000600,-4.0375757217e+00,2.1535353363e-01,0.5773,1.8476767540e+00
-0.3890,-0.0009560,0.0000592,0.00004400,0.00000600,-4.0404043198e+00,2.1494948864e-01,0.5783,1.8505053520e+00
-0.3880,-0.0009530,0.0000589,0.00004430,0.00000600,-4.0294952393e+00,2.1373738348e-01,0.5793,1.8395962715e+00
-0.3870,-0.0009540,0.0000585,0.00004420,0.00000600,-4.0331315994e+00,2.1212121844e-01,0.5803,1.8432326317e+00
-0.3860,-0.0009540,0.0000583,0.00004430,0.00000600,-4.0335354805e+00,2.1131312847e-01,0.5813,1.8436365128e+00
-0.3850,-0.0009550,0.0000581,0.00004420,0.00000599,-4.0371718407e+00,2.1054545045e-01,0.5823,1.8472728729e+00
-0.3840,-0.0009530,0.0000579,0.00004430,0.00000599,-4.0294952393e+00,2.0973737538e-01,0.5833,1.8395962715e+00
-0.3830,-0.0009550,0.0000575,0.00004420,0.00000599,-4.0371718407e+00,2.0812121034e-01,0.5843,1.8472728729e+00
-0.3820,-0.0009520,0.0000573,0.00004420,0.00000599,-4.0250506401e+00,2.0731312037e-01,0.5853,1.8351516724e+00
-0.3810,-0.0009550,0.0000569,0.00004420,0.00000599,-4.0371718407e+00,2.0569697022e-01,0.5863,1.8472728729e+00
-0.3800,-0.0009540,0.0000567,0.00004410,0.00000599,-4.0327272415e+00,2.0488888025e-01,0.5873,1.8428282738e+00
-0.3790,-0.0009520,0.0000565,0.00004420,0.00000599,-4.0250506401e+00,2.0408080518e-01,0.5883,1.8351516724e+00
-0.3780,-0.0009540,0.0000562,0.00004420,0.00000600,-4.0331315994e+00,2.0282827318e-01,0.5893,1.8432326317e+00
-0.3770,-0.0009510,0.0000560,0.00004420,0.00000599,-4.0210099220e+00,2.0206061006e-01,0.5903,1.8311109543e+00
-0.3760,-0.0009550,0.0000557,0.00004420,0.00000600,-4.0371718407e+00,2.0080807805e-01,0.5913,1.8472728729e+00
-0.3750,-0.0009530,0.0000554,0.00004420,0.00000599,-4.0290908813e+00,1.9963635504e-01,0.5923,1.8391919136e+00
-0.3740,-0.0009530,0.0000551,0.00004420,0.00000599,-4.0290908813e+00,1.9842424989e-01,0.5933,1.8391919136e+00
-0.3730,-0.0009530,0.0000548,0.00004410,0.00000599,-4.0286870003e+00,1.9721211493e-01,0.5943,1.8387880325e+00
-0.3720,-0.0009530,0.0000546,0.00004430,0.00000600,-4.0294952393e+00,1.9636362791e-01,0.5953,1.8395962715e+00
-0.3710,-0.0009520,0.0000542,0.00004430,0.00000600,-4.0254545212e+00,1.9474749267e-01,0.5963,1.8355555534e+00
-0.3700,-0.0009540,0.0000539,0.00004420,0.00000599,-4.0331315994e+00,1.9357575476e-01,0.5973,1.8432326317e+00
-0.3690,-0.0009520,0.0000536,0.00004420,0.00000598,-4.0250506401e+00,1.9240404665e-01,0.5983,1.8351516724e+00
-0.3680,-0.0009510,0.0000533,0.00004420,0.00000598,-4.0210099220e+00,1.9119191170e-01,0.5993,1.8311109543e+00
-0.3670,-0.0009520,0.0000530,0.00004420,0.00000598,-4.0250506401e+00,1.8997979164e-01,0.6003,1.8351516724e+00
-0.3660,-0.0009500,0.0000526,0.00004430,0.00000598,-4.0173735619e+00,1.8836364150e-01,0.6013,1.8274745941e+00
-0.3650,-0.0009510,0.0000524,0.00004420,0.00000598,-4.0210099220e+00,1.8755555153e-01,0.6023,1.8311109543e+00
-0.3640,-0.0009500,0.0000521,0.00004420,0.00000598,-4.0169696808e+00,1.8634343147e-01,0.6033,1.8270707130e+00
-0.3630,-0.0009520,0.0000518,0.00004420,0.00000598,-4.0250506401e+00,1.8513131142e-01,0.6043,1.8351516724e+00
-0.3620,-0.0009510,0.0000514,0.00004410,0.00000597,-4.0206060410e+00,1.8355555832e-01,0.6053,1.8307070732e+00
-0.3610,-0.0009480,0.0000512,0.00004430,0.00000598,-4.0092930794e+00,1.8270707130e-01,0.6063,1.8193941116e+00
-0.3600,-0.0009520,0.0000508,0.00004410,0.00000597,-4.0246467590e+00,1.8113131821e-01,0.6073,1.8347477913e+00
-0.3590,-0.0009520,0.0000505,0.00004420,0.00000598,-4.0250506401e+00,1.7987878621e-01,0.6083,1.8351516724e+00
-0.3580,-0.0009500,0.0000502,0.00004430,0.00000598,-4.0173735619e+00,1.7866666615e-01,0.6093,1.8274745941e+00
-0.3570,-0.0009500,0.0000498,0.00004420,0.00000598,-4.0169696808e+00,1.7705050111e-01,0.6103,1.8270707130e+00
-0.3560,-0.0009510,0.0000495,0.00004420,0.00000597,-4.0210099220e+00,1.7587877810e-01,0.6113,1.8311109543e+00
-0.3550,-0.0009500,0.0000491,0.00004420,0.00000597,-4.0169696808e+00,1.7426262796e-01,0.6123,1.8270707130e+00
-0.3540,-0.0009480,0.0000488,0.00004420,0.00000597,-4.0088887215e+00,1.7305050790e-01,0.6133,1.8189897537e+00
-0.3530,-0.0009500,0.0000485,0.00004420,0.00000598,-4.0169696808e+00,1.7179797590e-01,0.6143,1.8270707130e+00
-0.3520,-0.0009490,0.0000482,0.00004420,0.00000597,-4.0129294395e+00,1.7062626779e-01,0.6153,1.8230304718e+00
-0.3510,-0.0009480,0.0000479,0.00004420,0.00000597,-4.0088887215e+00,1.6941414773e-01,0.6163,1.8189897537e+00
-0.3500,-0.0009490,0.0000474,0.00004410,0.00000597,-4.0125250816e+00,1.6739393771e-01,0.6173,1.8226261139e+00
-0.3490,-0.0009490,0.0000472,0.00004400,0.00000597,-4.0121212006e+00,1.6658586264e-01,0.6183,1.8222222328e+00
-0.3480,-0.0009480,0.0000468,0.00004420,0.00000597,-4.0088887215e+00,1.6496969759e-01,0.6193,1.8189897537e+00
-0.3470,-0.0009500,0.0000465,0.00004410,0.00000597,-4.0165657997e+00,1.6375757754e-01,0.6203,1.8266668320e+00
-0.3460,-0.0009470,0.0000461,0.00004410,0.00000597,-4.0044445992e+00,1.6214142740e-01,0.6213,1.8145456314e+00
-0.3450,-0.0009470,0.0000458,0.00004420,0.00000597,-4.0048484802e+00,1.6092929244e-01,0.6223,1.8149495125e+00
-0.3440,-0.0009480,0.0000454,0.00004420,0.00000597,-4.0088887215e+00,1.5931312740e-01,0.6233,1.8189897537e+00
-0.3430,-0.0009480,0.0000451,0.00004410,0.00000597,-4.0084848404e+00,1.5810102224e-01,0.6243,1.8185858727e+00
-0.3420,-0.0009450,0.0000448,0.00004420,0.00000596,-3.9967675209e+00,1.5692929924e-01,0.6253,1.8068685532e+00
-0.3410,-0.0009460,0.0000444,0.00004420,0.00000596,-4.0008077621e+00,1.5531313419e-01,0.6263,1.8109087944e+00
-0.3400,-0.0009470,0.0000441,0.00004410,0.00000596,-4.0044445992e+00,1.5410101414e-01,0.6273,1.8145456314e+00
-0.3390,-0.0009470,0.0000438,0.00004420,0.00000595,-4.0048484802e+00,1.5292927623e-01,0.6283,1.8149495125e+00
-0.3380,-0.0009450,0.0000433,0.00004390,0.00000594,-3.9955554008e+00,1.5094949305e-01,0.6293,1.8056564331e+00
-0.3370,-0.0009460,0.0000430,0.00004430,0.00000595,-4.0012121201e+00,1.4969696105e-01,0.6303,1.8113131523e+00
-0.3360,-0.0009440,0.0000427,0.00004410,0.00000594,-3.9923236370e+00,1.4852525294e-01,0.6313,1.8024246693e+00
-0.3350,-0.0009440,0.0000424,0.00004410,0.00000594,-3.9923236370e+00,1.4731311798e-01,0.6323,1.8024246693e+00
-0.3340,-0.0009440,0.0000420,0.00004390,0.00000593,-3.9915153980e+00,1.4573737979e-01,0.6333,1.8016164303e+00
-0.3330,-0.0009420,0.0000417,0.00004440,0.00000596,-3.9854547977e+00,1.4440405369e-01,0.6343,1.7955558300e+00
-0.3320,-0.0009440,0.0000414,0.00004440,0.00000595,-3.9935357571e+00,1.4323233068e-01,0.6353,1.8036367893e+00
-0.3310,-0.0009420,0.0000410,0.00004430,0.00000594,-3.9850506783e+00,1.4165656269e-01,0.6363,1.7951517105e+00
-0.3300,-0.0009450,0.0000406,0.00004420,0.00000595,-3.9967675209e+00,1.4000001550e-01,0.6373,1.8068685532e+00
-0.3290,-0.0009430,0.0000403,0.00004420,0.00000594,-3.9886870384e+00,1.3882827759e-01,0.6383,1.7987880707e+00
-0.3280,-0.0009430,0.0000399,0.00004410,0.00000595,-3.9882831573e+00,1.3717170060e-01,0.6393,1.7983841896e+00
-0.3270,-0.0009420,0.0000396,0.00004410,0.00000595,-3.9842426777e+00,1.3595959544e-01,0.6403,1.7943437099e+00
-0.3260,-0.0009410,0.0000393,0.00004420,0.00000594,-3.9806063175e+00,1.3478787243e-01,0.6413,1.7907073498e+00
-0.3250,-0.0009410,0.0000389,0.00004410,0.00000595,-3.9802021980e+00,1.3313132524e-01,0.6423,1.7903032303e+00
-0.3240,-0.0009390,0.0000386,0.00004400,0.00000595,-3.9717173576e+00,1.3191919029e-01,0.6433,1.7818183899e+00
-0.3230,-0.0009390,0.0000382,0.00004410,0.00000594,-3.9721214771e+00,1.3034343719e-01,0.6443,1.7822225094e+00
-0.3220,-0.0009390,0.0000379,0.00004420,0.00000595,-3.9725253582e+00,1.2909092009e-01,0.6453,1.7826263905e+00
-0.3210,-0.0009380,0.0000376,0.00004420,0.00000594,-3.9684848785e+00,1.2791918218e-01,0.6463,1.7785859108e+00
-0.3200,-0.0009380,0.0000372,0.00004420,0.00000594,-3.9684848785e+00,1.2630303204e-01,0.6473,1.7785859108e+00
-0.3190,-0.0009380,0.0000369,0.00004420,0.00000594,-3.9684848785e+00,1.2509091198e-01,0.6483,1.7785859108e+00
-0.3180,-0.0009370,0.0000366,0.00004410,0.00000593,-3.9640405178e+00,1.2391918898e-01,0.6493,1.7741415501e+00
-0.3170,-0.0009330,0.0000363,0.00004390,0.00000594,-3.9470705986e+00,1.2266666442e-01,0.6503,1.7571716309e+00
-0.3160,-0.0009360,0.0000359,0.00004410,0.00000593,-3.9600000381e+00,1.2109091133e-01,0.6513,1.7701010704e+00
-0.3150,-0.0009360,0.0000356,0.00004410,0.00000594,-3.9600000381e+00,1.1983837187e-01,0.6523,1.7701010704e+00
-0.3140,-0.0009320,0.0000353,0.00004420,0.00000594,-3.9442424774e+00,1.1862625927e-01,0.6533,1.7543435097e+00
-0.3130,-0.0009340,0.0000349,0.00004400,0.00000593,-3.9515151978e+00,1.1705050617e-01,0.6543,1.7616162300e+00
-0.3120,-0.0009320,0.0000346,0.00004410,0.00000594,-3.9438383579e+00,1.1579798162e-01,0.6553,1.7539393902e+00
-0.3110,-0.0009320,0.0000344,0.00004410,0.00000594,-3.9438383579e+00,1.1498989910e-01,0.6563,1.7539393902e+00
-0.3100,-0.0009320,0.0000340,0.00004410,0.00000593,-3.9438383579e+00,1.1341414601e-01,0.6573,1.7539393902e+00
-0.3090,-0.0009320,0.0000337,0.00004410,0.00000593,-3.9438383579e+00,1.1220201105e-01,0.6583,1.7539393902e+00
-0.3080,-0.0009310,0.0000333,0.00004400,0.00000593,-3.9393937588e+00,1.1058585346e-01,0.6593,1.7494947910e+00
-0.3070,-0.0009290,0.0000330,0.00004420,0.00000592,-3.9321210384e+00,1.0941414535e-01,0.6603,1.7422220707e+00
-0.3060,-0.0009260,0.0000328,0.00004410,0.00000592,-3.9195959568e+00,1.0860605538e-01,0.6613,1.7296969891e+00
-0.3050,-0.0009270,0.0000324,0.00004410,0.00000591,-3.9236364365e+00,1.0703030229e-01,0.6623,1.7337374687e+00
-0.3040,-0.0009270,0.0000321,0.00004410,0.00000591,-3.9236364365e+00,1.0581818223e-01,0.6633,1.7337374687e+00
-0.3030,-0.0009250,0.0000318,0.00004410,0.00000592,-3.9155554771e+00,1.0456565022e-01,0.6643,1.7256565094e+00
-0.3020,-0.0009250,0.0000315,0.00004400,0.00000591,-3.9151513577e+00,1.0339393467e-01,0.6653,1.7252523899e+00
-0.3010,-0.0009230,0.0000313,0.00004410,0.00000592,-3.9074747562e+00,1.0254544765e-01,0.6663,1.7175757885e+00
-0.3000,-0.0009230,0.0000309,0.00004410,0.00000591,-3.9074747562e+00,1.0096969455e-01,0.6673,1.7175757885e+00
-0.2990,-0.0009230,0.0000306,0.00004400,0.00000591,-3.9070706367e+00,9.9757574499e-02,0.6683,1.7171716690e+00
-0.2980,-0.0009210,0.0000303,0.00004400,0.00000591,-3.8989899158e+00,9.8545454443e-02,0.6693,1.7090909481e+00
-0.2970,-0.0009190,0.0000300,0.00004390,0.00000590,-3.8905050755e+00,9.7373738885e-02,0.6703,1.7006061077e+00
-0.2960,-0.0009190,0.0000298,0.00004400,0.00000590,-3.8909091949e+00,9.6565656364e-02,0.6713,1.7010102272e+00
-0.2950,-0.0009180,0.0000295,0.00004400,0.00000590,-3.8868687153e+00,9.5353543758e-02,0.6723,1.6969697475e+00
-0.2940,-0.0009160,0.0000292,0.00004400,0.00000590,-3.8787877560e+00,9.4141416252e-02,0.6733,1.6888887882e+00
-0.2930,-0.0009150,0.0000289,0.00004400,0.00000591,-3.8747472763e+00,9.2888891697e-02,0.6743,1.6848483086e+00
-0.2920,-0.0009150,0.0000286,0.00004390,0.00000590,-3.8743433952e+00,9.1717168689e-02,0.6753,1.6844444275e+00
-0.2910,-0.0009140,0.0000283,0.00004400,0.00000590,-3.8707070351e+00,9.0505056083e-02,0.6763,1.6808080673e+00
-0.2900,-0.0009130,0.0000281,0.00004380,0.00000591,-3.8658585548e+00,8.9656561613e-02,0.6773,1.6759595871e+00
-0.2890,-0.0009110,0.0000279,0.00004400,0.00000590,-3.8585858345e+00,8.8888891041e-02,0.6783,1.6686868668e+00
-0.2880,-0.0009110,0.0000275,0.00004410,0.00000590,-3.8589899540e+00,8.7272733450e-02,0.6793,1.6690909863e+00
-0.2870,-0.0009090,0.0000273,0.00004390,0.00000590,-3.8501009941e+00,8.6464650929e-02,0.6803,1.6602020264e+00
-0.2860,-0.0009090,0.0000270,0.00004390,0.00000590,-3.8501009941e+00,8.5252530873e-02,0.6813,1.6602020264e+00
-0.2850,-0.0009080,0.0000267,0.00004390,0.00000589,-3.8460605145e+00,8.4080807865e-02,0.6823,1.6561615467e+00
-0.2840,-0.0009070,0.0000264,0.00004390,0.00000590,-3.8420200348e+00,8.2828283310e-02,0.6833,1.6521210670e+00
-0.2830,-0.0009040,0.0000262,0.00004390,0.00000590,-3.8298990726e+00,8.2020200789e-02,0.6843,1.6400001049e+00
-0.2820,-0.0009030,0.0000259,0.00004390,0.00000590,-3.8258585930e+00,8.0808088183e-02,0.6853,1.6359596252e+00
-0.2810,-0.0009030,0.0000257,0.00004390,0.00000590,-3.8258585930e+00,7.9999998212e-02,0.6863,1.6359596252e+00
-0.2800,-0.0009010,0.0000254,0.00004380,0.00000590,-3.8173737526e+00,7.8787885606e-02,0.6873,1.6274747849e+00
-0.2790,-0.0008990,0.0000252,0.00004380,0.00000590,-3.8092927933e+00,7.7979803085e-02,0.6883,1.6193938255e+00
-0.2780,-0.0008970,0.0000249,0.00004380,0.00000590,-3.8012120724e+00,7.6767683029e-02,0.6893,1.6113131046e+00
-0.2770,-0.0008940,0.0000246,0.00004380,0.00000589,-3.7890908718e+00,7.5595960021e-02,0.6903,1.5991919041e+00
-0.2760,-0.0008940,0.0000244,0.00004370,0.00000590,-3.7886867523e+00,7.4747480452e-02,0.6913,1.5987877846e+00
-0.2750,-0.0008920,0.0000242,0.00004390,0.00000589,-3.7814140320e+00,7.3979794979e-02,0.6923,1.5915150642e+00
-0.2740,-0.0008900,0.0000239,0.00004380,0.00000589,-3.7729294300e+00,7.2767674923e-02,0.6933,1.5830304623e+00
-0.2730,-0.0008900,0.0000238,0.00004390,0.00000590,-3.7733333111e+00,7.2323232889e-02,0.6943,1.5834343433e+00
-0.2720,-0.0008880,0.0000235,0.00004370,0.00000589,-3.7644443512e+00,7.1151517332e-02,0.6953,1.5745453835e+00
-0.2710,-0.0008870,0.0000232,0.00004380,0.00000590,-3.7608079910e+00,6.9898992777e-02,0.6963,1.5709090233e+00
-0.2700,-0.0008840,0.0000230,0.00004380,0.00000590,-3.7486867905e+00,6.9090910256e-02,0.6973,1.5587878227e+00
-0.2690,-0.0008850,0.0000227,0.00004380,0.00000589,-3.7527272701e+00,6.7919187248e-02,0.6983,1.5628283024e+00
-0.2680,-0.0008820,0.0000225,0.00004390,0.00000589,-3.7410101891e+00,6.7111112177e-02,0.6993,1.5511112213e+00
-0.2670,-0.0008790,0.0000223,0.00004380,0.00000589,-3.7284848690e+00,6.6303029656e-02,0.7003,1.5385859013e+00
-0.2660,-0.0008780,0.0000221,0.00004380,0.00000589,-3.7244443893e+00,6.5494947135e-02,0.7013,1.5345454216e+00
-0.2650,-0.0008770,0.0000219,0.00004370,0.00000589,-3.7199997902e+00,6.4686864614e-02,0.7023,1.5301008224e+00
-0.2640,-0.0008730,0.0000216,0.00004370,0.00000589,-3.7038383484e+00,6.3474752009e-02,0.7033,1.5139393806e+00
-0.2630,-0.0008730,0.0000214,0.00004370,0.00000588,-3.7038383484e+00,6.2707066536e-02,0.7043,1.5139393806e+00
-0.2620,-0.0008700,0.0000212,0.00004380,0.00000589,-3.6921210289e+00,6.1858583242e-02,0.7053,1.5022220612e+00
-0.2610,-0.0008670,0.0000210,0.00004370,0.00000588,-3.6795959473e+00,6.1090908945e-02,0.7063,1.4896969795e+00
-0.2600,-0.0008660,0.0000207,0.00004380,0.00000588,-3.6759595871e+00,5.9878785163e-02,0.7073,1.4860606194e+00
-0.2590,-0.0008640,0.0000206,0.00004380,0.00000588,-3.6678786278e+00,5.9474751353e-02,0.7083,1.4779796600e+00
-0.2580,-0.0008610,0.0000203,0.00004380,0.00000588,-3.6557574272e+00,5.8262627572e-02,0.7093,1.4658584595e+00
-0.2570,-0.0008610,0.0000202,0.00004370,0.00000588,-3.6553533077e+00,5.7858582586e-02,0.7103,1.4654543400e+00
-0.2560,-0.0008580,0.0000200,0.00004370,0.00000588,-3.6432323456e+00,5.7050503790e-02,0.7113,1.4533333778e+00
-0.2550,-0.0008570,0.0000197,0.00004370,0.00000588,-3.6391918659e+00,5.5838387460e-02,0.7123,1.4492928982e+00
-0.2540,-0.0008540,0.0000195,0.00004370,0.00000589,-3.6270706654e+00,5.4989892989e-02,0.7133,1.4371716976e+00
-0.2530,-0.0008520,0.0000193,0.00004360,0.00000589,-3.6185858250e+00,5.4181814194e-02,0.7143,1.4286868572e+00
-0.2520,-0.0008500,0.0000191,0.00004360,0.00000588,-3.6105051041e+00,5.3414143622e-02,0.7153,1.4206061363e+00
-0.2510,-0.0008470,0.0000189,0.00004350,0.00000588,-3.5979797840e+00,5.2606064826e-02,0.7163,1.4080808163e+00
-0.2500,-0.0008440,0.0000187,0.00004370,0.00000588,-3.5866668224e+00,5.1797982305e-02,0.7173,1.3967678547e+00
-0.2490,-0.0008420,0.0000185,0.00004370,0.00000588,-3.5785858631e+00,5.0989903510e-02,0.7183,1.3886868954e+00
-0.2480,-0.0008400,0.0000183,0.00004360,0.00000588,-3.5701010227e+00,5.0181817263e-02,0.7193,1.3802020550e+00
-0.2470,-0.0008370,0.0000182,0.00004360,0.00000588,-3.5579798222e+00,4.9777779728e-02,0.7203,1.3680808544e+00
-0.2460,-0.0008360,0.0000179,0.00004360,0.00000587,-3.5539393425e+00,4.8606056720e-02,0.7213,1.3640403748e+00
-0.2450,-0.0008330,0.0000178,0.00004360,0.00000588,-3.5418181419e+00,4.8161614686e-02,0.7223,1.3519191742e+00
-0.2440,-0.0008300,0.0000175,0.00004360,0.00000587,-3.5296967030e+00,4.6989899129e-02,0.7233,1.3397977352e+00
-0.2430,-0.0008270,0.0000174,0.00004360,0.00000587,-3.5175757408e+00,4.6585854143e-02,0.7243,1.3276767731e+00
-0.2420,-0.0008240,0.0000172,0.00004360,0.00000587,-3.5054545403e+00,4.5777775347e-02,0.7253,1.3155555725e+00
-0.2410,-0.0008210,0.0000170,0.00004340,0.00000587,-3.4925253391e+00,4.4969696552e-02,0.7263,1.3026263714e+00
-0.2400,-0.0008160,0.0000169,0.00004360,0.00000587,-3.4731311798e+00,4.4565651566e-02,0.7273,1.2832322121e+00
-0.2390,-0.0008180,0.0000167,0.00004350,0.00000587,-3.4808080196e+00,4.3757572770e-02,0.7283,1.2909090519e+00
-0.2380,-0.0008130,0.0000165,0.00004350,0.00000587,-3.4606060982e+00,4.2949493974e-02,0.7293,1.2707071304e+00
-0.2370,-0.0008100,0.0000163,0.00004360,0.00000587,-3.4488887787e+00,4.2141411453e-02,0.7303,1.2589898109e+00
-0.2360,-0.0008080,0.0000161,0.00004360,0.00000587,-3.4408080578e+00,4.1333332658e-02,0.7313,1.2509090900e+00
-0.2350,-0.0008040,0.0000159,0.00004350,0.00000587,-3.4242424965e+00,4.0525246412e-02,0.7323,1.2343435287e+00
-0.2340,-0.0008020,0.0000157,0.00004350,0.00000587,-3.4161615372e+00,3.9717167616e-02,0.7333,1.2262625694e+00
-0.2330,-0.0007980,0.0000156,0.00004360,0.00000587,-3.4004039764e+00,3.9313130081e-02,0.7343,1.2105050087e+00
-0.2320,-0.0007950,0.0000154,0.00004330,0.00000586,-3.3870706558e+00,3.8545459509e-02,0.7353,1.1971716881e+00
-0.2310,-0.0007910,0.0000152,0.00004360,0.00000588,-3.3721213341e+00,3.7656564265e-02,0.7363,1.1822223663e+00
-0.2300,-0.0007890,0.0000150,0.00004350,0.00000586,-3.3636362553e+00,3.6929290742e-02,0.7373,1.1737372875e+00
-0.2290,-0.0007850,0.0000149,0.00004340,0.00000586,-3.3470704556e+00,3.6525253206e-02,0.7383,1.1571714878e+00
-0.2280,-0.0007800,0.0000147,0.00004350,0.00000586,-3.3272726536e+00,3.5717174411e-02,0.7393,1.1373736858e+00
-0.2270,-0.0007800,0.0000145,0.00004340,0.00000586,-3.3268685341e+00,3.4909091890e-02,0.7403,1.1369695663e+00
-0.2260,-0.0007750,0.0000143,0.00004340,0.00000586,-3.3066666126e+00,3.4101009369e-02,0.7413,1.1167676449e+00
-0.2250,-0.0007710,0.0000142,0.00004340,0.00000586,-3.2905049324e+00,3.3696968108e-02,0.7423,1.1006059647e+00
-0.2240,-0.0007690,0.0000140,0.00004340,0.00000586,-3.2824239731e+00,3.2888889313e-02,0.7433,1.0925250053e+00
-0.2230,-0.0007630,0.0000138,0.00004340,0.00000586,-3.2581818104e+00,3.2080806792e-02,0.7443,1.0682828426e+00
-0.2220,-0.0007620,0.0000137,0.00004340,0.00000587,-3.2541413307e+00,3.1636364758e-02,0.7453,1.0642423630e+00
-0.2210,-0.0007570,0.0000135,0.00004340,0.00000586,-3.2339394093e+00,3.0868686736e-02,0.7463,1.0440404415e+00
-0.2200,-0.0007530,0.0000133,0.00004340,0.00000586,-3.2177774906e+00,3.0060607940e-02,0.7473,1.0278785229e+00
-0.2190,-0.0007500,0.0000131,0.00004340,0.00000586,-3.2056565285e+00,2.9252525419e-02,0.7483,1.0157575607e+00
-0.2180,-0.0007460,0.0000130,0.00004340,0.00000586,-3.1894948483e+00,2.8848484159e-02,0.7493,9.9959588051e-01
-0.2170,-0.0007410,0.0000129,0.00004340,0.00000585,-3.1692929268e+00,2.8484849259e-02,0.7503,9.7939395905e-01
-0.2160,-0.0007370,0.0000127,0.00004320,0.00000585,-3.1523232460e+00,2.7676768601e-02,0.7513,9.6242427826e-01
-0.2150,-0.0007340,0.0000125,0.00004340,0.00000585,-3.1410100460e+00,2.6868686080e-02,0.7523,9.5111107826e-01
-0.2140,-0.0007280,0.0000124,0.00004340,0.00000584,-3.1167676449e+00,2.6505049318e-02,0.7533,9.2686867714e-01
-0.2130,-0.0007240,0.0000122,0.00004330,0.00000584,-3.1002018452e+00,2.5696970522e-02,0.7543,9.1030287743e-01
-0.2120,-0.0007210,0.0000120,0.00004330,0.00000584,-3.0880808830e+00,2.4888889864e-02,0.7553,8.9818191528e-01
-0.2110,-0.0007160,0.0000119,0.00004350,0.00000585,-3.0686867237e+00,2.4444444105e-02,0.7563,8.7878775597e-01
-0.2100,-0.0007130,0.0000117,0.00004320,0.00000583,-3.0553536415e+00,2.3717170581e-02,0.7573,8.6545467377e-01
-0.2090,-0.0007070,0.0000116,0.00004340,0.00000584,-3.0319192410e+00,2.3272726685e-02,0.7583,8.4202027321e-01
-0.2080,-0.0007020,0.0000114,0.00004330,0.00000584,-3.0113129616e+00,2.2464647889e-02,0.7593,8.2141399384e-01
-0.2070,-0.0006980,0.0000113,0.00004330,0.00000584,-2.9951515198e+00,2.2060604766e-02,0.7603,8.0525255203e-01
-0.2060,-0.0006940,0.0000111,0.00004330,0.00000584,-2.9789898396e+00,2.1252524108e-02,0.7613,7.8909087181e-01
-0.2050,-0.0006880,0.0000110,0.00004340,0.00000584,-2.9551515579e+00,2.0848484710e-02,0.7623,7.6525259018e-01
-0.2040,-0.0006850,0.0000109,0.00004340,0.00000584,-2.9430301189e+00,2.0444445312e-02,0.7633,7.5313115120e-01
-0.2030,-0.0006780,0.0000107,0.00004330,0.00000584,-2.9143433571e+00,1.9636360928e-02,0.7643,7.2444438934e-01
-0.2020,-0.0006750,0.0000106,0.00004330,0.00000585,-2.9022221565e+00,1.9191918895e-02,0.7653,7.1232318878e-01
-0.2010,-0.0006690,0.0000105,0.00004330,0.00000584,-2.8779795170e+00,1.8828282133e-02,0.7663,6.8808054924e-01
-0.2000,-0.0006640,0.0000103,0.00004310,0.00000584,-2.8569695950e+00,1.8020203337e-02,0.7673,6.6707062721e-01
-0.1990,-0.0006580,0.0000102,0.00004320,0.00000584,-2.8331313133e+00,1.7616162077e-02,0.7683,6.4323234558e-01
-0.1980,-0.0006530,0.0000101,0.00004330,0.00000584,-2.8133332729e+00,1.7212118953e-02,0.7693,6.2343430519e-01
-0.1970,-0.0006490,0.0000099,0.00004320,0.00000583,-2.7967674732e+00,1.6444442794e-02,0.7703,6.0686850548e-01
-0.1960,-0.0006410,0.0000098,0.00004320,0.00000583,-2.7644443512e+00,1.6080807894e-02,0.7713,5.7454538345e-01
-0.1950,-0.0006380,0.0000096,0.00004320,0.00000583,-2.7523231506e+00,1.5434341505e-02,0.7723,5.6242418289e-01
-0.1940,-0.0006320,0.0000095,0.00004320,0.00000584,-2.7280807495e+00,1.4949494973e-02,0.7733,5.3818178177e-01
-0.1930,-0.0006260,0.0000094,0.00004320,0.00000584,-2.7038383484e+00,1.4424240217e-02,0.7743,5.1393938065e-01
-0.1920,-0.0006200,0.0000093,0.00004320,0.00000583,-2.6795959473e+00,1.3979797252e-02,0.7753,4.8969697952e-01
-0.1910,-0.0006130,0.0000092,0.00004330,0.00000584,-2.6517171860e+00,1.3575756922e-02,0.7763,4.6181821823e-01
-0.1900,-0.0006090,0.0000090,0.00004320,0.00000585,-2.6351513863e+00,1.2929292396e-02,0.7773,4.4525241852e-01
-0.1890,-0.0006020,0.0000090,0.00004310,0.00000583,-2.6064646244e+00,1.2686867267e-02,0.7783,4.1656565666e-01
-0.1880,-0.0005960,0.0000089,0.00004310,0.00000583,-2.5822222233e+00,1.2282826938e-02,0.7793,3.9232325554e-01
-0.1870,-0.0005920,0.0000087,0.00004320,0.00000584,-2.5664646626e+00,1.1676768772e-02,0.7803,3.7656569481e-01
-0.1860,-0.0005840,0.0000087,0.00004320,0.00000583,-2.5341415405e+00,1.1393940076e-02,0.7813,3.4424257278e-01
-0.1850,-0.0005800,0.0000085,0.00004330,0.00000583,-2.5183837414e+00,1.0989896953e-02,0.7823,3.2848477364e-01
-0.1840,-0.0005740,0.0000085,0.00004320,0.00000582,-2.4937372208e+00,1.0666665621e-02,0.7833,3.0383825302e-01
-0.1830,-0.0005670,0.0000084,0.00004310,0.00000582,-2.4650504589e+00,1.0262626223e-02,0.7843,2.7515149117e-01
-0.1820,-0.0005620,0.0000083,0.00004320,0.00000582,-2.4452524185e+00,9.8585868254e-03,0.7853,2.5535345078e-01
-0.1810,-0.0005560,0.0000082,0.00004310,0.00000582,-2.4206058979e+00,9.5353536308e-03,0.7863,2.3070693016e-01
-0.1800,-0.0005480,0.0000081,0.00004310,0.00000581,-2.3882827759e+00,9.2121213675e-03,0.7873,1.9838380814e-01
-0.1790,-0.0005440,0.0000080,0.00004320,0.00000581,-2.3725252151e+00,8.9292926714e-03,0.7883,1.8262624741e-01
-0.1780,-0.0005370,0.0000079,0.00004310,0.00000581,-2.3438384533e+00,8.6060594767e-03,0.7893,1.5393948555e-01
-0.1770,-0.0005300,0.0000078,0.00004320,0.00000581,-2.3159596920e+00,8.2424236462e-03,0.7903,1.2606072426e-01
-0.1760,-0.0005250,0.0000078,0.00004310,0.00000581,-2.2953534126e+00,7.9191904515e-03,0.7913,1.0545444489e-01
-0.1750,-0.0005170,0.0000077,0.00004290,0.00000581,-2.2622220516e+00,7.5959581882e-03,0.7923,7.2323083878e-02
-0.1740,-0.0005120,0.0000076,0.00004310,0.00000581,-2.2428281307e+00,7.2727273218e-03,0.7933,5.2929162979e-02
-0.1730,-0.0005050,0.0000075,0.00004320,0.00000582,-2.2149493694e+00,6.9494950585e-03,0.7943,2.5050401688e-02
-0.1720,-0.0004990,0.0000075,0.00004320,0.00000582,-2.1907069683e+00,6.7070713267e-03,0.7953,8.0800056458e-04
-0.1710,-0.0004930,0.0000074,0.00004310,0.00000582,-2.1660606861e+00,6.4242426306e-03,0.7963,2.3838281631e-02
-0.1700,-0.0004850,0.0000074,0.00004300,0.00000582,-2.1333334446e+00,6.1818188988e-03,0.7973,5.6565523148e-02
-0.1690,-0.0004790,0.0000073,0.00004310,0.00000582,-2.1094949245e+00,5.8989902027e-03,0.7983,8.0404043198e-02
-0.1680,-0.0004720,0.0000072,0.00004310,0.00000582,-2.0812122822e+00,5.6565664709e-03,0.7993,1.0868668556e-01
-0.1670,-0.0004650,0.0000072,0.00004310,0.00000582,-2.0529291630e+00,5.4141427390e-03,0.8003,1.3696980476e-01
-0.1660,-0.0004600,0.0000071,0.00004320,0.00000582,-2.0331313610e+00,5.2121211775e-03,0.8013,1.5676760674e-01
-0.1650,-0.0004520,0.0000071,0.00004310,0.00000582,-2.0004038811e+00,4.9696979113e-03,0.8023,1.8949508667e-01
-0.1640,-0.0004460,0.0000070,0.00004290,0.00000581,-1.9753534794e+00,4.7272723168e-03,0.8033,2.1454548836e-01
-0.1630,-0.0004390,0.0000069,0.00004320,0.00000582,-1.9482828379e+00,4.5252526179e-03,0.8043,2.4161612988e-01
-0.1620,-0.0004310,0.0000069,0.00004310,0.00000581,-1.9155555964e+00,4.4444450177e-03,0.8053,2.7434337139e-01
-0.1610,-0.0004260,0.0000068,0.00004310,0.00000581,-1.8953536749e+00,4.1616163217e-03,0.8063,2.9454529285e-01
-0.1600,-0.0004190,0.0000068,0.00004320,0.00000581,-1.8674747944e+00,4.0000001900e-03,0.8073,3.2242417336e-01
-0.1590,-0.0004120,0.0000068,0.00004310,0.00000581,-1.8387879133e+00,3.7979800254e-03,0.8083,3.5111105442e-01
-0.1580,-0.0004050,0.0000067,0.00004300,0.00000581,-1.8101010323e+00,3.6363636609e-03,0.8093,3.7979793549e-01
-0.1570,-0.0003990,0.0000067,0.00004310,0.00000581,-1.7862627506e+00,3.3939401619e-03,0.8103,4.0363621712e-01
-0.1560,-0.0003910,0.0000066,0.00004310,0.00000580,-1.7539395094e+00,3.3939385321e-03,0.8113,4.3595945835e-01
-0.1550,-0.0003850,0.0000066,0.00004310,0.00000580,-1.7296969891e+00,3.1515148003e-03,0.8123,4.6020197868e-01
-0.1540,-0.0003780,0.0000065,0.00004310,0.00000580,-1.7014141083e+00,2.9898986686e-03,0.8133,4.8848485947e-01
-0.1530,-0.0003710,0.0000065,0.00004320,0.00000580,-1.6735353470e+00,2.8686858714e-03,0.8143,5.1636362076e-01
-0.1520,-0.0003640,0.0000065,0.00004310,0.00000580,-1.6448485851e+00,2.7878787369e-03,0.8153,5.4505038261e-01
-0.1510,-0.0003580,0.0000064,0.00004310,0.00000580,-1.6206060648e+00,2.5050498080e-03,0.8163,5.6929290295e-01
-0.1500,-0.0003510,0.0000064,0.00004320,0.00000580,-1.5927273035e+00,2.4242424406e-03,0.8173,5.9717166424e-01
-0.1490,-0.0003440,0.0000064,0.00004310,0.00000580,-1.5640404224e+00,2.3434334435e-03,0.8183,6.2585854530e-01
-0.1480,-0.0003370,0.0000064,0.00004320,0.00000580,-1.5361616611e+00,2.2222225089e-03,0.8193,6.5373730659e-01
-0.1470,-0.0003310,0.0000063,0.00004320,0.00000580,-1.5119191408e+00,2.0606063772e-03,0.8203,6.7797982693e-01
-0.1460,-0.0003240,0.0000063,0.00004320,0.00000580,-1.4836363792e+00,1.9393936964e-03,0.8213,7.0626258850e-01
-0.1450,-0.0003170,0.0000063,0.00004320,0.00000580,-1.4553536177e+00,1.8585864455e-03,0.8223,7.3454535007e-01
-0.1440,-0.0003110,0.0000062,0.00004300,0.00000580,-1.4303030968e+00,1.6969700810e-03,0.8233,7.5959587097e-01
-0.1430,-0.0003040,0.0000062,0.00004330,0.00000579,-1.4032323360e+00,1.6565646511e-03,0.8243,7.8666663170e-01
-0.1420,-0.0002970,0.0000062,0.00004310,0.00000579,-1.3741414547e+00,1.5757574001e-03,0.8253,8.1575751305e-01
-0.1410,-0.0002900,0.0000062,0.00004310,0.00000579,-1.3458585739e+00,1.4949484030e-03,0.8263,8.4404039383e-01
-0.1400,-0.0002850,0.0000061,0.00004320,0.00000579,-1.3260606527e+00,1.4141411521e-03,0.8273,8.6383831501e-01
-0.1390,-0.0002780,0.0000061,0.00004320,0.00000580,-1.2977777719e+00,1.2525249040e-03,0.8283,8.9212119579e-01
-0.1380,-0.0002720,0.0000061,0.00004320,0.00000579,-1.2735353708e+00,1.2121212203e-03,0.8293,9.1636359692e-01
-0.1370,-0.0002650,0.0000061,0.00004330,0.00000579,-1.2456566095e+00,1.1313122232e-03,0.8303,9.4424235821e-01
-0.1360,-0.0002580,0.0000061,0.00004320,0.00000579,-1.2169697285e+00,1.1313122232e-03,0.8313,9.7292923927e-01
-0.1350,-0.0002530,0.0000060,0.00004320,0.00000579,-1.1967676878e+00,9.6969591687e-04,0.8323,9.9313127995e-01
-0.1340,-0.0002460,0.0000060,0.00004320,0.00000578,-1.1684849262e+00,9.2929415405e-04,0.8333,1.0214140415e+00
-0.1330,-0.0002400,0.0000060,0.00004320,0.00000578,-1.1442424059e+00,8.8889052859e-04,0.8343,1.0456565619e+00
-0.1320,-0.0002340,0.0000060,0.00004320,0.00000578,-1.1200001240e+00,8.4848504048e-04,0.8353,1.0698988438e+00
-0.1310,-0.0002280,0.0000060,0.00004330,0.00000578,-1.0961616039e+00,7.6767784776e-04,0.8363,1.0937373638e+00
-0.1300,-0.0002210,0.0000060,0.00004330,0.00000578,-1.0678788424e+00,7.2727422230e-04,0.8373,1.1220201254e+00
-0.1290,-0.0002160,0.0000059,0.00004320,0.00000578,-1.0472726822e+00,6.8686879240e-04,0.8383,1.1426262856e+00
-0.1280,-0.0002090,0.0000059,0.00004330,0.00000578,-1.0193939209e+00,6.0606154148e-04,0.8393,1.1705050468e+00
-0.1270,-0.0002040,0.0000059,0.00004330,0.00000579,-9.9919188023e-01,4.8484702711e-04,0.8403,1.1907070875e+00
-0.1260,-0.0001980,0.0000059,0.00004330,0.00000578,-9.7494947910e-01,4.8484886065e-04,0.8413,1.2149494886e+00
-0.1250,-0.0001920,0.0000059,0.00004330,0.00000578,-9.5070707798e-01,4.4444526429e-04,0.8423,1.2391918898e+00
-0.1240,-0.0001860,0.0000059,0.00004330,0.00000579,-9.2646467686e-01,3.2323258347e-04,0.8433,1.2634342909e+00
-0.1230,-0.0001800,0.0000059,0.00004340,0.00000578,-9.0262627602e-01,3.6363804247e-04,0.8443,1.2872726917e+00
-0.1220,-0.0001750,0.0000058,0.00004340,0.00000578,-8.8242417574e-01,2.8282895801e-04,0.8453,1.3074748516e+00
-0.1210,-0.0001700,0.0000058,0.00004340,0.00000578,-8.6222219467e-01,2.8282895801e-04,0.8463,1.3276767731e+00
-0.1200,-0.0001650,0.0000058,0.00004340,0.00000578,-8.4202021360e-01,2.8282895801e-04,0.8473,1.3478786945e+00
-0.1190,-0.0001590,0.0000058,0.00004340,0.00000577,-8.1777775288e-01,2.8282895801e-04,0.8483,1.3721212149e+00
-0.1180,-0.0001530,0.0000058,0.00004340,0.00000577,-7.9353535175e-01,2.4242534710e-04,0.8493,1.3963636160e+00
-0.1170,-0.0001490,0.0000058,0.00004340,0.00000577,-7.7737373114e-01,1.6161629173e-04,0.8503,1.4125251770e+00
-0.1160,-0.0001440,0.0000058,0.00004340,0.00000576,-7.5717175007e-01,2.0201990264e-04,0.8513,1.4327272177e+00
-0.1150,-0.0001380,0.0000058,0.00004360,0.00000577,-7.3373734951e-01,1.2121267355e-04,0.8523,1.4561616182e+00
-0.1140,-0.0001340,0.0000058,0.00004340,0.00000576,-7.1676766872e-01,1.2121267355e-04,0.8533,1.4731312990e+00
-0.1130,-0.0001290,0.0000058,0.00004340,0.00000576,-6.9656562805e-01,1.2121267355e-04,0.8543,1.4933333397e+00
-0.1120,-0.0001240,0.0000058,0.00004350,0.00000576,-6.7676764727e-01,4.0403614548e-05,0.8553,1.5131313801e+00
-0.1110,-0.0001190,0.0000058,0.00004360,0.00000577,-6.5696972609e-01,0.0000000000e+00,0.8563,1.5329291821e+00
-0.1100,-0.0001150,0.0000058,0.00004360,0.00000577,-6.4080810547e-01,-4.0403614548e-05,0.8573,1.5490908623e+00
-0.1090,-0.0001100,0.0000058,0.00004350,0.00000576,-6.2020206451e-01,-4.0403614548e-05,0.8583,1.5696969032e+00
-0.1080,-0.0001060,0.0000058,0.00004360,0.00000576,-6.0444444418e-01,0.0000000000e+00,0.8593,1.5854544640e+00
-0.1070,-0.0001010,0.0000058,0.00004360,0.00000576,-5.8424240351e-01,-4.0403614548e-05,0.8603,1.6056566238e+00
-0.1060,-0.0000968,0.0000058,0.00004360,0.00000576,-5.6727278233e-01,-4.0403614548e-05,0.8613,1.6226261854e+00
-0.1050,-0.0000928,0.0000057,0.00004360,0.00000576,-5.5111116171e-01,-8.0809062638e-05,0.8623,1.6387877464e+00
-0.1040,-0.0000888,0.0000057,0.00004360,0.00000576,-5.3494954109e-01,-8.0809062638e-05,0.8633,1.6549494267e+00
-0.1030,-0.0000845,0.0000057,0.00004370,0.00000576,-5.1797980070e-01,-1.2121267355e-04,0.8643,1.6719191074e+00
-0.1020,-0.0000803,0.0000057,0.00004380,0.00000576,-5.0141412020e-01,-1.2121267355e-04,0.8653,1.6884849072e+00
-0.1010,-0.0000769,0.0000057,0.00004380,0.00000576,-4.8767676950e-01,-1.2121267355e-04,0.8663,1.7022222281e+00
-0.1000,-0.0000729,0.0000057,0.00004360,0.00000576,-4.7070705891e-01,-1.6161629173e-04,0.8673,1.7191919088e+00
-0.0990,-0.0000692,0.0000057,0.00004390,0.00000576,-4.5696970820e-01,-1.6161629173e-04,0.8683,1.7329292297e+00
-0.0980,-0.0000658,0.0000057,0.00004380,0.00000575,-4.4282826781e-01,-1.6161629173e-04,0.8693,1.7470706701e+00
-0.0970,-0.0000621,0.0000057,0.00004380,0.00000575,-4.2787879705e-01,-1.6161629173e-04,0.8703,1.7620201111e+00
-0.0960,-0.0000587,0.0000057,0.00004380,0.00000574,-4.1414138675e-01,-1.2121084001e-04,0.8713,1.7757575512e+00
-0.0950,-0.0000553,0.0000057,0.00004390,0.00000575,-4.0080806613e-01,-1.6161629173e-04,0.8723,1.7890908718e+00
-0.0940,-0.0000521,0.0000057,0.00004380,0.00000574,-3.8747474551e-01,-1.6161445819e-04,0.8733,1.8024241924e+00
-0.0930,-0.0000489,0.0000057,0.00004390,0.00000574,-3.7494948506e-01,-1.6161445819e-04,0.8743,1.8149495125e+00
-0.0920,-0.0000458,0.0000057,0.00004390,0.00000574,-3.6242425442e-01,-2.0201990264e-04,0.8753,1.8274747133e+00
-0.0910,-0.0000428,0.0000057,0.00004380,0.00000574,-3.4989899397e-01,-1.6161445819e-04,0.8763,1.8399999142e+00
-0.0900,-0.0000397,0.0000057,0.00004400,0.00000575,-3.3818179369e-01,-2.4242534710e-04,0.8773,1.8517172337e+00
-0.0890,-0.0000369,0.0000057,0.00004400,0.00000574,-3.2686871290e-01,-2.0201990264e-04,0.8783,1.8630301952e+00
-0.0880,-0.0000341,0.0000057,0.00004400,0.00000574,-3.1555554271e-01,-2.0201990264e-04,0.8793,1.8743433952e+00
-0.0870,-0.0000314,0.0000057,0.00004400,0.00000573,-3.0464646220e-01,-1.6161629173e-04,0.8803,1.8852524757e+00
-0.0860,-0.0000287,0.0000057,0.00004410,0.00000574,-2.9414141178e-01,-2.0201990264e-04,0.8813,1.8957575560e+00
-0.0850,-0.0000262,0.0000057,0.00004410,0.00000574,-2.8404039145e-01,-2.0201990264e-04,0.8823,1.9058585167e+00
-0.0840,-0.0000237,0.0000057,0.00004400,0.00000573,-2.7353534102e-01,-1.6161629173e-04,0.8833,1.9163635969e+00
-0.0830,-0.0000212,0.0000057,0.00004420,0.00000573,-2.6424241066e-01,-2.0201990264e-04,0.8843,1.9256565571e+00
-0.0820,-0.0000189,0.0000057,0.00004410,0.00000573,-2.5454545021e-01,-2.0201990264e-04,0.8853,1.9353535175e+00
-0.0810,-0.0000166,0.0000057,0.00004420,0.00000573,-2.4565653503e-01,-1.6161629173e-04,0.8863,1.9442424774e+00
-0.0800,-0.0000143,0.0000057,0.00004420,0.00000573,-2.3636361957e-01,-2.0201990264e-04,0.8873,1.9535353184e+00
-0.0790,-0.0000122,0.0000057,0.00004430,0.00000573,-2.2828282416e-01,-2.0201990264e-04,0.8883,1.9616161585e+00
-0.0780,-0.0000100,0.0000057,0.00004420,0.00000572,-2.1898987889e-01,-2.0201990264e-04,0.8893,1.9709091187e+00
-0.0770,-0.0000081,0.0000057,0.00004430,0.00000573,-2.1159595251e-01,-2.4242351355e-04,0.8903,1.9783029556e+00
-0.0760,-0.0000061,0.0000057,0.00004430,0.00000572,-2.0363634825e-01,-2.0201990264e-04,0.8913,1.9862625599e+00
-0.0750,-0.0000043,0.0000057,0.00004420,0.00000572,-1.9579796493e-01,-2.0201990264e-04,0.8923,1.9941010475e+00
-0.0740,-0.0000023,0.0000057,0.00004440,0.00000572,-1.8872725964e-01,-2.0201990264e-04,0.8933,2.0011715889e+00
-0.0730,-0.0000004,0.0000057,0.00004430,0.00000571,-1.8073129654e-01,-1.6161629173e-04,0.8943,2.0091676712e+00
-0.0720,0.0000012,0.0000057,0.00004440,0.00000572,-1.7458583415e-01,-2.0201990264e-04,0.8953,2.0153131485e+00
-0.0710,0.0000029,0.0000057,0.00004450,0.00000572,-1.6791917384e-01,-2.0201990264e-04,0.8963,2.0219798088e+00
-0.0700,0.0000046,0.0000057,0.00004450,0.00000571,-1.6137373447e-01,-1.6161629173e-04,0.8973,2.0285253525e+00
-0.0690,0.0000060,0.0000057,0.00004450,0.00000572,-1.5539391339e-01,-2.0201990264e-04,0.8983,2.0345051289e+00
-0.0680,0.0000076,0.0000057,0.00004450,0.00000571,-1.4909090102e-01,-1.6161629173e-04,0.8993,2.0408079624e+00
-0.0670,0.0000090,0.0000057,0.00004450,0.00000571,-1.4327271283e-01,-2.0201990264e-04,0.9003,2.0466263294e+00
-0.0660,0.0000104,0.0000057,0.00004460,0.00000570,-1.3818180561e-01,-1.6161629173e-04,0.9013,2.0517172813e+00
-0.0650,0.0000118,0.0000057,0.00004460,0.00000571,-1.3252525032e-01,-2.0201990264e-04,0.9023,2.0573737621e+00
-0.0640,0.0000132,0.0000057,0.00004470,0.00000571,-1.2727271020e-01,-2.0201990264e-04,0.9033,2.0626263618e+00
-0.0630,0.0000144,0.0000057,0.00004470,0.00000570,-1.2242422998e-01,-1.6161629173e-04,0.9043,2.0674748421e+00
-0.0620,0.0000156,0.0000057,0.00004460,0.00000569,-1.1717171222e-01,-1.2121084001e-04,0.9053,2.0727272034e+00
-0.0610,0.0000168,0.0000057,0.00004480,0.00000570,-1.1313129961e-01,-1.6161629173e-04,0.9063,2.0767676830e+00
-0.0600,0.0000179,0.0000056,0.00004480,0.00000569,-1.0868685693e-01,-1.6161629173e-04,0.9073,2.0812120438e+00
-0.0590,0.0000189,0.0000056,0.00004480,0.00000568,-1.0464645177e-01,-1.2121267355e-04,0.9083,2.0852525234e+00
-0.0580,0.0000201,0.0000057,0.00004490,0.00000568,-1.0020200908e-01,-8.0807229097e-05,0.9093,2.0896968842e+00
-0.0570,0.0000211,0.0000057,0.00004490,0.00000568,-9.6161603928e-02,-8.0807229097e-05,0.9103,2.0937373638e+00
-0.0560,0.0000220,0.0000057,0.00004480,0.00000568,-9.2121198773e-02,-8.0807229097e-05,0.9113,2.0977778435e+00
-0.0550,0.0000230,0.0000057,0.00004490,0.00000567,-8.8484838605e-02,-4.0403614548e-05,0.9123,2.1014142036e+00
-0.0540,0.0000240,0.0000056,0.00004500,0.00000568,-8.4848478436e-02,-1.2121267355e-04,0.9133,2.1050505638e+00
-0.0530,0.0000248,0.0000056,0.00004490,0.00000568,-8.1212118268e-02,-1.2121267355e-04,0.9143,2.1086869240e+00
-0.0520,0.0000257,0.0000056,0.00004510,0.00000569,-7.8383840621e-02,-1.6161629173e-04,0.9153,2.1115150452e+00
-0.0510,0.0000266,0.0000056,0.00004520,0.00000569,-7.5151503086e-02,-1.6161629173e-04,0.9163,2.1147475243e+00
-0.0500,0.0000272,0.0000056,0.00004510,0.00000568,-7.2323232889e-02,-1.2121267355e-04,0.9173,2.1175756454e+00
-0.0490,0.0000280,0.0000056,0.00004520,0.00000568,-6.9494932890e-02,-1.2121267355e-04,0.9183,2.1204040051e+00
-0.0480,0.0000288,0.0000056,0.00004520,0.00000568,-6.6262617707e-02,-1.2121267355e-04,0.9193,2.1236362457e+00
-0.0470,0.0000294,0.0000056,0.00004520,0.00000568,-6.3838370144e-02,-1.2121267355e-04,0.9203,2.1260604858e+00
-0.0460,0.0000302,0.0000056,0.00004530,0.00000568,-6.1010085046e-02,-1.2121267355e-04,0.9213,2.1288888454e+00
-0.0450,0.0000309,0.0000056,0.00004530,0.00000568,-5.8181807399e-02,-1.2121267355e-04,0.9223,2.1317172050e+00
-0.0440,0.0000314,0.0000056,0.00004540,0.00000568,-5.6565649807e-02,-1.2121267355e-04,0.9233,2.1333332062e+00
-0.0430,0.0000319,0.0000056,0.00004540,0.00000567,-5.4545447230e-02,-1.2121267355e-04,0.9243,2.1353535652e+00
-0.0420,0.0000326,0.0000056,0.00004540,0.00000567,-5.1717158407e-02,-8.0809062638e-05,0.9253,2.1381819248e+00
-0.0410,0.0000332,0.0000056,0.00004550,0.00000567,-4.9696955830e-02,-1.2121267355e-04,0.9263,2.1402020454e+00
-0.0400,0.0000337,0.0000056,0.00004550,0.00000567,-4.7676768154e-02,-1.2121267355e-04,0.9273,2.1422221661e+00
-0.0390,0.0000343,0.0000056,0.00004550,0.00000567,-4.5252520591e-02,-1.6161629173e-04,0.9283,2.1446464062e+00
-0.0380,0.0000348,0.0000056,0.00004560,0.00000566,-4.3636363000e-02,-1.2121267355e-04,0.9293,2.1462626457e+00
-0.0370,0.0000351,0.0000056,0.00004560,0.00000566,-4.2424231768e-02,-1.2121267355e-04,0.9303,2.1474747658e+00
-0.0360,0.0000357,0.0000056,0.00004570,0.00000565,-4.0404029191e-02,-8.0807229097e-05,0.9313,2.1494948864e+00
-0.0350,0.0000361,0.0000056,0.00004570,0.00000566,-3.8787867874e-02,-1.2121267355e-04,0.9323,2.1511111259e+00
-0.0340,0.0000364,0.0000056,0.00004570,0.00000565,-3.7575740367e-02,-8.0807229097e-05,0.9333,2.1523232460e+00
-0.0330,0.0000369,0.0000056,0.00004580,0.00000566,-3.5959579051e-02,-1.2121267355e-04,0.9343,2.1539394855e+00
-0.0320,0.0000374,0.0000056,0.00004590,0.00000566,-3.4343421459e-02,-1.2121267355e-04,0.9353,2.1555554867e+00
-0.0310,0.0000377,0.0000056,0.00004590,0.00000565,-3.3131305128e-02,-8.0807229097e-05,0.9363,2.1567676067e+00
-0.0300,0.0000380,0.0000056,0.00004590,0.00000565,-3.1919188797e-02,-1.2121084001e-04,0.9373,2.1579797268e+00
-0.0290,0.0000385,0.0000056,0.00004590,0.00000564,-2.9898988083e-02,-8.0807229097e-05,0.9383,2.1600000858e+00
-0.0280,0.0000387,0.0000056,0.00004600,0.00000565,-2.9494944960e-02,-8.0807229097e-05,0.9393,2.1604039669e+00
-0.0270,0.0000391,0.0000056,0.00004600,0.00000565,-2.7878785506e-02,-8.0807229097e-05,0.9403,2.1620202065e+00
-0.0260,0.0000395,0.0000056,0.00004610,0.00000565,-2.6666669175e-02,-8.0807229097e-05,0.9413,2.1632323265e+00
-0.0250,0.0000398,0.0000056,0.00004620,0.00000564,-2.5858568028e-02,-4.0403614548e-05,0.9423,2.1640403271e+00
-0.0240,0.0000399,0.0000056,0.00004610,0.00000564,-2.5050509721e-02,-8.0807229097e-05,0.9433,2.1648485661e+00
-0.0230,0.0000404,0.0000056,0.00004630,0.00000564,-2.3838380352e-02,-8.0807229097e-05,0.9443,2.1660606861e+00
-0.0220,0.0000407,0.0000056,0.00004620,0.00000563,-2.2222205997e-02,-4.0403614548e-05,0.9453,2.1676766872e+00
-0.0210,0.0000409,0.0000056,0.00004640,0.00000563,-2.2222220898e-02,-4.0403614548e-05,0.9463,2.1676766872e+00
-0.0200,0.0000412,0.0000056,0.00004640,0.00000563,-2.1010089666e-02,-4.0403614548e-05,0.9473,2.1688888073e+00
-0.0190,0.0000416,0.0000056,0.00004650,0.00000563,-1.9797975197e-02,-4.0403614548e-05,0.9483,2.1701009274e+00
-0.0180,0.0000417,0.0000056,0.00004650,0.00000563,-1.9393930212e-02,-4.0403614548e-05,0.9493,2.1705050468e+00
-0.0170,0.0000418,0.0000056,0.00004640,0.00000563,-1.8585843965e-02,-4.0403614548e-05,0.9503,2.1713130474e+00
-0.0160,0.0000423,0.0000056,0.00004660,0.00000563,-1.7373727635e-02,-4.0403614548e-05,0.9513,2.1725251675e+00
-0.0150,0.0000424,0.0000056,0.00004660,0.00000563,-1.6969684511e-02,-4.0403614548e-05,0.9523,2.1729292870e+00
-0.0140,0.0000427,0.0000056,0.00004670,0.00000563,-1.6161598265e-02,-4.0403614548e-05,0.9533,2.1737372875e+00
-0.0130,0.0000429,0.0000056,0.00004680,0.00000562,-1.5757568181e-02,0.0000000000e+00,0.9543,2.1741414070e+00
-0.0120,0.0000432,0.0000056,0.00004670,0.00000562,-1.4141393825e-02,-4.0405451728e-05,0.9553,2.1757576466e+00
-0.0110,0.0000432,0.0000056,0.00004670,0.00000562,-1.4141393825e-02,-4.0405451728e-05,0.9563,2.1757576466e+00
-0.0100,0.0000435,0.0000056,0.00004690,0.00000562,-1.3737365603e-02,-4.0405451728e-05,0.9573,2.1761615276e+00
-0.0090,0.0000437,0.0000056,0.00004690,0.00000561,-1.2929278426e-02,0.0000000000e+00,0.9583,2.1769697666e+00
-0.0080,0.0000439,0.0000056,0.00004690,0.00000561,-1.2121206149e-02,0.0000000000e+00,0.9593,2.1777777672e+00
-0.0070,0.0000441,0.0000056,0.00004710,0.00000562,-1.2121191248e-02,-4.0405451728e-05,0.9603,2.1777777672e+00
-0.0060,0.0000443,0.0000056,0.00004720,0.00000562,-1.1717162095e-02,-4.0405451728e-05,0.9613,2.1781818867e+00
-0.0050,0.0000444,0.0000056,0.00004710,0.00000561,-1.0909075849e-02,0.0000000000e+00,0.9623,2.1789898872e+00
-0.0040,0.0000446,0.0000056,0.00004720,0.00000561,-1.0505031794e-02,0.0000000000e+00,0.9633,2.1793940067e+00
-0.0030,0.0000449,0.0000056,0.00004730,0.00000562,-9.6969595179e-03,-8.0809062638e-05,0.9643,2.1802020073e+00
-0.0020,0.0000449,0.0000056,0.00004730,0.00000561,-9.6969595179e-03,-4.0403614548e-05,0.9653,2.1802020073e+00
-0.0010,0.0000452,0.0000056,0.00004740,0.00000561,-8.8888872415e-03,-4.0403614548e-05,0.9663,2.1810100079e+00
0.0000,0.0000459,0.0000056,0.00004770,0.00000561,-7.2727142833e-03,-4.0403614548e-05,0.9673,2.1826262474e+00
0.0010,0.0000455,0.0000056,0.00004760,0.00000561,-8.4848292172e-03,-4.0403614548e-05,0.9683,2.1814141273e+00
0.0020,0.0000456,0.0000056,0.00004760,0.00000560,-8.0807860941e-03,0.0000000000e+00,0.9693,2.1818182468e+00
0.0030,0.0000459,0.0000056,0.00004770,0.00000561,-7.2727142833e-03,-4.0403614548e-05,0.9703,2.1826262474e+00
0.0040,0.0000460,0.0000056,0.00004770,0.00000560,-6.8686706945e-03,0.0000000000e+00,0.9713,2.1830303669e+00
0.0050,0.0000460,0.0000056,0.00004780,0.00000560,-7.2727142833e-03,0.0000000000e+00,0.9723,2.1826262474e+00
0.0060,0.0000463,0.0000056,0.00004770,0.00000560,-5.6565548293e-03,0.0000000000e+00,0.9733,2.1842424870e+00
0.0070,0.0000463,0.0000056,0.00004790,0.00000559,-6.4646420069e-03,4.0403614548e-05,0.9743,2.1834342480e+00
0.0080,0.0000465,0.0000056,0.00004790,0.00000560,-5.6565548293e-03,0.0000000000e+00,0.9753,2.1842424870e+00
0.0090,0.0000467,0.0000056,0.00004790,0.00000559,-4.8484825529e-03,0.0000000000e+00,0.9763,2.1850504875e+00
0.0100,0.0000468,0.0000056,0.00004790,0.00000560,-4.4444389641e-03,-4.0403614548e-05,0.9773,2.1854546070e+00
0.0110,0.0000469,0.0000056,0.00004810,0.00000560,-4.8484681174e-03,-4.0403614548e-05,0.9783,2.1850504875e+00
0.0120,0.0000471,0.0000056,0.00004820,0.00000559,-4.4444389641e-03,0.0000000000e+00,0.9793,2.1854546070e+00
0.0130,0.0000473,0.0000056,0.00004820,0.00000559,-3.6363520194e-03,0.0000000000e+00,0.9803,2.1862626076e+00
0.0140,0.0000473,0.0000056,0.00004830,0.00000559,-4.0403958410e-03,0.0000000000e+00,0.9813,2.1858584881e+00
0.0150,0.0000473,0.0000056,0.00004830,0.00000559,-4.0403958410e-03,0.0000000000e+00,0.9823,2.1858584881e+00
0.0160,0.0000476,0.0000056,0.00004830,0.00000558,-2.8282797430e-03,4.0403614548e-05,0.9833,2.1870706081e+00
0.0170,0.0000476,0.0000056,0.00004850,0.00000558,-3.6363520194e-03,0.0000000000e+00,0.9843,2.1862626076e+00
0.0180,0.0000478,0.0000056,0.00004850,0.00000558,-2.8282650746e-03,0.0000000000e+00,0.9853,2.1870706081e+00
0.0190,0.0000480,0.0000056,0.00004870,0.00000558,-2.8282650746e-03,-4.0403614548e-05,0.9863,2.1870706081e+00
0.0200,0.0000481,0.0000056,0.00004860,0.00000557,-2.0201927982e-03,0.0000000000e+00,0.9873,2.1878788471e+00
0.0210,0.0000482,0.0000056,0.00004870,0.00000557,-2.0201927982e-03,0.0000000000e+00,0.9883,2.1878788471e+00
0.0220,0.0000483,0.0000056,0.00004880,0.00000556,-2.0201927982e-03,4.0405451728e-05,0.9893,2.1878788471e+00
0.0230,0.0000485,0.0000056,0.00004890,0.00000556,-1.6161638778e-03,0.0000000000e+00,0.9903,2.1882827282e+00
0.0240,0.0000485,0.0000056,0.00004890,0.00000556,-1.6161638778e-03,4.0405451728e-05,0.9913,2.1882827282e+00
0.0250,0.0000488,0.0000056,0.00004900,0.00000556,-8.0806226470e-04,0.0000000000e+00,0.9923,2.1890909672e+00
0.0260,0.0000489,0.0000056,0.00004910,0.00000556,-8.0806226470e-04,0.0000000000e+00,0.9933,2.1890909672e+00
0.0270,0.0000488,0.0000056,0.00004900,0.00000556,-8.0806226470e-04,0.0000000000e+00,0.9943,2.1890909672e+00
0.0280,0.0000491,0.0000056,0.00004910,0.00000556,9.9999999392e-09,0.0000000000e+00,0.9953,2.1898989677e+00
0.0290,0.0000491,0.0000056,0.00004920,0.00000555,-4.0403346065e-04,4.0403614548e-05,0.9963,2.1894948483e+00
0.0300,0.0000493,0.0000056,0.00004920,0.00000555,4.0405348409e-04,4.0403614548e-05,0.9973,2.1903030872e+00
0.0310,0.0000494,0.0000055,0.00004920,0.00000555,8.0809695646e-04,0.0000000000e+00,0.9983,2.1907069683e+00
0.0320,0.0000496,0.0000055,0.00004940,0.00000555,8.0808228813e-04,0.0000000000e+00,0.9993,2.1907069683e+00
0.0330,0.0000496,0.0000055,0.00004940,0.00000555,8.0808228813e-04,0.0000000000e+00,1.0003,2.1907069683e+00
0.0340,0.0000497,0.0000055,0.00004950,0.00000555,8.0809695646e-04,0.0000000000e+00,1.0013,2.1907069683e+00
0.0350,0.0000498,0.0000055,0.00004960,0.00000554,8.0809695646e-04,0.0000000000e+00,1.0023,2.1907069683e+00
0.0360,0.0000500,0.0000055,0.00004970,0.00000555,1.2121257605e-03,-4.0403614548e-05,1.0033,2.1911110878e+00
0.0370,0.0000500,0.0000055,0.00004960,0.00000554,1.6161692329e-03,0.0000000000e+00,1.0043,2.1915152073e+00
0.0380,0.0000503,0.0000055,0.00004990,0.00000554,1.6161692329e-03,0.0000000000e+00,1.0053,2.1915152073e+00
0.0390,0.0000504,0.0000055,0.00004990,0.00000554,2.0202128217e-03,0.0000000000e+00,1.0063,2.1919190884e+00
0.0400,0.0000503,0.0000055,0.00005000,0.00000553,1.2121404288e-03,4.0403614548e-05,1.0073,2.1911110878e+00
0.0410,0.0000506,0.0000055,0.00005010,0.00000553,2.0202128217e-03,4.0403614548e-05,1.0083,2.1919190884e+00
0.0420,0.0000506,0.0000055,0.00005020,0.00000553,1.6161692329e-03,4.0403614548e-05,1.0093,2.1915152073e+00
0.0430,0.0000508,0.0000055,0.00005000,0.00000552,3.2323431224e-03,8.0809062638e-05,1.0103,2.1931312084e+00
0.0440,0.0000509,0.0000055,0.00005030,0.00000553,2.4242415093e-03,4.0403614548e-05,1.0113,2.1923232079e+00
0.0450,0.0000511,0.0000055,0.00005040,0.00000553,2.8282850981e-03,0.0000000000e+00,1.0123,2.1927273273e+00
0.0460,0.0000511,0.0000055,0.00005050,0.00000552,2.4242561776e-03,8.0809062638e-05,1.0133,2.1923232079e+00
0.0470,0.0000512,0.0000055,0.00005050,0.00000552,2.8282997664e-03,4.0405451728e-05,1.0143,2.1927273273e+00
0.0480,0.0000514,0.0000055,0.00005060,0.00000552,3.2323284540e-03,4.0405451728e-05,1.0153,2.1931312084e+00
0.0490,0.0000515,0.0000055,0.00005060,0.00000552,3.6363720428e-03,4.0405451728e-05,1.0163,2.1935353279e+00
0.0500,0.0000516,0.0000055,0.00005070,0.00000551,3.6363720428e-03,8.0809062638e-05,1.0173,2.1935353279e+00
0.0510,0.0000519,0.0000055,0.00005080,0.00000552,4.4444440864e-03,4.0405451728e-05,1.0183,2.1943433285e+00
0.0520,0.0000518,0.0000055,0.00005090,0.00000551,3.6363867112e-03,8.0809062638e-05,1.0193,2.1935353279e+00
0.0530,0.0000517,0.0000055,0.00005100,0.00000551,2.8282997664e-03,4.0403614548e-05,1.0203,2.1927273273e+00
0.0540,0.0000522,0.0000055,0.00005110,0.00000550,4.4444585219e-03,8.0807229097e-05,1.0213,2.1943433285e+00
0.0550,0.0000522,0.0000055,0.00005110,0.00000549,4.4444585219e-03,8.0807229097e-05,1.0223,2.1943433285e+00
0.0560,0.0000520,0.0000055,0.00005120,0.00000549,3.2323284540e-03,8.0807229097e-05,1.0233,2.1931312084e+00
0.0570,0.0000525,0.0000055,0.00005130,0.00000549,4.8484876752e-03,1.2121084001e-04,1.0243,2.1947474480e+00
0.0580,0.0000526,0.0000055,0.00005140,0.00000549,4.8485021107e-03,1.2121084001e-04,1.0253,2.1947474480e+00
0.0590,0.0000526,0.0000055,0.00005130,0.00000548,5.2525307983e-03,1.6161629173e-04,1.0263,2.1951515675e+00
0.0600,0.0000526,0.0000055,0.00005150,0.00000548,4.4444585219e-03,1.2121267355e-04,1.0273,2.1943433285e+00
0.0610,0.0000529,0.0000055,0.00005160,0.00000549,5.2525307983e-03,8.0807229097e-05,1.0283,2.1951515675e+00
0.0620,0.0000529,0.0000055,0.00005170,0.00000549,4.8484876752e-03,8.0807229097e-05,1.0293,2.1947474480e+00
0.0630,0.0000530,0.0000055,0.00005170,0.00000549,5.2525307983e-03,8.0807229097e-05,1.0303,2.1951515675e+00
0.0640,0.0000533,0.0000055,0.00005190,0.00000548,5.6565743871e-03,1.2121267355e-04,1.0313,2.1955554485e+00
0.0650,0.0000533,0.0000055,0.00005190,0.00000548,5.6565743871e-03,8.0809062638e-05,1.0323,2.1955554485e+00
0.0660,0.0000534,0.0000055,0.00005200,0.00000548,5.6565743871e-03,8.0809062638e-05,1.0333,2.1955554485e+00
0.0670,0.0000536,0.0000055,0.00005200,0.00000548,6.4646615647e-03,8.0809062638e-05,1.0343,2.1963636875e+00
0.0680,0.0000536,0.0000055,0.00005220,0.00000548,5.6565743871e-03,8.0809062638e-05,1.0353,2.1955554485e+00
0.0690,0.0000538,0.0000055,0.00005230,0.00000548,6.0606030747e-03,8.0809062638e-05,1.0363,2.1959595680e+00
0.0700,0.0000540,0.0000055,0.00005230,0.00000548,6.8686902523e-03,8.0809062638e-05,1.0373,2.1967675686e+00
0.0710,0.0000541,0.0000055,0.00005250,0.00000548,6.4646615647e-03,8.0809062638e-05,1.0383,2.1963636875e+00
0.0720,0.0000541,0.0000055,0.00005250,0.00000549,6.4646615647e-03,4.0403614548e-05,1.0393,2.1963636875e+00
0.0730,0.0000543,0.0000055,0.00005260,0.00000548,6.8686902523e-03,4.0405451728e-05,1.0403,2.1967675686e+00
0.0740,0.0000544,0.0000055,0.00005280,0.00000548,6.4646615647e-03,4.0405451728e-05,1.0413,2.1963636875e+00
0.0750,0.0000545,0.0000055,0.00005270,0.00000548,7.2727338411e-03,4.0405451728e-05,1.0423,2.1971716881e+00
0.0760,0.0000547,0.0000055,0.00005310,0.00000548,6.4646615647e-03,4.0405451728e-05,1.0433,2.1963636875e+00
0.0770,0.0000549,0.0000055,0.00005310,0.00000548,7.2727338411e-03,0.0000000000e+00,1.0443,2.1971716881e+00
0.0780,0.0000549,0.0000055,0.00005310,0.00000548,7.2727338411e-03,0.0000000000e+00,1.0453,2.1971716881e+00
0.0790,0.0000550,0.0000055,0.00005300,0.00000548,8.0808214843e-03,0.0000000000e+00,1.0463,2.1979796886e+00
0.0800,0.0000551,0.0000055,0.00005330,0.00000548,7.2727482766e-03,0.0000000000e+00,1.0473,2.1971716881e+00
0.0810,0.0000554,0.0000055,0.00005340,0.00000547,8.0808214843e-03,4.0403614548e-05,1.0483,2.1979796886e+00
0.0820,0.0000555,0.0000055,0.00005340,0.00000547,8.4848646075e-03,4.0403614548e-05,1.0493,2.1983838081e+00
0.0830,0.0000556,0.0000055,0.00005360,0.00000547,8.0808214843e-03,4.0403614548e-05,1.0503,2.1979796886e+00
0.0840,0.0000558,0.0000055,0.00005350,0.00000547,9.2929368839e-03,0.0000000000e+00,1.0513,2.1991918087e+00
0.0850,0.0000559,0.0000055,0.00005380,0.00000547,8.4848646075e-03,0.0000000000e+00,1.0523,2.1983838081e+00
0.0860,0.0000559,0.0000055,0.00005380,0.00000547,8.4848646075e-03,0.0000000000e+00,1.0533,2.1983838081e+00
0.0870,0.0000562,0.0000055,0.00005400,0.00000547,8.8888937607e-03,-4.0403614548e-05,1.0543,2.1987879276e+00
0.0880,0.0000561,0.0000055,0.00005410,0.00000547,8.0808214843e-03,-4.0403614548e-05,1.0553,2.1979796886e+00
0.0890,0.0000564,0.0000055,0.00005420,0.00000546,8.8888937607e-03,4.0403614548e-05,1.0563,2.1987879276e+00
0.0900,0.0000566,0.0000055,0.00005420,0.00000546,9.6969800070e-03,0.0000000000e+00,1.0573,2.1995959282e+00
0.0910,0.0000566,0.0000055,0.00005430,0.00000547,9.2929517850e-03,-4.0403614548e-05,1.0583,2.1991918087e+00
0.0920,0.0000569,0.0000055,0.00005450,0.00000546,9.6969800070e-03,0.0000000000e+00,1.0593,2.1995959282e+00
0.0930,0.0000569,0.0000055,0.00005450,0.00000545,9.6969800070e-03,4.0403614548e-05,1.0603,2.1995959282e+00
0.0940,0.0000571,0.0000055,0.00005470,0.00000545,9.6969660372e-03,4.0403614548e-05,1.0613,2.1995959282e+00
0.0950,0.0000573,0.0000055,0.00005490,0.00000545,9.6969800070e-03,4.0403614548e-05,1.0623,2.1995959282e+00
0.0960,0.0000574,0.0000055,0.00005490,0.00000545,1.0101024061e-02,0.0000000000e+00,1.0633,2.2000000477e+00
0.0970,0.0000576,0.0000055,0.00005490,0.00000545,1.0909096338e-02,4.0403614548e-05,1.0643,2.2008080482e+00
0.0980,0.0000576,0.0000055,0.00005500,0.00000545,1.0505052283e-02,4.0403614548e-05,1.0653,2.2004039288e+00
0.0990,0.0000578,0.0000055,0.00005530,0.00000545,1.0101024061e-02,4.0403614548e-05,1.0663,2.2000000477e+00
0.1000,0.0000580,0.0000055,0.00005540,0.00000545,1.0505067185e-02,0.0000000000e+00,1.0673,2.2004039288e+00
0.1010,0.0000582,0.0000055,0.00005540,0.00000545,1.1313139461e-02,0.0000000000e+00,1.0683,2.2012121677e+00
0.1020,0.0000586,0.0000055,0.00005570,0.00000545,1.1717182584e-02,0.0000000000e+00,1.0693,2.2016160488e+00
0.1030,0.0000586,0.0000055,0.00005580,0.00000544,1.1313139461e-02,4.0403614548e-05,1.0703,2.2012121677e+00
0.1040,0.0000585,0.0000054,0.00005580,0.00000543,1.0909110308e-02,4.0405451728e-05,1.0713,2.2008080482e+00
0.1050,0.0000587,0.0000054,0.00005590,0.00000543,1.1313139461e-02,4.0405451728e-05,1.0723,2.2012121677e+00
0.1060,0.0000590,0.0000054,0.00005590,0.00000543,1.2525269762e-02,4.0405451728e-05,1.0733,2.2024242878e+00
0.1070,0.0000591,0.0000054,0.00005620,0.00000543,1.1717182584e-02,4.0405451728e-05,1.0743,2.2016160488e+00
0.1080,0.0000593,0.0000054,0.00005620,0.00000544,1.2525269762e-02,0.0000000000e+00,1.0753,2.2024242878e+00
0.1090,0.0000595,0.0000054,0.00005640,0.00000543,1.2525254861e-02,0.0000000000e+00,1.0763,2.2024242878e+00
0.1100,0.0000594,0.0000054,0.00005640,0.00000543,1.2121226639e-02,0.0000000000e+00,1.0773,2.2020201683e+00
0.1110,0.0000599,0.0000054,0.00005670,0.00000543,1.2929313816e-02,0.0000000000e+00,1.0783,2.2028281689e+00
0.1120,0.0000599,0.0000054,0.00005660,0.00000543,1.3333342038e-02,-4.0403614548e-05,1.0793,2.2032322884e+00
0.1130,0.0000602,0.0000054,0.00005700,0.00000543,1.2929298915e-02,-4.0403614548e-05,1.0803,2.2028281689e+00
0.1140,0.0000604,0.0000054,0.00005690,0.00000542,1.4141429216e-02,0.0000000000e+00,1.0813,2.2040402889e+00
0.1150,0.0000605,0.0000054,0.00005720,0.00000543,1.3333342038e-02,-4.0403614548e-05,1.0823,2.2032322884e+00
0.1160,0.0000606,0.0000054,0.00005740,0.00000542,1.2929298915e-02,0.0000000000e+00,1.0833,2.2028281689e+00
0.1170,0.0000609,0.0000054,0.00005740,0.00000542,1.4141429216e-02,0.0000000000e+00,1.0843,2.2040402889e+00
0.1180,0.0000611,0.0000054,0.00005760,0.00000542,1.4141429216e-02,0.0000000000e+00,1.0853,2.2040402889e+00
0.1190,0.0000612,0.0000054,0.00005770,0.00000543,1.4141429216e-02,-4.0403614548e-05,1.0863,2.2040402889e+00
0.1200,0.0000615,0.0000054,0.00005780,0.00000543,1.4949516393e-02,-4.0403614548e-05,1.0873,2.2048485279e+00
0.1210,0.0000617,0.0000054,0.00005800,0.00000542,1.4949486591e-02,-4.0403614548e-05,1.0883,2.2048485279e+00
0.1220,0.0000619,0.0000054,0.00005800,0.00000541,1.5757571906e-02,0.0000000000e+00,1.0893,2.2056565285e+00
0.1230,0.0000620,0.0000054,0.00005830,0.00000542,1.4949501492e-02,-4.0403614548e-05,1.0903,2.2048485279e+00
0.1240,0.0000623,0.0000054,0.00005840,0.00000543,1.5757586807e-02,-8.0807229097e-05,1.0913,2.2056565285e+00
0.1250,0.0000625,0.0000054,0.00005850,0.00000542,1.6161631793e-02,-4.0403614548e-05,1.0923,2.2060606480e+00
0.1260,0.0000625,0.0000054,0.00005870,0.00000542,1.5353559516e-02,-4.0403614548e-05,1.0933,2.2052524090e+00
0.1270,0.0000629,0.0000054,0.00005900,0.00000541,1.5757571906e-02,0.0000000000e+00,1.0943,2.2056565285e+00
0.1280,0.0000631,0.0000054,0.00005890,0.00000540,1.6969703138e-02,0.0000000000e+00,1.0953,2.2068686485e+00
0.1290,0.0000633,0.0000054,0.00005930,0.00000541,1.6161631793e-02,-4.0403614548e-05,1.0963,2.2060606480e+00
0.1300,0.0000635,0.0000054,0.00005930,0.00000540,1.6969718039e-02,0.0000000000e+00,1.0973,2.2068686485e+00
0.1310,0.0000637,0.0000054,0.00005940,0.00000540,1.7373731360e-02,0.0000000000e+00,1.0983,2.2072727680e+00
0.1320,0.0000640,0.0000054,0.00005970,0.00000540,1.7373746261e-02,0.0000000000e+00,1.0993,2.2072727680e+00
0.1330,0.0000641,0.0000054,0.00005980,0.00000541,1.7373746261e-02,-4.0403614548e-05,1.1003,2.2072727680e+00
0.1340,0.0000643,0.0000054,0.00006000,0.00000540,1.7373761162e-02,0.0000000000e+00,1.1013,2.2072727680e+00
0.1350,0.0000648,0.0000054,0.00006020,0.00000540,1.8585862592e-02,0.0000000000e+00,1.1023,2.2084848881e+00
0.1360,0.0000649,0.0000054,0.00006020,0.00000539,1.8989905715e-02,4.0405451728e-05,1.1033,2.2088887691e+00
0.1370,0.0000651,0.0000054,0.00006030,0.00000539,1.9393948838e-02,0.0000000000e+00,1.1043,2.2092928886e+00
0.1380,0.0000653,0.0000054,0.00006060,0.00000539,1.8989920616e-02,0.0000000000e+00,1.1053,2.2088890076e+00
0.1390,0.0000657,0.0000054,0.00006080,0.00000540,1.9797978923e-02,-4.0405451728e-05,1.1063,2.2096970081e+00
0.1400,0.0000658,0.0000054,0.00006120,0.00000540,1.8585862592e-02,-4.0405451728e-05,1.1073,2.2084848881e+00
0.1410,0.0000663,0.0000054,0.00006120,0.00000539,2.0606080070e-02,0.0000000000e+00,1.1083,2.2105050087e+00
0.1420,0.0000664,0.0000054,0.00006130,0.00000539,2.0606080070e-02,0.0000000000e+00,1.1093,2.2105050087e+00
0.1430,0.0000664,0.0000054,0.00006160,0.00000539,1.9393948838e-02,-4.0403614548e-05,1.1103,2.2092928886e+00
0.1440,0.0000671,0.0000054,0.00006170,0.00000539,2.1818209440e-02,0.0000000000e+00,1.1113,2.2117171288e+00
0.1450,0.0000673,0.0000054,0.00006190,0.00000538,2.1818209440e-02,0.0000000000e+00,1.1123,2.2117171288e+00
0.1460,0.0000674,0.0000054,0.00006210,0.00000538,2.1414138377e-02,0.0000000000e+00,1.1133,2.2113130093e+00
0.1470,0.0000679,0.0000054,0.00006240,0.00000538,2.2222224623e-02,0.0000000000e+00,1.1143,2.2121212482e+00
0.1480,0.0000680,0.0000054,0.00006260,0.00000538,2.1818209440e-02,0.0000000000e+00,1.1153,2.2117171288e+00
0.1490,0.0000683,0.0000054,0.00006280,0.00000538,2.2222254425e-02,0.0000000000e+00,1.1163,2.2121212482e+00
0.1500,0.0000687,0.0000054,0.00006290,0.00000538,2.3434353992e-02,0.0000000000e+00,1.1173,2.2133333683e+00
0.1510,0.0000688,0.0000054,0.00006290,0.00000537,2.3838398978e-02,0.0000000000e+00,1.1183,2.2137372494e+00
0.1520,0.0000692,0.0000054,0.00006350,0.00000538,2.3030310869e-02,0.0000000000e+00,1.1193,2.2129292488e+00
0.1530,0.0000697,0.0000054,0.00006360,0.00000537,2.4646485224e-02,0.0000000000e+00,1.1203,2.2145454884e+00
0.1540,0.0000700,0.0000054,0.00006390,0.00000536,2.4646485224e-02,4.0403614548e-05,1.1213,2.2145454884e+00
0.1550,0.0000701,0.0000054,0.00006410,0.00000536,2.4242442101e-02,4.0403614548e-05,1.1223,2.2141413689e+00
0.1560,0.0000704,0.0000054,0.00006430,0.00000536,2.4646455422e-02,4.0403614548e-05,1.1233,2.2145454884e+00
0.1570,0.0000708,0.0000054,0.00006450,0.00000536,2.5454571471e-02,0.0000000000e+00,1.1243,2.2153534889e+00
0.1580,0.0000710,0.0000054,0.00006470,0.00000536,2.5454571471e-02,0.0000000000e+00,1.1253,2.2153534889e+00
0.1590,0.0000715,0.0000054,0.00006500,0.00000535,2.6262629777e-02,4.0405451728e-05,1.1263,2.2161614895e+00
0.1600,0.0000719,0.0000054,0.00006500,0.00000535,2.7878804132e-02,4.0405451728e-05,1.1273,2.2177777290e+00
0.1610,0.0000720,0.0000054,0.00006560,0.00000535,2.5858616456e-02,4.0405451728e-05,1.1283,2.2157576084e+00
0.1620,0.0000726,0.0000053,0.00006560,0.00000535,2.8282847255e-02,0.0000000000e+00,1.1293,2.2181818485e+00
0.1630,0.0000728,0.0000054,0.00006590,0.00000536,2.7878804132e-02,0.0000000000e+00,1.1303,2.2177777290e+00
0.1640,0.0000734,0.0000054,0.00006630,0.00000536,2.8686860576e-02,0.0000000000e+00,1.1313,2.2185857296e+00
0.1650,0.0000736,0.0000053,0.00006640,0.00000535,2.9090905562e-02,0.0000000000e+00,1.1323,2.2189898491e+00
0.1660,0.0000741,0.0000054,0.00006660,0.00000535,3.0303034931e-02,4.0405451728e-05,1.1333,2.2202019691e+00
0.1670,0.0000745,0.0000053,0.00006700,0.00000535,3.0303034931e-02,0.0000000000e+00,1.1343,2.2202019691e+00
0.1680,0.0000746,0.0000053,0.00006720,0.00000536,2.9898991808e-02,-8.0809062638e-05,1.1353,2.2197978497e+00
0.1690,0.0000752,0.0000053,0.00006750,0.00000535,3.1111123040e-02,0.0000000000e+00,1.1363,2.2210102081e+00
0.1700,0.0000757,0.0000053,0.00006780,0.00000535,3.1919211149e-02,-4.0403614548e-05,1.1373,2.2218182087e+00
0.1710,0.0000759,0.0000053,0.00006810,0.00000535,3.1515166163e-02,-4.0403614548e-05,1.1383,2.2214140892e+00
0.1720,0.0000764,0.0000053,0.00006820,0.00000535,3.3131312579e-02,0.0000000000e+00,1.1393,2.2230303288e+00
0.1730,0.0000770,0.0000053,0.00006870,0.00000535,3.3535353839e-02,0.0000000000e+00,1.1403,2.2234342098e+00
0.1740,0.0000773,0.0000053,0.00006880,0.00000534,3.4343443811e-02,0.0000000000e+00,1.1413,2.2242424488e+00
0.1750,0.0000778,0.0000053,0.00006930,0.00000534,3.4343473613e-02,0.0000000000e+00,1.1423,2.2242424488e+00
0.1760,0.0000782,0.0000053,0.00006960,0.00000534,3.4747485071e-02,0.0000000000e+00,1.1433,2.2246465683e+00
0.1770,0.0000786,0.0000053,0.00006970,0.00000533,3.5959616303e-02,4.0403614548e-05,1.1443,2.2258586884e+00
0.1780,0.0000788,0.0000053,0.00007020,0.00000534,3.4747485071e-02,-4.0403614548e-05,1.1453,2.2246465683e+00
0.1790,0.0000797,0.0000053,0.00007040,0.00000533,3.7575788796e-02,4.0403614548e-05,1.1463,2.2274746895e+00
0.1800,0.0000801,0.0000053,0.00007090,0.00000533,3.7171717733e-02,0.0000000000e+00,1.1473,2.2270705700e+00
0.1810,0.0000804,0.0000053,0.00007110,0.00000533,3.7575762719e-02,-4.0403614548e-05,1.1483,2.2274746895e+00
0.1820,0.0000808,0.0000053,0.00007150,0.00000533,3.7575762719e-02,-4.0403614548e-05,1.1493,2.2274746895e+00
0.1830,0.0000815,0.0000053,0.00007190,0.00000533,3.8787890226e-02,-4.0403614548e-05,1.1503,2.2286868095e+00
0.1840,0.0000818,0.0000053,0.00007210,0.00000532,3.9191905409e-02,0.0000000000e+00,1.1513,2.2290909290e+00
0.1850,0.0000825,0.0000053,0.00007250,0.00000533,4.0404066443e-02,-4.0403614548e-05,1.1523,2.2303030491e+00
0.1860,0.0000830,0.0000053,0.00007290,0.00000533,4.0808077902e-02,-4.0403614548e-05,1.1533,2.2307069302e+00
0.1870,0.0000835,0.0000053,0.00007320,0.00000533,4.1616197675e-02,-4.0403614548e-05,1.1543,2.2315151691e+00
0.1880,0.0000838,0.0000053,0.00007340,0.00000532,4.2020209134e-02,0.0000000000e+00,1.1553,2.2319192886e+00
0.1890,0.0000846,0.0000053,0.00007380,0.00000532,4.3636355549e-02,0.0000000000e+00,1.1563,2.2335352898e+00
0.1900,0.0000850,0.0000053,0.00007430,0.00000532,4.3232340366e-02,0.0000000000e+00,1.1573,2.2331314087e+00
0.1910,0.0000856,0.0000053,0.00007480,0.00000532,4.3636355549e-02,0.0000000000e+00,1.1583,2.2335352898e+00
0.1920,0.0000863,0.0000053,0.00007510,0.00000531,4.5252557844e-02,4.0405451728e-05,1.1593,2.2351515293e+00
0.1930,0.0000865,0.0000053,0.00007570,0.00000532,4.3636355549e-02,0.0000000000e+00,1.1603,2.2335352898e+00
0.1940,0.0000873,0.0000053,0.00007590,0.00000531,4.6060614288e-02,0.0000000000e+00,1.1613,2.2359595299e+00
0.1950,0.0000877,0.0000053,0.00007640,0.00000530,4.5656573027e-02,4.0403614548e-05,1.1623,2.2355556488e+00
0.1960,0.0000884,0.0000053,0.00007690,0.00000531,4.6464629471e-02,0.0000000000e+00,1.1633,2.2363636494e+00
0.1970,0.0000891,0.0000053,0.00007700,0.00000531,4.8888918012e-02,0.0000000000e+00,1.1643,2.2387878895e+00
0.1980,0.0000897,0.0000053,0.00007780,0.00000531,4.8080801964e-02,0.0000000000e+00,1.1653,2.2379798889e+00
0.1990,0.0000903,0.0000053,0.00007810,0.00000531,4.9292933196e-02,0.0000000000e+00,1.1663,2.2391920090e+00
