Potential,Disk-O2,Ring-O2,Disk-N2,Ring-N2,Disk-Density,Ring-Density,Potential_RHE,ABS
-0.9000,-0.0017400,0.0000524,-0.00129000,0.00001930,-1.8181815147e+00,1.3373737037e-01,0.0673,5.8686900139e-01
-0.8990,-0.0016700,0.0000527,-0.00121000,0.00001910,-1.8585859537e+00,1.3575758040e-01,0.0683,5.4646456242e-01
-0.8980,-0.0016200,0.0000530,-0.00113000,0.00001900,-1.9797979593e+00,1.3737374544e-01,0.0693,4.2525255680e-01
-0.8970,-0.0015900,0.0000526,-0.00106000,0.00001880,-2.1414139271e+00,1.3656567037e-01,0.0703,2.6363658905e-01
-0.8960,-0.0015600,0.0000529,-0.00099400,0.00001870,-2.2868688107e+00,1.3818180561e-01,0.0713,1.1818170547e-01
-0.8950,-0.0015400,0.0000527,-0.00093400,0.00001860,-2.4484846592e+00,1.3777779043e-01,0.0723,4.3434143066e-02
-0.8940,-0.0015100,0.0000528,-0.00087900,0.00001850,-2.5494947433e+00,1.3858585060e-01,0.0733,1.4444422722e-01
-0.8930,-0.0015000,0.0000522,-0.00082700,0.00001840,-2.7191920280e+00,1.3656567037e-01,0.0743,3.1414151192e-01
-0.8920,-0.0014800,0.0000525,-0.00078000,0.00001830,-2.8282828331e+00,1.3818180561e-01,0.0753,4.2323231697e-01
-0.8910,-0.0014600,0.0000524,-0.00073500,0.00001820,-2.9292931557e+00,1.3818180561e-01,0.0763,5.2424263954e-01
-0.8900,-0.0014500,0.0000522,-0.00069400,0.00001810,-3.0545454025e+00,1.3777779043e-01,0.0773,6.4949488640e-01
-0.8890,-0.0014400,0.0000524,-0.00065500,0.00001800,-3.1717174053e+00,1.3898989558e-01,0.0783,7.6666688919e-01
-0.8880,-0.0014200,0.0000520,-0.00062000,0.00001800,-3.2323231697e+00,1.3737373054e-01,0.0793,8.2727265358e-01
-0.8870,-0.0014200,0.0000522,-0.00058700,0.00001790,-3.3656566143e+00,1.3858585060e-01,0.0803,9.6060609818e-01
-0.8860,-0.0014000,0.0000521,-0.00055600,0.00001780,-3.4101009369e+00,1.3858585060e-01,0.0813,1.0050504208e+00
-0.8850,-0.0014000,0.0000518,-0.00052600,0.00001780,-3.5313129425e+00,1.3737376034e-01,0.0823,1.1262624264e+00
-0.8840,-0.0013800,0.0000520,-0.00049900,0.00001770,-3.5595960617e+00,1.3858585060e-01,0.0833,1.1545455456e+00
-0.8830,-0.0013800,0.0000519,-0.00047400,0.00001760,-3.6606061459e+00,1.3858585060e-01,0.0843,1.2555556297e+00
-0.8820,-0.0013700,0.0000520,-0.00045000,0.00001760,-3.7171716690e+00,1.3898989558e-01,0.0853,1.3121211529e+00
-0.8810,-0.0013600,0.0000516,-0.00042800,0.00001750,-3.7656564713e+00,1.3777777553e-01,0.0863,1.3606059551e+00
-0.8800,-0.0013600,0.0000518,-0.00040700,0.00001740,-3.8505048752e+00,1.3898989558e-01,0.0873,1.4454543591e+00
-0.8790,-0.0013500,0.0000515,-0.00038800,0.00001740,-3.8868689537e+00,1.3777777553e-01,0.0883,1.4818184376e+00
-0.8780,-0.0013500,0.0000513,-0.00037000,0.00001730,-3.9595959187e+00,1.3737374544e-01,0.0893,1.5545454025e+00
-0.8770,-0.0013400,0.0000517,-0.00035200,0.00001730,-3.9919190407e+00,1.3898989558e-01,0.0903,1.5868685246e+00
-0.8760,-0.0013300,0.0000511,-0.00033600,0.00001720,-4.0161614418e+00,1.3696970046e-01,0.0913,1.6111109257e+00
-0.8750,-0.0013300,0.0000513,-0.00032100,0.00001720,-4.0767679214e+00,1.3777779043e-01,0.0923,1.6717174053e+00
-0.8740,-0.0013200,0.0000511,-0.00030600,0.00001710,-4.0969700813e+00,1.3737374544e-01,0.0933,1.6919195652e+00
-0.8730,-0.0013200,0.0000510,-0.00029200,0.00001710,-4.1535353661e+00,1.3696970046e-01,0.0943,1.7484848499e+00
-0.8720,-0.0013100,0.0000509,-0.00028000,0.00001710,-4.1616158485e+00,1.3656565547e-01,0.0953,1.7565653324e+00
-0.8710,-0.0013100,0.0000507,-0.00026800,0.00001700,-4.2101011276e+00,1.3616162539e-01,0.0963,1.8050506115e+00
-0.8700,-0.0013100,0.0000510,-0.00025700,0.00001700,-4.2545452118e+00,1.3737373054e-01,0.0973,1.8494946957e+00
-0.8690,-0.0013000,0.0000510,-0.00024600,0.00001690,-4.2585859299e+00,1.3777777553e-01,0.0983,1.8535354137e+00
-0.8680,-0.0013000,0.0000506,-0.00023500,0.00001690,-4.3030300140e+00,1.3616162539e-01,0.0993,1.8979794979e+00
-0.8670,-0.0013000,0.0000509,-0.00022600,0.00001680,-4.3393940926e+00,1.3777777553e-01,0.1003,1.9343435764e+00
-0.8660,-0.0012900,0.0000505,-0.00021600,0.00001680,-4.3393940926e+00,1.3616161048e-01,0.1013,1.9343435764e+00
-0.8650,-0.0012900,0.0000507,-0.00020800,0.00001680,-4.3717174530e+00,1.3696970046e-01,0.1023,1.9666669369e+00
-0.8640,-0.0012800,0.0000504,-0.00019900,0.00001670,-4.3676767349e+00,1.3616162539e-01,0.1033,1.9626262188e+00
-0.8630,-0.0012800,0.0000502,-0.00019100,0.00001670,-4.3999996185e+00,1.3535353541e-01,0.1043,1.9949491024e+00
-0.8620,-0.0012800,0.0000504,-0.00018400,0.00001660,-4.4282827377e+00,1.3656567037e-01,0.1053,2.0232322216e+00
-0.8610,-0.0012700,0.0000504,-0.00017700,0.00001660,-4.4161620140e+00,1.3656567037e-01,0.1063,2.0111114979e+00
-0.8600,-0.0012800,0.0000500,-0.00017000,0.00001650,-4.4848484993e+00,1.3535353541e-01,0.1073,2.0797979832e+00
-0.8590,-0.0012700,0.0000502,-0.00016300,0.00001650,-4.4727272987e+00,1.3616162539e-01,0.1083,2.0676767826e+00
-0.8580,-0.0012700,0.0000502,-0.00015700,0.00001650,-4.4969696999e+00,1.3616162539e-01,0.1093,2.0919191837e+00
-0.8570,-0.0012700,0.0000501,-0.00015100,0.00001640,-4.5212121010e+00,1.3616162539e-01,0.1103,2.1161615849e+00
-0.8560,-0.0012700,0.0000500,-0.00014500,0.00001640,-4.5454545021e+00,1.3575758040e-01,0.1113,2.1404039860e+00
-0.8550,-0.0012600,0.0000501,-0.00014000,0.00001640,-4.5252528191e+00,1.3616162539e-01,0.1123,2.1202023029e+00
-0.8540,-0.0012700,0.0000500,-0.00013500,0.00001630,-4.5858588219e+00,1.3616161048e-01,0.1133,2.1808083057e+00
-0.8530,-0.0012700,0.0000502,-0.00013000,0.00001630,-4.6060609818e+00,1.3696970046e-01,0.1143,2.2010104656e+00
-0.8520,-0.0012500,0.0000496,-0.00012500,0.00001630,-4.5454545021e+00,1.3454544544e-01,0.1153,2.1404039860e+00
-0.8510,-0.0012700,0.0000498,-0.00012000,0.00001620,-4.6464648247e+00,1.3575758040e-01,0.1163,2.2414143085e+00
-0.8500,-0.0012500,0.0000499,-0.00011600,0.00001620,-4.5818181038e+00,1.3616162539e-01,0.1173,2.1767675877e+00
-0.8490,-0.0012600,0.0000495,-0.00011200,0.00001620,-4.6383838654e+00,1.3454544544e-01,0.1183,2.2333333492e+00
-0.8480,-0.0012500,0.0000495,-0.00010800,0.00001610,-4.6141414642e+00,1.3494949043e-01,0.1193,2.2090909481e+00
-0.8470,-0.0012500,0.0000496,-0.00010400,0.00001610,-4.6303029060e+00,1.3535353541e-01,0.1203,2.2252523899e+00
-0.8460,-0.0012400,0.0000492,-0.00010100,0.00001610,-4.6020202637e+00,1.3373737037e-01,0.1213,2.1969697475e+00
-0.8450,-0.0012500,0.0000492,-0.00009690,0.00001600,-4.6589894295e+00,1.3414140046e-01,0.1223,2.2539389133e+00
-0.8440,-0.0012500,0.0000495,-0.00009350,0.00001600,-4.6727271080e+00,1.3535353541e-01,0.1233,2.2676765919e+00
-0.8430,-0.0012300,0.0000489,-0.00009030,0.00001600,-4.6048488617e+00,1.3292931020e-01,0.1243,2.1997983456e+00
-0.8420,-0.0012500,0.0000492,-0.00008720,0.00001600,-4.6981816292e+00,1.3414140046e-01,0.1253,2.2931311131e+00
-0.8410,-0.0012300,0.0000492,-0.00008400,0.00001590,-4.6303033829e+00,1.3454544544e-01,0.1263,2.2252528667e+00
-0.8400,-0.0012400,0.0000487,-0.00008100,0.00001590,-4.6828284264e+00,1.3252526522e-01,0.1273,2.2777779102e+00
-0.8390,-0.0012400,0.0000491,-0.00007820,0.00001590,-4.6941413879e+00,1.3414140046e-01,0.1283,2.2890908718e+00
-0.8380,-0.0012400,0.0000491,-0.00007540,0.00001580,-4.7054548264e+00,1.3454544544e-01,0.1293,2.3004043102e+00
-0.8370,-0.0012400,0.0000487,-0.00007270,0.00001580,-4.7163639069e+00,1.3292929530e-01,0.1303,2.3113133907e+00
-0.8360,-0.0012300,0.0000489,-0.00007010,0.00001580,-4.6864652634e+00,1.3373738527e-01,0.1313,2.2814147472e+00
-0.8350,-0.0012300,0.0000489,-0.00006750,0.00001570,-4.6969695091e+00,1.3414141536e-01,0.1323,2.2919189930e+00
-0.8340,-0.0012300,0.0000487,-0.00006510,0.00001570,-4.7066669464e+00,1.3333334029e-01,0.1333,2.3016164303e+00
-0.8330,-0.0012300,0.0000486,-0.00006270,0.00001570,-4.7163639069e+00,1.3292929530e-01,0.1343,2.3113133907e+00
-0.8320,-0.0012300,0.0000486,-0.00006060,0.00001570,-4.7248487473e+00,1.3292929530e-01,0.1353,2.3197982311e+00
-0.8310,-0.0012300,0.0000486,-0.00005840,0.00001560,-4.7337374687e+00,1.3333332539e-01,0.1363,2.3286869526e+00
-0.8300,-0.0012200,0.0000485,-0.00005640,0.00001560,-4.7014141083e+00,1.3292928040e-01,0.1373,2.2963635921e+00
-0.8290,-0.0012300,0.0000485,-0.00005430,0.00001560,-4.7503032684e+00,1.3292928040e-01,0.1383,2.3452527523e+00
-0.8280,-0.0012200,0.0000485,-0.00005240,0.00001560,-4.7175755501e+00,1.3292928040e-01,0.1393,2.3125250340e+00
-0.8270,-0.0012100,0.0000480,-0.00005040,0.00001550,-4.6852526665e+00,1.3131313026e-01,0.1403,2.2802021503e+00
-0.8260,-0.0012200,0.0000481,-0.00004850,0.00001550,-4.7333331108e+00,1.3171717525e-01,0.1413,2.3282825947e+00
-0.8250,-0.0012200,0.0000483,-0.00004660,0.00001550,-4.7410101891e+00,1.3252526522e-01,0.1423,2.3359596729e+00
-0.8240,-0.0012200,0.0000482,-0.00004480,0.00001540,-4.7482829094e+00,1.3252525032e-01,0.1433,2.3432323933e+00
-0.8230,-0.0012200,0.0000483,-0.00004310,0.00001540,-4.7551517487e+00,1.3292929530e-01,0.1443,2.3501012325e+00
-0.8220,-0.0012200,0.0000484,-0.00004150,0.00001540,-4.7616162300e+00,1.3333334029e-01,0.1453,2.3565657139e+00
-0.8210,-0.0012200,0.0000482,-0.00003990,0.00001540,-4.7680807114e+00,1.3252525032e-01,0.1463,2.3630301952e+00
-0.8200,-0.0012200,0.0000483,-0.00003820,0.00001540,-4.7749490738e+00,1.3292929530e-01,0.1473,2.3698985577e+00
-0.8190,-0.0012100,0.0000480,-0.00003630,0.00001530,-4.7422223091e+00,1.3212122023e-01,0.1483,2.3371717930e+00
-0.8180,-0.0012100,0.0000481,-0.00003480,0.00001530,-4.7482829094e+00,1.3252525032e-01,0.1493,2.3432323933e+00
-0.8170,-0.0012200,0.0000481,-0.00003340,0.00001530,-4.7943434715e+00,1.3252525032e-01,0.1503,2.3892929554e+00
-0.8160,-0.0012100,0.0000480,-0.00003200,0.00001530,-4.7595958710e+00,1.3212122023e-01,0.1513,2.3545453548e+00
-0.8150,-0.0012100,0.0000477,-0.00003070,0.00001530,-4.7648487091e+00,1.3090908527e-01,0.1523,2.3597981930e+00
-0.8140,-0.0012100,0.0000479,-0.00002950,0.00001520,-4.7696971893e+00,1.3212122023e-01,0.1533,2.3646466732e+00
-0.8130,-0.0012100,0.0000479,-0.00002810,0.00001520,-4.7753539085e+00,1.3212122023e-01,0.1543,2.3703033924e+00
-0.8120,-0.0012100,0.0000479,-0.00002690,0.00001520,-4.7802023888e+00,1.3212122023e-01,0.1553,2.3751518726e+00
-0.8110,-0.0012100,0.0000479,-0.00002580,0.00001520,-4.7846465111e+00,1.3212122023e-01,0.1563,2.3795959949e+00
-0.8100,-0.0012100,0.0000477,-0.00002470,0.00001520,-4.7890911102e+00,1.3131313026e-01,0.1573,2.3840405941e+00
-0.8090,-0.0012100,0.0000478,-0.00002350,0.00001510,-4.7939395905e+00,1.3212122023e-01,0.1583,2.3888890743e+00
-0.8080,-0.0011900,0.0000474,-0.00002230,0.00001510,-4.7179794312e+00,1.3050504029e-01,0.1593,2.3129289150e+00
-0.8070,-0.0012200,0.0000477,-0.00002110,0.00001510,-4.8440399170e+00,1.3171717525e-01,0.1603,2.4389894009e+00
-0.8060,-0.0012000,0.0000477,-0.00001990,0.00001510,-4.7680807114e+00,1.3171717525e-01,0.1613,2.3630301952e+00
-0.8050,-0.0012000,0.0000474,-0.00001890,0.00001500,-4.7721214294e+00,1.3090908527e-01,0.1623,2.3670709133e+00
-0.8040,-0.0012100,0.0000476,-0.00001790,0.00001500,-4.8165655136e+00,1.3171717525e-01,0.1633,2.4115149975e+00
-0.8030,-0.0012000,0.0000475,-0.00001690,0.00001500,-4.7802023888e+00,1.3131313026e-01,0.1643,2.3751518726e+00
-0.8020,-0.0012000,0.0000474,-0.00001580,0.00001500,-4.7846465111e+00,1.3090908527e-01,0.1653,2.3795959949e+00
-0.8010,-0.0012000,0.0000476,-0.00001480,0.00001500,-4.7886872292e+00,1.3171717525e-01,0.1663,2.3836367130e+00
-0.8000,-0.0012000,0.0000474,-0.00001380,0.00001490,-4.7927274704e+00,1.3131313026e-01,0.1673,2.3876769543e+00
-0.7990,-0.0012000,0.0000474,-0.00001290,0.00001490,-4.7963638306e+00,1.3131313026e-01,0.1683,2.3913133144e+00
-0.7980,-0.0012000,0.0000472,-0.00001190,0.00001490,-4.8004045486e+00,1.3050504029e-01,0.1693,2.3953540325e+00
-0.7970,-0.0012000,0.0000472,-0.00001100,0.00001490,-4.8040409088e+00,1.3050504029e-01,0.1703,2.3989903927e+00
-0.7960,-0.0012000,0.0000471,-0.00000998,0.00001490,-4.8081617355e+00,1.3010099530e-01,0.1713,2.4031112194e+00
-0.7950,-0.0012000,0.0000471,-0.00000917,0.00001480,-4.8114342690e+00,1.3050504029e-01,0.1723,2.4063837528e+00
-0.7940,-0.0012000,0.0000470,-0.00000816,0.00001480,-4.8155155182e+00,1.3010101020e-01,0.1733,2.4104650021e+00
-0.7930,-0.0011900,0.0000470,-0.00000725,0.00001480,-4.7787876129e+00,1.3010101020e-01,0.1743,2.3737370968e+00
-0.7920,-0.0012000,0.0000470,-0.00000645,0.00001480,-4.8224244118e+00,1.3010101020e-01,0.1753,2.4173738956e+00
-0.7910,-0.0011900,0.0000471,-0.00000563,0.00001480,-4.7853336334e+00,1.3050504029e-01,0.1763,2.3802831173e+00
-0.7900,-0.0011900,0.0000467,-0.00000480,0.00001480,-4.7886867523e+00,1.2888889015e-01,0.1773,2.3836362362e+00
-0.7890,-0.0012000,0.0000470,-0.00000395,0.00001470,-4.8325257301e+00,1.3050505519e-01,0.1783,2.4274752140e+00
-0.7880,-0.0011900,0.0000469,-0.00000313,0.00001470,-4.7954344749e+00,1.3010101020e-01,0.1793,2.3903839588e+00
-0.7870,-0.0011900,0.0000467,-0.00000238,0.00001470,-4.7984647751e+00,1.2929293513e-01,0.1803,2.3934142590e+00
-0.7860,-0.0011900,0.0000468,-0.00000166,0.00001470,-4.8013739586e+00,1.2969698012e-01,0.1813,2.3963234425e+00
-0.7850,-0.0011900,0.0000470,-0.00000108,0.00001470,-4.8037171364e+00,1.3050505519e-01,0.1823,2.3986666203e+00
-0.7840,-0.0011900,0.0000465,-0.00000046,0.00001470,-4.8062305450e+00,1.2848486006e-01,0.1833,2.4011800289e+00
-0.7830,-0.0011900,0.0000468,0.00000023,0.00001470,-4.8090057373e+00,1.2969698012e-01,0.1843,2.4039552212e+00
-0.7820,-0.0011900,0.0000468,0.00000083,0.00001470,-4.8114380836e+00,1.2969698012e-01,0.1853,2.4063875675e+00
-0.7810,-0.0011900,0.0000465,0.00000155,0.00001460,-4.8143429756e+00,1.2888890505e-01,0.1863,2.4092924595e+00
-0.7800,-0.0011900,0.0000467,0.00000219,0.00001460,-4.8169293404e+00,1.2969696522e-01,0.1873,2.4118788242e+00
-0.7790,-0.0011900,0.0000467,0.00000279,0.00001460,-4.8193535805e+00,1.2969696522e-01,0.1883,2.4143030643e+00
-0.7780,-0.0011900,0.0000465,0.00000350,0.00001460,-4.8222222328e+00,1.2888890505e-01,0.1893,2.4171717167e+00
-0.7770,-0.0011800,0.0000467,0.00000415,0.00001460,-4.7844443321e+00,1.2969696522e-01,0.1903,2.3793938160e+00
-0.7760,-0.0011900,0.0000465,0.00000475,0.00001450,-4.8272724152e+00,1.2929293513e-01,0.1913,2.4222218990e+00
-0.7750,-0.0011900,0.0000466,0.00000540,0.00001450,-4.8298993111e+00,1.2969696522e-01,0.1923,2.4248487949e+00
-0.7740,-0.0011900,0.0000466,0.00000608,0.00001450,-4.8326463699e+00,1.2969696522e-01,0.1933,2.4275958538e+00
-0.7730,-0.0011800,0.0000464,0.00000665,0.00001450,-4.7945456505e+00,1.2888889015e-01,0.1943,2.3894951344e+00
-0.7720,-0.0011900,0.0000465,0.00000724,0.00001450,-4.8373332024e+00,1.2929293513e-01,0.1953,2.4322826862e+00
-0.7710,-0.0011900,0.0000465,0.00000790,0.00001450,-4.8399996758e+00,1.2929293513e-01,0.1963,2.4349491596e+00
-0.7700,-0.0011800,0.0000464,0.00000856,0.00001440,-4.8022627831e+00,1.2929293513e-01,0.1973,2.3972122669e+00
-0.7690,-0.0011800,0.0000463,0.00000920,0.00001440,-4.8048481941e+00,1.2888889015e-01,0.1983,2.3997976780e+00
-0.7680,-0.0011800,0.0000464,0.00000986,0.00001440,-4.8075151443e+00,1.2929293513e-01,0.1993,2.4024646282e+00
-0.7670,-0.0011800,0.0000462,0.00001050,0.00001440,-4.8101010323e+00,1.2848484516e-01,0.2003,2.4050505161e+00
-0.7660,-0.0011800,0.0000462,0.00001110,0.00001440,-4.8125252724e+00,1.2848484516e-01,0.2013,2.4074747562e+00
-0.7650,-0.0011700,0.0000461,0.00001160,0.00001440,-4.7741413116e+00,1.2808081508e-01,0.2023,2.3690907955e+00
-0.7640,-0.0011800,0.0000461,0.00001200,0.00001440,-4.8161616325e+00,1.2808081508e-01,0.2033,2.4111111164e+00
-0.7630,-0.0011800,0.0000460,0.00001240,0.00001440,-4.8177776337e+00,1.2767677009e-01,0.2043,2.4127271175e+00
-0.7620,-0.0011800,0.0000461,0.00001290,0.00001440,-4.8197979927e+00,1.2808081508e-01,0.2053,2.4147474766e+00
-0.7610,-0.0011800,0.0000461,0.00001330,0.00001440,-4.8214139938e+00,1.2808081508e-01,0.2063,2.4163634777e+00
-0.7600,-0.0011800,0.0000459,0.00001360,0.00001440,-4.8226261139e+00,1.2727272511e-01,0.2073,2.4175755978e+00
-0.7590,-0.0011800,0.0000460,0.00001390,0.00001440,-4.8238382339e+00,1.2767677009e-01,0.2083,2.4187877178e+00
-0.7580,-0.0011700,0.0000461,0.00001440,0.00001430,-4.7854542732e+00,1.2848486006e-01,0.2093,2.3804037571e+00
-0.7570,-0.0011800,0.0000458,0.00001510,0.00001430,-4.8286871910e+00,1.2727272511e-01,0.2103,2.4236366749e+00
-0.7560,-0.0011800,0.0000459,0.00001570,0.00001430,-4.8311114311e+00,1.2767677009e-01,0.2113,2.4260609150e+00
-0.7550,-0.0011700,0.0000460,0.00001630,0.00001430,-4.7931313515e+00,1.2808081508e-01,0.2123,2.3880808353e+00
-0.7540,-0.0011800,0.0000458,0.00001660,0.00001430,-4.8347477913e+00,1.2727272511e-01,0.2133,2.4296972752e+00
-0.7530,-0.0011800,0.0000460,0.00001700,0.00001430,-4.8363637924e+00,1.2808081508e-01,0.2143,2.4313132763e+00
-0.7520,-0.0011700,0.0000459,0.00001740,0.00001430,-4.7975754738e+00,1.2767677009e-01,0.2153,2.3925249577e+00
-0.7510,-0.0011800,0.0000457,0.00001790,0.00001420,-4.8400001526e+00,1.2727272511e-01,0.2163,2.4349496365e+00
-0.7500,-0.0011800,0.0000460,0.00001840,0.00001420,-4.8420205116e+00,1.2848486006e-01,0.2173,2.4369699955e+00
-0.7490,-0.0011700,0.0000458,0.00001890,0.00001420,-4.8036360741e+00,1.2767677009e-01,0.2183,2.3985855579e+00
-0.7480,-0.0011700,0.0000458,0.00001940,0.00001420,-4.8056564331e+00,1.2767677009e-01,0.2193,2.4006059170e+00
-0.7470,-0.0011800,0.0000460,0.00001970,0.00001420,-4.8472728729e+00,1.2848486006e-01,0.2203,2.4422223568e+00
-0.7460,-0.0011700,0.0000458,0.00002000,0.00001420,-4.8080806732e+00,1.2767677009e-01,0.2213,2.4030301571e+00
-0.7450,-0.0011800,0.0000458,0.00002030,0.00001420,-4.8496971130e+00,1.2767677009e-01,0.2223,2.4446465969e+00
-0.7440,-0.0011700,0.0000460,0.00002060,0.00001410,-4.8105049133e+00,1.2888890505e-01,0.2233,2.4054543972e+00
-0.7430,-0.0011700,0.0000457,0.00002100,0.00001410,-4.8121213913e+00,1.2767677009e-01,0.2243,2.4070708752e+00
-0.7420,-0.0011800,0.0000459,0.00002150,0.00001410,-4.8545455933e+00,1.2848486006e-01,0.2253,2.4494950771e+00
-0.7410,-0.0011700,0.0000458,0.00002190,0.00001410,-4.8157577515e+00,1.2808081508e-01,0.2263,2.4107072353e+00
-0.7400,-0.0011700,0.0000457,0.00002220,0.00001410,-4.8169698715e+00,1.2767677009e-01,0.2273,2.4119193554e+00
-0.7390,-0.0011800,0.0000460,0.00002260,0.00001400,-4.8589901924e+00,1.2929293513e-01,0.2283,2.4539396763e+00
-0.7380,-0.0011700,0.0000462,0.00002310,0.00001400,-4.8206057549e+00,1.3010099530e-01,0.2293,2.4155552387e+00
-0.7370,-0.0011700,0.0000454,0.00002330,0.00001400,-4.8214135170e+00,1.2686868012e-01,0.2303,2.4163630009e+00
-0.7360,-0.0011800,0.0000460,0.00002370,0.00001400,-4.8634343147e+00,1.2929293513e-01,0.2313,2.4583837986e+00
-0.7350,-0.0011700,0.0000458,0.00002410,0.00001400,-4.8246459961e+00,1.2848484516e-01,0.2323,2.4195954800e+00
-0.7340,-0.0011800,0.0000458,0.00002460,0.00001390,-4.8670706749e+00,1.2888889015e-01,0.2333,2.4620201588e+00
-0.7330,-0.0011700,0.0000459,0.00002520,0.00001390,-4.8290905952e+00,1.2929293513e-01,0.2343,2.4240400791e+00
-0.7320,-0.0011700,0.0000457,0.00002550,0.00001390,-4.8303027153e+00,1.2848484516e-01,0.2353,2.4252521992e+00
-0.7310,-0.0011800,0.0000457,0.00002570,0.00001400,-4.8715152740e+00,1.2808080018e-01,0.2363,2.4664647579e+00
-0.7300,-0.0011600,0.0000457,0.00002600,0.00001390,-4.7919192314e+00,1.2848484516e-01,0.2373,2.3868687153e+00
-0.7290,-0.0011700,0.0000456,0.00002630,0.00001390,-4.8335351944e+00,1.2808081508e-01,0.2383,2.4284846783e+00
-0.7280,-0.0011700,0.0000456,0.00002650,0.00001390,-4.8343429565e+00,1.2808081508e-01,0.2393,2.4292924404e+00
-0.7270,-0.0011700,0.0000456,0.00002680,0.00001390,-4.8355550766e+00,1.2808081508e-01,0.2403,2.4305045605e+00
-0.7260,-0.0011600,0.0000456,0.00002690,0.00001390,-4.7955555916e+00,1.2808081508e-01,0.2413,2.3905050755e+00
-0.7250,-0.0011700,0.0000455,0.00002710,0.00001390,-4.8367671967e+00,1.2767677009e-01,0.2423,2.4317166805e+00
-0.7240,-0.0011700,0.0000456,0.00002730,0.00001390,-4.8375754356e+00,1.2808081508e-01,0.2433,2.4325249195e+00
-0.7230,-0.0011600,0.0000458,0.00002780,0.00001390,-4.7991919518e+00,1.2888889015e-01,0.2443,2.3941414356e+00
-0.7220,-0.0011600,0.0000455,0.00002810,0.00001390,-4.8004040718e+00,1.2767677009e-01,0.2453,2.3953535557e+00
-0.7210,-0.0011700,0.0000456,0.00002830,0.00001390,-4.8416156769e+00,1.2808081508e-01,0.2463,2.4365651608e+00
-0.7200,-0.0011700,0.0000458,0.00002860,0.00001390,-4.8428277969e+00,1.2888889015e-01,0.2473,2.4377772808e+00
-0.7190,-0.0011700,0.0000456,0.00002890,0.00001380,-4.8440399170e+00,1.2848486006e-01,0.2483,2.4389894009e+00
-0.7180,-0.0011700,0.0000455,0.00002910,0.00001380,-4.8448481560e+00,1.2808081508e-01,0.2493,2.4397976398e+00
-0.7170,-0.0011700,0.0000457,0.00002940,0.00001380,-4.8460602760e+00,1.2888889015e-01,0.2503,2.4410097599e+00
-0.7160,-0.0011600,0.0000456,0.00002960,0.00001380,-4.8064646721e+00,1.2848486006e-01,0.2513,2.4014141560e+00
-0.7150,-0.0011700,0.0000456,0.00002960,0.00001380,-4.8468685150e+00,1.2848486006e-01,0.2523,2.4418179989e+00
-0.7140,-0.0011600,0.0000456,0.00002970,0.00001380,-4.8068685532e+00,1.2848486006e-01,0.2533,2.4018180370e+00
-0.7130,-0.0011700,0.0000455,0.00002990,0.00001380,-4.8480806351e+00,1.2808081508e-01,0.2543,2.4430301189e+00
-0.7120,-0.0011600,0.0000456,0.00002990,0.00001380,-4.8076767921e+00,1.2848486006e-01,0.2553,2.4026262760e+00
-0.7110,-0.0011700,0.0000455,0.00003010,0.00001380,-4.8488888741e+00,1.2808081508e-01,0.2563,2.4438383579e+00
-0.7100,-0.0011700,0.0000456,0.00003040,0.00001380,-4.8501009941e+00,1.2848486006e-01,0.2573,2.4450504780e+00
-0.7090,-0.0011600,0.0000456,0.00003050,0.00001380,-4.8101010323e+00,1.2848486006e-01,0.2583,2.4050505161e+00
-0.7080,-0.0011600,0.0000456,0.00003060,0.00001380,-4.8105049133e+00,1.2848486006e-01,0.2593,2.4054543972e+00
-0.7070,-0.0011700,0.0000457,0.00003080,0.00001380,-4.8517169952e+00,1.2888889015e-01,0.2603,2.4466664791e+00
-0.7060,-0.0011700,0.0000456,0.00003110,0.00001380,-4.8529291153e+00,1.2848486006e-01,0.2613,2.4478785992e+00
-0.7050,-0.0011700,0.0000456,0.00003120,0.00001380,-4.8533329964e+00,1.2848486006e-01,0.2623,2.4482824802e+00
-0.7040,-0.0011500,0.0000455,0.00003130,0.00001380,-4.7729296684e+00,1.2808081508e-01,0.2633,2.3678791523e+00
-0.7030,-0.0011700,0.0000455,0.00003140,0.00001380,-4.8541412354e+00,1.2808081508e-01,0.2643,2.4490907192e+00
-0.7020,-0.0011600,0.0000458,0.00003150,0.00001380,-4.8141412735e+00,1.2929293513e-01,0.2653,2.4090907574e+00
-0.7010,-0.0011600,0.0000454,0.00003170,0.00001380,-4.8149495125e+00,1.2767677009e-01,0.2663,2.4098989964e+00
-0.7000,-0.0011600,0.0000456,0.00003180,0.00001370,-4.8153533936e+00,1.2888890505e-01,0.2673,2.4103028774e+00
-0.6990,-0.0011600,0.0000456,0.00003200,0.00001370,-4.8161616325e+00,1.2888890505e-01,0.2683,2.4111111164e+00
-0.6980,-0.0011600,0.0000455,0.00003220,0.00001370,-4.8169698715e+00,1.2848486006e-01,0.2693,2.4119193554e+00
-0.6970,-0.0011600,0.0000456,0.00003230,0.00001370,-4.8173737526e+00,1.2888890505e-01,0.2703,2.4123232365e+00
-0.6960,-0.0011600,0.0000456,0.00003230,0.00001370,-4.8173737526e+00,1.2888890505e-01,0.2713,2.4123232365e+00
-0.6950,-0.0011600,0.0000455,0.00003250,0.00001370,-4.8181819916e+00,1.2848486006e-01,0.2723,2.4131314754e+00
-0.6940,-0.0011700,0.0000455,0.00003290,0.00001370,-4.8602018356e+00,1.2848486006e-01,0.2733,2.4551513195e+00
-0.6930,-0.0011600,0.0000457,0.00003300,0.00001370,-4.8202018738e+00,1.2929293513e-01,0.2743,2.4151513577e+00
-0.6920,-0.0011600,0.0000456,0.00003310,0.00001370,-4.8206062317e+00,1.2888890505e-01,0.2753,2.4155557156e+00
-0.6910,-0.0011600,0.0000456,0.00003310,0.00001370,-4.8206062317e+00,1.2888890505e-01,0.2763,2.4155557156e+00
-0.6900,-0.0011600,0.0000458,0.00003320,0.00001370,-4.8210101128e+00,1.2969698012e-01,0.2773,2.4159595966e+00
-0.6890,-0.0011600,0.0000457,0.00003330,0.00001370,-4.8214139938e+00,1.2929293513e-01,0.2783,2.4163634777e+00
-0.6880,-0.0011600,0.0000457,0.00003330,0.00001370,-4.8214139938e+00,1.2929293513e-01,0.2793,2.4163634777e+00
-0.6870,-0.0011600,0.0000457,0.00003340,0.00001370,-4.8218183517e+00,1.2929293513e-01,0.2803,2.4167678356e+00
-0.6860,-0.0011600,0.0000457,0.00003340,0.00001370,-4.8218183517e+00,1.2929293513e-01,0.2813,2.4167678356e+00
-0.6850,-0.0011600,0.0000457,0.00003350,0.00001370,-4.8222222328e+00,1.2929293513e-01,0.2823,2.4171717167e+00
-0.6840,-0.0011600,0.0000457,0.00003360,0.00001370,-4.8226261139e+00,1.2929293513e-01,0.2833,2.4175755978e+00
-0.6830,-0.0011600,0.0000455,0.00003350,0.00001370,-4.8222222328e+00,1.2848486006e-01,0.2843,2.4171717167e+00
-0.6820,-0.0011600,0.0000459,0.00003350,0.00001370,-4.8222222328e+00,1.3010101020e-01,0.2853,2.4171717167e+00
-0.6810,-0.0011600,0.0000457,0.00003360,0.00001360,-4.8226261139e+00,1.2969696522e-01,0.2863,2.4175755978e+00
-0.6800,-0.0011600,0.0000457,0.00003370,0.00001360,-4.8230304718e+00,1.2969696522e-01,0.2873,2.4179799557e+00
-0.6790,-0.0011600,0.0000459,0.00003380,0.00001360,-4.8234343529e+00,1.3050504029e-01,0.2883,2.4183838367e+00
-0.6780,-0.0011600,0.0000458,0.00003390,0.00001360,-4.8238382339e+00,1.3010099530e-01,0.2893,2.4187877178e+00
-0.6770,-0.0011600,0.0000458,0.00003400,0.00001360,-4.8242425919e+00,1.3010099530e-01,0.2903,2.4191920757e+00
-0.6760,-0.0011600,0.0000458,0.00003400,0.00001360,-4.8242425919e+00,1.3010099530e-01,0.2913,2.4191920757e+00
-0.6750,-0.0011600,0.0000458,0.00003410,0.00001360,-4.8246464729e+00,1.3010099530e-01,0.2923,2.4195959568e+00
-0.6740,-0.0011600,0.0000457,0.00003420,0.00001360,-4.8250503540e+00,1.2969696522e-01,0.2933,2.4199998379e+00
-0.6730,-0.0011600,0.0000458,0.00003440,0.00001360,-4.8258585930e+00,1.3010099530e-01,0.2943,2.4208080769e+00
-0.6720,-0.0011600,0.0000457,0.00003460,0.00001360,-4.8266668320e+00,1.2969696522e-01,0.2953,2.4216163158e+00
-0.6710,-0.0011600,0.0000458,0.00003460,0.00001360,-4.8266668320e+00,1.3010099530e-01,0.2963,2.4216163158e+00
-0.6700,-0.0011600,0.0000457,0.00003450,0.00001360,-4.8262624741e+00,1.2969696522e-01,0.2973,2.4212119579e+00
-0.6690,-0.0011600,0.0000457,0.00003450,0.00001360,-4.8262624741e+00,1.2969696522e-01,0.2983,2.4212119579e+00
-0.6680,-0.0011500,0.0000458,0.00003450,0.00001360,-4.7858586311e+00,1.3010099530e-01,0.2993,2.3808081150e+00
-0.6670,-0.0011600,0.0000457,0.00003460,0.00001360,-4.8266668320e+00,1.2969696522e-01,0.3003,2.4216163158e+00
-0.6660,-0.0011600,0.0000459,0.00003460,0.00001360,-4.8266668320e+00,1.3050504029e-01,0.3013,2.4216163158e+00
-0.6650,-0.0011500,0.0000458,0.00003460,0.00001360,-4.7862629890e+00,1.3010099530e-01,0.3023,2.3812124729e+00
-0.6640,-0.0011600,0.0000458,0.00003450,0.00001360,-4.8262624741e+00,1.3010099530e-01,0.3033,2.4212119579e+00
-0.6630,-0.0011600,0.0000458,0.00003440,0.00001360,-4.8258585930e+00,1.3010099530e-01,0.3043,2.4208080769e+00
-0.6620,-0.0011600,0.0000460,0.00003450,0.00001360,-4.8262624741e+00,1.3090908527e-01,0.3053,2.4212119579e+00
-0.6610,-0.0011600,0.0000458,0.00003460,0.00001360,-4.8266668320e+00,1.3010099530e-01,0.3063,2.4216163158e+00
-0.6600,-0.0011500,0.0000458,0.00003470,0.00001360,-4.7866668701e+00,1.3010099530e-01,0.3073,2.3816163540e+00
-0.6590,-0.0011600,0.0000458,0.00003490,0.00001350,-4.8278789520e+00,1.3050504029e-01,0.3083,2.4228284359e+00
-0.6580,-0.0011600,0.0000459,0.00003490,0.00001350,-4.8278789520e+00,1.3090908527e-01,0.3093,2.4228284359e+00
-0.6570,-0.0011500,0.0000459,0.00003500,0.00001350,-4.7878789902e+00,1.3090908527e-01,0.3103,2.3828284740e+00
-0.6560,-0.0011500,0.0000459,0.00003500,0.00001350,-4.7878789902e+00,1.3090908527e-01,0.3113,2.3828284740e+00
-0.6550,-0.0011500,0.0000460,0.00003510,0.00001350,-4.7882828712e+00,1.3131313026e-01,0.3123,2.3832323551e+00
-0.6540,-0.0011500,0.0000457,0.00003510,0.00001350,-4.7882828712e+00,1.3010099530e-01,0.3133,2.3832323551e+00
-0.6530,-0.0011600,0.0000461,0.00003510,0.00001350,-4.8286871910e+00,1.3171717525e-01,0.3143,2.4236366749e+00
-0.6520,-0.0011500,0.0000458,0.00003520,0.00001350,-4.7886872292e+00,1.3050504029e-01,0.3153,2.3836367130e+00
-0.6510,-0.0011600,0.0000459,0.00003510,0.00001350,-4.8286871910e+00,1.3090908527e-01,0.3163,2.4236366749e+00
-0.6500,-0.0011500,0.0000459,0.00003520,0.00001350,-4.7886872292e+00,1.3090908527e-01,0.3173,2.3836367130e+00
-0.6490,-0.0011500,0.0000457,0.00003530,0.00001350,-4.7890911102e+00,1.3010099530e-01,0.3183,2.3840405941e+00
-0.6480,-0.0011500,0.0000459,0.00003530,0.00001350,-4.7890911102e+00,1.3090908527e-01,0.3193,2.3840405941e+00
-0.6470,-0.0011500,0.0000457,0.00003540,0.00001350,-4.7894949913e+00,1.3010099530e-01,0.3203,2.3844444752e+00
-0.6460,-0.0011500,0.0000460,0.00003550,0.00001350,-4.7898993492e+00,1.3131313026e-01,0.3213,2.3848488331e+00
-0.6450,-0.0011500,0.0000458,0.00003550,0.00001350,-4.7898993492e+00,1.3050504029e-01,0.3223,2.3848488331e+00
-0.6440,-0.0011500,0.0000459,0.00003550,0.00001350,-4.7898993492e+00,1.3090908527e-01,0.3233,2.3848488331e+00
-0.6430,-0.0011500,0.0000460,0.00003560,0.00001350,-4.7903032303e+00,1.3131313026e-01,0.3243,2.3852527142e+00
-0.6420,-0.0011600,0.0000456,0.00003550,0.00001350,-4.8303031921e+00,1.2969698012e-01,0.3253,2.4252526760e+00
-0.6410,-0.0011500,0.0000460,0.00003550,0.00001350,-4.7898993492e+00,1.3131313026e-01,0.3263,2.3848488331e+00
-0.6400,-0.0011400,0.0000457,0.00003560,0.00001350,-4.7498989105e+00,1.3010099530e-01,0.3273,2.3448483944e+00
-0.6390,-0.0011500,0.0000460,0.00003560,0.00001350,-4.7903032303e+00,1.3131313026e-01,0.3283,2.3852527142e+00
-0.6380,-0.0011500,0.0000459,0.00003550,0.00001350,-4.7898993492e+00,1.3090908527e-01,0.3293,2.3848488331e+00
-0.6370,-0.0011500,0.0000458,0.00003550,0.00001350,-4.7898993492e+00,1.3050504029e-01,0.3303,2.3848488331e+00
-0.6360,-0.0011500,0.0000459,0.00003550,0.00001350,-4.7898993492e+00,1.3090908527e-01,0.3313,2.3848488331e+00
-0.6350,-0.0011500,0.0000458,0.00003550,0.00001350,-4.7898993492e+00,1.3050504029e-01,0.3323,2.3848488331e+00
-0.6340,-0.0011500,0.0000460,0.00003560,0.00001350,-4.7903032303e+00,1.3131313026e-01,0.3333,2.3852527142e+00
-0.6330,-0.0011500,0.0000458,0.00003560,0.00001350,-4.7903032303e+00,1.3050504029e-01,0.3343,2.3852527142e+00
-0.6320,-0.0011500,0.0000457,0.00003550,0.00001350,-4.7898993492e+00,1.3010099530e-01,0.3353,2.3848488331e+00
-0.6310,-0.0011400,0.0000458,0.00003550,0.00001350,-4.7494950294e+00,1.3050504029e-01,0.3363,2.3444445133e+00
-0.6300,-0.0011500,0.0000457,0.00003560,0.00001350,-4.7903032303e+00,1.3010099530e-01,0.3373,2.3852527142e+00
-0.6290,-0.0011500,0.0000458,0.00003560,0.00001350,-4.7903032303e+00,1.3050504029e-01,0.3383,2.3852527142e+00
-0.6280,-0.0011400,0.0000456,0.00003560,0.00001350,-4.7498989105e+00,1.2969698012e-01,0.3393,2.3448483944e+00
-0.6270,-0.0011400,0.0000457,0.00003570,0.00001350,-4.7503027916e+00,1.3010099530e-01,0.3403,2.3452522755e+00
-0.6260,-0.0011500,0.0000457,0.00003570,0.00001350,-4.7907071114e+00,1.3010099530e-01,0.3413,2.3856565952e+00
-0.6250,-0.0011500,0.0000458,0.00003570,0.00001340,-4.7907071114e+00,1.3090908527e-01,0.3423,2.3856565952e+00
-0.6240,-0.0011500,0.0000459,0.00003580,0.00001340,-4.7911114693e+00,1.3131313026e-01,0.3433,2.3860609531e+00
-0.6230,-0.0011400,0.0000461,0.00003590,0.00001340,-4.7511110306e+00,1.3212122023e-01,0.3443,2.3460605145e+00
-0.6220,-0.0011500,0.0000455,0.00003580,0.00001340,-4.7911114693e+00,1.2969698012e-01,0.3453,2.3860609531e+00
-0.6210,-0.0011500,0.0000460,0.00003580,0.00001340,-4.7911114693e+00,1.3171717525e-01,0.3463,2.3860609531e+00
-0.6200,-0.0011400,0.0000459,0.00003580,0.00001350,-4.7507071495e+00,1.3090908527e-01,0.3473,2.3456566334e+00
-0.6190,-0.0011500,0.0000458,0.00003570,0.00001340,-4.7907071114e+00,1.3090908527e-01,0.3483,2.3856565952e+00
-0.6180,-0.0011500,0.0000459,0.00003580,0.00001340,-4.7911114693e+00,1.3131313026e-01,0.3493,2.3860609531e+00
-0.6170,-0.0011400,0.0000460,0.00003580,0.00001340,-4.7507071495e+00,1.3171717525e-01,0.3503,2.3456566334e+00
-0.6160,-0.0011500,0.0000457,0.00003580,0.00001340,-4.7911114693e+00,1.3050504029e-01,0.3513,2.3860609531e+00
-0.6150,-0.0011400,0.0000457,0.00003600,0.00001340,-4.7515149117e+00,1.3050504029e-01,0.3523,2.3464643955e+00
-0.6140,-0.0011500,0.0000458,0.00003620,0.00001340,-4.7927274704e+00,1.3090908527e-01,0.3533,2.3876769543e+00
-0.6130,-0.0011400,0.0000457,0.00003620,0.00001340,-4.7523231506e+00,1.3050504029e-01,0.3543,2.3472726345e+00
-0.6120,-0.0011500,0.0000458,0.00003620,0.00001340,-4.7927274704e+00,1.3090908527e-01,0.3553,2.3876769543e+00
-0.6110,-0.0011400,0.0000459,0.00003620,0.00001340,-4.7523231506e+00,1.3131313026e-01,0.3563,2.3472726345e+00
-0.6100,-0.0011500,0.0000457,0.00003630,0.00001340,-4.7931318283e+00,1.3050504029e-01,0.3573,2.3880813122e+00
-0.6090,-0.0011500,0.0000459,0.00003640,0.00001340,-4.7935357094e+00,1.3131313026e-01,0.3583,2.3884851933e+00
-0.6080,-0.0011500,0.0000459,0.00003640,0.00001340,-4.7935357094e+00,1.3131313026e-01,0.3593,2.3884851933e+00
-0.6070,-0.0011500,0.0000457,0.00003650,0.00001340,-4.7939395905e+00,1.3050504029e-01,0.3603,2.3888890743e+00
-0.6060,-0.0011400,0.0000459,0.00003650,0.00001340,-4.7535352707e+00,1.3131313026e-01,0.3613,2.3484847546e+00
-0.6050,-0.0011400,0.0000456,0.00003650,0.00001340,-4.7535352707e+00,1.3010101020e-01,0.3623,2.3484847546e+00
-0.6040,-0.0011500,0.0000457,0.00003660,0.00001340,-4.7943439484e+00,1.3050504029e-01,0.3633,2.3892934322e+00
-0.6030,-0.0011400,0.0000456,0.00003670,0.00001340,-4.7543435097e+00,1.3010101020e-01,0.3643,2.3492929935e+00
-0.6020,-0.0011400,0.0000458,0.00003670,0.00001340,-4.7543435097e+00,1.3090908527e-01,0.3653,2.3492929935e+00
-0.6010,-0.0011400,0.0000458,0.00003680,0.00001340,-4.7547473907e+00,1.3090908527e-01,0.3663,2.3496968746e+00
-0.6000,-0.0011500,0.0000458,0.00003670,0.00001340,-4.7947478294e+00,1.3090908527e-01,0.3673,2.3896973133e+00
-0.5990,-0.0011400,0.0000458,0.00003670,0.00001340,-4.7543435097e+00,1.3090908527e-01,0.3683,2.3492929935e+00
-0.5980,-0.0011400,0.0000456,0.00003680,0.00001340,-4.7547473907e+00,1.3010101020e-01,0.3693,2.3496968746e+00
-0.5970,-0.0011400,0.0000457,0.00003680,0.00001330,-4.7547473907e+00,1.3090908527e-01,0.3703,2.3496968746e+00
-0.5960,-0.0011400,0.0000456,0.00003690,0.00001330,-4.7551517487e+00,1.3050505519e-01,0.3713,2.3501012325e+00
-0.5950,-0.0011400,0.0000457,0.00003700,0.00001330,-4.7555556297e+00,1.3090908527e-01,0.3723,2.3505051136e+00
-0.5940,-0.0011400,0.0000457,0.00003710,0.00001330,-4.7559595108e+00,1.3090908527e-01,0.3733,2.3509089947e+00
-0.5930,-0.0011400,0.0000457,0.00003710,0.00001330,-4.7559595108e+00,1.3090908527e-01,0.3743,2.3509089947e+00
-0.5920,-0.0011400,0.0000456,0.00003710,0.00001340,-4.7559595108e+00,1.3010101020e-01,0.3753,2.3509089947e+00
-0.5910,-0.0011400,0.0000457,0.00003710,0.00001340,-4.7559595108e+00,1.3050504029e-01,0.3763,2.3509089947e+00
-0.5900,-0.0011400,0.0000456,0.00003710,0.00001330,-4.7559595108e+00,1.3050505519e-01,0.3773,2.3509089947e+00
-0.5890,-0.0011500,0.0000457,0.00003720,0.00001330,-4.7967681885e+00,1.3090908527e-01,0.3783,2.3917176723e+00
-0.5880,-0.0011400,0.0000458,0.00003720,0.00001330,-4.7563638687e+00,1.3131313026e-01,0.3793,2.3513133526e+00
-0.5870,-0.0011400,0.0000456,0.00003720,0.00001330,-4.7563638687e+00,1.3050505519e-01,0.3803,2.3513133526e+00
-0.5860,-0.0011400,0.0000458,0.00003730,0.00001330,-4.7567677498e+00,1.3131313026e-01,0.3813,2.3517172337e+00
-0.5850,-0.0011400,0.0000456,0.00003730,0.00001330,-4.7567677498e+00,1.3050505519e-01,0.3823,2.3517172337e+00
-0.5840,-0.0011400,0.0000457,0.00003730,0.00001330,-4.7567677498e+00,1.3090908527e-01,0.3833,2.3517172337e+00
-0.5830,-0.0011400,0.0000456,0.00003750,0.00001330,-4.7575759888e+00,1.3050505519e-01,0.3843,2.3525254726e+00
-0.5820,-0.0011500,0.0000457,0.00003760,0.00001330,-4.7983841896e+00,1.3090908527e-01,0.3853,2.3933336735e+00
-0.5810,-0.0011400,0.0000457,0.00003770,0.00001330,-4.7583837509e+00,1.3090908527e-01,0.3863,2.3533332348e+00
-0.5800,-0.0011400,0.0000455,0.00003780,0.00001330,-4.7587881088e+00,1.3010101020e-01,0.3873,2.3537375927e+00
-0.5790,-0.0011400,0.0000456,0.00003790,0.00001330,-4.7591919899e+00,1.3050505519e-01,0.3883,2.3541414738e+00
-0.5780,-0.0011400,0.0000457,0.00003800,0.00001330,-4.7595953941e+00,1.3090908527e-01,0.3893,2.3545448780e+00
-0.5770,-0.0011400,0.0000457,0.00003800,0.00001330,-4.7595953941e+00,1.3090908527e-01,0.3903,2.3545448780e+00
-0.5760,-0.0011400,0.0000454,0.00003810,0.00001330,-4.7600002289e+00,1.2969698012e-01,0.3913,2.3549497128e+00
-0.5750,-0.0011400,0.0000457,0.00003800,0.00001330,-4.7595953941e+00,1.3090908527e-01,0.3923,2.3545448780e+00
-0.5740,-0.0011400,0.0000455,0.00003800,0.00001330,-4.7595953941e+00,1.3010101020e-01,0.3933,2.3545448780e+00
-0.5730,-0.0011500,0.0000456,0.00003800,0.00001330,-4.7999997139e+00,1.3050505519e-01,0.3943,2.3949491978e+00
-0.5720,-0.0011400,0.0000455,0.00003810,0.00001330,-4.7600002289e+00,1.3010101020e-01,0.3953,2.3549497128e+00
-0.5710,-0.0011400,0.0000456,0.00003810,0.00001330,-4.7600002289e+00,1.3050505519e-01,0.3963,2.3549497128e+00
-0.5700,-0.0011300,0.0000455,0.00003830,0.00001320,-4.7204036713e+00,1.3050505519e-01,0.3973,2.3153531551e+00
-0.5690,-0.0011400,0.0000455,0.00003840,0.00001320,-4.7612118721e+00,1.3050505519e-01,0.3983,2.3561613560e+00
-0.5680,-0.0011400,0.0000456,0.00003820,0.00001330,-4.7604036331e+00,1.3050505519e-01,0.3993,2.3553531170e+00
-0.5670,-0.0011400,0.0000455,0.00003820,0.00001330,-4.7604036331e+00,1.3010101020e-01,0.4003,2.3553531170e+00
-0.5660,-0.0011400,0.0000454,0.00003820,0.00001330,-4.7604036331e+00,1.2969698012e-01,0.4013,2.3553531170e+00
-0.5650,-0.0011400,0.0000454,0.00003820,0.00001330,-4.7604036331e+00,1.2969698012e-01,0.4023,2.3553531170e+00
-0.5640,-0.0011300,0.0000452,0.00003830,0.00001330,-4.7204036713e+00,1.2888889015e-01,0.4033,2.3153531551e+00
-0.5630,-0.0011300,0.0000452,0.00003850,0.00001330,-4.7212119102e+00,1.2888889015e-01,0.4043,2.3161613941e+00
-0.5620,-0.0011400,0.0000453,0.00003860,0.00001330,-4.7620196342e+00,1.2929293513e-01,0.4053,2.3569691181e+00
-0.5610,-0.0011400,0.0000452,0.00003850,0.00001330,-4.7616157532e+00,1.2888889015e-01,0.4063,2.3565652370e+00
-0.5600,-0.0011300,0.0000452,0.00003860,0.00001330,-4.7216157913e+00,1.2888889015e-01,0.4073,2.3165652752e+00
-0.5590,-0.0011300,0.0000452,0.00003860,0.00001330,-4.7216157913e+00,1.2888889015e-01,0.4083,2.3165652752e+00
-0.5580,-0.0011300,0.0000452,0.00003850,0.00001330,-4.7212119102e+00,1.2888889015e-01,0.4093,2.3161613941e+00
-0.5570,-0.0011300,0.0000452,0.00003860,0.00001330,-4.7216157913e+00,1.2888889015e-01,0.4103,2.3165652752e+00
-0.5560,-0.0011300,0.0000453,0.00003870,0.00001330,-4.7220201492e+00,1.2929293513e-01,0.4113,2.3169696331e+00
-0.5550,-0.0011400,0.0000453,0.00003860,0.00001330,-4.7620196342e+00,1.2929293513e-01,0.4123,2.3569691181e+00
-0.5540,-0.0011300,0.0000452,0.00003870,0.00001330,-4.7220201492e+00,1.2888889015e-01,0.4133,2.3169696331e+00
-0.5530,-0.0011400,0.0000452,0.00003860,0.00001330,-4.7620196342e+00,1.2888889015e-01,0.4143,2.3569691181e+00
-0.5520,-0.0011400,0.0000452,0.00003860,0.00001330,-4.7620196342e+00,1.2888889015e-01,0.4153,2.3569691181e+00
-0.5510,-0.0011400,0.0000453,0.00003860,0.00001330,-4.7620196342e+00,1.2929293513e-01,0.4163,2.3569691181e+00
-0.5500,-0.0011300,0.0000452,0.00003870,0.00001330,-4.7220201492e+00,1.2888889015e-01,0.4173,2.3169696331e+00
-0.5490,-0.0011300,0.0000451,0.00003880,0.00001320,-4.7224240303e+00,1.2888890505e-01,0.4183,2.3173735142e+00
-0.5480,-0.0011400,0.0000454,0.00003880,0.00001320,-4.7628278732e+00,1.3010101020e-01,0.4193,2.3577773571e+00
-0.5470,-0.0011400,0.0000454,0.00003880,0.00001320,-4.7628278732e+00,1.3010101020e-01,0.4203,2.3577773571e+00
-0.5460,-0.0011400,0.0000452,0.00003880,0.00001320,-4.7628278732e+00,1.2929293513e-01,0.4213,2.3577773571e+00
-0.5450,-0.0011400,0.0000452,0.00003900,0.00001320,-4.7636361122e+00,1.2929293513e-01,0.4223,2.3585855961e+00
-0.5440,-0.0011400,0.0000453,0.00003930,0.00001320,-4.7648482323e+00,1.2969698012e-01,0.4233,2.3597977161e+00
-0.5430,-0.0011400,0.0000453,0.00003950,0.00001320,-4.7656559944e+00,1.2969698012e-01,0.4243,2.3606054783e+00
-0.5420,-0.0011400,0.0000453,0.00003970,0.00001320,-4.7664642334e+00,1.2969698012e-01,0.4253,2.3614137173e+00
-0.5410,-0.0011400,0.0000451,0.00003990,0.00001310,-4.7672724724e+00,1.2929295003e-01,0.4263,2.3622219563e+00
-0.5400,-0.0011400,0.0000454,0.00004010,0.00001310,-4.7680802345e+00,1.3050504029e-01,0.4273,2.3630297184e+00
-0.5390,-0.0011400,0.0000453,0.00004010,0.00001320,-4.7680802345e+00,1.2969698012e-01,0.4283,2.3630297184e+00
-0.5380,-0.0011400,0.0000453,0.00004010,0.00001320,-4.7680802345e+00,1.2969698012e-01,0.4293,2.3630297184e+00
-0.5370,-0.0011400,0.0000452,0.00003990,0.00001320,-4.7672724724e+00,1.2929293513e-01,0.4303,2.3622219563e+00
-0.5360,-0.0011400,0.0000453,0.00003970,0.00001320,-4.7664642334e+00,1.2969698012e-01,0.4313,2.3614137173e+00
-0.5350,-0.0011400,0.0000452,0.00003970,0.00001320,-4.7664642334e+00,1.2929293513e-01,0.4323,2.3614137173e+00
-0.5340,-0.0011300,0.0000448,0.00003960,0.00001320,-4.7256565094e+00,1.2767677009e-01,0.4333,2.3206059933e+00
-0.5330,-0.0011500,0.0000455,0.00003960,0.00001320,-4.8064646721e+00,1.3050505519e-01,0.4343,2.4014141560e+00
-0.5320,-0.0011300,0.0000453,0.00003970,0.00001320,-4.7260603905e+00,1.2969698012e-01,0.4353,2.3210098743e+00
-0.5310,-0.0011400,0.0000450,0.00003970,0.00001320,-4.7664642334e+00,1.2848486006e-01,0.4363,2.3614137173e+00
-0.5300,-0.0011400,0.0000452,0.00003970,0.00001320,-4.7664642334e+00,1.2929293513e-01,0.4373,2.3614137173e+00
-0.5290,-0.0011300,0.0000450,0.00003970,0.00001320,-4.7260603905e+00,1.2848486006e-01,0.4383,2.3210098743e+00
-0.5280,-0.0011400,0.0000450,0.00003980,0.00001320,-4.7668681145e+00,1.2848486006e-01,0.4393,2.3618175983e+00
-0.5270,-0.0011400,0.0000453,0.00003990,0.00001320,-4.7672724724e+00,1.2969698012e-01,0.4403,2.3622219563e+00
-0.5260,-0.0011300,0.0000450,0.00003980,0.00001320,-4.7264642715e+00,1.2848486006e-01,0.4413,2.3214137554e+00
-0.5250,-0.0011300,0.0000450,0.00003980,0.00001320,-4.7264642715e+00,1.2848486006e-01,0.4423,2.3214137554e+00
-0.5240,-0.0011400,0.0000451,0.00003980,0.00001320,-4.7668681145e+00,1.2888890505e-01,0.4433,2.3618175983e+00
-0.5230,-0.0011400,0.0000451,0.00003970,0.00001320,-4.7664642334e+00,1.2888890505e-01,0.4443,2.3614137173e+00
-0.5220,-0.0011300,0.0000449,0.00003980,0.00001320,-4.7264642715e+00,1.2808081508e-01,0.4453,2.3214137554e+00
-0.5210,-0.0011400,0.0000451,0.00003970,0.00001320,-4.7664642334e+00,1.2888890505e-01,0.4463,2.3614137173e+00
-0.5200,-0.0011300,0.0000450,0.00003970,0.00001320,-4.7260603905e+00,1.2848486006e-01,0.4473,2.3210098743e+00
-0.5190,-0.0011400,0.0000449,0.00003980,0.00001320,-4.7668681145e+00,1.2808081508e-01,0.4483,2.3618175983e+00
-0.5180,-0.0011400,0.0000449,0.00003980,0.00001320,-4.7668681145e+00,1.2808081508e-01,0.4493,2.3618175983e+00
-0.5170,-0.0011300,0.0000449,0.00003980,0.00001320,-4.7264642715e+00,1.2808081508e-01,0.4503,2.3214137554e+00
-0.5160,-0.0011400,0.0000448,0.00003990,0.00001310,-4.7672724724e+00,1.2808081508e-01,0.4513,2.3622219563e+00
-0.5150,-0.0011400,0.0000449,0.00003990,0.00001310,-4.7672724724e+00,1.2848486006e-01,0.4523,2.3622219563e+00
-0.5140,-0.0011300,0.0000448,0.00004000,0.00001310,-4.7272725105e+00,1.2808081508e-01,0.4533,2.3222219944e+00
-0.5130,-0.0011400,0.0000448,0.00004000,0.00001310,-4.7676763535e+00,1.2808081508e-01,0.4543,2.3626258373e+00
-0.5120,-0.0011300,0.0000448,0.00004030,0.00001310,-4.7284846306e+00,1.2808081508e-01,0.4553,2.3234341145e+00
-0.5110,-0.0011300,0.0000447,0.00004040,0.00001310,-4.7288885117e+00,1.2767677009e-01,0.4563,2.3238379955e+00
-0.5100,-0.0011300,0.0000448,0.00004030,0.00001310,-4.7284846306e+00,1.2808081508e-01,0.4573,2.3234341145e+00
-0.5090,-0.0011300,0.0000446,0.00004040,0.00001310,-4.7288885117e+00,1.2727272511e-01,0.4583,2.3238379955e+00
-0.5080,-0.0011300,0.0000445,0.00004060,0.00001310,-4.7296967506e+00,1.2686868012e-01,0.4593,2.3246462345e+00
-0.5070,-0.0011400,0.0000448,0.00004070,0.00001310,-4.7705044746e+00,1.2808081508e-01,0.4603,2.3654539585e+00
-0.5060,-0.0011200,0.0000448,0.00004070,0.00001310,-4.6896967888e+00,1.2808081508e-01,0.4613,2.2846462727e+00
-0.5050,-0.0011300,0.0000445,0.00004070,0.00001310,-4.7301006317e+00,1.2686868012e-01,0.4623,2.3250501156e+00
-0.5040,-0.0011300,0.0000446,0.00004070,0.00001310,-4.7301006317e+00,1.2727272511e-01,0.4633,2.3250501156e+00
-0.5030,-0.0011200,0.0000443,0.00004070,0.00001310,-4.6896967888e+00,1.2606059015e-01,0.4643,2.2846462727e+00
-0.5020,-0.0011300,0.0000447,0.00004070,0.00001310,-4.7301006317e+00,1.2767677009e-01,0.4653,2.3250501156e+00
-0.5010,-0.0011300,0.0000448,0.00004060,0.00001310,-4.7296967506e+00,1.2808081508e-01,0.4663,2.3246462345e+00
-0.5000,-0.0011400,0.0000445,0.00004060,0.00001310,-4.7701005936e+00,1.2686868012e-01,0.4673,2.3650500774e+00
-0.4990,-0.0011400,0.0000446,0.00004070,0.00001310,-4.7705044746e+00,1.2727272511e-01,0.4683,2.3654539585e+00
-0.4980,-0.0011300,0.0000446,0.00004070,0.00001310,-4.7301006317e+00,1.2727272511e-01,0.4693,2.3250501156e+00
-0.4970,-0.0011300,0.0000446,0.00004070,0.00001310,-4.7301006317e+00,1.2727272511e-01,0.4703,2.3250501156e+00
-0.4960,-0.0011300,0.0000444,0.00004080,0.00001310,-4.7305049896e+00,1.2646463513e-01,0.4713,2.3254544735e+00
-0.4950,-0.0011400,0.0000445,0.00004080,0.00001310,-4.7709088326e+00,1.2686868012e-01,0.4723,2.3658583164e+00
-0.4940,-0.0011300,0.0000444,0.00004080,0.00001310,-4.7305049896e+00,1.2646463513e-01,0.4733,2.3254544735e+00
-0.4930,-0.0011300,0.0000444,0.00004090,0.00001310,-4.7309088707e+00,1.2646463513e-01,0.4743,2.3258583546e+00
-0.4920,-0.0011300,0.0000445,0.00004100,0.00001310,-4.7313127518e+00,1.2686868012e-01,0.4753,2.3262622356e+00
-0.4910,-0.0011400,0.0000445,0.00004090,0.00001310,-4.7713127136e+00,1.2686868012e-01,0.4763,2.3662621975e+00
-0.4900,-0.0011300,0.0000445,0.00004100,0.00001310,-4.7313127518e+00,1.2686868012e-01,0.4773,2.3262622356e+00
-0.4890,-0.0011400,0.0000444,0.00004100,0.00001310,-4.7717165947e+00,1.2646463513e-01,0.4783,2.3666660786e+00
-0.4880,-0.0011300,0.0000443,0.00004100,0.00001310,-4.7313127518e+00,1.2606059015e-01,0.4793,2.3262622356e+00
-0.4870,-0.0011300,0.0000444,0.00004100,0.00001310,-4.7313127518e+00,1.2646463513e-01,0.4803,2.3262622356e+00
-0.4860,-0.0011300,0.0000442,0.00004100,0.00001310,-4.7313127518e+00,1.2565656006e-01,0.4813,2.3262622356e+00
-0.4850,-0.0011400,0.0000444,0.00004090,0.00001310,-4.7713127136e+00,1.2646463513e-01,0.4823,2.3662621975e+00
-0.4840,-0.0011300,0.0000442,0.00004100,0.00001310,-4.7313127518e+00,1.2565656006e-01,0.4833,2.3262622356e+00
-0.4830,-0.0011400,0.0000442,0.00004100,0.00001300,-4.7717165947e+00,1.2606059015e-01,0.4843,2.3666660786e+00
-0.4820,-0.0011300,0.0000443,0.00004110,0.00001310,-4.7317171097e+00,1.2606059015e-01,0.4853,2.3266665936e+00
-0.4810,-0.0011300,0.0000440,0.00004110,0.00001300,-4.7317171097e+00,1.2525252998e-01,0.4863,2.3266665936e+00
-0.4800,-0.0011300,0.0000440,0.00004120,0.00001300,-4.7321209908e+00,1.2525252998e-01,0.4873,2.3270704746e+00
-0.4790,-0.0011400,0.0000443,0.00004110,0.00001300,-4.7721209526e+00,1.2646463513e-01,0.4883,2.3670704365e+00
-0.4780,-0.0011300,0.0000441,0.00004110,0.00001300,-4.7317171097e+00,1.2565656006e-01,0.4893,2.3266665936e+00
-0.4770,-0.0011300,0.0000438,0.00004120,0.00001300,-4.7321209908e+00,1.2444444001e-01,0.4903,2.3270704746e+00
-0.4760,-0.0011300,0.0000440,0.00004120,0.00001300,-4.7321209908e+00,1.2525252998e-01,0.4913,2.3270704746e+00
-0.4750,-0.0011300,0.0000439,0.00004120,0.00001300,-4.7321209908e+00,1.2484847754e-01,0.4923,2.3270704746e+00
-0.4740,-0.0011300,0.0000438,0.00004130,0.00001300,-4.7325248718e+00,1.2444444001e-01,0.4933,2.3274743557e+00
-0.4730,-0.0011300,0.0000439,0.00004140,0.00001300,-4.7329292297e+00,1.2484847754e-01,0.4943,2.3278787136e+00
-0.4720,-0.0011300,0.0000437,0.00004140,0.00001300,-4.7329292297e+00,1.2404040992e-01,0.4953,2.3278787136e+00
-0.4710,-0.0011300,0.0000437,0.00004140,0.00001300,-4.7329292297e+00,1.2404040992e-01,0.4963,2.3278787136e+00
-0.4700,-0.0011300,0.0000437,0.00004140,0.00001300,-4.7329292297e+00,1.2404040992e-01,0.4973,2.3278787136e+00
-0.4690,-0.0011200,0.0000437,0.00004130,0.00001300,-4.6921210289e+00,1.2404040992e-01,0.4983,2.2870705128e+00
-0.4680,-0.0011300,0.0000433,0.00004120,0.00001300,-4.7321209908e+00,1.2242423743e-01,0.4993,2.3270704746e+00
-0.4670,-0.0011300,0.0000437,0.00004150,0.00001300,-4.7333331108e+00,1.2404040992e-01,0.5003,2.3282825947e+00
-0.4660,-0.0011300,0.0000435,0.00004180,0.00001300,-4.7345452309e+00,1.2323231995e-01,0.5013,2.3294947147e+00
-0.4650,-0.0011300,0.0000433,0.00004160,0.00001300,-4.7337369919e+00,1.2242423743e-01,0.5023,2.3286864758e+00
-0.4640,-0.0011300,0.0000436,0.00004160,0.00001300,-4.7337369919e+00,1.2363636494e-01,0.5033,2.3286864758e+00
-0.4630,-0.0011300,0.0000433,0.00004160,0.00001300,-4.7337369919e+00,1.2242423743e-01,0.5043,2.3286864758e+00
-0.4620,-0.0011400,0.0000435,0.00004170,0.00001300,-4.7745451927e+00,1.2323231995e-01,0.5053,2.3694946766e+00
-0.4610,-0.0011300,0.0000434,0.00004170,0.00001300,-4.7341413498e+00,1.2282827497e-01,0.5063,2.3290908337e+00
-0.4600,-0.0011300,0.0000433,0.00004180,0.00001300,-4.7345452309e+00,1.2242423743e-01,0.5073,2.3294947147e+00
-0.4590,-0.0011300,0.0000432,0.00004170,0.00001300,-4.7341413498e+00,1.2202020735e-01,0.5083,2.3290908337e+00
-0.4580,-0.0011400,0.0000431,0.00004170,0.00001300,-4.7745451927e+00,1.2161616236e-01,0.5093,2.3694946766e+00
-0.4570,-0.0011300,0.0000431,0.00004170,0.00001300,-4.7341413498e+00,1.2161616236e-01,0.5103,2.3290908337e+00
-0.4560,-0.0011300,0.0000431,0.00004160,0.00001300,-4.7337369919e+00,1.2161616236e-01,0.5113,2.3286864758e+00
-0.4550,-0.0011300,0.0000429,0.00004160,0.00001300,-4.7337369919e+00,1.2080807239e-01,0.5123,2.3286864758e+00
-0.4540,-0.0011300,0.0000430,0.00004170,0.00001300,-4.7341413498e+00,1.2121211737e-01,0.5133,2.3290908337e+00
-0.4530,-0.0011300,0.0000429,0.00004160,0.00001300,-4.7337369919e+00,1.2080807239e-01,0.5143,2.3286864758e+00
-0.4520,-0.0011400,0.0000428,0.00004170,0.00001300,-4.7745451927e+00,1.2040403485e-01,0.5153,2.3694946766e+00
-0.4510,-0.0011300,0.0000428,0.00004170,0.00001290,-4.7341413498e+00,1.2080807239e-01,0.5163,2.3290908337e+00
-0.4500,-0.0011300,0.0000427,0.00004170,0.00001290,-4.7341413498e+00,1.2040404975e-01,0.5173,2.3290908337e+00
-0.4490,-0.0011400,0.0000426,0.00004170,0.00001290,-4.7745451927e+00,1.2000000477e-01,0.5183,2.3694946766e+00
-0.4480,-0.0011300,0.0000425,0.00004180,0.00001290,-4.7345452309e+00,1.1959595978e-01,0.5193,2.3294947147e+00
-0.4470,-0.0011300,0.0000424,0.00004190,0.00001290,-4.7349491119e+00,1.1919191480e-01,0.5203,2.3298985958e+00
-0.4460,-0.0011400,0.0000425,0.00004180,0.00001290,-4.7749490738e+00,1.1959595978e-01,0.5213,2.3698985577e+00
-0.4450,-0.0011300,0.0000423,0.00004190,0.00001290,-4.7349491119e+00,1.1878786981e-01,0.5223,2.3298985958e+00
-0.4440,-0.0011300,0.0000422,0.00004200,0.00001290,-4.7353534698e+00,1.1838384718e-01,0.5233,2.3303029537e+00
-0.4430,-0.0011300,0.0000422,0.00004200,0.00001290,-4.7353534698e+00,1.1838384718e-01,0.5243,2.3303029537e+00
-0.4420,-0.0011300,0.0000422,0.00004210,0.00001290,-4.7357573509e+00,1.1838384718e-01,0.5253,2.3307068348e+00
-0.4410,-0.0011300,0.0000419,0.00004210,0.00001290,-4.7357573509e+00,1.1717171222e-01,0.5263,2.3307068348e+00
-0.4400,-0.0011300,0.0000421,0.00004210,0.00001290,-4.7357573509e+00,1.1797980219e-01,0.5273,2.3307068348e+00
-0.4390,-0.0011300,0.0000417,0.00004220,0.00001290,-4.7361617088e+00,1.1636363715e-01,0.5283,2.3311111927e+00
-0.4380,-0.0011300,0.0000418,0.00004240,0.00001280,-4.7369694710e+00,1.1717172712e-01,0.5293,2.3319189548e+00
-0.4370,-0.0011300,0.0000417,0.00004250,0.00001280,-4.7373738289e+00,1.1676768214e-01,0.5303,2.3323233128e+00
-0.4360,-0.0011300,0.0000416,0.00004270,0.00001280,-4.7381815910e+00,1.1636363715e-01,0.5313,2.3331310749e+00
-0.4350,-0.0011300,0.0000417,0.00004280,0.00001280,-4.7385859489e+00,1.1676768214e-01,0.5323,2.3335354328e+00
-0.4340,-0.0011300,0.0000415,0.00004280,0.00001280,-4.7385859489e+00,1.1595959961e-01,0.5333,2.3335354328e+00
-0.4330,-0.0011300,0.0000413,0.00004290,0.00001280,-4.7389898300e+00,1.1515152454e-01,0.5343,2.3339393139e+00
-0.4320,-0.0011400,0.0000414,0.00004290,0.00001280,-4.7793936729e+00,1.1555555463e-01,0.5353,2.3743431568e+00
-0.4310,-0.0011300,0.0000412,0.00004290,0.00001280,-4.7389898300e+00,1.1474747956e-01,0.5363,2.3339393139e+00
-0.4300,-0.0011300,0.0000410,0.00004290,0.00001280,-4.7389898300e+00,1.1393939704e-01,0.5373,2.3339393139e+00
-0.4290,-0.0011400,0.0000411,0.00004300,0.00001280,-4.7797975540e+00,1.1434343457e-01,0.5383,2.3747470379e+00
-0.4280,-0.0011300,0.0000410,0.00004300,0.00001280,-4.7393937111e+00,1.1393939704e-01,0.5393,2.3343431950e+00
-0.4270,-0.0011300,0.0000406,0.00004300,0.00001280,-4.7393937111e+00,1.1232323200e-01,0.5403,2.3343431950e+00
-0.4260,-0.0011300,0.0000408,0.00004300,0.00001280,-4.7393937111e+00,1.1313132197e-01,0.5413,2.3343431950e+00
-0.4250,-0.0011300,0.0000407,0.00004310,0.00001280,-4.7397980690e+00,1.1272727698e-01,0.5423,2.3347475529e+00
-0.4240,-0.0011400,0.0000405,0.00004310,0.00001280,-4.7802019119e+00,1.1191919446e-01,0.5433,2.3751513958e+00
-0.4230,-0.0011300,0.0000405,0.00004310,0.00001280,-4.7397980690e+00,1.1191919446e-01,0.5443,2.3347475529e+00
-0.4220,-0.0011300,0.0000403,0.00004320,0.00001270,-4.7402019501e+00,1.1151515692e-01,0.5453,2.3351514339e+00
-0.4210,-0.0011400,0.0000404,0.00004320,0.00001270,-4.7806057930e+00,1.1191918701e-01,0.5463,2.3755552769e+00
-0.4200,-0.0011300,0.0000402,0.00004310,0.00001270,-4.7397980690e+00,1.1111111194e-01,0.5473,2.3347475529e+00
-0.4190,-0.0011400,0.0000400,0.00004310,0.00001270,-4.7802019119e+00,1.1030302197e-01,0.5483,2.3751513958e+00
-0.4180,-0.0011300,0.0000400,0.00004310,0.00001270,-4.7397980690e+00,1.1030302197e-01,0.5493,2.3347475529e+00
-0.4170,-0.0011300,0.0000397,0.00004310,0.00001270,-4.7397980690e+00,1.0909090936e-01,0.5503,2.3347475529e+00
-0.4160,-0.0011400,0.0000399,0.00004320,0.00001270,-4.7806057930e+00,1.0989898443e-01,0.5513,2.3755552769e+00
-0.4150,-0.0011400,0.0000397,0.00004330,0.00001270,-4.7810096741e+00,1.0909090936e-01,0.5523,2.3759591579e+00
-0.4140,-0.0011400,0.0000395,0.00004330,0.00001270,-4.7810096741e+00,1.0828281939e-01,0.5533,2.3759591579e+00
-0.4130,-0.0011400,0.0000394,0.00004340,0.00001260,-4.7814140320e+00,1.0828282684e-01,0.5543,2.3763635159e+00
-0.4120,-0.0011300,0.0000394,0.00004350,0.00001260,-4.7414140701e+00,1.0828282684e-01,0.5553,2.3363635540e+00
-0.4110,-0.0011400,0.0000391,0.00004350,0.00001260,-4.7818179131e+00,1.0707069933e-01,0.5563,2.3767673969e+00
-0.4100,-0.0011300,0.0000391,0.00004380,0.00001260,-4.7426261902e+00,1.0707069933e-01,0.5573,2.3375756741e+00
-0.4090,-0.0011400,0.0000390,0.00004400,0.00001260,-4.7838382721e+00,1.0666665435e-01,0.5583,2.3787877560e+00
-0.4080,-0.0011300,0.0000388,0.00004440,0.00001260,-4.7450504303e+00,1.0585858673e-01,0.5593,2.3399999142e+00
-0.4070,-0.0011300,0.0000388,0.00004450,0.00001260,-4.7454543114e+00,1.0585858673e-01,0.5603,2.3404037952e+00
-0.4060,-0.0011500,0.0000386,0.00004450,0.00001260,-4.8262624741e+00,1.0505049676e-01,0.5613,2.4212119579e+00
-0.4050,-0.0011400,0.0000386,0.00004450,0.00001260,-4.7858581543e+00,1.0505049676e-01,0.5623,2.3808076382e+00
-0.4040,-0.0011400,0.0000384,0.00004470,0.00001260,-4.7866663933e+00,1.0424242169e-01,0.5633,2.3816158772e+00
-0.4030,-0.0011400,0.0000383,0.00004460,0.00001250,-4.7862625122e+00,1.0424242169e-01,0.5643,2.3812119961e+00
-0.4020,-0.0011400,0.0000382,0.00004450,0.00001260,-4.7858581543e+00,1.0343433917e-01,0.5653,2.3808076382e+00
-0.4010,-0.0011400,0.0000379,0.00004440,0.00001260,-4.7854542732e+00,1.0222221911e-01,0.5663,2.3804037571e+00
-0.4000,-0.0011400,0.0000380,0.00004430,0.00001260,-4.7850503922e+00,1.0262624919e-01,0.5673,2.3799998760e+00
-0.3990,-0.0011400,0.0000379,0.00004420,0.00001260,-4.7846460342e+00,1.0222221911e-01,0.5683,2.3795955181e+00
-0.3980,-0.0011400,0.0000375,0.00004410,0.00001260,-4.7842421532e+00,1.0060606152e-01,0.5693,2.3791916370e+00
-0.3970,-0.0011400,0.0000376,0.00004400,0.00001250,-4.7838382721e+00,1.0141413659e-01,0.5703,2.3787877560e+00
-0.3960,-0.0011400,0.0000373,0.00004400,0.00001250,-4.7838382721e+00,1.0020201653e-01,0.5713,2.3787877560e+00
-0.3950,-0.0011400,0.0000371,0.00004380,0.00001250,-4.7830300331e+00,9.9393934011e-02,0.5723,2.3779795170e+00
-0.3940,-0.0011400,0.0000371,0.00004380,0.00001250,-4.7830300331e+00,9.9393934011e-02,0.5733,2.3779795170e+00
-0.3930,-0.0011400,0.0000370,0.00004380,0.00001250,-4.7830300331e+00,9.8989903927e-02,0.5743,2.3779795170e+00
-0.3920,-0.0011400,0.0000368,0.00004380,0.00001250,-4.7830300331e+00,9.8181813955e-02,0.5753,2.3779795170e+00
-0.3910,-0.0011400,0.0000367,0.00004390,0.00001240,-4.7834339142e+00,9.8181813955e-02,0.5763,2.3783833981e+00
-0.3900,-0.0011400,0.0000366,0.00004400,0.00001240,-4.7838382721e+00,9.7777776420e-02,0.5773,2.3787877560e+00
-0.3890,-0.0011500,0.0000366,0.00004400,0.00001240,-4.8242425919e+00,9.7777776420e-02,0.5783,2.4191920757e+00
-0.3880,-0.0011400,0.0000364,0.00004390,0.00001240,-4.7834339142e+00,9.6969701350e-02,0.5793,2.3783833981e+00
-0.3870,-0.0011400,0.0000361,0.00004400,0.00001240,-4.7838382721e+00,9.5757573843e-02,0.5803,2.3787877560e+00
-0.3860,-0.0011500,0.0000361,0.00004420,0.00001240,-4.8250503540e+00,9.5757573843e-02,0.5813,2.4199998379e+00
-0.3850,-0.0011400,0.0000359,0.00004440,0.00001240,-4.7854542732e+00,9.4949498773e-02,0.5823,2.3804037571e+00
-0.3840,-0.0011400,0.0000358,0.00004430,0.00001240,-4.7850503922e+00,9.4545453787e-02,0.5833,2.3799998760e+00
-0.3830,-0.0011400,0.0000357,0.00004430,0.00001240,-4.7850503922e+00,9.4141408801e-02,0.5843,2.3799998760e+00
-0.3820,-0.0011500,0.0000353,0.00004410,0.00001240,-4.8246464729e+00,9.2525251210e-02,0.5853,2.4195959568e+00
-0.3810,-0.0011500,0.0000355,0.00004400,0.00001240,-4.8242425919e+00,9.3333341181e-02,0.5863,2.4191920757e+00
-0.3800,-0.0011400,0.0000351,0.00004390,0.00001240,-4.7834339142e+00,9.1717176139e-02,0.5873,2.3783833981e+00
-0.3790,-0.0011500,0.0000350,0.00004390,0.00001230,-4.8238382339e+00,9.1717176139e-02,0.5883,2.4187877178e+00
-0.3780,-0.0011500,0.0000349,0.00004390,0.00001230,-4.8238382339e+00,9.1313138604e-02,0.5893,2.4187877178e+00
-0.3770,-0.0011500,0.0000348,0.00004390,0.00001230,-4.8238382339e+00,9.0909093618e-02,0.5903,2.4187877178e+00
-0.3760,-0.0011400,0.0000344,0.00004380,0.00001230,-4.7830300331e+00,8.9292936027e-02,0.5913,2.3779795170e+00
-0.3750,-0.0011500,0.0000343,0.00004390,0.00001230,-4.8238382339e+00,8.8888891041e-02,0.5923,2.4187877178e+00
-0.3740,-0.0011400,0.0000343,0.00004390,0.00001230,-4.7834339142e+00,8.8888891041e-02,0.5933,2.3783833981e+00
-0.3730,-0.0011400,0.0000341,0.00004390,0.00001230,-4.7834339142e+00,8.8080815971e-02,0.5943,2.3783833981e+00
-0.3720,-0.0011500,0.0000339,0.00004390,0.00001230,-4.8238382339e+00,8.7272733450e-02,0.5953,2.4187877178e+00
-0.3710,-0.0011500,0.0000339,0.00004410,0.00001220,-4.8246464729e+00,8.7676763535e-02,0.5963,2.4195959568e+00
-0.3700,-0.0011500,0.0000337,0.00004410,0.00001220,-4.8246464729e+00,8.6868681014e-02,0.5973,2.4195959568e+00
-0.3690,-0.0011500,0.0000335,0.00004390,0.00001220,-4.8238382339e+00,8.6060605943e-02,0.5983,2.4187877178e+00
-0.3680,-0.0011500,0.0000334,0.00004390,0.00001220,-4.8238382339e+00,8.5656560957e-02,0.5993,2.4187877178e+00
-0.3670,-0.0011500,0.0000332,0.00004380,0.00001220,-4.8234343529e+00,8.4848493338e-02,0.6003,2.4183838367e+00
-0.3660,-0.0011500,0.0000330,0.00004380,0.00001220,-4.8234343529e+00,8.4040403366e-02,0.6013,2.4183838367e+00
-0.3650,-0.0011500,0.0000329,0.00004370,0.00001220,-4.8230304718e+00,8.3636358380e-02,0.6023,2.4179799557e+00
-0.3640,-0.0011500,0.0000327,0.00004370,0.00001220,-4.8230304718e+00,8.2828290761e-02,0.6033,2.4179799557e+00
-0.3630,-0.0011500,0.0000326,0.00004360,0.00001220,-4.8226261139e+00,8.2424245775e-02,0.6043,2.4175755978e+00
-0.3620,-0.0011500,0.0000324,0.00004360,0.00001210,-4.8226261139e+00,8.2020193338e-02,0.6053,2.4175755978e+00
-0.3610,-0.0011500,0.0000322,0.00004350,0.00001210,-4.8222222328e+00,8.1212125719e-02,0.6063,2.4171717167e+00
-0.3600,-0.0011400,0.0000320,0.00004330,0.00001210,-4.7810096741e+00,8.0404035747e-02,0.6073,2.3759591579e+00
-0.3590,-0.0011500,0.0000320,0.00004330,0.00001210,-4.8214139938e+00,8.0404035747e-02,0.6083,2.4163634777e+00
-0.3580,-0.0011500,0.0000321,0.00004330,0.00001210,-4.8214139938e+00,8.0808080733e-02,0.6093,2.4163634777e+00
-0.3570,-0.0011500,0.0000316,0.00004330,0.00001210,-4.8214139938e+00,7.8787878156e-02,0.6103,2.4163634777e+00
-0.3560,-0.0011500,0.0000314,0.00004320,0.00001210,-4.8210101128e+00,7.7979788184e-02,0.6113,2.4159595966e+00
-0.3550,-0.0011600,0.0000314,0.00004320,0.00001210,-4.8614139557e+00,7.7979788184e-02,0.6123,2.4563634396e+00
-0.3540,-0.0011500,0.0000313,0.00004300,0.00001210,-4.8202018738e+00,7.7575743198e-02,0.6133,2.4151513577e+00
-0.3530,-0.0011500,0.0000310,0.00004300,0.00001210,-4.8202018738e+00,7.6363630593e-02,0.6143,2.4151513577e+00
-0.3520,-0.0011500,0.0000309,0.00004300,0.00001200,-4.8202018738e+00,7.6363630593e-02,0.6153,2.4151513577e+00
-0.3510,-0.0011500,0.0000307,0.00004290,0.00001200,-4.8197979927e+00,7.5555555522e-02,0.6163,2.4147474766e+00
-0.3500,-0.0011500,0.0000307,0.00004290,0.00001200,-4.8197979927e+00,7.5555555522e-02,0.6173,2.4147474766e+00
-0.3490,-0.0011500,0.0000306,0.00004280,0.00001200,-4.8193941116e+00,7.5151517987e-02,0.6183,2.4143435955e+00
-0.3480,-0.0011600,0.0000302,0.00004280,0.00001200,-4.8597979546e+00,7.3535352945e-02,0.6193,2.4547474384e+00
-0.3470,-0.0011600,0.0000302,0.00004260,0.00001200,-4.8589897156e+00,7.3535352945e-02,0.6203,2.4539391994e+00
-0.3460,-0.0011600,0.0000301,0.00004270,0.00001200,-4.8593935966e+00,7.3131307960e-02,0.6213,2.4543430805e+00
-0.3450,-0.0011500,0.0000298,0.00004270,0.00001200,-4.8189897537e+00,7.1919187903e-02,0.6223,2.4139392376e+00
-0.3440,-0.0011600,0.0000297,0.00004250,0.00001200,-4.8585858345e+00,7.1515150368e-02,0.6233,2.4535353184e+00
-0.3430,-0.0011500,0.0000296,0.00004250,0.00001190,-4.8181819916e+00,7.1515150368e-02,0.6243,2.4131314754e+00
-0.3420,-0.0011600,0.0000296,0.00004240,0.00001190,-4.8581814766e+00,7.1515150368e-02,0.6253,2.4531309605e+00
-0.3410,-0.0011500,0.0000294,0.00004230,0.00001190,-4.8173737526e+00,7.0707075298e-02,0.6263,2.4123232365e+00
-0.3400,-0.0011600,0.0000291,0.00004220,0.00001190,-4.8573737144e+00,6.9494947791e-02,0.6273,2.4523231983e+00
-0.3390,-0.0011600,0.0000292,0.00004210,0.00001190,-4.8569693565e+00,6.9898992777e-02,0.6283,2.4519188404e+00
-0.3380,-0.0011500,0.0000289,0.00004210,0.00001190,-4.8165655136e+00,6.8686872721e-02,0.6293,2.4115149975e+00
-0.3370,-0.0011600,0.0000287,0.00004200,0.00001190,-4.8565654755e+00,6.7878790200e-02,0.6303,2.4515149593e+00
-0.3360,-0.0011600,0.0000286,0.00004190,0.00001190,-4.8561615944e+00,6.7474745214e-02,0.6313,2.4511110783e+00
-0.3350,-0.0011600,0.0000285,0.00004200,0.00001180,-4.8565654755e+00,6.7474745214e-02,0.6323,2.4515149593e+00
-0.3340,-0.0011600,0.0000282,0.00004190,0.00001180,-4.8561615944e+00,6.6262632608e-02,0.6333,2.4511110783e+00
-0.3330,-0.0011600,0.0000282,0.00004190,0.00001180,-4.8561615944e+00,6.6262632608e-02,0.6343,2.4511110783e+00
-0.3320,-0.0011600,0.0000279,0.00004190,0.00001180,-4.8561615944e+00,6.5050497651e-02,0.6353,2.4511110783e+00
-0.3310,-0.0011600,0.0000280,0.00004170,0.00001180,-4.8553533554e+00,6.5454542637e-02,0.6363,2.4503028393e+00
-0.3300,-0.0011500,0.0000276,0.00004160,0.00001180,-4.8145456314e+00,6.3838385046e-02,0.6373,2.4094951153e+00
-0.3290,-0.0011600,0.0000277,0.00004160,0.00001180,-4.8549494743e+00,6.4242430031e-02,0.6383,2.4498989582e+00
-0.3280,-0.0011600,0.0000275,0.00004170,0.00001170,-4.8553533554e+00,6.3838385046e-02,0.6393,2.4503028393e+00
-0.3270,-0.0011600,0.0000273,0.00004180,0.00001170,-4.8557572365e+00,6.3030302525e-02,0.6403,2.4507067204e+00
-0.3260,-0.0011600,0.0000273,0.00004170,0.00001170,-4.8553533554e+00,6.3030302525e-02,0.6413,2.4503028393e+00
-0.3250,-0.0011600,0.0000271,0.00004150,0.00001170,-4.8545451164e+00,6.2222227454e-02,0.6423,2.4494946003e+00
-0.3240,-0.0011600,0.0000269,0.00004150,0.00001170,-4.8545451164e+00,6.1414137483e-02,0.6433,2.4494946003e+00
-0.3230,-0.0011500,0.0000269,0.00004150,0.00001170,-4.8141412735e+00,6.1414137483e-02,0.6443,2.4090907574e+00
-0.3220,-0.0011600,0.0000267,0.00004150,0.00001170,-4.8545451164e+00,6.0606058687e-02,0.6453,2.4494946003e+00
-0.3210,-0.0011600,0.0000267,0.00004130,0.00001170,-4.8537373543e+00,6.0606058687e-02,0.6463,2.4486868382e+00
-0.3200,-0.0011600,0.0000263,0.00004110,0.00001170,-4.8529291153e+00,5.8989901096e-02,0.6473,2.4478785992e+00
-0.3190,-0.0011600,0.0000264,0.00004100,0.00001170,-4.8525252342e+00,5.9393934906e-02,0.6483,2.4474747181e+00
-0.3180,-0.0011600,0.0000261,0.00004080,0.00001170,-4.8517169952e+00,5.8181818575e-02,0.6493,2.4466664791e+00
-0.3170,-0.0011600,0.0000261,0.00004070,0.00001170,-4.8513131142e+00,5.8181818575e-02,0.6503,2.4462625980e+00
-0.3160,-0.0011600,0.0000259,0.00004060,0.00001170,-4.8509087563e+00,5.7373739779e-02,0.6513,2.4458582401e+00
-0.3150,-0.0011600,0.0000258,0.00004060,0.00001160,-4.8509087563e+00,5.7373736054e-02,0.6523,2.4458582401e+00
-0.3140,-0.0011600,0.0000257,0.00004050,0.00001160,-4.8505048752e+00,5.6969694793e-02,0.6533,2.4454543591e+00
-0.3130,-0.0011600,0.0000256,0.00004050,0.00001160,-4.8505048752e+00,5.6565657258e-02,0.6543,2.4454543591e+00
-0.3120,-0.0011600,0.0000257,0.00004040,0.00001160,-4.8501009941e+00,5.6969694793e-02,0.6553,2.4450504780e+00
-0.3110,-0.0011600,0.0000252,0.00004040,0.00001160,-4.8501009941e+00,5.4949499667e-02,0.6563,2.4450504780e+00
-0.3100,-0.0011700,0.0000253,0.00004040,0.00001160,-4.8905048370e+00,5.5353533477e-02,0.6573,2.4854543209e+00
-0.3090,-0.0011600,0.0000253,0.00004030,0.00001160,-4.8496966362e+00,5.5353533477e-02,0.6583,2.4446461201e+00
-0.3080,-0.0011600,0.0000250,0.00004020,0.00001160,-4.8492927551e+00,5.4141409695e-02,0.6593,2.4442422390e+00
-0.3070,-0.0011600,0.0000250,0.00004020,0.00001160,-4.8492927551e+00,5.4141409695e-02,0.6603,2.4442422390e+00
-0.3060,-0.0011600,0.0000249,0.00004020,0.00001160,-4.8492927551e+00,5.3737375885e-02,0.6613,2.4442422390e+00
-0.3050,-0.0011600,0.0000246,0.00004000,0.00001160,-4.8484845161e+00,5.2525252104e-02,0.6623,2.4434340000e+00
-0.3040,-0.0011600,0.0000246,0.00003990,0.00001150,-4.8480806351e+00,5.2929293364e-02,0.6633,2.4430301189e+00
-0.3030,-0.0011600,0.0000246,0.00003980,0.00001150,-4.8476767540e+00,5.2929293364e-02,0.6643,2.4426262379e+00
-0.3020,-0.0011600,0.0000244,0.00004000,0.00001150,-4.8484845161e+00,5.2121210843e-02,0.6653,2.4434340000e+00
-0.3010,-0.0011600,0.0000244,0.00004000,0.00001150,-4.8484845161e+00,5.2121210843e-02,0.6663,2.4434340000e+00
-0.3000,-0.0011600,0.0000243,0.00004000,0.00001150,-4.8484845161e+00,5.1717169583e-02,0.6673,2.4434340000e+00
-0.2990,-0.0011600,0.0000242,0.00003980,0.00001150,-4.8476767540e+00,5.1313132048e-02,0.6683,2.4426262379e+00
-0.2980,-0.0011600,0.0000239,0.00003970,0.00001150,-4.8472723961e+00,5.0101008266e-02,0.6693,2.4422218800e+00
-0.2970,-0.0011600,0.0000239,0.00003960,0.00001150,-4.8468685150e+00,5.0101008266e-02,0.6703,2.4418179989e+00
-0.2960,-0.0011600,0.0000239,0.00003950,0.00001150,-4.8464646339e+00,5.0101008266e-02,0.6713,2.4414141178e+00
-0.2950,-0.0011600,0.0000238,0.00003950,0.00001150,-4.8464646339e+00,4.9696967006e-02,0.6723,2.4414141178e+00
-0.2940,-0.0011600,0.0000235,0.00003950,0.00001150,-4.8464646339e+00,4.8484850675e-02,0.6733,2.4414141178e+00
-0.2930,-0.0011600,0.0000236,0.00003940,0.00001150,-4.8460602760e+00,4.8888888210e-02,0.6743,2.4410097599e+00
-0.2920,-0.0011600,0.0000233,0.00003930,0.00001150,-4.8456563950e+00,4.7676764429e-02,0.6753,2.4406058788e+00
-0.2910,-0.0011600,0.0000234,0.00003950,0.00001150,-4.8464646339e+00,4.8080805689e-02,0.6763,2.4414141178e+00
-0.2900,-0.0011600,0.0000234,0.00003960,0.00001140,-4.8468685150e+00,4.8484846950e-02,0.6773,2.4418179989e+00
-0.2890,-0.0011600,0.0000230,0.00003940,0.00001140,-4.8460602760e+00,4.6868685633e-02,0.6783,2.4410097599e+00
-0.2880,-0.0011700,0.0000231,0.00003930,0.00001140,-4.8860602379e+00,4.7272723168e-02,0.6793,2.4810097218e+00
-0.2870,-0.0011600,0.0000231,0.00003910,0.00001140,-4.8448481560e+00,4.7272723168e-02,0.6803,2.4397976398e+00
-0.2860,-0.0011600,0.0000228,0.00003900,0.00001140,-4.8444442749e+00,4.6060606837e-02,0.6813,2.4393937588e+00
-0.2850,-0.0011600,0.0000228,0.00003880,0.00001140,-4.8436360359e+00,4.6060606837e-02,0.6823,2.4385855198e+00
-0.2840,-0.0011600,0.0000227,0.00003880,0.00001140,-4.8436360359e+00,4.5656565577e-02,0.6833,2.4385855198e+00
-0.2830,-0.0011600,0.0000227,0.00003880,0.00001140,-4.8436360359e+00,4.5656565577e-02,0.6843,2.4385855198e+00
-0.2820,-0.0011600,0.0000226,0.00003880,0.00001140,-4.8436360359e+00,4.5252520591e-02,0.6853,2.4385855198e+00
-0.2810,-0.0011600,0.0000224,0.00003890,0.00001140,-4.8440399170e+00,4.4444441795e-02,0.6863,2.4389894009e+00
-0.2800,-0.0011600,0.0000224,0.00003870,0.00001140,-4.8432321548e+00,4.4444441795e-02,0.6873,2.4381816387e+00
-0.2790,-0.0011600,0.0000223,0.00003850,0.00001140,-4.8424239159e+00,4.4040404260e-02,0.6883,2.4373733997e+00
-0.2780,-0.0011600,0.0000223,0.00003840,0.00001140,-4.8420205116e+00,4.4040404260e-02,0.6893,2.4369699955e+00
-0.2770,-0.0011600,0.0000222,0.00003820,0.00001140,-4.8412122726e+00,4.3636363000e-02,0.6903,2.4361617565e+00
-0.2760,-0.0011500,0.0000219,0.00003810,0.00001140,-4.8004045486e+00,4.2424239218e-02,0.6913,2.3953540325e+00
-0.2750,-0.0011700,0.0000221,0.00003810,0.00001140,-4.8812122345e+00,4.3232318014e-02,0.6923,2.4761617184e+00
-0.2740,-0.0011600,0.0000221,0.00003800,0.00001140,-4.8404040337e+00,4.3232318014e-02,0.6933,2.4353535175e+00
-0.2730,-0.0011600,0.0000217,0.00003800,0.00001140,-4.8404040337e+00,4.1616160423e-02,0.6943,2.4353535175e+00
-0.2720,-0.0011600,0.0000219,0.00003780,0.00001140,-4.8395962715e+00,4.2424239218e-02,0.6953,2.4345457554e+00
-0.2710,-0.0011600,0.0000217,0.00003790,0.00001140,-4.8400001526e+00,4.1616160423e-02,0.6963,2.4349496365e+00
-0.2700,-0.0011600,0.0000217,0.00003780,0.00001130,-4.8395962715e+00,4.2020201683e-02,0.6973,2.4345457554e+00
-0.2690,-0.0011600,0.0000217,0.00003780,0.00001130,-4.8395962715e+00,4.2020201683e-02,0.6983,2.4345457554e+00
-0.2680,-0.0011600,0.0000214,0.00003780,0.00001130,-4.8395962715e+00,4.0808077902e-02,0.6993,2.4345457554e+00
-0.2670,-0.0011600,0.0000214,0.00003770,0.00001130,-4.8391919136e+00,4.0808077902e-02,0.7003,2.4341413975e+00
-0.2660,-0.0011600,0.0000214,0.00003760,0.00001130,-4.8387880325e+00,4.0808077902e-02,0.7013,2.4337375164e+00
-0.2650,-0.0011600,0.0000212,0.00003750,0.00001130,-4.8383841515e+00,3.9999999106e-02,0.7023,2.4333336353e+00
-0.2640,-0.0011700,0.0000213,0.00003730,0.00001130,-4.8779797554e+00,4.0404044092e-02,0.7033,2.4729292393e+00
-0.2630,-0.0011500,0.0000211,0.00003730,0.00001130,-4.7971720695e+00,3.9595965296e-02,0.7043,2.3921215534e+00
-0.2620,-0.0011600,0.0000211,0.00003730,0.00001130,-4.8375759125e+00,3.9595965296e-02,0.7053,2.4325253963e+00
-0.2610,-0.0011600,0.0000211,0.00003720,0.00001130,-4.8371720314e+00,3.9595965296e-02,0.7063,2.4321215153e+00
-0.2600,-0.0011600,0.0000208,0.00003710,0.00001130,-4.8367676735e+00,3.8383841515e-02,0.7073,2.4317171574e+00
-0.2590,-0.0011600,0.0000209,0.00003700,0.00001130,-4.8363637924e+00,3.8787882775e-02,0.7083,2.4313132763e+00
-0.2580,-0.0011600,0.0000209,0.00003690,0.00001130,-4.8359599113e+00,3.8787882775e-02,0.7093,2.4309093952e+00
-0.2570,-0.0011500,0.0000209,0.00003680,0.00001130,-4.7951517105e+00,3.8787882775e-02,0.7103,2.3901011944e+00
-0.2560,-0.0011500,0.0000206,0.00003680,0.00001130,-4.7951517105e+00,3.7575762719e-02,0.7113,2.3901011944e+00
-0.2550,-0.0011600,0.0000207,0.00003670,0.00001130,-4.8351516724e+00,3.7979796529e-02,0.7123,2.4301011562e+00
-0.2540,-0.0011500,0.0000205,0.00003670,0.00001130,-4.7947478294e+00,3.7171717733e-02,0.7133,2.3896973133e+00
-0.2530,-0.0011500,0.0000205,0.00003670,0.00001130,-4.7947478294e+00,3.7171717733e-02,0.7143,2.3896973133e+00
-0.2520,-0.0011600,0.0000204,0.00003670,0.00001130,-4.8351516724e+00,3.6767680198e-02,0.7153,2.4301011562e+00
-0.2510,-0.0011500,0.0000204,0.00003670,0.00001120,-4.7947478294e+00,3.7171721458e-02,0.7163,2.3896973133e+00
-0.2500,-0.0011500,0.0000202,0.00003670,0.00001120,-4.7947478294e+00,3.6363635212e-02,0.7173,2.3896973133e+00
-0.2490,-0.0011600,0.0000203,0.00003670,0.00001120,-4.8351516724e+00,3.6767676473e-02,0.7183,2.4301011562e+00
-0.2480,-0.0011500,0.0000201,0.00003670,0.00001120,-4.7947478294e+00,3.5959597677e-02,0.7193,2.3896973133e+00
-0.2470,-0.0011600,0.0000201,0.00003660,0.00001120,-4.8347477913e+00,3.5959597677e-02,0.7203,2.4296972752e+00
-0.2460,-0.0011500,0.0000201,0.00003650,0.00001120,-4.7939395905e+00,3.5959597677e-02,0.7213,2.3888890743e+00
-0.2450,-0.0011500,0.0000199,0.00003650,0.00001120,-4.7939395905e+00,3.5151518881e-02,0.7223,2.3888890743e+00
-0.2440,-0.0011500,0.0000199,0.00003650,0.00001120,-4.7939395905e+00,3.5151518881e-02,0.7233,2.3888890743e+00
-0.2430,-0.0011500,0.0000198,0.00003650,0.00001120,-4.7939395905e+00,3.4747473896e-02,0.7243,2.3888890743e+00
-0.2420,-0.0011400,0.0000198,0.00003650,0.00001120,-4.7535352707e+00,3.4747473896e-02,0.7253,2.3484847546e+00
-0.2410,-0.0011500,0.0000197,0.00003640,0.00001120,-4.7935357094e+00,3.4343440086e-02,0.7263,2.3884851933e+00
-0.2400,-0.0011500,0.0000197,0.00003630,0.00001120,-4.7931318283e+00,3.4343440086e-02,0.7273,2.3880813122e+00
-0.2390,-0.0011500,0.0000195,0.00003630,0.00001120,-4.7931318283e+00,3.3535350114e-02,0.7283,2.3880813122e+00
-0.2380,-0.0011500,0.0000196,0.00003620,0.00001120,-4.7927274704e+00,3.3939395100e-02,0.7293,2.3876769543e+00
-0.2370,-0.0011500,0.0000194,0.00003620,0.00001120,-4.7927274704e+00,3.3131316304e-02,0.7303,2.3876769543e+00
-0.2360,-0.0011400,0.0000195,0.00003610,0.00001120,-4.7519192696e+00,3.3535350114e-02,0.7313,2.3468687534e+00
-0.2350,-0.0011400,0.0000193,0.00003610,0.00001120,-4.7519192696e+00,3.2727271318e-02,0.7323,2.3468687534e+00
-0.2340,-0.0011400,0.0000193,0.00003600,0.00001120,-4.7515149117e+00,3.2727271318e-02,0.7333,2.3464643955e+00
-0.2330,-0.0011500,0.0000192,0.00003600,0.00001120,-4.7919197083e+00,3.2323237509e-02,0.7343,2.3868691921e+00
-0.2320,-0.0011400,0.0000191,0.00003600,0.00001120,-4.7515149117e+00,3.1919192523e-02,0.7353,2.3464643955e+00
-0.2310,-0.0011300,0.0000190,0.00003590,0.00001120,-4.7107071877e+00,3.1515147537e-02,0.7363,2.3056566715e+00
-0.2300,-0.0011400,0.0000189,0.00003590,0.00001120,-4.7511110306e+00,3.1111113727e-02,0.7373,2.3460605145e+00
-0.2290,-0.0011400,0.0000190,0.00003590,0.00001120,-4.7511110306e+00,3.1515147537e-02,0.7383,2.3460605145e+00
-0.2280,-0.0011300,0.0000189,0.00003600,0.00001120,-4.7111110687e+00,3.1111113727e-02,0.7393,2.3060605526e+00
-0.2270,-0.0011300,0.0000187,0.00003590,0.00001110,-4.7107071877e+00,3.0707072467e-02,0.7403,2.3056566715e+00
-0.2260,-0.0011400,0.0000188,0.00003590,0.00001110,-4.7511110306e+00,3.1111110002e-02,0.7413,2.3460605145e+00
-0.2250,-0.0011300,0.0000187,0.00003600,0.00001110,-4.7111110687e+00,3.0707072467e-02,0.7423,2.3060605526e+00
-0.2240,-0.0011300,0.0000186,0.00003610,0.00001110,-4.7115154266e+00,3.0303029343e-02,0.7433,2.3064649105e+00
-0.2230,-0.0011300,0.0000186,0.00003600,0.00001110,-4.7111110687e+00,3.0303029343e-02,0.7443,2.3060605526e+00
-0.2220,-0.0011300,0.0000186,0.00003590,0.00001110,-4.7107071877e+00,3.0303029343e-02,0.7453,2.3056566715e+00
-0.2210,-0.0011300,0.0000185,0.00003600,0.00001110,-4.7111110687e+00,2.9898993671e-02,0.7463,2.3060605526e+00
-0.2200,-0.0011300,0.0000185,0.00003610,0.00001110,-4.7115154266e+00,2.9898993671e-02,0.7473,2.3064649105e+00
-0.2190,-0.0011300,0.0000183,0.00003610,0.00001110,-4.7115154266e+00,2.9090907425e-02,0.7483,2.3064649105e+00
-0.2180,-0.0011300,0.0000184,0.00003610,0.00001110,-4.7115154266e+00,2.9494950548e-02,0.7493,2.3064649105e+00
-0.2170,-0.0011300,0.0000183,0.00003610,0.00001110,-4.7115154266e+00,2.9090907425e-02,0.7503,2.3064649105e+00
-0.2160,-0.0011300,0.0000182,0.00003600,0.00001110,-4.7111110687e+00,2.8686869889e-02,0.7513,2.3060605526e+00
-0.2150,-0.0011200,0.0000181,0.00003610,0.00001110,-4.6711115837e+00,2.8282826766e-02,0.7523,2.2660610676e+00
-0.2140,-0.0011200,0.0000181,0.00003630,0.00001110,-4.6719193459e+00,2.8282826766e-02,0.7533,2.2668688297e+00
-0.2130,-0.0011200,0.0000181,0.00003630,0.00001110,-4.6719193459e+00,2.8282826766e-02,0.7543,2.2668688297e+00
-0.2120,-0.0011200,0.0000180,0.00003620,0.00001110,-4.6715154648e+00,2.7878791094e-02,0.7553,2.2664649487e+00
-0.2110,-0.0011200,0.0000179,0.00003620,0.00001110,-4.6715154648e+00,2.7474747971e-02,0.7563,2.2664649487e+00
-0.2100,-0.0011200,0.0000180,0.00003620,0.00001110,-4.6715154648e+00,2.7878791094e-02,0.7573,2.2664649487e+00
-0.2090,-0.0011100,0.0000177,0.00003620,0.00001100,-4.6311111450e+00,2.7070706710e-02,0.7583,2.2260606289e+00
-0.2080,-0.0011200,0.0000177,0.00003620,0.00001110,-4.6715154648e+00,2.6666667312e-02,0.7593,2.2664649487e+00
-0.2070,-0.0011100,0.0000177,0.00003610,0.00001110,-4.6307072639e+00,2.6666667312e-02,0.7603,2.2256567478e+00
-0.2060,-0.0011100,0.0000176,0.00003600,0.00001110,-4.6303029060e+00,2.6262624189e-02,0.7613,2.2252523899e+00
-0.2050,-0.0011000,0.0000176,0.00003600,0.00001110,-4.5898990631e+00,2.6262624189e-02,0.7623,2.1848485470e+00
-0.2040,-0.0011000,0.0000175,0.00003600,0.00001100,-4.5898990631e+00,2.6262627915e-02,0.7633,2.1848485470e+00
-0.2030,-0.0011000,0.0000176,0.00003590,0.00001100,-4.5894951820e+00,2.6666663587e-02,0.7643,2.1844446659e+00
-0.2020,-0.0011000,0.0000174,0.00003590,0.00001100,-4.5894951820e+00,2.5858584791e-02,0.7653,2.1844446659e+00
-0.2010,-0.0011000,0.0000173,0.00003590,0.00001100,-4.5894951820e+00,2.5454549119e-02,0.7663,2.1844446659e+00
-0.2000,-0.0011000,0.0000175,0.00003580,0.00001100,-4.5890908241e+00,2.6262627915e-02,0.7673,2.1840403080e+00
-0.1990,-0.0011000,0.0000173,0.00003580,0.00001100,-4.5890908241e+00,2.5454549119e-02,0.7683,2.1840403080e+00
-0.1980,-0.0011000,0.0000172,0.00003580,0.00001100,-4.5890908241e+00,2.5050504133e-02,0.7693,2.1840403080e+00
-0.1970,-0.0011000,0.0000172,0.00003580,0.00001100,-4.5890908241e+00,2.5050504133e-02,0.7703,2.1840403080e+00
-0.1960,-0.0010900,0.0000171,0.00003590,0.00001100,-4.5490913391e+00,2.4646461010e-02,0.7713,2.1440408230e+00
-0.1950,-0.0010900,0.0000171,0.00003600,0.00001100,-4.5494952202e+00,2.4646461010e-02,0.7723,2.1444447041e+00
-0.1940,-0.0010800,0.0000170,0.00003590,0.00001100,-4.5086870193e+00,2.4242425337e-02,0.7733,2.1036365032e+00
-0.1930,-0.0010900,0.0000169,0.00003580,0.00001100,-4.5486869812e+00,2.3838382214e-02,0.7743,2.1436364651e+00
-0.1920,-0.0010700,0.0000170,0.00003580,0.00001100,-4.4678788185e+00,2.4242425337e-02,0.7753,2.0628283024e+00
-0.1910,-0.0010800,0.0000169,0.00003590,0.00001100,-4.5086870193e+00,2.3838382214e-02,0.7763,2.1036365032e+00
-0.1900,-0.0010800,0.0000169,0.00003590,0.00001100,-4.5086870193e+00,2.3838382214e-02,0.7773,2.1036365032e+00
-0.1890,-0.0010700,0.0000166,0.00003590,0.00001100,-4.4682831764e+00,2.2626265883e-02,0.7783,2.0632326603e+00
-0.1880,-0.0010800,0.0000168,0.00003600,0.00001100,-4.5090909004e+00,2.3434344679e-02,0.7793,2.1040403843e+00
-0.1870,-0.0010600,0.0000168,0.00003600,0.00001100,-4.4282832146e+00,2.3434344679e-02,0.7803,2.0232326984e+00
-0.1860,-0.0010600,0.0000166,0.00003620,0.00001100,-4.4290914536e+00,2.2626265883e-02,0.7813,2.0240409374e+00
-0.1850,-0.0010600,0.0000166,0.00003620,0.00001100,-4.4290914536e+00,2.2626265883e-02,0.7823,2.0240409374e+00
-0.1840,-0.0010500,0.0000166,0.00003620,0.00001100,-4.3886871338e+00,2.2626265883e-02,0.7833,1.9836366177e+00
-0.1830,-0.0010500,0.0000164,0.00003620,0.00001100,-4.3886871338e+00,2.1818179637e-02,0.7843,1.9836366177e+00
-0.1820,-0.0010500,0.0000164,0.00003630,0.00001100,-4.3890910149e+00,2.1818179637e-02,0.7853,1.9840404987e+00
-0.1810,-0.0010400,0.0000165,0.00003630,0.00001100,-4.3486871719e+00,2.2222222760e-02,0.7863,1.9436366558e+00
-0.1800,-0.0010400,0.0000163,0.00003640,0.00001100,-4.3490910530e+00,2.1414142102e-02,0.7873,1.9440405369e+00
-0.1790,-0.0010400,0.0000163,0.00003650,0.00001100,-4.3494949341e+00,2.1414142102e-02,0.7883,1.9444444180e+00
-0.1780,-0.0010300,0.0000163,0.00003650,0.00001100,-4.3090910912e+00,2.1414142102e-02,0.7893,1.9040405750e+00
-0.1770,-0.0010300,0.0000161,0.00003670,0.00001100,-4.3098993301e+00,2.0606063306e-02,0.7903,1.9048488140e+00
-0.1760,-0.0010200,0.0000162,0.00003680,0.00001100,-4.2698988914e+00,2.1010098979e-02,0.7913,1.8648483753e+00
-0.1750,-0.0010200,0.0000161,0.00003690,0.00001100,-4.2703032494e+00,2.0606063306e-02,0.7923,1.8652527332e+00
-0.1740,-0.0010200,0.0000161,0.00003690,0.00001100,-4.2703032494e+00,2.0606063306e-02,0.7933,1.8652527332e+00
-0.1730,-0.0010000,0.0000160,0.00003700,0.00001100,-4.1898994446e+00,2.0202020183e-02,0.7943,1.7848489285e+00
-0.1720,-0.0010000,0.0000160,0.00003720,0.00001100,-4.1907076836e+00,2.0202020183e-02,0.7953,1.7856571674e+00
-0.1710,-0.0009970,0.0000159,0.00003710,0.00001100,-4.1781821251e+00,1.9797977060e-02,0.7963,1.7731316090e+00
-0.1700,-0.0009880,0.0000159,0.00003720,0.00001100,-4.1422224045e+00,1.9797977060e-02,0.7973,1.7371718884e+00
-0.1690,-0.0009910,0.0000159,0.00003730,0.00001100,-4.1547474861e+00,1.9797977060e-02,0.7983,1.7496969700e+00
-0.1680,-0.0009790,0.0000158,0.00003730,0.00001100,-4.1062626839e+00,1.9393939525e-02,0.7993,1.7012121677e+00
-0.1670,-0.0009730,0.0000157,0.00003730,0.00001090,-4.0820202827e+00,1.9393935800e-02,0.8003,1.6769697666e+00
-0.1660,-0.0009690,0.0000157,0.00003750,0.00001090,-4.0666666031e+00,1.9393935800e-02,0.8013,1.6616160870e+00
-0.1650,-0.0009620,0.0000157,0.00003760,0.00001090,-4.0387878418e+00,1.9393935800e-02,0.8023,1.6337373257e+00
-0.1640,-0.0009500,0.0000156,0.00003780,0.00001090,-3.9911115170e+00,1.8989900127e-02,0.8033,1.5860610008e+00
-0.1630,-0.0009480,0.0000155,0.00003790,0.00001090,-3.9834346771e+00,1.8585857004e-02,0.8043,1.5783841610e+00
-0.1620,-0.0009400,0.0000156,0.00003810,0.00001090,-3.9519190788e+00,1.8989900127e-02,0.8053,1.5468685627e+00
-0.1610,-0.0009310,0.0000154,0.00003820,0.00001090,-3.9159595966e+00,1.8181821331e-02,0.8063,1.5109090805e+00
-0.1600,-0.0009270,0.0000154,0.00003850,0.00001090,-3.9010102749e+00,1.8181821331e-02,0.8073,1.4959597588e+00
-0.1590,-0.0009180,0.0000154,0.00003860,0.00001090,-3.8650505543e+00,1.8181821331e-02,0.8083,1.4600000381e+00
-0.1580,-0.0009080,0.0000153,0.00003860,0.00001090,-3.8246464729e+00,1.7777776346e-02,0.8093,1.4195959568e+00
-0.1570,-0.0009020,0.0000152,0.00003870,0.00001090,-3.8008081913e+00,1.7373736948e-02,0.8103,1.3957576752e+00
-0.1560,-0.0008920,0.0000152,0.00003870,0.00001090,-3.7604041100e+00,1.7373736948e-02,0.8113,1.3553535938e+00
-0.1550,-0.0008870,0.0000151,0.00003880,0.00001090,-3.7406060696e+00,1.6969697550e-02,0.8123,1.3355555534e+00
-0.1540,-0.0008740,0.0000151,0.00003910,0.00001090,-3.6892931461e+00,1.6969697550e-02,0.8133,1.2842426300e+00
-0.1530,-0.0008660,0.0000150,0.00003940,0.00001090,-3.6581819057e+00,1.6565654427e-02,0.8143,1.2531313896e+00
-0.1520,-0.0008610,0.0000150,0.00003980,0.00001090,-3.6395959854e+00,1.6565654427e-02,0.8153,1.2345454693e+00
-0.1510,-0.0008460,0.0000148,0.00004020,0.00001090,-3.5806059837e+00,1.5757573768e-02,0.8163,1.1755554676e+00
-0.1500,-0.0008430,0.0000148,0.00004030,0.00001090,-3.5688891411e+00,1.5757573768e-02,0.8173,1.1638386250e+00
-0.1490,-0.0008280,0.0000148,0.00004040,0.00001090,-3.5086870193e+00,1.5757573768e-02,0.8183,1.1036365032e+00
-0.1480,-0.0008190,0.0000147,0.00004060,0.00001090,-3.4731314182e+00,1.5353534371e-02,0.8193,1.0680809021e+00
-0.1470,-0.0008090,0.0000146,0.00004080,0.00001090,-3.4335353374e+00,1.4949494973e-02,0.8203,1.0284848213e+00
-0.1460,-0.0007970,0.0000146,0.00004100,0.00001090,-3.3858587742e+00,1.4949494973e-02,0.8213,9.8080825806e-01
-0.1450,-0.0007870,0.0000145,0.00004140,0.00001090,-3.3470706940e+00,1.4545454644e-02,0.8223,9.4202017784e-01
-0.1440,-0.0007790,0.0000144,0.00004170,0.00001090,-3.3159596920e+00,1.4141411521e-02,0.8233,9.1090917587e-01
-0.1430,-0.0007640,0.0000144,0.00004190,0.00001090,-3.2561614513e+00,1.4141411521e-02,0.8243,8.5111093521e-01
-0.1420,-0.0007550,0.0000142,0.00004210,0.00001090,-3.2206060886e+00,1.3333331794e-02,0.8253,8.1555557251e-01
-0.1410,-0.0007440,0.0000142,0.00004240,0.00001090,-3.1773736477e+00,1.3333331794e-02,0.8263,7.7232313156e-01
-0.1400,-0.0007310,0.0000141,0.00004270,0.00001090,-3.1260604858e+00,1.2929292396e-02,0.8273,7.2100996971e-01
-0.1390,-0.0007220,0.0000141,0.00004290,0.00001090,-3.0905051231e+00,1.2929292396e-02,0.8283,6.8545460701e-01
-0.1380,-0.0007060,0.0000138,0.00004320,0.00001090,-3.0270707607e+00,1.1717169546e-02,0.8293,6.2202024460e-01
-0.1370,-0.0006970,0.0000139,0.00004340,0.00001090,-2.9915151596e+00,1.2121212669e-02,0.8303,5.8646464348e-01
-0.1360,-0.0006820,0.0000138,0.00004370,0.00001090,-2.9321212769e+00,1.1717169546e-02,0.8313,5.2707076073e-01
-0.1350,-0.0006720,0.0000137,0.00004410,0.00001090,-2.8933331966e+00,1.1313129216e-02,0.8323,4.8828268051e-01
-0.1340,-0.0006590,0.0000136,0.00004450,0.00001090,-2.8424241543e+00,1.0909089819e-02,0.8333,4.3737363815e-01
-0.1330,-0.0006460,0.0000136,0.00004490,0.00001090,-2.7915151119e+00,1.0909089819e-02,0.8343,3.8646459579e-01
-0.1320,-0.0006350,0.0000135,0.00004530,0.00001090,-2.7486867905e+00,1.0505049489e-02,0.8353,3.4363627434e-01
-0.1310,-0.0006190,0.0000133,0.00004560,0.00001090,-2.6852524281e+00,9.6969697624e-03,0.8363,2.8020191193e-01
-0.1300,-0.0006100,0.0000133,0.00004600,0.00001090,-2.6505050659e+00,9.6969697624e-03,0.8373,2.4545454979e-01
-0.1290,-0.0005940,0.0000132,0.00004640,0.00001090,-2.5874745846e+00,9.2929266393e-03,0.8383,1.8242406845e-01
-0.1280,-0.0005840,0.0000131,0.00004680,0.00001080,-2.5486869812e+00,9.2929266393e-03,0.8393,1.4363646507e-01
-0.1270,-0.0005690,0.0000130,0.00004720,0.00001080,-2.4896972179e+00,8.8888872415e-03,0.8403,8.4646701813e-02
-0.1260,-0.0005580,0.0000129,0.00004740,0.00001080,-2.4460606575e+00,8.4848469123e-03,0.8413,4.1010141373e-02
-0.1250,-0.0005430,0.0000128,0.00004790,0.00001080,-2.3874747753e+00,8.0808075145e-03,0.8423,1.7575740814e-02
-0.1240,-0.0005310,0.0000127,0.00004840,0.00001080,-2.3410103321e+00,7.6767671853e-03,0.8433,6.4040184021e-02
-0.1230,-0.0005180,0.0000127,0.00004880,0.00001080,-2.2901010513e+00,7.6767671853e-03,0.8443,1.1494946480e-01
-0.1220,-0.0005040,0.0000125,0.00004920,0.00001080,-2.2351515293e+00,6.8686841987e-03,0.8453,1.6989898682e-01
-0.1210,-0.0004910,0.0000124,0.00004980,0.00001080,-2.1850507259e+00,6.4646443352e-03,0.8463,2.1999979019e-01
-0.1200,-0.0004790,0.0000124,0.00005020,0.00001080,-2.1381819248e+00,6.4646443352e-03,0.8473,2.6686859131e-01
-0.1190,-0.0004660,0.0000122,0.00005070,0.00001080,-2.0876767635e+00,5.6565646082e-03,0.8483,3.1737375259e-01
-0.1180,-0.0004520,0.0000122,0.00005120,0.00001080,-2.0331313610e+00,5.6565646082e-03,0.8493,3.7191915512e-01
-0.1170,-0.0004400,0.0000121,0.00005170,0.00001080,-1.9866667986e+00,5.2525247447e-03,0.8503,4.1838371754e-01
-0.1160,-0.0004280,0.0000120,0.00005230,0.00001080,-1.9406059980e+00,4.8484848812e-03,0.8513,4.6444451809e-01
-0.1150,-0.0004150,0.0000119,0.00005290,0.00001080,-1.8905049562e+00,4.4444417581e-03,0.8523,5.1454555988e-01
-0.1140,-0.0004030,0.0000119,0.00005350,0.00001080,-1.8444445133e+00,4.4444417581e-03,0.8533,5.6060600281e-01
-0.1130,-0.0003910,0.0000118,0.00005400,0.00001080,-1.7979798317e+00,4.0404018946e-03,0.8543,6.0707068443e-01
-0.1120,-0.0003760,0.0000117,0.00005460,0.00001080,-1.7397980690e+00,3.6363620311e-03,0.8553,6.6525244713e-01
-0.1110,-0.0003670,0.0000116,0.00005520,0.00001080,-1.7058585882e+00,3.2323221676e-03,0.8563,6.9919192791e-01
-0.1100,-0.0003540,0.0000116,0.00005580,0.00001080,-1.6557575464e+00,3.2323221676e-03,0.8573,7.4929296970e-01
-0.1090,-0.0003420,0.0000114,0.00005640,0.00001080,-1.6096969843e+00,2.4242424406e-03,0.8583,7.9535353184e-01
-0.1080,-0.0003310,0.0000114,0.00005700,0.00001080,-1.5676766634e+00,2.4242424406e-03,0.8593,8.3737385273e-01
-0.1070,-0.0003200,0.0000113,0.00005750,0.00001080,-1.5252524614e+00,2.0201990847e-03,0.8603,8.7979805470e-01
-0.1060,-0.0003070,0.0000112,0.00005820,0.00001080,-1.4755556583e+00,1.6161592212e-03,0.8613,9.2949485779e-01
-0.1050,-0.0002970,0.0000112,0.00005880,0.00001080,-1.4375758171e+00,1.6161592212e-03,0.8623,9.6747469902e-01
-0.1040,-0.0002850,0.0000111,0.00005940,0.00001080,-1.3915151358e+00,1.2121194741e-03,0.8633,1.0135353804e+00
-0.1030,-0.0002750,0.0000110,0.00006020,0.00001080,-1.3543434143e+00,8.0807961058e-04,0.8643,1.0507071018e+00
-0.1020,-0.0002630,0.0000109,0.00006100,0.00001080,-1.3090908527e+00,4.0403980529e-04,0.8653,1.0959596634e+00
-0.1010,-0.0002540,0.0000109,0.00006150,0.00001080,-1.2747474909e+00,4.0403980529e-04,0.8663,1.1303030252e+00
-0.1000,-0.0002430,0.0000108,0.00006220,0.00001070,-1.2331312895e+00,4.0404347237e-04,0.8673,1.1719192266e+00
-0.0990,-0.0002320,0.0000107,0.00006280,0.00001070,-1.1911110878e+00,0.0000000000e+00,0.8683,1.2139394283e+00
-0.0980,-0.0002230,0.0000106,0.00006350,0.00001070,-1.1575757265e+00,-4.0403980529e-04,0.8693,1.2474747896e+00
-0.0970,-0.0002150,0.0000106,0.00006420,0.00001070,-1.1280808449e+00,-4.0403980529e-04,0.8703,1.2769696712e+00
-0.0960,-0.0002030,0.0000106,0.00006490,0.00001070,-1.0824242830e+00,-4.0403980529e-04,0.8713,1.3226262331e+00
-0.0950,-0.0001950,0.0000106,0.00006560,0.00001070,-1.0529292822e+00,-4.0403980529e-04,0.8723,1.3521212339e+00
-0.0940,-0.0001860,0.0000105,0.00006630,0.00001070,-1.0193939209e+00,-8.0807961058e-04,0.8733,1.3856565952e+00
-0.0930,-0.0001770,0.0000104,0.00006700,0.00001070,-9.8585855961e-01,-1.2121194741e-03,0.8743,1.4191919565e+00
-0.0920,-0.0001680,0.0000104,0.00006770,0.00001070,-9.5232319832e-01,-1.2121194741e-03,0.8753,1.4527273178e+00
-0.0910,-0.0001600,0.0000103,0.00006840,0.00001070,-9.2282825708e-01,-1.6161592212e-03,0.8763,1.4822223186e+00
-0.0900,-0.0001510,0.0000103,0.00006910,0.00001070,-8.8929295540e-01,-1.6161592212e-03,0.8773,1.5157575607e+00
-0.0890,-0.0001440,0.0000102,0.00006990,0.00001070,-8.6424243450e-01,-2.0201990847e-03,0.8783,1.5408080816e+00
-0.0880,-0.0001350,0.0000102,0.00007050,0.00001070,-8.3030301332e-01,-2.0201990847e-03,0.8793,1.5747475624e+00
-0.0870,-0.0001280,0.0000101,0.00007120,0.00001070,-8.0484849215e-01,-2.4242424406e-03,0.8803,1.6002020836e+00
-0.0860,-0.0001200,0.0000101,0.00007190,0.00001070,-7.7535355091e-01,-2.4242424406e-03,0.8813,1.6296969652e+00
-0.0850,-0.0001140,0.0000101,0.00007250,0.00001070,-7.5353533030e-01,-2.4242424406e-03,0.8823,1.6515152454e+00
-0.0840,-0.0001060,0.0000101,0.00007320,0.00001070,-7.2404038906e-01,-2.4242424406e-03,0.8833,1.6810101271e+00
-0.0830,-0.0000997,0.0000100,0.00007400,0.00001070,-7.0181822777e-01,-2.8282823041e-03,0.8843,1.7032322884e+00
-0.0820,-0.0000938,0.0000100,0.00007470,0.00001070,-6.8080806732e-01,-2.8282823041e-03,0.8853,1.7242424488e+00
-0.0810,-0.0000868,0.0000100,0.00007530,0.00001070,-6.5494948626e-01,-2.9898968060e-03,0.8863,1.7501010895e+00
-0.0800,-0.0000808,0.0000099,0.00007600,0.00001070,-6.3353538513e-01,-3.1515148003e-03,0.8873,1.7715151310e+00
-0.0790,-0.0000745,0.0000099,0.00007670,0.00001070,-6.1090910435e-01,-3.2727257349e-03,0.8883,1.7941414118e+00
-0.0780,-0.0000686,0.0000099,0.00007740,0.00001070,-5.8989900351e-01,-3.4343402367e-03,0.8893,1.8151514530e+00
-0.0770,-0.0000629,0.0000098,0.00007810,0.00001070,-5.6969696283e-01,-3.5151510965e-03,0.8903,1.8353536129e+00
-0.0760,-0.0000574,0.0000098,0.00007870,0.00001060,-5.4989898205e-01,-3.2323221676e-03,0.8913,1.8551515341e+00
-0.0750,-0.0000524,0.0000098,0.00007930,0.00001060,-5.3212118149e-01,-3.2727257349e-03,0.8923,1.8729293346e+00
-0.0740,-0.0000469,0.0000098,0.00008000,0.00001060,-5.1272732019e-01,-3.3535328694e-03,0.8933,1.8923232555e+00
-0.0730,-0.0000421,0.0000097,0.00008050,0.00001060,-4.9535354972e-01,-3.4343439620e-03,0.8943,1.9096969366e+00
-0.0720,-0.0000372,0.0000097,0.00008120,0.00001060,-4.7838383913e-01,-3.4343439620e-03,0.8953,1.9266667366e+00
-0.0710,-0.0000323,0.0000097,0.00008180,0.00001060,-4.6101009846e-01,-3.5151510965e-03,0.8963,1.9440404177e+00
-0.0700,-0.0000274,0.0000097,0.00008240,0.00001060,-4.4363635778e-01,-3.6363620311e-03,0.8973,1.9614140987e+00
-0.0690,-0.0000238,0.0000097,0.00008300,0.00001060,-4.3151515722e-01,-3.6767655984e-03,0.8983,1.9735352993e+00
-0.0680,-0.0000193,0.0000097,0.00008350,0.00001060,-4.1535356641e-01,-3.6767655984e-03,0.8993,1.9896969795e+00
-0.0670,-0.0000151,0.0000097,0.00008400,0.00001060,-4.0040403605e-01,-3.7979800254e-03,0.9003,2.0046465397e+00
-0.0660,-0.0000109,0.0000096,0.00008460,0.00001060,-3.8585859537e-01,-3.8383835927e-03,0.9013,2.0191919804e+00
-0.0650,-0.0000074,0.0000096,0.00008510,0.00001060,-3.7373736501e-01,-3.9191907272e-03,0.9023,2.0313131809e+00
-0.0640,-0.0000031,0.0000096,0.00008560,0.00001060,-3.5842421651e-01,-3.9595942944e-03,0.9033,2.0466263294e+00
-0.0630,0.0000000,0.0000096,0.00008610,0.00001060,-3.4785577655e-01,-3.9595942944e-03,0.9043,2.0571947098e+00
-0.0620,0.0000037,0.0000096,0.00008660,0.00001060,-3.3515152335e-01,-4.0404018946e-03,0.9053,2.0698990822e+00
-0.0610,0.0000070,0.0000096,0.00008710,0.00001060,-3.2355558872e-01,-4.0404018946e-03,0.9063,2.0814948082e+00
-0.0600,0.0000103,0.0000096,0.00008750,0.00001060,-3.1191918254e-01,-4.0808054619e-03,0.9073,2.0931313038e+00
-0.0590,0.0000134,0.0000096,0.00008800,0.00001060,-3.0141413212e-01,-4.1616163217e-03,0.9083,2.1036362648e+00
-0.0580,0.0000166,0.0000096,0.00008840,0.00001060,-2.9010099173e-01,-4.1616163217e-03,0.9093,2.1149494648e+00
-0.0570,0.0000195,0.0000096,0.00008890,0.00001060,-2.8040406108e-01,-4.0808054619e-03,0.9103,2.1246464252e+00
-0.0560,0.0000220,0.0000096,0.00008930,0.00001060,-2.7191919088e-01,-4.0808054619e-03,0.9113,2.1331312656e+00
-0.0550,0.0000251,0.0000096,0.00008980,0.00001060,-2.6141414046e-01,-4.0808054619e-03,0.9123,2.1436364651e+00
-0.0540,0.0000276,0.0000096,0.00009020,0.00001060,-2.5292930007e-01,-4.1212127544e-03,0.9133,2.1521213055e+00
-0.0530,0.0000302,0.0000096,0.00009070,0.00001060,-2.4444442987e-01,-4.1616163217e-03,0.9143,2.1606061459e+00
-0.0520,0.0000326,0.0000096,0.00009100,0.00001060,-2.3595958948e-01,-4.1616163217e-03,0.9153,2.1690909863e+00
-0.0510,0.0000354,0.0000096,0.00009150,0.00001060,-2.2666664422e-01,-4.2020198889e-03,0.9163,2.1783838272e+00
-0.0500,0.0000368,0.0000096,0.00009170,0.00001060,-2.2181816399e-01,-4.2020198889e-03,0.9173,2.1832323074e+00
-0.0490,0.0000393,0.0000095,0.00009210,0.00001060,-2.1333332360e-01,-4.2424234562e-03,0.9183,2.1917171478e+00
-0.0480,0.0000415,0.0000095,0.00009250,0.00001060,-2.0606058836e-01,-4.2424234562e-03,0.9193,2.1989898682e+00
-0.0470,0.0000434,0.0000095,0.00009280,0.00001060,-1.9959595799e-01,-4.2424234562e-03,0.9203,2.2054545879e+00
-0.0460,0.0000455,0.0000095,0.00009310,0.00001060,-1.9232322276e-01,-4.3232305907e-03,0.9213,2.2127273083e+00
-0.0450,0.0000474,0.0000095,0.00009340,0.00001060,-1.8585856259e-01,-4.4040377252e-03,0.9223,2.2191920280e+00
-0.0440,0.0000495,0.0000095,0.00009390,0.00001060,-1.7939393222e-01,-4.3636341579e-03,0.9233,2.2256565094e+00
-0.0430,0.0000510,0.0000095,0.00009410,0.00001060,-1.7414142191e-01,-4.3636341579e-03,0.9243,2.2309091091e+00
-0.0420,0.0000528,0.0000095,0.00009450,0.00001060,-1.6848483682e-01,-4.3636341579e-03,0.9253,2.2365655899e+00
-0.0410,0.0000545,0.0000095,0.00009480,0.00001060,-1.6282826662e-01,-4.3232305907e-03,0.9263,2.2422223091e+00
-0.0400,0.0000562,0.0000095,0.00009510,0.00001060,-1.5717169642e-01,-4.2424234562e-03,0.9273,2.2478787899e+00
-0.0390,0.0000578,0.0000095,0.00009530,0.00001060,-1.5151512623e-01,-4.3232305907e-03,0.9283,2.2535352707e+00
-0.0380,0.0000593,0.0000095,0.00009570,0.00001060,-1.4707069099e-01,-4.3232305907e-03,0.9293,2.2579798698e+00
-0.0370,0.0000606,0.0000095,0.00009580,0.00001060,-1.4222221076e-01,-4.3232305907e-03,0.9303,2.2628283501e+00
-0.0360,0.0000621,0.0000095,0.00009610,0.00001060,-1.3737371564e-01,-4.3232305907e-03,0.9313,2.2676768303e+00
-0.0350,0.0000635,0.0000095,0.00009640,0.00001060,-1.3292926550e-01,-4.4040377252e-03,0.9323,2.2721211910e+00
-0.0340,0.0000646,0.0000095,0.00009670,0.00001060,-1.2969696522e-01,-4.3232305907e-03,0.9333,2.2753534317e+00
-0.0330,0.0000663,0.0000095,0.00009690,0.00001060,-1.2363635749e-01,-4.4040377252e-03,0.9343,2.2814142704e+00
-0.0320,0.0000676,0.0000095,0.00009720,0.00001060,-1.1959595233e-01,-4.3636341579e-03,0.9353,2.2854545116e+00
-0.0310,0.0000685,0.0000095,0.00009740,0.00001060,-1.1676767468e-01,-4.4040377252e-03,0.9363,2.2882828712e+00
-0.0300,0.0000696,0.0000095,0.00009760,0.00001060,-1.1313131452e-01,-4.3636341579e-03,0.9373,2.2919192314e+00
-0.0290,0.0000712,0.0000095,0.00009790,0.00001060,-1.0787881166e-01,-4.3636341579e-03,0.9383,2.2971715927e+00
-0.0280,0.0000721,0.0000095,0.00009810,0.00001060,-1.0505047441e-01,-4.3232305907e-03,0.9393,2.2999999523e+00
-0.0270,0.0000732,0.0000095,0.00009830,0.00001060,-1.0141414404e-01,-4.3232305907e-03,0.9403,2.3036363125e+00
-0.0260,0.0000740,0.0000095,0.00009850,0.00001060,-9.8989881575e-02,-4.3232305907e-03,0.9413,2.3060605526e+00
-0.0250,0.0000752,0.0000095,0.00009870,0.00001060,-9.4949506223e-02,-4.2424234562e-03,0.9423,2.3101010323e+00
-0.0240,0.0000763,0.0000095,0.00009880,0.00001060,-9.0909101069e-02,-4.2424234562e-03,0.9433,2.3141415119e+00
-0.0230,0.0000769,0.0000095,0.00009900,0.00001060,-8.9292898774e-02,-4.2828270234e-03,0.9443,2.3157575130e+00
-0.0220,0.0000783,0.0000095,0.00009920,0.00001060,-8.4444433451e-02,-4.2424234562e-03,0.9453,2.3206059933e+00
-0.0210,0.0000787,0.0000095,0.00009940,0.00001060,-8.3636343479e-02,-4.2424234562e-03,0.9463,2.3214142323e+00
-0.0200,0.0000800,0.0000095,0.00009970,0.00001060,-7.9595968127e-02,-4.2828270234e-03,0.9473,2.3254544735e+00
-0.0190,0.0000808,0.0000095,0.00009980,0.00001060,-7.6767697930e-02,-4.2828270234e-03,0.9483,2.3282828331e+00
-0.0180,0.0000811,0.0000096,0.00010000,0.00001060,-7.6363623142e-02,-4.2020198889e-03,0.9493,2.3286869526e+00
-0.0170,0.0000825,0.0000095,0.00010000,0.00001060,-7.0707045496e-02,-4.2424234562e-03,0.9503,2.3343434334e+00
-0.0160,0.0000830,0.0000095,0.00010000,0.00001060,-6.8686857820e-02,-4.2828270234e-03,0.9513,2.3363635540e+00
-0.0150,0.0000836,0.0000095,0.00010100,0.00001060,-7.0303000510e-02,-4.2424234562e-03,0.9523,2.3347475529e+00
-0.0140,0.0000846,0.0000095,0.00010100,0.00001060,-6.6262625158e-02,-4.2828270234e-03,0.9533,2.3387877941e+00
-0.0130,0.0000850,0.0000095,0.00010100,0.00001060,-6.4646452665e-02,-4.2828270234e-03,0.9543,2.3404040337e+00
-0.0120,0.0000862,0.0000095,0.00010100,0.00001060,-5.9797953814e-02,-4.2828270234e-03,0.9553,2.3452525139e+00
-0.0110,0.0000863,0.0000095,0.00010100,0.00001060,-5.9393908828e-02,-4.2828270234e-03,0.9563,2.3456566334e+00
-0.0100,0.0000869,0.0000095,0.00010100,0.00001060,-5.6969679892e-02,-4.3232305907e-03,0.9573,2.3480808735e+00
-0.0090,0.0000880,0.0000095,0.00010200,0.00001060,-5.6565634906e-02,-4.3232305907e-03,0.9583,2.3484849930e+00
-0.0080,0.0000881,0.0000095,0.00010200,0.00001060,-5.6161593646e-02,-4.2828270234e-03,0.9593,2.3488888741e+00
-0.0070,0.0000890,0.0000095,0.00010200,0.00001060,-5.2525229752e-02,-4.3232305907e-03,0.9603,2.3525252342e+00
-0.0060,0.0000897,0.0000095,0.00010200,0.00001060,-4.9696955830e-02,-4.2828270234e-03,0.9613,2.3553535938e+00
-0.0050,0.0000899,0.0000095,0.00010200,0.00001060,-4.8888869584e-02,-4.2828270234e-03,0.9623,2.3561615944e+00
-0.0040,0.0000907,0.0000095,0.00010200,0.00001060,-4.5656550676e-02,-4.2424234562e-03,0.9633,2.3593940735e+00
-0.0030,0.0000914,0.0000095,0.00010200,0.00001060,-4.2828273028e-02,-4.2424234562e-03,0.9643,2.3622221947e+00
-0.0020,0.0000915,0.0000095,0.00010200,0.00001060,-4.2424231768e-02,-4.2424234562e-03,0.9653,2.3626263142e+00
-0.0010,0.0000921,0.0000096,0.00010200,0.00001060,-3.9999969304e-02,-4.1212127544e-03,0.9663,2.3650505543e+00
0.0000,0.0000941,0.0000096,0.00010300,0.00001060,-3.5959564149e-02,-4.2020198889e-03,0.9673,2.3690910339e+00
0.0010,0.0000932,0.0000096,0.00010300,0.00001060,-3.9595957845e-02,-4.1616163217e-03,0.9683,2.3654546738e+00
0.0020,0.0000934,0.0000096,0.00010300,0.00001060,-3.8787867874e-02,-4.2020198889e-03,0.9693,2.3662626743e+00
0.0030,0.0000944,0.0000095,0.00010300,0.00001060,-3.4747462720e-02,-4.2424234562e-03,0.9703,2.3703031540e+00
0.0040,0.0000946,0.0000095,0.00010300,0.00001060,-3.3939376473e-02,-4.2424234562e-03,0.9713,2.3711111546e+00
0.0050,0.0000952,0.0000096,0.00010300,0.00001060,-3.1515143812e-02,-4.2020198889e-03,0.9723,2.3735353947e+00
0.0060,0.0000959,0.0000096,0.00010300,0.00001060,-2.8686841950e-02,-4.2020198889e-03,0.9733,2.3763637543e+00
0.0070,0.0000957,0.0000096,0.00010400,0.00001060,-3.3535331488e-02,-4.2020198889e-03,0.9743,2.3715152740e+00
0.0080,0.0000962,0.0000096,0.00010300,0.00001060,-2.7474742383e-02,-4.1616163217e-03,0.9753,2.3775758743e+00
0.0090,0.0000966,0.0000096,0.00010400,0.00001060,-2.9898973182e-02,-4.2020198889e-03,0.9763,2.3751516342e+00
0.0100,0.0000975,0.0000096,0.00010400,0.00001060,-2.6262611151e-02,-4.2020198889e-03,0.9773,2.3787879944e+00
0.0110,0.0000970,0.0000095,0.00010400,0.00001060,-2.8282828629e-02,-4.2424234562e-03,0.9783,2.3767676353e+00
0.0120,0.0000978,0.0000096,0.00010400,0.00001060,-2.5050479919e-02,-4.1212127544e-03,0.9793,2.3800001144e+00
0.0130,0.0000987,0.0000095,0.00010400,0.00001060,-2.1414119750e-02,-4.2424234562e-03,0.9803,2.3836364746e+00
0.0140,0.0000978,0.0000096,0.00010400,0.00001060,-2.5050479919e-02,-4.0808054619e-03,0.9813,2.3800001144e+00
0.0150,0.0000996,0.0000096,0.00010400,0.00001060,-1.7777757719e-02,-4.1212127544e-03,0.9823,2.3872728348e+00
0.0160,0.0000991,0.0000096,0.00010400,0.00001060,-1.9797975197e-02,-4.2020198889e-03,0.9833,2.3852524757e+00
0.0170,0.0000997,0.0000096,0.00010400,0.00001060,-1.7373712733e-02,-4.0808054619e-03,0.9843,2.3876767159e+00
0.0180,0.0000999,0.0000096,0.00010500,0.00001060,-2.0606061444e-02,-4.0808054619e-03,0.9853,2.3844444752e+00
0.0190,0.0001010,0.0000096,0.00010500,0.00001060,-1.6161613166e-02,-4.1212127544e-03,0.9863,2.3888888359e+00
0.0200,0.0001010,0.0000096,0.00010500,0.00001060,-1.6161613166e-02,-4.1212127544e-03,0.9873,2.3888888359e+00
0.0210,0.0001010,0.0000096,0.00010500,0.00001060,-1.6161613166e-02,-4.1616163217e-03,0.9883,2.3888888359e+00
0.0220,0.0001010,0.0000096,0.00010500,0.00001060,-1.6161613166e-02,-4.1212127544e-03,0.9893,2.3888888359e+00
0.0230,0.0001020,0.0000096,0.00010500,0.00001060,-1.2121206149e-02,-4.1616163217e-03,0.9903,2.3929293156e+00
0.0240,0.0001020,0.0000096,0.00010500,0.00001060,-1.2121206149e-02,-4.1616163217e-03,0.9913,2.3929293156e+00
0.0250,0.0001020,0.0000096,0.00010500,0.00001060,-1.2121206149e-02,-4.2020198889e-03,0.9923,2.3929293156e+00
0.0260,0.0001020,0.0000096,0.00010500,0.00001060,-1.2121206149e-02,-4.2020198889e-03,0.9933,2.3929293156e+00
0.0270,0.0001030,0.0000096,0.00010500,0.00001060,-8.0808009952e-03,-4.2020198889e-03,0.9943,2.3969697952e+00
0.0280,0.0001030,0.0000096,0.00010500,0.00001060,-8.0808009952e-03,-4.1616163217e-03,0.9953,2.3969697952e+00
0.0290,0.0001030,0.0000096,0.00010600,0.00001060,-1.2121206149e-02,-4.1212127544e-03,0.9963,2.3929293156e+00
0.0300,0.0001040,0.0000096,0.00010600,0.00001060,-8.0808009952e-03,-4.0808054619e-03,0.9973,2.3969697952e+00
0.0310,0.0001040,0.0000096,0.00010600,0.00001060,-8.0808009952e-03,-4.0808054619e-03,0.9983,2.3969697952e+00
0.0320,0.0001040,0.0000096,0.00010600,0.00001060,-8.0808009952e-03,-3.9999983273e-03,0.9993,2.3969697952e+00
0.0330,0.0001050,0.0000096,0.00010600,0.00001060,-4.0403958410e-03,-4.0404018946e-03,1.0003,2.4010100365e+00
0.0340,0.0001050,0.0000096,0.00010600,0.00001060,-4.0403958410e-03,-4.0404018946e-03,1.0013,2.4010100365e+00
0.0350,0.0001050,0.0000096,0.00010600,0.00001060,-4.0403958410e-03,-4.0808054619e-03,1.0023,2.4010100365e+00
0.0360,0.0001060,0.0000096,0.00010600,0.00001060,9.9999999392e-09,-4.0404018946e-03,1.0033,2.4050505161e+00
0.0370,0.0001060,0.0000096,0.00010600,0.00001060,9.9999999392e-09,-4.1212127544e-03,1.0043,2.4050505161e+00
0.0380,0.0001050,0.0000096,0.00010600,0.00001060,-4.0403958410e-03,-4.0404018946e-03,1.0053,2.4010100365e+00
0.0390,0.0001060,0.0000096,0.00010700,0.00001060,-4.0403958410e-03,-4.1212127544e-03,1.0063,2.4010100365e+00
0.0400,0.0001060,0.0000096,0.00010600,0.00001060,9.9999999392e-09,-4.1212127544e-03,1.0073,2.4050505161e+00
0.0410,0.0001060,0.0000096,0.00010700,0.00001060,-4.0403958410e-03,-4.0404018946e-03,1.0083,2.4010100365e+00
0.0420,0.0001070,0.0000096,0.00010700,0.00001060,9.9999999392e-09,-4.0808054619e-03,1.0093,2.4050505161e+00
0.0430,0.0001070,0.0000096,0.00010700,0.00001060,9.9999999392e-09,-4.1616163217e-03,1.0103,2.4050505161e+00
0.0440,0.0001070,0.0000096,0.00010700,0.00001060,9.9999999392e-09,-4.0404018946e-03,1.0113,2.4050505161e+00
0.0450,0.0001080,0.0000096,0.00010700,0.00001060,4.0404153988e-03,-4.0404018946e-03,1.0123,2.4090909958e+00
0.0460,0.0001070,0.0000096,0.00010700,0.00001060,9.9999999392e-09,-3.9999983273e-03,1.0133,2.4050505161e+00
0.0470,0.0001080,0.0000096,0.00010700,0.00001060,4.0404153988e-03,-3.9999983273e-03,1.0143,2.4090909958e+00
0.0480,0.0001080,0.0000096,0.00010700,0.00001060,4.0404153988e-03,-3.9999983273e-03,1.0153,2.4090909958e+00
0.0490,0.0001090,0.0000096,0.00010700,0.00001060,8.0808214843e-03,-4.0404018946e-03,1.0163,2.4131312370e+00
0.0500,0.0001090,0.0000096,0.00010700,0.00001060,8.0808214843e-03,-4.0404018946e-03,1.0173,2.4131312370e+00
0.0510,0.0001090,0.0000096,0.00010800,0.00001060,4.0404153988e-03,-4.0808054619e-03,1.0183,2.4090909958e+00
0.0520,0.0001090,0.0000096,0.00010800,0.00001060,4.0404153988e-03,-3.9999983273e-03,1.0193,2.4090909958e+00
0.0530,0.0001090,0.0000096,0.00010800,0.00001060,4.0404153988e-03,-4.0808054619e-03,1.0203,2.4090909958e+00
0.0540,0.0001090,0.0000096,0.00010800,0.00001060,4.0404153988e-03,-4.0404018946e-03,1.0213,2.4090909958e+00
0.0550,0.0001100,0.0000096,0.00010800,0.00001060,8.0808214843e-03,-4.0404018946e-03,1.0223,2.4131312370e+00
0.0560,0.0001100,0.0000096,0.00010800,0.00001060,8.0808214843e-03,-4.1616163217e-03,1.0233,2.4131312370e+00
0.0570,0.0001100,0.0000096,0.00010800,0.00001060,8.0808214843e-03,-3.9999983273e-03,1.0243,2.4131312370e+00
0.0580,0.0001110,0.0000096,0.00010800,0.00001060,1.2121226639e-02,-4.0808054619e-03,1.0253,2.4171717167e+00
0.0590,0.0001100,0.0000096,0.00010800,0.00001060,8.0808214843e-03,-4.0808054619e-03,1.0263,2.4131312370e+00
0.0600,0.0001110,0.0000096,0.00010800,0.00001060,1.2121226639e-02,-4.1212127544e-03,1.0273,2.4171717167e+00
0.0610,0.0001110,0.0000096,0.00010800,0.00001060,1.2121226639e-02,-4.0404018946e-03,1.0283,2.4171717167e+00
0.0620,0.0001110,0.0000096,0.00010800,0.00001060,1.2121226639e-02,-4.0404018946e-03,1.0293,2.4171717167e+00
0.0630,0.0001110,0.0000096,0.00010900,0.00001060,8.0808214843e-03,-4.1212127544e-03,1.0303,2.4131312370e+00
0.0640,0.0001120,0.0000096,0.00010900,0.00001060,1.2121226639e-02,-4.0404018946e-03,1.0313,2.4171717167e+00
0.0650,0.0001120,0.0000096,0.00010900,0.00001060,1.2121226639e-02,-4.2020198889e-03,1.0323,2.4171717167e+00
0.0660,0.0001120,0.0000096,0.00010900,0.00001060,1.2121226639e-02,-4.1616163217e-03,1.0333,2.4171717167e+00
0.0670,0.0001120,0.0000096,0.00010900,0.00001060,1.2121226639e-02,-4.1212127544e-03,1.0343,2.4171717167e+00
0.0680,0.0001130,0.0000096,0.00010900,0.00001060,1.6161631793e-02,-4.1212127544e-03,1.0353,2.4212121964e+00
0.0690,0.0001120,0.0000096,0.00010900,0.00001060,1.2121226639e-02,-4.1616163217e-03,1.0363,2.4171717167e+00
0.0700,0.0001130,0.0000096,0.00010900,0.00001060,1.6161631793e-02,-4.0808054619e-03,1.0373,2.4212121964e+00
0.0710,0.0001130,0.0000096,0.00010900,0.00001060,1.6161631793e-02,-4.1212127544e-03,1.0383,2.4212121964e+00
0.0720,0.0001120,0.0000096,0.00010900,0.00001060,1.2121226639e-02,-4.2020198889e-03,1.0393,2.4171717167e+00
0.0730,0.0001140,0.0000096,0.00011000,0.00001060,1.6161631793e-02,-4.1616163217e-03,1.0403,2.4212121964e+00
0.0740,0.0001140,0.0000096,0.00011000,0.00001060,1.6161631793e-02,-4.1212127544e-03,1.0413,2.4212121964e+00
0.0750,0.0001140,0.0000096,0.00011000,0.00001050,1.6161631793e-02,-3.7979800254e-03,1.0423,2.4212121964e+00
0.0760,0.0001140,0.0000096,0.00011000,0.00001060,1.6161631793e-02,-4.1616163217e-03,1.0433,2.4212121964e+00
0.0770,0.0001150,0.0000096,0.00011000,0.00001060,2.0202036947e-02,-4.1616163217e-03,1.0443,2.4252524376e+00
0.0780,0.0001140,0.0000096,0.00011000,0.00001050,1.6161631793e-02,-3.7979800254e-03,1.0453,2.4212121964e+00
0.0790,0.0001150,0.0000096,0.00011000,0.00001060,2.0202036947e-02,-4.0808054619e-03,1.0463,2.4252524376e+00
0.0800,0.0001150,0.0000096,0.00011000,0.00001060,2.0202036947e-02,-4.1212127544e-03,1.0473,2.4252524376e+00
0.0810,0.0001150,0.0000096,0.00011000,0.00001050,2.0202036947e-02,-3.6767655984e-03,1.0483,2.4252524376e+00
0.0820,0.0001160,0.0000096,0.00011000,0.00001050,2.4242442101e-02,-3.7171728909e-03,1.0493,2.4292929173e+00
0.0830,0.0001160,0.0000096,0.00011000,0.00001050,2.4242442101e-02,-3.7575764582e-03,1.0503,2.4292929173e+00
0.0840,0.0001160,0.0000096,0.00011100,0.00001050,2.0202036947e-02,-3.7171728909e-03,1.0513,2.4252524376e+00
0.0850,0.0001160,0.0000096,0.00011100,0.00001050,2.0202036947e-02,-3.7171728909e-03,1.0523,2.4252524376e+00
0.0860,0.0001160,0.0000095,0.00011100,0.00001050,2.0202036947e-02,-3.8383835927e-03,1.0533,2.4252524376e+00
0.0870,0.0001160,0.0000096,0.00011100,0.00001050,2.0202036947e-02,-3.6363620311e-03,1.0543,2.4252524376e+00
0.0880,0.0001170,0.0000096,0.00011100,0.00001050,2.4242442101e-02,-3.7171728909e-03,1.0553,2.4292929173e+00
0.0890,0.0001170,0.0000096,0.00011100,0.00001050,2.4242442101e-02,-3.7979800254e-03,1.0563,2.4292929173e+00
0.0900,0.0001160,0.0000096,0.00011100,0.00001050,2.0202036947e-02,-3.6767655984e-03,1.0573,2.4252524376e+00
0.0910,0.0001170,0.0000096,0.00011100,0.00001050,2.4242442101e-02,-3.6767655984e-03,1.0583,2.4292929173e+00
0.0920,0.0001170,0.0000096,0.00011100,0.00001050,2.4242442101e-02,-3.7979800254e-03,1.0593,2.4292929173e+00
0.0930,0.0001170,0.0000096,0.00011200,0.00001050,2.0202036947e-02,-3.7575764582e-03,1.0603,2.4252524376e+00
0.0940,0.0001180,0.0000096,0.00011200,0.00001050,2.4242442101e-02,-3.7171728909e-03,1.0613,2.4292929173e+00
0.0950,0.0001180,0.0000096,0.00011200,0.00001050,2.4242442101e-02,-3.7979800254e-03,1.0623,2.4292929173e+00
0.0960,0.0001180,0.0000096,0.00011200,0.00001050,2.4242442101e-02,-3.7979800254e-03,1.0633,2.4292929173e+00
0.0970,0.0001180,0.0000096,0.00011200,0.00001050,2.4242442101e-02,-3.7171728909e-03,1.0643,2.4292929173e+00
0.0980,0.0001180,0.0000095,0.00011200,0.00001050,2.4242442101e-02,-3.8787873928e-03,1.0653,2.4292929173e+00
0.0990,0.0001190,0.0000096,0.00011200,0.00001050,2.8282817453e-02,-3.7979800254e-03,1.0663,2.4333333969e+00
0.1000,0.0001190,0.0000096,0.00011200,0.00001050,2.8282817453e-02,-3.7979800254e-03,1.0673,2.4333333969e+00
0.1010,0.0001190,0.0000095,0.00011200,0.00001050,2.8282817453e-02,-3.8383835927e-03,1.0683,2.4333333969e+00
0.1020,0.0001190,0.0000095,0.00011300,0.00001050,2.4242412299e-02,-3.8787873928e-03,1.0693,2.4292929173e+00
0.1030,0.0001190,0.0000096,0.00011300,0.00001050,2.4242412299e-02,-3.7575764582e-03,1.0703,2.4292929173e+00
0.1040,0.0001200,0.0000095,0.00011300,0.00001050,2.8282817453e-02,-3.8383835927e-03,1.0713,2.4333333969e+00
0.1050,0.0001200,0.0000095,0.00011300,0.00001050,2.8282817453e-02,-3.8383835927e-03,1.0723,2.4333333969e+00
0.1060,0.0001210,0.0000095,0.00011300,0.00001050,3.2323226333e-02,-3.8787873928e-03,1.0733,2.4373736382e+00
0.1070,0.0001200,0.0000096,0.00011300,0.00001050,2.8282817453e-02,-3.7979800254e-03,1.0743,2.4333333969e+00
0.1080,0.0001210,0.0000095,0.00011300,0.00001050,3.2323226333e-02,-3.8383835927e-03,1.0753,2.4373736382e+00
0.1090,0.0001210,0.0000095,0.00011300,0.00001050,3.2323226333e-02,-3.9191907272e-03,1.0763,2.4373736382e+00
0.1100,0.0001210,0.0000096,0.00011400,0.00001050,2.8282817453e-02,-3.7979800254e-03,1.0773,2.4333333969e+00
0.1110,0.0001210,0.0000095,0.00011400,0.00001050,2.8282817453e-02,-3.8787873928e-03,1.0783,2.4333333969e+00
0.1120,0.0001220,0.0000095,0.00011400,0.00001050,3.2323226333e-02,-3.8787873928e-03,1.0793,2.4373736382e+00
0.1130,0.0001210,0.0000095,0.00011400,0.00001050,2.8282817453e-02,-3.8383835927e-03,1.0803,2.4333333969e+00
0.1140,0.0001220,0.0000095,0.00011400,0.00001050,3.2323226333e-02,-3.8383835927e-03,1.0813,2.4373736382e+00
0.1150,0.0001220,0.0000095,0.00011400,0.00001050,3.2323226333e-02,-3.9191907272e-03,1.0823,2.4373736382e+00
0.1160,0.0001220,0.0000095,0.00011400,0.00001050,3.2323226333e-02,-3.8383835927e-03,1.0833,2.4373736382e+00
0.1170,0.0001220,0.0000095,0.00011400,0.00001050,3.2323226333e-02,-3.8383835927e-03,1.0843,2.4373736382e+00
0.1180,0.0001230,0.0000095,0.00011400,0.00001050,3.6363661289e-02,-3.9191907272e-03,1.0853,2.4414141178e+00
0.1190,0.0001230,0.0000095,0.00011500,0.00001050,3.2323256135e-02,-3.9191907272e-03,1.0863,2.4373738766e+00
0.1200,0.0001230,0.0000095,0.00011500,0.00001050,3.2323256135e-02,-3.8787873928e-03,1.0873,2.4373738766e+00
0.1210,0.0001230,0.0000095,0.00011500,0.00001050,3.2323256135e-02,-3.9191907272e-03,1.0883,2.4373738766e+00
0.1220,0.0001240,0.0000095,0.00011500,0.00001050,3.6363631487e-02,-3.8787873928e-03,1.0893,2.4414141178e+00
0.1230,0.0001240,0.0000095,0.00011500,0.00001050,3.6363631487e-02,-3.8787873928e-03,1.0903,2.4414141178e+00
0.1240,0.0001240,0.0000095,0.00011500,0.00001050,3.6363631487e-02,-3.9191907272e-03,1.0913,2.4414141178e+00
0.1250,0.0001240,0.0000095,0.00011600,0.00001050,3.2323226333e-02,-4.0404056199e-03,1.0923,2.4373736382e+00
0.1260,0.0001240,0.0000096,0.00011600,0.00001050,3.2323226333e-02,-3.7575764582e-03,1.0933,2.4373736382e+00
0.1270,0.0001250,0.0000095,0.00011600,0.00001050,3.6363661289e-02,-3.8787873928e-03,1.0943,2.4414141178e+00
0.1280,0.0001250,0.0000095,0.00011600,0.00001050,3.6363661289e-02,-3.9595942944e-03,1.0953,2.4414141178e+00
0.1290,0.0001250,0.0000095,0.00011600,0.00001050,3.6363661289e-02,-3.9191907272e-03,1.0963,2.4414141178e+00
0.1300,0.0001260,0.0000095,0.00011600,0.00001050,4.0404036641e-02,-3.9595942944e-03,1.0973,2.4454545975e+00
0.1310,0.0001260,0.0000095,0.00011600,0.00001050,4.0404036641e-02,-4.0404056199e-03,1.0983,2.4454545975e+00
0.1320,0.0001260,0.0000095,0.00011700,0.00001050,3.6363631487e-02,-3.9999983273e-03,1.0993,2.4414141178e+00
0.1330,0.0001260,0.0000095,0.00011700,0.00001050,3.6363631487e-02,-3.9999983273e-03,1.1003,2.4414141178e+00
0.1340,0.0001270,0.0000095,0.00011700,0.00001050,4.0404066443e-02,-4.1212127544e-03,1.1013,2.4454545975e+00
0.1350,0.0001270,0.0000095,0.00011700,0.00001050,4.0404066443e-02,-4.0808091871e-03,1.1023,2.4454545975e+00
0.1360,0.0001270,0.0000095,0.00011700,0.00001040,4.0404066443e-02,-3.5959582310e-03,1.1033,2.4454545975e+00
0.1370,0.0001280,0.0000095,0.00011700,0.00001040,4.4444441795e-02,-3.7171728909e-03,1.1043,2.4494948387e+00
0.1380,0.0001270,0.0000095,0.00011800,0.00001040,3.6363661289e-02,-3.7171728909e-03,1.1053,2.4414141178e+00
0.1390,0.0001280,0.0000095,0.00011800,0.00001040,4.0404036641e-02,-3.6767693236e-03,1.1063,2.4454545975e+00
0.1400,0.0001280,0.0000095,0.00011800,0.00001040,4.0404036641e-02,-3.7575764582e-03,1.1073,2.4454545975e+00
0.1410,0.0001280,0.0000095,0.00011800,0.00001050,4.0404036641e-02,-4.0808091871e-03,1.1083,2.4454545975e+00
0.1420,0.0001280,0.0000095,0.00011800,0.00001040,4.0404036641e-02,-3.6767693236e-03,1.1093,2.4454545975e+00
0.1430,0.0001290,0.0000095,0.00011800,0.00001040,4.4444411993e-02,-3.6363655236e-03,1.1103,2.4494948387e+00
0.1440,0.0001290,0.0000095,0.00011800,0.00001040,4.4444411993e-02,-3.7575764582e-03,1.1113,2.4494948387e+00
0.1450,0.0001290,0.0000095,0.00011900,0.00001040,4.0404036641e-02,-3.7171728909e-03,1.1123,2.4454545975e+00
0.1460,0.0001300,0.0000095,0.00011900,0.00001040,4.4444471598e-02,-3.7575764582e-03,1.1133,2.4494950771e+00
0.1470,0.0001300,0.0000095,0.00011900,0.00001040,4.4444471598e-02,-3.7979800254e-03,1.1143,2.4494950771e+00
0.1480,0.0001300,0.0000095,0.00011900,0.00001040,4.4444471598e-02,-3.7171728909e-03,1.1153,2.4494950771e+00
0.1490,0.0001300,0.0000095,0.00011900,0.00001040,4.4444471598e-02,-3.7575764582e-03,1.1163,2.4494950771e+00
0.1500,0.0001310,0.0000095,0.00012000,0.00001040,4.4444441795e-02,-3.7171728909e-03,1.1173,2.4494948387e+00
0.1510,0.0001310,0.0000095,0.00012000,0.00001040,4.4444441795e-02,-3.7979800254e-03,1.1183,2.4494948387e+00
0.1520,0.0001310,0.0000095,0.00012000,0.00001040,4.4444441795e-02,-3.7171728909e-03,1.1193,2.4494948387e+00
0.1530,0.0001320,0.0000095,0.00012000,0.00001040,4.8484876752e-02,-3.7979800254e-03,1.1203,2.4535353184e+00
0.1540,0.0001320,0.0000095,0.00012000,0.00001040,4.8484876752e-02,-3.7171728909e-03,1.1213,2.4535353184e+00
0.1550,0.0001330,0.0000095,0.00012100,0.00001040,4.8484846950e-02,-3.7979800254e-03,1.1223,2.4535353184e+00
0.1560,0.0001320,0.0000095,0.00012100,0.00001040,4.4444471598e-02,-3.7979800254e-03,1.1233,2.4494950771e+00
0.1570,0.0001330,0.0000095,0.00012100,0.00001040,4.8484846950e-02,-3.7575764582e-03,1.1243,2.4535353184e+00
0.1580,0.0001330,0.0000095,0.00012100,0.00001040,4.8484846950e-02,-3.8383835927e-03,1.1253,2.4535353184e+00
0.1590,0.0001330,0.0000095,0.00012100,0.00001040,4.8484846950e-02,-3.7575764582e-03,1.1263,2.4535353184e+00
0.1600,0.0001340,0.0000095,0.00012200,0.00001040,4.8484876752e-02,-3.8383835927e-03,1.1273,2.4535353184e+00
0.1610,0.0001340,0.0000094,0.00012200,0.00001040,4.8484876752e-02,-3.8787873928e-03,1.1283,2.4535353184e+00
0.1620,0.0001340,0.0000095,0.00012200,0.00001040,4.8484876752e-02,-3.7979800254e-03,1.1293,2.4535353184e+00
0.1630,0.0001350,0.0000094,0.00012200,0.00001040,5.2525252104e-02,-3.8787873928e-03,1.1303,2.4575757980e+00
0.1640,0.0001350,0.0000095,0.00012200,0.00001040,5.2525252104e-02,-3.7979800254e-03,1.1313,2.4575757980e+00
0.1650,0.0001350,0.0000095,0.00012300,0.00001040,4.8484817147e-02,-3.8383835927e-03,1.1323,2.4535353184e+00
0.1660,0.0001360,0.0000094,0.00012300,0.00001040,5.2525252104e-02,-3.8787873928e-03,1.1333,2.4575757980e+00
0.1670,0.0001360,0.0000094,0.00012300,0.00001040,5.2525252104e-02,-3.9191907272e-03,1.1343,2.4575757980e+00
0.1680,0.0001360,0.0000095,0.00012300,0.00001040,5.2525252104e-02,-3.8383835927e-03,1.1353,2.4575757980e+00
0.1690,0.0001370,0.0000094,0.00012300,0.00001040,5.6565627456e-02,-3.8787873928e-03,1.1363,2.4616160393e+00
0.1700,0.0001370,0.0000094,0.00012400,0.00001040,5.2525252104e-02,-4.0404056199e-03,1.1373,2.4575757980e+00
0.1710,0.0001370,0.0000094,0.00012400,0.00001040,5.2525252104e-02,-3.8787873928e-03,1.1383,2.4575757980e+00
0.1720,0.0001380,0.0000094,0.00012400,0.00001040,5.6565687060e-02,-3.9595942944e-03,1.1393,2.4616162777e+00
0.1730,0.0001390,0.0000094,0.00012400,0.00001040,6.0606062412e-02,-3.9191907272e-03,1.1403,2.4656565189e+00
0.1740,0.0001370,0.0000094,0.00012500,0.00001040,4.8484817147e-02,-4.0000015870e-03,1.1413,2.4535353184e+00
0.1750,0.0001390,0.0000094,0.00012500,0.00001040,5.6565627456e-02,-3.9191907272e-03,1.1423,2.4616160393e+00
0.1760,0.0001390,0.0000094,0.00012500,0.00001030,5.6565627456e-02,-3.6363655236e-03,1.1433,2.4616160393e+00
0.1770,0.0001390,0.0000095,0.00012500,0.00001030,5.6565627456e-02,-3.4343439620e-03,1.1443,2.4616160393e+00
0.1780,0.0001400,0.0000094,0.00012500,0.00001030,6.0606062412e-02,-3.5555546638e-03,1.1453,2.4656565189e+00
0.1790,0.0001400,0.0000094,0.00012600,0.00001030,5.6565687060e-02,-3.5959619563e-03,1.1463,2.4616162777e+00
0.1800,0.0001400,0.0000094,0.00012600,0.00001030,5.6565687060e-02,-3.5151510965e-03,1.1473,2.4616162777e+00
0.1810,0.0001410,0.0000094,0.00012600,0.00001030,6.0606062412e-02,-3.7171728909e-03,1.1483,2.4656565189e+00
0.1820,0.0001400,0.0000094,0.00012700,0.00001030,5.2525252104e-02,-3.4747475293e-03,1.1493,2.4575757980e+00
0.1830,0.0001420,0.0000094,0.00012700,0.00001030,6.0606062412e-02,-3.7575764582e-03,1.1503,2.4656565189e+00
0.1840,0.0001410,0.0000094,0.00012700,0.00001030,5.6565627456e-02,-3.7171728909e-03,1.1513,2.4616160393e+00
0.1850,0.0001420,0.0000094,0.00012700,0.00001030,6.0606062412e-02,-3.6767693236e-03,1.1523,2.4656565189e+00
0.1860,0.0001430,0.0000094,0.00012800,0.00001030,6.0606062412e-02,-3.7575764582e-03,1.1533,2.4656565189e+00
0.1870,0.0001430,0.0000094,0.00012800,0.00001030,6.0606062412e-02,-3.7171728909e-03,1.1543,2.4656565189e+00
0.1880,0.0001440,0.0000094,0.00012800,0.00001030,6.4646497369e-02,-3.7171728909e-03,1.1553,2.4696969986e+00
0.1890,0.0001430,0.0000094,0.00012900,0.00001030,5.6565687060e-02,-3.6767693236e-03,1.1563,2.4616162777e+00
0.1900,0.0001450,0.0000094,0.00012900,0.00001030,6.4646497369e-02,-3.7171728909e-03,1.1573,2.4696969986e+00
0.1910,0.0001440,0.0000094,0.00012900,0.00001030,6.0606122017e-02,-3.6363655236e-03,1.1583,2.4656567574e+00
0.1920,0.0001460,0.0000094,0.00012900,0.00001030,6.8686932325e-02,-3.7575764582e-03,1.1593,2.4737374783e+00
0.1930,0.0001450,0.0000094,0.00013000,0.00001030,6.0606062412e-02,-3.7979800254e-03,1.1603,2.4656565189e+00
0.1940,0.0001460,0.0000094,0.00013000,0.00001030,6.4646497369e-02,-3.7979800254e-03,1.1613,2.4696969986e+00
0.1950,0.0001460,0.0000093,0.00013000,0.00001030,6.4646497369e-02,-3.8787873928e-03,1.1623,2.4696969986e+00
0.1960,0.0001460,0.0000094,0.00013100,0.00001030,6.0606122017e-02,-3.8383835927e-03,1.1633,2.4656567574e+00
0.1970,0.0001470,0.0000093,0.00013100,0.00001030,6.4646497369e-02,-3.8787873928e-03,1.1643,2.4696969986e+00
0.1980,0.0001480,0.0000093,0.00013100,0.00001030,6.8686932325e-02,-3.9191944525e-03,1.1653,2.4737374783e+00
0.1990,0.0001470,0.0000093,0.00013200,0.00001030,6.0606062412e-02,-3.9191944525e-03,1.1663,2.4656565189e+00
