Potential,Disk-O2,Ring-O2,Disk-N2,Ring-N2,Disk-Density,Ring-Density,Potential_RHE,ABS
-0.9000,-0.0014300,0.0000736,-0.00053800,0.00001210,-3.6040401459e+00,2.4848486483e-01,0.0673,1.4498987198e+00
-0.8990,-0.0013400,0.0000735,-0.00048000,0.00001190,-3.4747474194e+00,2.4888890982e-01,0.0683,1.3206059933e+00
-0.8980,-0.0012900,0.0000734,-0.00042800,0.00001170,-3.4828283787e+00,2.4929291010e-01,0.0693,1.3286869526e+00
-0.8970,-0.0013000,0.0000734,-0.00038400,0.00001160,-3.7010099888e+00,2.4969695508e-01,0.0703,1.5468685627e+00
-0.8960,-0.0012600,0.0000734,-0.00034400,0.00001150,-3.7010102272e+00,2.5010100007e-01,0.0713,1.5468688011e+00
-0.8950,-0.0012500,0.0000729,-0.00030900,0.00001140,-3.8020200729e+00,2.4848486483e-01,0.0723,1.6478786469e+00
-0.8940,-0.0012400,0.0000730,-0.00027900,0.00001130,-3.8828282356e+00,2.4929293990e-01,0.0733,1.7286868095e+00
-0.8930,-0.0012100,0.0000729,-0.00025100,0.00001120,-3.8747475147e+00,2.4929293990e-01,0.0743,1.7206060886e+00
-0.8920,-0.0012000,0.0000727,-0.00022600,0.00001110,-3.9353539944e+00,2.4888890982e-01,0.0753,1.7812125683e+00
-0.8910,-0.0012000,0.0000726,-0.00020400,0.00001100,-4.0242424011e+00,2.4888890982e-01,0.0763,1.8701009750e+00
-0.8900,-0.0011800,0.0000725,-0.00018400,0.00001090,-4.0242424011e+00,2.4888888001e-01,0.0773,1.8701009750e+00
-0.8890,-0.0011700,0.0000723,-0.00016600,0.00001080,-4.0565652847e+00,2.4848483503e-01,0.0783,1.9024238586e+00
-0.8880,-0.0011500,0.0000721,-0.00014900,0.00001070,-4.0444445610e+00,2.4808081985e-01,0.0793,1.8903031349e+00
-0.8870,-0.0011700,0.0000722,-0.00013400,0.00001060,-4.1858582497e+00,2.4888888001e-01,0.0803,2.0317168236e+00
-0.8860,-0.0011500,0.0000720,-0.00012000,0.00001050,-4.1616163254e+00,2.4848486483e-01,0.0813,2.0074748993e+00
-0.8850,-0.0011400,0.0000717,-0.00010800,0.00001040,-4.1696968079e+00,2.4767677486e-01,0.0823,2.0155553818e+00
-0.8840,-0.0011300,0.0000715,-0.00009650,0.00001040,-4.1757574081e+00,2.4686868489e-01,0.0833,2.0216159821e+00
-0.8830,-0.0011400,0.0000717,-0.00008590,0.00001030,-4.2589898109e+00,2.4808081985e-01,0.0843,2.1048483849e+00
-0.8820,-0.0011100,0.0000715,-0.00007610,0.00001020,-4.1773734093e+00,2.4767677486e-01,0.0853,2.0232319832e+00
-0.8810,-0.0011100,0.0000712,-0.00006720,0.00001010,-4.2133331299e+00,2.4686868489e-01,0.0863,2.0591917038e+00
-0.8800,-0.0011200,0.0000714,-0.00005900,0.00001010,-4.2868690491e+00,2.4767677486e-01,0.0873,2.1327276230e+00
-0.8790,-0.0011100,0.0000713,-0.00005130,0.00000997,-4.2775754929e+00,2.4779798090e-01,0.0883,2.1234340668e+00
-0.8780,-0.0011000,0.0000711,-0.00004430,0.00000991,-4.2654547691e+00,2.4723233283e-01,0.0893,2.1113133430e+00
-0.8770,-0.0011000,0.0000711,-0.00003750,0.00000984,-4.2929291725e+00,2.4751517177e-01,0.0903,2.1387877464e+00
-0.8760,-0.0011000,0.0000709,-0.00003130,0.00000977,-4.3179798126e+00,2.4698989093e-01,0.0913,2.1638383865e+00
-0.8750,-0.0010900,0.0000709,-0.00002560,0.00000971,-4.3006062508e+00,2.4723233283e-01,0.0923,2.1464648247e+00
-0.8740,-0.0010900,0.0000707,-0.00002020,0.00000964,-4.3224244118e+00,2.4670705199e-01,0.0933,2.1682829857e+00
-0.8730,-0.0010800,0.0000707,-0.00001500,0.00000958,-4.3030300140e+00,2.4694949389e-01,0.0943,2.1488885880e+00
-0.8720,-0.0010800,0.0000705,-0.00001030,0.00000951,-4.3220200539e+00,2.4642422795e-01,0.0953,2.1678786278e+00
-0.8710,-0.0010800,0.0000705,-0.00000574,0.00000945,-4.3404445648e+00,2.4666666985e-01,0.0963,2.1863031387e+00
-0.8700,-0.0010700,0.0000703,-0.00000127,0.00000940,-4.3181009293e+00,2.4606059492e-01,0.0973,2.1639595032e+00
-0.8690,-0.0010700,0.0000703,0.00000257,0.00000934,-4.3336162567e+00,2.4630300701e-01,0.0983,2.1794748306e+00
-0.8680,-0.0010700,0.0000704,0.00000630,0.00000929,-4.3486871719e+00,2.4690908194e-01,0.0993,2.1945457458e+00
-0.8670,-0.0010700,0.0000701,0.00000980,0.00000924,-4.3628282547e+00,2.4589899182e-01,0.1003,2.2086868286e+00
-0.8660,-0.0010700,0.0000700,0.00001310,0.00000919,-4.3761615753e+00,2.4569697678e-01,0.1013,2.2220201492e+00
-0.8650,-0.0010600,0.0000701,0.00001620,0.00000914,-4.3482828140e+00,2.4630303681e-01,0.1023,2.1941413879e+00
-0.8640,-0.0010600,0.0000699,0.00001930,0.00000909,-4.3608083725e+00,2.4569697678e-01,0.1033,2.2066669464e+00
-0.8630,-0.0010600,0.0000698,0.00002210,0.00000904,-4.3721218109e+00,2.4549496174e-01,0.1043,2.2179803848e+00
-0.8620,-0.0010600,0.0000697,0.00002480,0.00000899,-4.3830304146e+00,2.4529293180e-01,0.1053,2.2288889885e+00
-0.8610,-0.0010600,0.0000697,0.00002740,0.00000894,-4.3935356140e+00,2.4549496174e-01,0.1063,2.2393941879e+00
-0.8600,-0.0010500,0.0000696,0.00002990,0.00000889,-4.3632321358e+00,2.4529293180e-01,0.1073,2.2090907097e+00
-0.8590,-0.0010400,0.0000695,0.00003220,0.00000885,-4.3321213722e+00,2.4505048990e-01,0.1083,2.1779799461e+00
-0.8580,-0.0010500,0.0000694,0.00003440,0.00000881,-4.3814139366e+00,2.4480807781e-01,0.1093,2.2272725105e+00
-0.8570,-0.0010300,0.0000695,0.00003660,0.00000878,-4.3094954491e+00,2.4533332884e-01,0.1103,2.1553540230e+00
-0.8560,-0.0010400,0.0000691,0.00003840,0.00000873,-4.3571720123e+00,2.4391920865e-01,0.1113,2.2030305862e+00
-0.8550,-0.0010500,0.0000693,0.00004040,0.00000869,-4.4056563377e+00,2.4488887191e-01,0.1123,2.2515149117e+00
-0.8540,-0.0010400,0.0000693,0.00004230,0.00000864,-4.3729290962e+00,2.4509090185e-01,0.1133,2.2187876701e+00
-0.8530,-0.0010400,0.0000690,0.00004400,0.00000860,-4.3797979355e+00,2.4404041469e-01,0.1143,2.2256565094e+00
-0.8520,-0.0010300,0.0000691,0.00004580,0.00000856,-4.3466668129e+00,2.4460606277e-01,0.1153,2.1925253868e+00
-0.8510,-0.0010400,0.0000692,0.00004750,0.00000852,-4.3939394951e+00,2.4517172575e-01,0.1163,2.2397980690e+00
-0.8500,-0.0010300,0.0000688,0.00004900,0.00000850,-4.3595962524e+00,2.4363636971e-01,0.1173,2.2054548264e+00
-0.8490,-0.0010300,0.0000688,0.00005060,0.00000846,-4.3660607338e+00,2.4379798770e-01,0.1183,2.2119193077e+00
-0.8480,-0.0010300,0.0000688,0.00005200,0.00000843,-4.3717174530e+00,2.4391919374e-01,0.1193,2.2175760269e+00
-0.8470,-0.0010300,0.0000687,0.00005340,0.00000839,-4.3773741722e+00,2.4367676675e-01,0.1203,2.2232327461e+00
-0.8460,-0.0010300,0.0000689,0.00005470,0.00000835,-4.3826260567e+00,2.4464647472e-01,0.1213,2.2284846306e+00
-0.8450,-0.0010200,0.0000686,0.00005610,0.00000832,-4.3478784561e+00,2.4355554581e-01,0.1223,2.1937370300e+00
-0.8440,-0.0010300,0.0000685,0.00005740,0.00000829,-4.3935356140e+00,2.4327272177e-01,0.1233,2.2393941879e+00
-0.8430,-0.0010300,0.0000686,0.00005850,0.00000825,-4.3979797363e+00,2.4383836985e-01,0.1243,2.2438383102e+00
-0.8420,-0.0010200,0.0000684,0.00005970,0.00000822,-4.3624238968e+00,2.4315151572e-01,0.1253,2.2082824707e+00
-0.8410,-0.0010300,0.0000684,0.00006090,0.00000819,-4.4076771736e+00,2.4327272177e-01,0.1263,2.2535357475e+00
-0.8400,-0.0010100,0.0000686,0.00006190,0.00000816,-4.3309092522e+00,2.4420201778e-01,0.1273,2.1767678261e+00
-0.8390,-0.0010200,0.0000681,0.00006290,0.00000813,-4.3753533363e+00,2.4230302870e-01,0.1283,2.2212119102e+00
-0.8380,-0.0010200,0.0000683,0.00006400,0.00000810,-4.3797979355e+00,2.4323233962e-01,0.1293,2.2256565094e+00
-0.8370,-0.0010200,0.0000682,0.00006500,0.00000807,-4.3838381767e+00,2.4294950068e-01,0.1303,2.2296967506e+00
-0.8360,-0.0010100,0.0000681,0.00006590,0.00000805,-4.3470706940e+00,2.4262627959e-01,0.1313,2.1929292679e+00
-0.8350,-0.0010200,0.0000681,0.00006680,0.00000802,-4.3911113739e+00,2.4274748564e-01,0.1323,2.2369699478e+00
-0.8340,-0.0010100,0.0000681,0.00006770,0.00000800,-4.3543438911e+00,2.4282829463e-01,0.1333,2.2002024651e+00
-0.8330,-0.0010100,0.0000681,0.00006860,0.00000797,-4.3579802513e+00,2.4294950068e-01,0.1343,2.2038388252e+00
-0.8320,-0.0010100,0.0000679,0.00006950,0.00000794,-4.3616161346e+00,2.4226263165e-01,0.1353,2.2074747086e+00
-0.8310,-0.0010100,0.0000680,0.00007020,0.00000791,-4.3644442558e+00,2.4278788269e-01,0.1363,2.2103028297e+00
-0.8300,-0.0010100,0.0000680,0.00007100,0.00000789,-4.3676767349e+00,2.4286869168e-01,0.1373,2.2135353088e+00
-0.8290,-0.0010100,0.0000679,0.00007170,0.00000786,-4.3705048561e+00,2.4258586764e-01,0.1383,2.2163634300e+00
-0.8280,-0.0010000,0.0000679,0.00007250,0.00000783,-4.3333334923e+00,2.4270707369e-01,0.1393,2.1791920662e+00
-0.8270,-0.0010100,0.0000679,0.00007320,0.00000781,-4.3765654564e+00,2.4278788269e-01,0.1403,2.2224240303e+00
-0.8260,-0.0010100,0.0000679,0.00007390,0.00000778,-4.3793940544e+00,2.4290908873e-01,0.1413,2.2252526283e+00
-0.8250,-0.0010100,0.0000678,0.00007470,0.00000776,-4.3826260567e+00,2.4258586764e-01,0.1423,2.2284846306e+00
-0.8240,-0.0010100,0.0000678,0.00007540,0.00000773,-4.3854546547e+00,2.4270707369e-01,0.1433,2.2313132286e+00
-0.8230,-0.0010100,0.0000677,0.00007600,0.00000771,-4.3878788948e+00,2.4238382280e-01,0.1443,2.2337374687e+00
-0.8220,-0.0009970,0.0000677,0.00007670,0.00000769,-4.3381819725e+00,2.4246464670e-01,0.1453,2.1840405464e+00
-0.8210,-0.0010100,0.0000676,0.00007730,0.00000766,-4.3931312561e+00,2.4218180776e-01,0.1463,2.2389898300e+00
-0.8200,-0.0010000,0.0000678,0.00007790,0.00000764,-4.3551516533e+00,2.4307070673e-01,0.1473,2.2010102272e+00
-0.8190,-0.0009960,0.0000676,0.00007890,0.00000762,-4.3430304527e+00,2.4234342575e-01,0.1483,2.1888890266e+00
-0.8180,-0.0010000,0.0000676,0.00007940,0.00000761,-4.3612122536e+00,2.4238382280e-01,0.1493,2.2070708275e+00
-0.8170,-0.0010000,0.0000674,0.00007980,0.00000759,-4.3628287315e+00,2.4165655673e-01,0.1503,2.2086873055e+00
-0.8160,-0.0009950,0.0000674,0.00008020,0.00000757,-4.3442425728e+00,2.4173735082e-01,0.1513,2.1901011467e+00
-0.8150,-0.0009970,0.0000673,0.00008070,0.00000755,-4.3543438911e+00,2.4141415954e-01,0.1523,2.2002024651e+00
-0.8140,-0.0009960,0.0000671,0.00008120,0.00000752,-4.3523235321e+00,2.4072727561e-01,0.1533,2.1981821060e+00
-0.8130,-0.0009930,0.0000672,0.00008170,0.00000751,-4.3422222137e+00,2.4117173254e-01,0.1543,2.1880807877e+00
-0.8120,-0.0009900,0.0000672,0.00008220,0.00000749,-4.3321213722e+00,2.4125252664e-01,0.1553,2.1779799461e+00
-0.8110,-0.0009930,0.0000672,0.00008250,0.00000747,-4.3454546928e+00,2.4133335054e-01,0.1563,2.1913132668e+00
-0.8100,-0.0009900,0.0000672,0.00008290,0.00000746,-4.3349494934e+00,2.4137374759e-01,0.1573,2.1808080673e+00
-0.8090,-0.0009950,0.0000672,0.00008340,0.00000743,-4.3571720123e+00,2.4149495363e-01,0.1583,2.2030305862e+00
-0.8080,-0.0009930,0.0000672,0.00008380,0.00000742,-4.3507070541e+00,2.4153536558e-01,0.1593,2.1965656281e+00
-0.8070,-0.0009890,0.0000671,0.00008420,0.00000740,-4.3361616135e+00,2.4121212959e-01,0.1603,2.1820201874e+00
-0.8060,-0.0009890,0.0000670,0.00008470,0.00000739,-4.3381814957e+00,2.4084848166e-01,0.1613,2.1840400696e+00
-0.8050,-0.0009900,0.0000671,0.00008500,0.00000738,-4.3434338570e+00,2.4129293859e-01,0.1623,2.1892924309e+00
-0.8040,-0.0009880,0.0000671,0.00008540,0.00000736,-4.3369693756e+00,2.4137374759e-01,0.1633,2.1828279495e+00
-0.8030,-0.0009840,0.0000671,0.00008570,0.00000734,-4.3220200539e+00,2.4145455658e-01,0.1643,2.1678786278e+00
-0.8020,-0.0009940,0.0000669,0.00008610,0.00000732,-4.3640403748e+00,2.4072727561e-01,0.1653,2.2098989487e+00
-0.8010,-0.0009890,0.0000671,0.00008650,0.00000730,-4.3454542160e+00,2.4161615968e-01,0.1663,2.1913127899e+00
-0.8000,-0.0009820,0.0000669,0.00008690,0.00000728,-4.3187880516e+00,2.4088889360e-01,0.1673,2.1646466255e+00
-0.7990,-0.0009940,0.0000671,0.00008730,0.00000727,-4.3688888550e+00,2.4173738062e-01,0.1683,2.2147474289e+00
-0.7980,-0.0009850,0.0000671,0.00008760,0.00000725,-4.3337373734e+00,2.4181818962e-01,0.1693,2.1795959473e+00
-0.7970,-0.0009870,0.0000671,0.00008790,0.00000722,-4.3430299759e+00,2.4193941057e-01,0.1703,2.1888885498e+00
-0.7960,-0.0009840,0.0000668,0.00008830,0.00000721,-4.3325252533e+00,2.4076767266e-01,0.1713,2.1783838272e+00
-0.7950,-0.0009860,0.0000670,0.00008860,0.00000719,-4.3418183327e+00,2.4165657163e-01,0.1723,2.1876769066e+00
-0.7940,-0.0009820,0.0000671,0.00008890,0.00000718,-4.3268685341e+00,2.4210102856e-01,0.1733,2.1727271080e+00
-0.7930,-0.0009890,0.0000669,0.00008920,0.00000717,-4.3563632965e+00,2.4133333564e-01,0.1743,2.2022218704e+00
-0.7920,-0.0009850,0.0000670,0.00008950,0.00000715,-4.3414144516e+00,2.4181818962e-01,0.1753,2.1872730255e+00
-0.7910,-0.0009830,0.0000669,0.00008980,0.00000714,-4.3345456123e+00,2.4145455658e-01,0.1763,2.1804041862e+00
-0.7900,-0.0009830,0.0000668,0.00009000,0.00000712,-4.3353538513e+00,2.4113130569e-01,0.1773,2.1812124252e+00
-0.7890,-0.0009840,0.0000669,0.00009030,0.00000711,-4.3406062126e+00,2.4157576263e-01,0.1783,2.1864647865e+00
-0.7880,-0.0009810,0.0000669,0.00009060,0.00000710,-4.3296971321e+00,2.4161615968e-01,0.1793,2.1755557060e+00
-0.7870,-0.0009800,0.0000668,0.00009090,0.00000709,-4.3268685341e+00,2.4125252664e-01,0.1803,2.1727271080e+00
-0.7860,-0.0009850,0.0000668,0.00009110,0.00000708,-4.3478789330e+00,2.4129292369e-01,0.1813,2.1937375069e+00
-0.7850,-0.0009790,0.0000669,0.00009130,0.00000707,-4.3244442940e+00,2.4173736572e-01,0.1823,2.1703028679e+00
-0.7840,-0.0009790,0.0000667,0.00009160,0.00000707,-4.3256564140e+00,2.4092929065e-01,0.1833,2.1715149879e+00
-0.7830,-0.0009810,0.0000667,0.00009190,0.00000705,-4.3349494934e+00,2.4101009965e-01,0.1843,2.1808080673e+00
-0.7820,-0.0009760,0.0000668,0.00009210,0.00000703,-4.3155555725e+00,2.4149493873e-01,0.1853,2.1614141464e+00
-0.7810,-0.0009820,0.0000667,0.00009240,0.00000703,-4.3410100937e+00,2.4109089375e-01,0.1863,2.1868686676e+00
-0.7800,-0.0009750,0.0000667,0.00009270,0.00000701,-4.3139390945e+00,2.4117171764e-01,0.1873,2.1597976685e+00
-0.7790,-0.0009820,0.0000666,0.00009280,0.00000700,-4.3426265717e+00,2.4080808461e-01,0.1883,2.1884851456e+00
-0.7780,-0.0009770,0.0000667,0.00009300,0.00000700,-4.3232321739e+00,2.4121211469e-01,0.1893,2.1690907478e+00
-0.7770,-0.0009770,0.0000667,0.00009330,0.00000698,-4.3244442940e+00,2.4129292369e-01,0.1903,2.1703028679e+00
-0.7760,-0.0009790,0.0000667,0.00009340,0.00000697,-4.3329296112e+00,2.4133333564e-01,0.1913,2.1787881851e+00
-0.7750,-0.0009740,0.0000667,0.00009360,0.00000696,-4.3135352135e+00,2.4137373269e-01,0.1923,2.1593937874e+00
-0.7740,-0.0009770,0.0000666,0.00009390,0.00000695,-4.3268685341e+00,2.4101008475e-01,0.1933,2.1727271080e+00
-0.7730,-0.0009750,0.0000667,0.00009410,0.00000694,-4.3195958138e+00,2.4145454168e-01,0.1943,2.1654543877e+00
-0.7720,-0.0009600,0.0000664,0.00009430,0.00000693,-4.2597980499e+00,2.4028284848e-01,0.1953,2.1056566238e+00
-0.7710,-0.0009850,0.0000667,0.00009450,0.00000692,-4.3616166115e+00,2.4153535068e-01,0.1963,2.2074751854e+00
-0.7700,-0.0009670,0.0000666,0.00009470,0.00000691,-4.2896971703e+00,2.4117171764e-01,0.1973,2.1355557442e+00
-0.7690,-0.0009750,0.0000666,0.00009470,0.00000690,-4.3220200539e+00,2.4121209979e-01,0.1983,2.1678786278e+00
-0.7680,-0.0009720,0.0000667,0.00009510,0.00000689,-4.3115148544e+00,2.4165655673e-01,0.1993,2.1573734283e+00
-0.7670,-0.0009710,0.0000665,0.00009530,0.00000688,-4.3082828522e+00,2.4088887870e-01,0.2003,2.1541414261e+00
-0.7660,-0.0009710,0.0000665,0.00009540,0.00000687,-4.3086867332e+00,2.4092929065e-01,0.2013,2.1545453072e+00
-0.7650,-0.0009740,0.0000665,0.00009560,0.00000686,-4.3216161728e+00,2.4096968770e-01,0.2023,2.1674747467e+00
-0.7640,-0.0009700,0.0000665,0.00009580,0.00000685,-4.3062624931e+00,2.4101008475e-01,0.2033,2.1521210670e+00
-0.7630,-0.0009690,0.0000664,0.00009590,0.00000684,-4.3026261330e+00,2.4064648151e-01,0.2043,2.1484847069e+00
-0.7620,-0.0009690,0.0000664,0.00009610,0.00000684,-4.3034343719e+00,2.4064648151e-01,0.2053,2.1492929459e+00
-0.7610,-0.0009720,0.0000665,0.00009630,0.00000683,-4.3163638115e+00,2.4109089375e-01,0.2063,2.1622223854e+00
-0.7600,-0.0009700,0.0000664,0.00009640,0.00000682,-4.3086867332e+00,2.4072729051e-01,0.2073,2.1545453072e+00
-0.7590,-0.0009660,0.0000663,0.00009650,0.00000681,-4.2929296494e+00,2.4036365747e-01,0.2083,2.1387882233e+00
-0.7580,-0.0009680,0.0000664,0.00009680,0.00000679,-4.3022222519e+00,2.4084849656e-01,0.2093,2.1480808258e+00
-0.7570,-0.0009670,0.0000665,0.00009690,0.00000679,-4.2985863686e+00,2.4125251174e-01,0.2103,2.1444449425e+00
-0.7560,-0.0009690,0.0000663,0.00009700,0.00000678,-4.3070707321e+00,2.4048486352e-01,0.2113,2.1529293060e+00
-0.7550,-0.0009630,0.0000662,0.00009730,0.00000678,-4.2840404510e+00,2.4008081853e-01,0.2123,2.1298990250e+00
-0.7540,-0.0009660,0.0000663,0.00009740,0.00000677,-4.2965660095e+00,2.4052527547e-01,0.2133,2.1424245834e+00
-0.7530,-0.0009650,0.0000663,0.00009750,0.00000677,-4.2929296494e+00,2.4052527547e-01,0.2143,2.1387882233e+00
-0.7520,-0.0009650,0.0000663,0.00009770,0.00000676,-4.2937374115e+00,2.4056565762e-01,0.2153,2.1395959854e+00
-0.7510,-0.0009650,0.0000662,0.00009780,0.00000675,-4.2941417694e+00,2.4020202458e-01,0.2163,2.1400003433e+00
-0.7500,-0.0009660,0.0000662,0.00009790,0.00000674,-4.2985863686e+00,2.4024243653e-01,0.2173,2.1444449425e+00
-0.7490,-0.0009650,0.0000663,0.00009810,0.00000673,-4.2953538895e+00,2.4068687856e-01,0.2183,2.1412124634e+00
-0.7480,-0.0009620,0.0000664,0.00009830,0.00000672,-4.2840404510e+00,2.4113132060e-01,0.2193,2.1298990250e+00
-0.7470,-0.0009650,0.0000661,0.00009840,0.00000671,-4.2965660095e+00,2.3995959759e-01,0.2203,2.1424245834e+00
-0.7460,-0.0009640,0.0000663,0.00009850,0.00000670,-4.2929296494e+00,2.4080809951e-01,0.2213,2.1387882233e+00
-0.7450,-0.0009650,0.0000663,0.00009870,0.00000670,-4.2977781296e+00,2.4080809951e-01,0.2223,2.1436367035e+00
-0.7440,-0.0009580,0.0000660,0.00009870,0.00000670,-4.2694950104e+00,2.3959596455e-01,0.2233,2.1153535843e+00
-0.7430,-0.0009640,0.0000661,0.00009880,0.00000669,-4.2941417694e+00,2.4004040658e-01,0.2243,2.1400003433e+00
-0.7420,-0.0009610,0.0000661,0.00009900,0.00000668,-4.2828278542e+00,2.4008081853e-01,0.2253,2.1286864281e+00
-0.7410,-0.0009610,0.0000661,0.00009910,0.00000667,-4.2832326889e+00,2.4012121558e-01,0.2263,2.1290912628e+00
-0.7400,-0.0009580,0.0000660,0.00009920,0.00000666,-4.2715153694e+00,2.3975758255e-01,0.2273,2.1173739433e+00
-0.7390,-0.0009640,0.0000661,0.00009930,0.00000666,-4.2961616516e+00,2.4016161263e-01,0.2283,2.1420202255e+00
-0.7380,-0.0009610,0.0000660,0.00009930,0.00000666,-4.2840404510e+00,2.3975758255e-01,0.2293,2.1298990250e+00
-0.7370,-0.0009610,0.0000660,0.00009940,0.00000665,-4.2844443321e+00,2.3979797959e-01,0.2303,2.1303029060e+00
-0.7360,-0.0009530,0.0000660,0.00009960,0.00000664,-4.2529292107e+00,2.3983839154e-01,0.2313,2.0987877846e+00
-0.7350,-0.0009600,0.0000660,0.00009980,0.00000664,-4.2820200920e+00,2.3983839154e-01,0.2323,2.1278786659e+00
-0.7340,-0.0009620,0.0000661,0.00009980,0.00000662,-4.2901005745e+00,2.4032323062e-01,0.2333,2.1359591484e+00
-0.7330,-0.0009550,0.0000660,0.00009990,0.00000662,-4.2622222900e+00,2.3991918564e-01,0.2343,2.1080808640e+00
-0.7320,-0.0009660,0.0000660,0.00010000,0.00000661,-4.3070707321e+00,2.3995959759e-01,0.2353,2.1529293060e+00
-0.7310,-0.0009540,0.0000660,0.00010000,0.00000660,-4.2585859299e+00,2.4000000954e-01,0.2363,2.1044445038e+00
-0.7300,-0.0009550,0.0000658,0.00010000,0.00000660,-4.2626261711e+00,2.3919191957e-01,0.2373,2.1084847450e+00
-0.7290,-0.0009590,0.0000659,0.00010000,0.00000659,-4.2787880898e+00,2.3963637650e-01,0.2383,2.1246466637e+00
-0.7280,-0.0009530,0.0000658,0.00010000,0.00000659,-4.2545452118e+00,2.3923233151e-01,0.2393,2.1004037857e+00
-0.7270,-0.0009580,0.0000658,0.00010100,0.00000658,-4.2787880898e+00,2.3927271366e-01,0.2403,2.1246466637e+00
-0.7260,-0.0009530,0.0000659,0.00010100,0.00000657,-4.2585859299e+00,2.3971717060e-01,0.2413,2.1044445038e+00
-0.7250,-0.0009570,0.0000659,0.00010100,0.00000657,-4.2747473717e+00,2.3971717060e-01,0.2423,2.1206059456e+00
-0.7240,-0.0009610,0.0000659,0.00010100,0.00000657,-4.2909088135e+00,2.3971717060e-01,0.2433,2.1367673874e+00
-0.7230,-0.0009540,0.0000659,0.00010100,0.00000656,-4.2626261711e+00,2.3975758255e-01,0.2443,2.1084847450e+00
-0.7220,-0.0009580,0.0000658,0.00010100,0.00000656,-4.2787880898e+00,2.3935353756e-01,0.2453,2.1246466637e+00
-0.7210,-0.0009550,0.0000657,0.00010100,0.00000655,-4.2666668892e+00,2.3898988962e-01,0.2463,2.1125254631e+00
-0.7200,-0.0009560,0.0000658,0.00010100,0.00000655,-4.2707071304e+00,2.3939393461e-01,0.2473,2.1165657043e+00
-0.7190,-0.0009550,0.0000656,0.00010100,0.00000654,-4.2666668892e+00,2.3862624168e-01,0.2483,2.1125254631e+00
-0.7180,-0.0009560,0.0000657,0.00010100,0.00000654,-4.2707071304e+00,2.3903028667e-01,0.2493,2.1165657043e+00
-0.7170,-0.0009470,0.0000656,0.00010200,0.00000653,-4.2383837700e+00,2.3866665363e-01,0.2503,2.0842423439e+00
-0.7160,-0.0009520,0.0000659,0.00010200,0.00000653,-4.2585859299e+00,2.3987878859e-01,0.2513,2.1044445038e+00
-0.7150,-0.0009480,0.0000656,0.00010200,0.00000652,-4.2424240112e+00,2.3870706558e-01,0.2523,2.0882825851e+00
-0.7140,-0.0009510,0.0000657,0.00010200,0.00000652,-4.2545452118e+00,2.3911111057e-01,0.2533,2.1004037857e+00
-0.7130,-0.0009490,0.0000656,0.00010200,0.00000652,-4.2464647293e+00,2.3870706558e-01,0.2543,2.0923233032e+00
-0.7120,-0.0009590,0.0000656,0.00010200,0.00000651,-4.2868690491e+00,2.3874746263e-01,0.2553,2.1327276230e+00
-0.7110,-0.0009510,0.0000656,0.00010200,0.00000650,-4.2545452118e+00,2.3878787458e-01,0.2563,2.1004037857e+00
-0.7100,-0.0009490,0.0000655,0.00010200,0.00000650,-4.2464647293e+00,2.3838382959e-01,0.2573,2.0923233032e+00
-0.7090,-0.0009490,0.0000655,0.00010200,0.00000650,-4.2464647293e+00,2.3838382959e-01,0.2583,2.0923233032e+00
-0.7080,-0.0009550,0.0000656,0.00010200,0.00000649,-4.2707071304e+00,2.3882827163e-01,0.2593,2.1165657043e+00
-0.7070,-0.0009510,0.0000656,0.00010200,0.00000649,-4.2545452118e+00,2.3882827163e-01,0.2603,2.1004037857e+00
-0.7060,-0.0009450,0.0000656,0.00010200,0.00000649,-4.2303028107e+00,2.3882827163e-01,0.2613,2.0761613846e+00
-0.7050,-0.0009490,0.0000654,0.00010200,0.00000648,-4.2464647293e+00,2.3806062341e-01,0.2623,2.0923233032e+00
-0.7040,-0.0009520,0.0000654,0.00010200,0.00000647,-4.2585859299e+00,2.3810102046e-01,0.2633,2.1044445038e+00
-0.7030,-0.0009490,0.0000655,0.00010200,0.00000647,-4.2464647293e+00,2.3850503564e-01,0.2643,2.0923233032e+00
-0.7020,-0.0009510,0.0000654,0.00010200,0.00000646,-4.2545452118e+00,2.3814143240e-01,0.2653,2.1004037857e+00
-0.7010,-0.0009540,0.0000655,0.00010300,0.00000646,-4.2707071304e+00,2.3854544759e-01,0.2663,2.1165657043e+00
-0.7000,-0.0009440,0.0000654,0.00010300,0.00000645,-4.2303032875e+00,2.3818184435e-01,0.2673,2.0761618614e+00
-0.6990,-0.0009490,0.0000653,0.00010300,0.00000645,-4.2505049706e+00,2.3777779937e-01,0.2683,2.0963635445e+00
-0.6980,-0.0009510,0.0000654,0.00010300,0.00000644,-4.2585859299e+00,2.3822222650e-01,0.2693,2.1044445038e+00
-0.6970,-0.0009410,0.0000652,0.00010300,0.00000644,-4.2181820869e+00,2.3741415143e-01,0.2703,2.0640406609e+00
-0.6960,-0.0009500,0.0000653,0.00010300,0.00000644,-4.2545452118e+00,2.3781818151e-01,0.2713,2.1004037857e+00
-0.6950,-0.0009460,0.0000654,0.00010300,0.00000643,-4.2383837700e+00,2.3826263845e-01,0.2723,2.0842423439e+00
-0.6940,-0.0009410,0.0000651,0.00010300,0.00000644,-4.2181820869e+00,2.3701010644e-01,0.2733,2.0640406609e+00
-0.6930,-0.0009520,0.0000653,0.00010300,0.00000643,-4.2626261711e+00,2.3785859346e-01,0.2743,2.1084847450e+00
-0.6920,-0.0009460,0.0000652,0.00010300,0.00000643,-4.2383837700e+00,2.3745454848e-01,0.2753,2.0842423439e+00
-0.6910,-0.0009380,0.0000652,0.00010300,0.00000642,-4.2060608864e+00,2.3749496043e-01,0.2763,2.0519194603e+00
-0.6900,-0.0009470,0.0000652,0.00010300,0.00000642,-4.2424240112e+00,2.3749496043e-01,0.2773,2.0882825851e+00
-0.6890,-0.0009460,0.0000652,0.00010300,0.00000641,-4.2383837700e+00,2.3753537238e-01,0.2783,2.0842423439e+00
-0.6880,-0.0009440,0.0000651,0.00010300,0.00000641,-4.2303032875e+00,2.3713132739e-01,0.2793,2.0761618614e+00
-0.6870,-0.0009440,0.0000651,0.00010300,0.00000641,-4.2303032875e+00,2.3713132739e-01,0.2803,2.0761618614e+00
-0.6860,-0.0009460,0.0000651,0.00010300,0.00000640,-4.2383837700e+00,2.3717170954e-01,0.2813,2.0842423439e+00
-0.6850,-0.0009400,0.0000651,0.00010300,0.00000640,-4.2141413689e+00,2.3717170954e-01,0.2823,2.0599999428e+00
-0.6840,-0.0009470,0.0000649,0.00010400,0.00000640,-4.2464647293e+00,2.3636363447e-01,0.2833,2.0923233032e+00
-0.6830,-0.0009480,0.0000651,0.00010400,0.00000639,-4.2505049706e+00,2.3721212149e-01,0.2843,2.0963635445e+00
-0.6820,-0.0009420,0.0000650,0.00010400,0.00000639,-4.2262630463e+00,2.3680807650e-01,0.2853,2.0721216202e+00
-0.6810,-0.0009440,0.0000650,0.00010400,0.00000639,-4.2343435287e+00,2.3680807650e-01,0.2863,2.0802021027e+00
-0.6800,-0.0009420,0.0000650,0.00010400,0.00000638,-4.2262630463e+00,2.3684848845e-01,0.2873,2.0721216202e+00
-0.6790,-0.0009460,0.0000650,0.00010400,0.00000637,-4.2424240112e+00,2.3688890040e-01,0.2883,2.0882825851e+00
-0.6780,-0.0009410,0.0000650,0.00010400,0.00000637,-4.2222223282e+00,2.3688890040e-01,0.2893,2.0680809021e+00
-0.6770,-0.0009420,0.0000649,0.00010400,0.00000637,-4.2262630463e+00,2.3648485541e-01,0.2903,2.0721216202e+00
-0.6760,-0.0009330,0.0000647,0.00010400,0.00000637,-4.1898989677e+00,2.3567676544e-01,0.2913,2.0357575417e+00
-0.6750,-0.0009520,0.0000651,0.00010400,0.00000637,-4.2666668892e+00,2.3729293048e-01,0.2923,2.1125254631e+00
-0.6740,-0.0009370,0.0000650,0.00010400,0.00000636,-4.2060608864e+00,2.3692928255e-01,0.2933,2.0519194603e+00
-0.6730,-0.0009440,0.0000647,0.00010400,0.00000636,-4.2343435287e+00,2.3571716249e-01,0.2943,2.0802021027e+00
-0.6720,-0.0009410,0.0000648,0.00010400,0.00000636,-4.2222223282e+00,2.3612119257e-01,0.2953,2.0680809021e+00
-0.6710,-0.0009370,0.0000648,0.00010400,0.00000636,-4.2060608864e+00,2.3612119257e-01,0.2963,2.0519194603e+00
-0.6700,-0.0009420,0.0000647,0.00010400,0.00000635,-4.2262630463e+00,2.3575755954e-01,0.2973,2.0721216202e+00
-0.6690,-0.0009400,0.0000647,0.00010400,0.00000635,-4.2181820869e+00,2.3575755954e-01,0.2983,2.0640406609e+00
-0.6680,-0.0009270,0.0000645,0.00010400,0.00000635,-4.1656565666e+00,2.3494946957e-01,0.2993,2.0115151405e+00
-0.6670,-0.0009460,0.0000647,0.00010400,0.00000634,-4.2424240112e+00,2.3579797149e-01,0.3003,2.0882825851e+00
-0.6660,-0.0009320,0.0000646,0.00010400,0.00000634,-4.1858582497e+00,2.3539392650e-01,0.3013,2.0317168236e+00
-0.6650,-0.0009330,0.0000643,0.00010400,0.00000633,-4.1898989677e+00,2.3422223330e-01,0.3023,2.0357575417e+00
-0.6640,-0.0009420,0.0000646,0.00010400,0.00000632,-4.2262630463e+00,2.3547473550e-01,0.3033,2.0721216202e+00
-0.6630,-0.0009270,0.0000646,0.00010400,0.00000631,-4.1656565666e+00,2.3551513255e-01,0.3043,2.0115151405e+00
-0.6620,-0.0009390,0.0000643,0.00010400,0.00000631,-4.2141413689e+00,2.3430302739e-01,0.3053,2.0599999428e+00
-0.6610,-0.0009390,0.0000647,0.00010400,0.00000631,-4.2141413689e+00,2.3591917753e-01,0.3063,2.0599999428e+00
-0.6600,-0.0009330,0.0000644,0.00010400,0.00000631,-4.1898989677e+00,2.3470707238e-01,0.3073,2.0357575417e+00
-0.6590,-0.0009410,0.0000644,0.00010500,0.00000631,-4.2262630463e+00,2.3470707238e-01,0.3083,2.0721216202e+00
-0.6580,-0.0009360,0.0000645,0.00010500,0.00000630,-4.2060608864e+00,2.3515149951e-01,0.3093,2.0519194603e+00
-0.6570,-0.0009360,0.0000645,0.00010500,0.00000630,-4.2060608864e+00,2.3515149951e-01,0.3103,2.0519194603e+00
-0.6560,-0.0009330,0.0000644,0.00010500,0.00000630,-4.1939392090e+00,2.3474748433e-01,0.3113,2.0397977829e+00
-0.6550,-0.0009370,0.0000645,0.00010500,0.00000629,-4.2101011276e+00,2.3519191146e-01,0.3123,2.0559597015e+00
-0.6540,-0.0009270,0.0000643,0.00010500,0.00000629,-4.1696972847e+00,2.3438385129e-01,0.3133,2.0155558586e+00
-0.6530,-0.0009370,0.0000644,0.00010500,0.00000629,-4.2101011276e+00,2.3478789628e-01,0.3143,2.0559597015e+00
-0.6520,-0.0009340,0.0000645,0.00010500,0.00000630,-4.1979799271e+00,2.3515149951e-01,0.3153,2.0438385010e+00
-0.6510,-0.0009330,0.0000643,0.00010500,0.00000630,-4.1939392090e+00,2.3434343934e-01,0.3163,2.0397977829e+00
-0.6500,-0.0009370,0.0000644,0.00010500,0.00000629,-4.2101011276e+00,2.3478789628e-01,0.3173,2.0559597015e+00
-0.6490,-0.0009360,0.0000644,0.00010500,0.00000629,-4.2060608864e+00,2.3478789628e-01,0.3183,2.0519194603e+00
-0.6480,-0.0009280,0.0000644,0.00010500,0.00000629,-4.1737375259e+00,2.3478789628e-01,0.3193,2.0195960999e+00
-0.6470,-0.0009430,0.0000643,0.00010500,0.00000629,-4.2343435287e+00,2.3438385129e-01,0.3203,2.0802021027e+00
-0.6460,-0.0009350,0.0000644,0.00010500,0.00000629,-4.2020201683e+00,2.3478789628e-01,0.3213,2.0478787422e+00
-0.6450,-0.0009280,0.0000643,0.00010500,0.00000628,-4.1737375259e+00,2.3442424834e-01,0.3223,2.0195960999e+00
-0.6440,-0.0009350,0.0000643,0.00010500,0.00000628,-4.2020201683e+00,2.3442424834e-01,0.3233,2.0478787422e+00
-0.6430,-0.0009330,0.0000641,0.00010500,0.00000628,-4.1939392090e+00,2.3361617327e-01,0.3243,2.0397977829e+00
-0.6420,-0.0009360,0.0000643,0.00010500,0.00000627,-4.2060608864e+00,2.3446466029e-01,0.3253,2.0519194603e+00
-0.6410,-0.0009280,0.0000643,0.00010500,0.00000627,-4.1737375259e+00,2.3446466029e-01,0.3263,2.0195960999e+00
-0.6400,-0.0009300,0.0000642,0.00010500,0.00000628,-4.1818180084e+00,2.3402021825e-01,0.3273,2.0276765823e+00
-0.6390,-0.0009370,0.0000642,0.00010500,0.00000627,-4.2101011276e+00,2.3406061530e-01,0.3283,2.0559597015e+00
-0.6380,-0.0009340,0.0000642,0.00010500,0.00000626,-4.1979799271e+00,2.3410101235e-01,0.3293,2.0438385010e+00
-0.6370,-0.0009280,0.0000641,0.00010500,0.00000627,-4.1737375259e+00,2.3365657032e-01,0.3303,2.0195960999e+00
-0.6360,-0.0009280,0.0000642,0.00010500,0.00000626,-4.1737375259e+00,2.3410101235e-01,0.3313,2.0195960999e+00
-0.6350,-0.0009360,0.0000641,0.00010500,0.00000625,-4.2060608864e+00,2.3373737931e-01,0.3323,2.0519194603e+00
-0.6340,-0.0009300,0.0000641,0.00010500,0.00000625,-4.1818180084e+00,2.3373737931e-01,0.3333,2.0276765823e+00
-0.6330,-0.0009290,0.0000641,0.00010500,0.00000626,-4.1777777672e+00,2.3369696736e-01,0.3343,2.0236363411e+00
-0.6320,-0.0009310,0.0000641,0.00010500,0.00000625,-4.1858582497e+00,2.3373737931e-01,0.3353,2.0317168236e+00
-0.6310,-0.0009280,0.0000642,0.00010500,0.00000625,-4.1737375259e+00,2.3414142430e-01,0.3363,2.0195960999e+00
-0.6300,-0.0009240,0.0000640,0.00010500,0.00000625,-4.1575760841e+00,2.3333333433e-01,0.3373,2.0034346581e+00
-0.6290,-0.0009380,0.0000640,0.00010500,0.00000625,-4.2141413689e+00,2.3333333433e-01,0.3383,2.0599999428e+00
-0.6280,-0.0009290,0.0000642,0.00010500,0.00000625,-4.1777777672e+00,2.3414142430e-01,0.3393,2.0236363411e+00
-0.6270,-0.0009250,0.0000640,0.00010500,0.00000624,-4.1616163254e+00,2.3337374628e-01,0.3403,2.0074748993e+00
-0.6260,-0.0009280,0.0000640,0.00010500,0.00000624,-4.1737375259e+00,2.3337374628e-01,0.3413,2.0195960999e+00
-0.6250,-0.0009330,0.0000641,0.00010500,0.00000624,-4.1939392090e+00,2.3377777636e-01,0.3423,2.0397977829e+00
-0.6240,-0.0009240,0.0000640,0.00010500,0.00000624,-4.1575760841e+00,2.3337374628e-01,0.3433,2.0034346581e+00
-0.6230,-0.0009310,0.0000640,0.00010500,0.00000623,-4.1858582497e+00,2.3341414332e-01,0.3443,2.0317168236e+00
-0.6220,-0.0009320,0.0000641,0.00010500,0.00000623,-4.1898989677e+00,2.3381818831e-01,0.3453,2.0357575417e+00
-0.6210,-0.0009230,0.0000641,0.00010500,0.00000623,-4.1535353661e+00,2.3381818831e-01,0.3463,1.9993939400e+00
-0.6200,-0.0009300,0.0000639,0.00010500,0.00000623,-4.1818180084e+00,2.3301009834e-01,0.3473,2.0276765823e+00
-0.6190,-0.0009330,0.0000640,0.00010500,0.00000623,-4.1939392090e+00,2.3341414332e-01,0.3483,2.0397977829e+00
-0.6180,-0.0009260,0.0000639,0.00010500,0.00000623,-4.1656565666e+00,2.3301009834e-01,0.3493,2.0115151405e+00
-0.6170,-0.0009180,0.0000639,0.00010500,0.00000622,-4.1333332062e+00,2.3305049539e-01,0.3503,1.9791917801e+00
-0.6160,-0.0009350,0.0000639,0.00010500,0.00000622,-4.2020201683e+00,2.3305049539e-01,0.3513,2.0478787422e+00
-0.6150,-0.0009190,0.0000640,0.00010600,0.00000622,-4.1414141655e+00,2.3345454037e-01,0.3523,1.9872727394e+00
-0.6140,-0.0009240,0.0000640,0.00010600,0.00000623,-4.1616163254e+00,2.3341414332e-01,0.3533,2.0074748993e+00
-0.6130,-0.0009330,0.0000641,0.00010600,0.00000622,-4.1979799271e+00,2.3385858536e-01,0.3543,2.0438385010e+00
-0.6120,-0.0009240,0.0000639,0.00010600,0.00000622,-4.1616163254e+00,2.3305049539e-01,0.3553,2.0074748993e+00
-0.6110,-0.0009210,0.0000638,0.00010500,0.00000622,-4.1454544067e+00,2.3264645040e-01,0.3563,1.9913129807e+00
-0.6100,-0.0009300,0.0000640,0.00010600,0.00000622,-4.1858582497e+00,2.3345454037e-01,0.3573,2.0317168236e+00
-0.6090,-0.0009190,0.0000639,0.00010600,0.00000622,-4.1414141655e+00,2.3305049539e-01,0.3583,1.9872727394e+00
-0.6080,-0.0009270,0.0000638,0.00010600,0.00000622,-4.1737375259e+00,2.3264645040e-01,0.3593,2.0195960999e+00
-0.6070,-0.0009280,0.0000640,0.00010600,0.00000622,-4.1777782440e+00,2.3345454037e-01,0.3603,2.0236368179e+00
-0.6060,-0.0009140,0.0000641,0.00010500,0.00000622,-4.1171717644e+00,2.3385858536e-01,0.3613,1.9630303383e+00
-0.6050,-0.0009310,0.0000641,0.00010500,0.00000622,-4.1858582497e+00,2.3385858536e-01,0.3623,2.0317168236e+00
-0.6040,-0.0009270,0.0000640,0.00010600,0.00000622,-4.1737375259e+00,2.3345454037e-01,0.3633,2.0195960999e+00
-0.6030,-0.0009240,0.0000640,0.00010500,0.00000622,-4.1575760841e+00,2.3345454037e-01,0.3643,2.0034346581e+00
-0.6020,-0.0009250,0.0000640,0.00010600,0.00000621,-4.1656565666e+00,2.3349495232e-01,0.3653,2.0115151405e+00
-0.6010,-0.0009270,0.0000639,0.00010600,0.00000621,-4.1737375259e+00,2.3309090734e-01,0.3663,2.0195960999e+00
-0.6000,-0.0009240,0.0000639,0.00010600,0.00000621,-4.1616163254e+00,2.3309090734e-01,0.3673,2.0074748993e+00
-0.5990,-0.0009200,0.0000638,0.00010600,0.00000620,-4.1454544067e+00,2.3272727430e-01,0.3683,1.9913129807e+00
-0.5980,-0.0009240,0.0000639,0.00010600,0.00000620,-4.1616163254e+00,2.3313130438e-01,0.3693,2.0074748993e+00
-0.5970,-0.0009160,0.0000639,0.00010500,0.00000621,-4.1252522469e+00,2.3309090734e-01,0.3703,1.9711108208e+00
-0.5960,-0.0009230,0.0000639,0.00010600,0.00000621,-4.1575760841e+00,2.3309090734e-01,0.3713,2.0034346581e+00
-0.5950,-0.0009160,0.0000639,0.00010600,0.00000621,-4.1292929649e+00,2.3309090734e-01,0.3723,1.9751515388e+00
-0.5940,-0.0009240,0.0000639,0.00010600,0.00000621,-4.1616163254e+00,2.3309090734e-01,0.3733,2.0074748993e+00
-0.5930,-0.0009240,0.0000640,0.00010600,0.00000621,-4.1616163254e+00,2.3349495232e-01,0.3743,2.0074748993e+00
-0.5920,-0.0009190,0.0000640,0.00010600,0.00000620,-4.1414141655e+00,2.3353534937e-01,0.3753,1.9872727394e+00
-0.5910,-0.0009200,0.0000640,0.00010600,0.00000620,-4.1454544067e+00,2.3353534937e-01,0.3763,1.9913129807e+00
-0.5900,-0.0009210,0.0000640,0.00010600,0.00000620,-4.1494951248e+00,2.3353534937e-01,0.3773,1.9953536987e+00
-0.5890,-0.0009190,0.0000640,0.00010600,0.00000620,-4.1414141655e+00,2.3353534937e-01,0.3783,1.9872727394e+00
-0.5880,-0.0009210,0.0000640,0.00010600,0.00000620,-4.1494951248e+00,2.3353534937e-01,0.3793,1.9953536987e+00
-0.5870,-0.0009150,0.0000641,0.00010500,0.00000620,-4.1212120056e+00,2.3393939435e-01,0.3803,1.9670705795e+00
-0.5860,-0.0009260,0.0000640,0.00010600,0.00000620,-4.1696972847e+00,2.3353534937e-01,0.3813,2.0155558586e+00
-0.5850,-0.0009180,0.0000640,0.00010600,0.00000619,-4.1373739243e+00,2.3357576132e-01,0.3823,1.9832324982e+00
-0.5840,-0.0009120,0.0000639,0.00010500,0.00000619,-4.1090912819e+00,2.3317171633e-01,0.3833,1.9549498558e+00
-0.5830,-0.0009230,0.0000641,0.00010500,0.00000620,-4.1535353661e+00,2.3393939435e-01,0.3843,1.9993939400e+00
-0.5820,-0.0009160,0.0000641,0.00010500,0.00000619,-4.1252522469e+00,2.3397980630e-01,0.3853,1.9711108208e+00
-0.5810,-0.0009160,0.0000639,0.00010500,0.00000620,-4.1252522469e+00,2.3313130438e-01,0.3863,1.9711108208e+00
-0.5800,-0.0009230,0.0000641,0.00010500,0.00000620,-4.1535353661e+00,2.3393939435e-01,0.3873,1.9993939400e+00
-0.5790,-0.0009160,0.0000641,0.00010500,0.00000620,-4.1252522469e+00,2.3393939435e-01,0.3883,1.9711108208e+00
-0.5780,-0.0009160,0.0000640,0.00010500,0.00000619,-4.1252522469e+00,2.3357576132e-01,0.3893,1.9711108208e+00
-0.5770,-0.0009190,0.0000642,0.00010500,0.00000619,-4.1373739243e+00,2.3438385129e-01,0.3903,1.9832324982e+00
-0.5760,-0.0009150,0.0000641,0.00010600,0.00000619,-4.1252522469e+00,2.3397980630e-01,0.3913,1.9711108208e+00
-0.5750,-0.0009160,0.0000639,0.00010500,0.00000619,-4.1252522469e+00,2.3317171633e-01,0.3923,1.9711108208e+00
-0.5740,-0.0009150,0.0000640,0.00010500,0.00000619,-4.1212120056e+00,2.3357576132e-01,0.3933,1.9670705795e+00
-0.5730,-0.0009130,0.0000641,0.00010500,0.00000619,-4.1131315231e+00,2.3397980630e-01,0.3943,1.9589900970e+00
-0.5720,-0.0009130,0.0000641,0.00010500,0.00000620,-4.1131315231e+00,2.3393939435e-01,0.3953,1.9589900970e+00
-0.5710,-0.0008980,0.0000642,0.00010500,0.00000619,-4.0525255203e+00,2.3438385129e-01,0.3963,1.8983840942e+00
-0.5700,-0.0009170,0.0000640,0.00010500,0.00000619,-4.1292929649e+00,2.3357576132e-01,0.3973,1.9751515388e+00
-0.5690,-0.0009200,0.0000643,0.00010500,0.00000619,-4.1414141655e+00,2.3478789628e-01,0.3983,1.9872727394e+00
-0.5680,-0.0009060,0.0000642,0.00010500,0.00000619,-4.0848484039e+00,2.3438385129e-01,0.3993,1.9307069778e+00
-0.5670,-0.0009170,0.0000641,0.00010500,0.00000619,-4.1292929649e+00,2.3397980630e-01,0.4003,1.9751515388e+00
-0.5660,-0.0009130,0.0000643,0.00010500,0.00000618,-4.1131315231e+00,2.3482827842e-01,0.4013,1.9589900970e+00
-0.5650,-0.0009090,0.0000642,0.00010500,0.00000618,-4.0969700813e+00,2.3442423344e-01,0.4023,1.9428286552e+00
-0.5640,-0.0009110,0.0000643,0.00010500,0.00000618,-4.1050505638e+00,2.3482827842e-01,0.4033,1.9509091377e+00
-0.5630,-0.0009160,0.0000645,0.00010600,0.00000619,-4.1292929649e+00,2.3559595644e-01,0.4043,1.9751515388e+00
-0.5620,-0.0009060,0.0000644,0.00010500,0.00000619,-4.0848484039e+00,2.3519194126e-01,0.4053,1.9307069778e+00
-0.5610,-0.0009200,0.0000643,0.00010500,0.00000618,-4.1414141655e+00,2.3482827842e-01,0.4063,1.9872727394e+00
-0.5600,-0.0009120,0.0000645,0.00010500,0.00000619,-4.1090912819e+00,2.3559595644e-01,0.4073,1.9549498558e+00
-0.5590,-0.0009070,0.0000644,0.00010500,0.00000619,-4.0888891220e+00,2.3519194126e-01,0.4083,1.9347476959e+00
-0.5580,-0.0009150,0.0000644,0.00010500,0.00000619,-4.1212120056e+00,2.3519194126e-01,0.4093,1.9670705795e+00
-0.5570,-0.0009120,0.0000646,0.00010500,0.00000619,-4.1090912819e+00,2.3599998653e-01,0.4103,1.9549498558e+00
-0.5560,-0.0008980,0.0000647,0.00010500,0.00000619,-4.0525255203e+00,2.3640403152e-01,0.4113,1.8983840942e+00
-0.5550,-0.0009180,0.0000643,0.00010500,0.00000619,-4.1333332062e+00,2.3478789628e-01,0.4123,1.9791917801e+00
-0.5540,-0.0009140,0.0000646,0.00010500,0.00000619,-4.1171717644e+00,2.3599998653e-01,0.4133,1.9630303383e+00
-0.5530,-0.0009070,0.0000646,0.00010500,0.00000619,-4.0888891220e+00,2.3599998653e-01,0.4143,1.9347476959e+00
-0.5520,-0.0009110,0.0000645,0.00010500,0.00000618,-4.1050505638e+00,2.3563633859e-01,0.4153,1.9509091377e+00
-0.5510,-0.0009090,0.0000645,0.00010500,0.00000618,-4.0969700813e+00,2.3563633859e-01,0.4163,1.9428286552e+00
-0.5500,-0.0009040,0.0000647,0.00010500,0.00000618,-4.0767679214e+00,2.3644442856e-01,0.4173,1.9226264954e+00
-0.5490,-0.0009050,0.0000645,0.00010500,0.00000619,-4.0808081627e+00,2.3559595644e-01,0.4183,1.9266667366e+00
-0.5480,-0.0009120,0.0000647,0.00010500,0.00000618,-4.1090912819e+00,2.3644442856e-01,0.4193,1.9549498558e+00
-0.5470,-0.0009060,0.0000647,0.00010500,0.00000618,-4.0848484039e+00,2.3644442856e-01,0.4203,1.9307069778e+00
-0.5460,-0.0009050,0.0000647,0.00010500,0.00000619,-4.0808081627e+00,2.3640403152e-01,0.4213,1.9266667366e+00
-0.5450,-0.0009030,0.0000647,0.00010500,0.00000619,-4.0727272034e+00,2.3640403152e-01,0.4223,1.9185857773e+00
-0.5440,-0.0009110,0.0000650,0.00010500,0.00000619,-4.1050505638e+00,2.3761616647e-01,0.4233,1.9509091377e+00
-0.5430,-0.0009010,0.0000649,0.00010500,0.00000619,-4.0646462440e+00,2.3721212149e-01,0.4243,1.9105048180e+00
-0.5420,-0.0009110,0.0000648,0.00010500,0.00000619,-4.1050505638e+00,2.3680807650e-01,0.4253,1.9509091377e+00
-0.5410,-0.0009090,0.0000649,0.00010500,0.00000618,-4.0969700813e+00,2.3725251853e-01,0.4263,1.9428286552e+00
-0.5400,-0.0009050,0.0000649,0.00010500,0.00000619,-4.0808081627e+00,2.3721212149e-01,0.4273,1.9266667366e+00
-0.5390,-0.0008980,0.0000650,0.00010500,0.00000619,-4.0525255203e+00,2.3761616647e-01,0.4283,1.8983840942e+00
-0.5380,-0.0009070,0.0000648,0.00010500,0.00000619,-4.0888891220e+00,2.3680807650e-01,0.4293,1.9347476959e+00
-0.5370,-0.0009060,0.0000650,0.00010500,0.00000618,-4.0848484039e+00,2.3765656352e-01,0.4303,1.9307069778e+00
-0.5360,-0.0008980,0.0000651,0.00010500,0.00000619,-4.0525255203e+00,2.3802021146e-01,0.4313,1.8983840942e+00
-0.5350,-0.0009060,0.0000650,0.00010500,0.00000620,-4.0848484039e+00,2.3757575452e-01,0.4323,1.9307069778e+00
-0.5340,-0.0009050,0.0000651,0.00010500,0.00000619,-4.0808081627e+00,2.3802021146e-01,0.4333,1.9266667366e+00
-0.5330,-0.0009020,0.0000651,0.00010500,0.00000620,-4.0686869621e+00,2.3797979951e-01,0.4343,1.9145455360e+00
-0.5320,-0.0009040,0.0000651,0.00010500,0.00000619,-4.0767679214e+00,2.3802021146e-01,0.4353,1.9226264954e+00
-0.5310,-0.0009010,0.0000651,0.00010500,0.00000619,-4.0646462440e+00,2.3802021146e-01,0.4363,1.9105048180e+00
-0.5300,-0.0009040,0.0000653,0.00010500,0.00000619,-4.0767679214e+00,2.3882830143e-01,0.4373,1.9226264954e+00
-0.5290,-0.0009030,0.0000651,0.00010500,0.00000619,-4.0727272034e+00,2.3802021146e-01,0.4383,1.9185857773e+00
-0.5280,-0.0009010,0.0000652,0.00010500,0.00000619,-4.0646462440e+00,2.3842425644e-01,0.4393,1.9105048180e+00
-0.5270,-0.0008960,0.0000653,0.00010500,0.00000619,-4.0444445610e+00,2.3882830143e-01,0.4403,1.8903031349e+00
-0.5260,-0.0009060,0.0000652,0.00010500,0.00000619,-4.0848484039e+00,2.3842425644e-01,0.4413,1.9307069778e+00
-0.5250,-0.0009020,0.0000653,0.00010500,0.00000618,-4.0686869621e+00,2.3886868358e-01,0.4423,1.9145455360e+00
-0.5240,-0.0009000,0.0000653,0.00010500,0.00000619,-4.0606060028e+00,2.3882830143e-01,0.4433,1.9064645767e+00
-0.5230,-0.0009010,0.0000654,0.00010500,0.00000619,-4.0646462440e+00,2.3923234642e-01,0.4443,1.9105048180e+00
-0.5220,-0.0008960,0.0000654,0.00010500,0.00000619,-4.0444445610e+00,2.3923234642e-01,0.4453,1.8903031349e+00
-0.5210,-0.0008990,0.0000652,0.00010500,0.00000619,-4.0565652847e+00,2.3842425644e-01,0.4463,1.9024238586e+00
-0.5200,-0.0008990,0.0000655,0.00010500,0.00000619,-4.0565652847e+00,2.3963636160e-01,0.4473,1.9024238586e+00
-0.5190,-0.0008920,0.0000653,0.00010500,0.00000619,-4.0282831192e+00,2.3882830143e-01,0.4483,1.8741416931e+00
-0.5180,-0.0008990,0.0000653,0.00010500,0.00000619,-4.0565652847e+00,2.3882830143e-01,0.4493,1.9024238586e+00
-0.5170,-0.0008980,0.0000656,0.00010500,0.00000619,-4.0525255203e+00,2.4004039168e-01,0.4503,1.8983840942e+00
-0.5160,-0.0008910,0.0000654,0.00010500,0.00000620,-4.0242424011e+00,2.3919193447e-01,0.4513,1.8701009750e+00
-0.5150,-0.0009000,0.0000654,0.00010500,0.00000620,-4.0606060028e+00,2.3919193447e-01,0.4523,1.9064645767e+00
-0.5140,-0.0008970,0.0000656,0.00010500,0.00000620,-4.0484852791e+00,2.3999999464e-01,0.4533,1.8943438530e+00
-0.5130,-0.0008920,0.0000656,0.00010500,0.00000621,-4.0282831192e+00,2.3995958269e-01,0.4543,1.8741416931e+00
-0.5120,-0.0008940,0.0000654,0.00010500,0.00000621,-4.0363636017e+00,2.3915152252e-01,0.4553,1.8822221756e+00
-0.5110,-0.0008900,0.0000656,0.00010500,0.00000621,-4.0202021599e+00,2.3995958269e-01,0.4563,1.8660607338e+00
-0.5100,-0.0009000,0.0000656,0.00010400,0.00000620,-4.0565652847e+00,2.3999999464e-01,0.4573,1.9024238586e+00
-0.5090,-0.0008910,0.0000657,0.00010500,0.00000620,-4.0242424011e+00,2.4040403962e-01,0.4583,1.8701009750e+00
-0.5080,-0.0008990,0.0000657,0.00010400,0.00000620,-4.0525250435e+00,2.4040403962e-01,0.4593,1.8983836174e+00
-0.5070,-0.0008950,0.0000657,0.00010400,0.00000621,-4.0363636017e+00,2.4036362767e-01,0.4603,1.8822221756e+00
-0.5060,-0.0008920,0.0000657,0.00010400,0.00000621,-4.0242424011e+00,2.4036362767e-01,0.4613,1.8701009750e+00
-0.5050,-0.0008950,0.0000657,0.00010400,0.00000621,-4.0363636017e+00,2.4036362767e-01,0.4623,1.8822221756e+00
-0.5040,-0.0008900,0.0000657,0.00010400,0.00000621,-4.0161614418e+00,2.4036362767e-01,0.4633,1.8620200157e+00
-0.5030,-0.0008970,0.0000657,0.00010400,0.00000621,-4.0444445610e+00,2.4036362767e-01,0.4643,1.8903031349e+00
-0.5020,-0.0008950,0.0000659,0.00010400,0.00000622,-4.0363636017e+00,2.4113130569e-01,0.4653,1.8822221756e+00
-0.5010,-0.0008950,0.0000658,0.00010400,0.00000621,-4.0363636017e+00,2.4076767266e-01,0.4663,1.8822221756e+00
-0.5000,-0.0008920,0.0000658,0.00010400,0.00000621,-4.0242424011e+00,2.4076767266e-01,0.4673,1.8701009750e+00
-0.4990,-0.0008910,0.0000659,0.00010400,0.00000622,-4.0202021599e+00,2.4113130569e-01,0.4683,1.8660607338e+00
-0.4980,-0.0008940,0.0000659,0.00010400,0.00000622,-4.0323233604e+00,2.4113130569e-01,0.4693,1.8781819344e+00
-0.4970,-0.0008920,0.0000660,0.00010400,0.00000622,-4.0242424011e+00,2.4153535068e-01,0.4703,1.8701009750e+00
-0.4960,-0.0008900,0.0000659,0.00010400,0.00000621,-4.0161614418e+00,2.4117171764e-01,0.4713,1.8620200157e+00
-0.4950,-0.0008940,0.0000659,0.00010400,0.00000622,-4.0323233604e+00,2.4113130569e-01,0.4723,1.8781819344e+00
-0.4940,-0.0008930,0.0000660,0.00010400,0.00000621,-4.0282831192e+00,2.4157576263e-01,0.4733,1.8741416931e+00
-0.4930,-0.0008920,0.0000659,0.00010400,0.00000621,-4.0242424011e+00,2.4117171764e-01,0.4743,1.8701009750e+00
-0.4920,-0.0008930,0.0000660,0.00010400,0.00000621,-4.0282831192e+00,2.4157576263e-01,0.4753,1.8741416931e+00
-0.4910,-0.0008930,0.0000661,0.00010400,0.00000621,-4.0282831192e+00,2.4197980762e-01,0.4763,1.8741416931e+00
-0.4900,-0.0008910,0.0000660,0.00010400,0.00000621,-4.0202021599e+00,2.4157576263e-01,0.4773,1.8660607338e+00
-0.4890,-0.0008910,0.0000659,0.00010400,0.00000621,-4.0202021599e+00,2.4117171764e-01,0.4783,1.8660607338e+00
-0.4880,-0.0008940,0.0000661,0.00010400,0.00000622,-4.0323233604e+00,2.4193939567e-01,0.4793,1.8781819344e+00
-0.4870,-0.0008920,0.0000660,0.00010400,0.00000623,-4.0242424011e+00,2.4149495363e-01,0.4803,1.8701009750e+00
-0.4860,-0.0008960,0.0000660,0.00010400,0.00000623,-4.0404043198e+00,2.4149495363e-01,0.4813,1.8862628937e+00
-0.4850,-0.0008910,0.0000660,0.00010400,0.00000623,-4.0202021599e+00,2.4149495363e-01,0.4823,1.8660607338e+00
-0.4840,-0.0008910,0.0000659,0.00010400,0.00000623,-4.0202021599e+00,2.4109090865e-01,0.4833,1.8660607338e+00
-0.4830,-0.0008900,0.0000659,0.00010400,0.00000622,-4.0161614418e+00,2.4113130569e-01,0.4843,1.8620200157e+00
-0.4820,-0.0008920,0.0000661,0.00010400,0.00000623,-4.0242424011e+00,2.4189899862e-01,0.4853,1.8701009750e+00
-0.4810,-0.0008910,0.0000660,0.00010300,0.00000623,-4.0161614418e+00,2.4149495363e-01,0.4863,1.8620200157e+00
-0.4800,-0.0008930,0.0000659,0.00010300,0.00000624,-4.0242424011e+00,2.4105051160e-01,0.4873,1.8701009750e+00
-0.4790,-0.0008900,0.0000659,0.00010300,0.00000623,-4.0121212006e+00,2.4109090865e-01,0.4883,1.8579797745e+00
-0.4780,-0.0008760,0.0000657,0.00010300,0.00000623,-3.9555556774e+00,2.4028283358e-01,0.4893,1.8014142513e+00
-0.4770,-0.0008980,0.0000660,0.00010300,0.00000624,-4.0444445610e+00,2.4145455658e-01,0.4903,1.8903031349e+00
-0.4760,-0.0008860,0.0000660,0.00010300,0.00000624,-3.9959595203e+00,2.4145455658e-01,0.4913,1.8418180943e+00
-0.4750,-0.0008910,0.0000659,0.00010300,0.00000625,-4.0161614418e+00,2.4101009965e-01,0.4923,1.8620200157e+00
-0.4740,-0.0008900,0.0000658,0.00010300,0.00000625,-4.0121212006e+00,2.4060605466e-01,0.4933,1.8579797745e+00
-0.4730,-0.0008800,0.0000660,0.00010300,0.00000626,-3.9717173576e+00,2.4137373269e-01,0.4943,1.8175759315e+00
-0.4720,-0.0008930,0.0000657,0.00010300,0.00000626,-4.0242424011e+00,2.4016161263e-01,0.4953,1.8701009750e+00
-0.4710,-0.0008930,0.0000659,0.00010300,0.00000625,-4.0242424011e+00,2.4101009965e-01,0.4963,1.8701009750e+00
-0.4700,-0.0008830,0.0000657,0.00010300,0.00000625,-3.9838380814e+00,2.4020200968e-01,0.4973,1.8296966553e+00
-0.4690,-0.0008920,0.0000658,0.00010300,0.00000625,-4.0202021599e+00,2.4060605466e-01,0.4983,1.8660607338e+00
-0.4680,-0.0008890,0.0000658,0.00010300,0.00000625,-4.0080809593e+00,2.4060605466e-01,0.4993,1.8539395332e+00
-0.4670,-0.0008880,0.0000657,0.00010300,0.00000625,-4.0040402412e+00,2.4020200968e-01,0.5003,1.8498988152e+00
-0.4660,-0.0008880,0.0000657,0.00010300,0.00000625,-4.0040402412e+00,2.4020200968e-01,0.5013,1.8498988152e+00
-0.4650,-0.0008860,0.0000657,0.00010300,0.00000625,-3.9959595203e+00,2.4020200968e-01,0.5023,1.8418180943e+00
-0.4640,-0.0008870,0.0000655,0.00010300,0.00000625,-4.0000000000e+00,2.3939391971e-01,0.5033,1.8458585739e+00
-0.4630,-0.0008920,0.0000656,0.00010300,0.00000625,-4.0202021599e+00,2.3979796469e-01,0.5043,1.8660607338e+00
-0.4620,-0.0008840,0.0000656,0.00010300,0.00000626,-3.9878785610e+00,2.3975756764e-01,0.5053,1.8337371349e+00
-0.4610,-0.0008840,0.0000654,0.00010300,0.00000626,-3.9878785610e+00,2.3894950747e-01,0.5063,1.8337371349e+00
-0.4600,-0.0008910,0.0000655,0.00010300,0.00000625,-4.0161614418e+00,2.3939391971e-01,0.5073,1.8620200157e+00
-0.4590,-0.0008880,0.0000655,0.00010200,0.00000625,-4.0000000000e+00,2.3939391971e-01,0.5083,1.8458585739e+00
-0.4580,-0.0008850,0.0000653,0.00010200,0.00000624,-3.9878785610e+00,2.3862627149e-01,0.5093,1.8337371349e+00
-0.4570,-0.0008910,0.0000654,0.00010200,0.00000624,-4.0121212006e+00,2.3903031647e-01,0.5103,1.8579797745e+00
-0.4560,-0.0008860,0.0000653,0.00010200,0.00000624,-3.9919190407e+00,2.3862627149e-01,0.5113,1.8377776146e+00
-0.4550,-0.0008870,0.0000651,0.00010200,0.00000624,-3.9959595203e+00,2.3781818151e-01,0.5123,1.8418180943e+00
-0.4540,-0.0008880,0.0000652,0.00010200,0.00000624,-4.0000000000e+00,2.3822222650e-01,0.5133,1.8458585739e+00
-0.4530,-0.0008850,0.0000650,0.00010200,0.00000625,-3.9878785610e+00,2.3737373948e-01,0.5143,1.8337371349e+00
-0.4520,-0.0008900,0.0000651,0.00010200,0.00000625,-4.0080809593e+00,2.3777778447e-01,0.5153,1.8539395332e+00
-0.4510,-0.0008860,0.0000650,0.00010200,0.00000625,-3.9919190407e+00,2.3737373948e-01,0.5163,1.8377776146e+00
-0.4500,-0.0008880,0.0000650,0.00010200,0.00000625,-4.0000000000e+00,2.3737373948e-01,0.5173,1.8458585739e+00
-0.4490,-0.0008870,0.0000648,0.00010200,0.00000625,-3.9959595203e+00,2.3656564951e-01,0.5183,1.8418180943e+00
-0.4480,-0.0008880,0.0000648,0.00010200,0.00000625,-4.0000000000e+00,2.3656564951e-01,0.5193,1.8458585739e+00
-0.4470,-0.0008890,0.0000647,0.00010200,0.00000625,-4.0040402412e+00,2.3616160452e-01,0.5203,1.8498988152e+00
-0.4460,-0.0008850,0.0000647,0.00010200,0.00000626,-3.9878785610e+00,2.3612119257e-01,0.5213,1.8337371349e+00
-0.4450,-0.0008880,0.0000645,0.00010200,0.00000626,-4.0000000000e+00,2.3531311750e-01,0.5223,1.8458585739e+00
-0.4440,-0.0008870,0.0000645,0.00010200,0.00000626,-3.9959595203e+00,2.3531311750e-01,0.5233,1.8418180943e+00
-0.4430,-0.0008870,0.0000644,0.00010200,0.00000626,-3.9959595203e+00,2.3490910232e-01,0.5243,1.8418180943e+00
-0.4420,-0.0008820,0.0000643,0.00010200,0.00000627,-3.9757578373e+00,2.3446466029e-01,0.5253,1.8216164112e+00
-0.4410,-0.0008900,0.0000643,0.00010200,0.00000626,-4.0080809593e+00,2.3450505733e-01,0.5263,1.8539395332e+00
-0.4400,-0.0008870,0.0000641,0.00010100,0.00000627,-3.9919190407e+00,2.3365657032e-01,0.5273,1.8377776146e+00
-0.4390,-0.0008920,0.0000640,0.00010100,0.00000626,-4.0121212006e+00,2.3329292238e-01,0.5283,1.8579797745e+00
-0.4380,-0.0008880,0.0000640,0.00010100,0.00000625,-3.9959595203e+00,2.3333333433e-01,0.5293,1.8418180943e+00
-0.4370,-0.0008860,0.0000638,0.00010100,0.00000627,-3.9878785610e+00,2.3244445026e-01,0.5303,1.8337371349e+00
-0.4360,-0.0008890,0.0000637,0.00010100,0.00000629,-4.0000000000e+00,2.3195958138e-01,0.5313,1.8458585739e+00
-0.4350,-0.0008720,0.0000637,0.00010100,0.00000629,-3.9313132763e+00,2.3195958138e-01,0.5323,1.7771718502e+00
-0.4340,-0.0008960,0.0000634,0.00010100,0.00000628,-4.0282831192e+00,2.3078788817e-01,0.5333,1.8741416931e+00
-0.4330,-0.0008880,0.0000635,0.00010100,0.00000628,-3.9959595203e+00,2.3119193316e-01,0.5343,1.8418180943e+00
-0.4320,-0.0008860,0.0000632,0.00010100,0.00000628,-3.9878785610e+00,2.2997981310e-01,0.5353,1.8337371349e+00
-0.4310,-0.0008850,0.0000631,0.00010100,0.00000628,-3.9838380814e+00,2.2957576811e-01,0.5363,1.8296966553e+00
-0.4300,-0.0008860,0.0000630,0.00010100,0.00000628,-3.9878785610e+00,2.2917172313e-01,0.5373,1.8337371349e+00
-0.4290,-0.0008910,0.0000629,0.00010100,0.00000628,-4.0080809593e+00,2.2876767814e-01,0.5383,1.8539395332e+00
-0.4280,-0.0008800,0.0000626,0.00010100,0.00000629,-3.9636363983e+00,2.2751513124e-01,0.5393,1.8094949722e+00
-0.4270,-0.0008910,0.0000626,0.00010000,0.00000629,-4.0040402412e+00,2.2751513124e-01,0.5403,1.8498988152e+00
-0.4260,-0.0008850,0.0000626,0.00010000,0.00000629,-3.9797978401e+00,2.2751513124e-01,0.5413,1.8256564140e+00
-0.4250,-0.0008860,0.0000622,0.00010000,0.00000629,-3.9838380814e+00,2.2589899600e-01,0.5423,1.8296966553e+00
-0.4240,-0.0008890,0.0000622,0.00010000,0.00000630,-3.9959595203e+00,2.2585858405e-01,0.5433,1.8418180943e+00
-0.4230,-0.0008860,0.0000621,0.00010000,0.00000630,-3.9838380814e+00,2.2545453906e-01,0.5443,1.8296966553e+00
-0.4220,-0.0008860,0.0000619,0.00010000,0.00000630,-3.9838380814e+00,2.2464644909e-01,0.5453,1.8296966553e+00
-0.4210,-0.0008890,0.0000618,0.00009980,0.00000630,-3.9951517582e+00,2.2424241900e-01,0.5463,1.8410103321e+00
-0.4200,-0.0008890,0.0000616,0.00009980,0.00000630,-3.9951517582e+00,2.2343435884e-01,0.5473,1.8410103321e+00
-0.4190,-0.0008850,0.0000615,0.00009980,0.00000629,-3.9789900780e+00,2.2307072580e-01,0.5483,1.8248486519e+00
-0.4180,-0.0008910,0.0000613,0.00009970,0.00000629,-4.0028281212e+00,2.2226263583e-01,0.5493,1.8486866951e+00
-0.4170,-0.0008770,0.0000615,0.00009960,0.00000630,-3.9458584785e+00,2.2303031385e-01,0.5503,1.7917170525e+00
-0.4160,-0.0008910,0.0000609,0.00009960,0.00000629,-4.0024242401e+00,2.2064647079e-01,0.5513,1.8482828140e+00
-0.4150,-0.0008950,0.0000609,0.00009960,0.00000628,-4.0185856819e+00,2.2068688273e-01,0.5523,1.8644442558e+00
-0.4140,-0.0008860,0.0000607,0.00009950,0.00000628,-3.9818179607e+00,2.1987879276e-01,0.5533,1.8276765347e+00
-0.4130,-0.0008900,0.0000604,0.00009950,0.00000629,-3.9979796410e+00,2.1862627566e-01,0.5543,1.8438382149e+00
-0.4120,-0.0008920,0.0000605,0.00009950,0.00000628,-4.0060606003e+00,2.1907070279e-01,0.5553,1.8519191742e+00
-0.4110,-0.0008870,0.0000602,0.00009940,0.00000628,-3.9854547977e+00,2.1785859764e-01,0.5563,1.8313133717e+00
-0.4100,-0.0008930,0.0000600,0.00009960,0.00000627,-4.0105051994e+00,2.1709090471e-01,0.5573,1.8563637733e+00
-0.4090,-0.0008910,0.0000599,0.00009980,0.00000627,-4.0032324791e+00,2.1668685973e-01,0.5583,1.8490910530e+00
-0.4080,-0.0008870,0.0000598,0.00009950,0.00000628,-3.9858584404e+00,2.1624243259e-01,0.5593,1.8317170143e+00
-0.4070,-0.0008910,0.0000594,0.00009930,0.00000628,-4.0012121201e+00,2.1462626755e-01,0.5603,1.8470706940e+00
-0.4060,-0.0008910,0.0000592,0.00009920,0.00000629,-4.0008077621e+00,2.1377778053e-01,0.5613,1.8466663361e+00
-0.4050,-0.0008880,0.0000591,0.00009910,0.00000628,-3.9882826805e+00,2.1341414750e-01,0.5623,1.8341412544e+00
-0.4040,-0.0008930,0.0000589,0.00009910,0.00000627,-4.0084848404e+00,2.1264645457e-01,0.5633,1.8543434143e+00
-0.4030,-0.0008920,0.0000587,0.00009900,0.00000627,-4.0040402412e+00,2.1183837950e-01,0.5643,1.8498988152e+00
-0.4020,-0.0008920,0.0000585,0.00009890,0.00000627,-4.0036363602e+00,2.1103031933e-01,0.5653,1.8494949341e+00
-0.4010,-0.0008910,0.0000582,0.00009880,0.00000627,-3.9991917610e+00,2.0981818438e-01,0.5663,1.8450503349e+00
-0.4000,-0.0008970,0.0000581,0.00009870,0.00000627,-4.0230302811e+00,2.0941413939e-01,0.5673,1.8688888550e+00
-0.3990,-0.0008900,0.0000578,0.00009870,0.00000627,-3.9947478771e+00,2.0820201933e-01,0.5683,1.8406064510e+00
-0.3980,-0.0008970,0.0000576,0.00009860,0.00000626,-4.0226264000e+00,2.0743432641e-01,0.5693,1.8684849739e+00
-0.3970,-0.0008930,0.0000575,0.00009850,0.00000627,-4.0060606003e+00,2.0698991418e-01,0.5703,1.8519191742e+00
-0.3960,-0.0008930,0.0000571,0.00009850,0.00000627,-4.0060606003e+00,2.0537373424e-01,0.5713,1.8519191742e+00
-0.3950,-0.0009000,0.0000569,0.00009830,0.00000627,-4.0335354805e+00,2.0456564426e-01,0.5723,1.8793940544e+00
-0.3940,-0.0008920,0.0000567,0.00009830,0.00000627,-4.0012121201e+00,2.0375756919e-01,0.5733,1.8470706940e+00
-0.3930,-0.0008900,0.0000565,0.00009820,0.00000627,-3.9927275181e+00,2.0294950902e-01,0.5743,1.8385860920e+00
-0.3920,-0.0008970,0.0000563,0.00009810,0.00000627,-4.0206060410e+00,2.0214141905e-01,0.5753,1.8664646149e+00
-0.3910,-0.0008990,0.0000562,0.00009800,0.00000626,-4.0282831192e+00,2.0177777112e-01,0.5763,1.8741416931e+00
-0.3900,-0.0008940,0.0000559,0.00009800,0.00000626,-4.0080809593e+00,2.0056565106e-01,0.5773,1.8539395332e+00
-0.3890,-0.0009000,0.0000555,0.00009790,0.00000626,-4.0319194794e+00,1.9894950092e-01,0.5783,1.8777780533e+00
-0.3880,-0.0008990,0.0000554,0.00009780,0.00000625,-4.0274748802e+00,1.9858585298e-01,0.5793,1.8733334541e+00
-0.3870,-0.0008960,0.0000550,0.00009780,0.00000626,-4.0153536797e+00,1.9692929089e-01,0.5803,1.8612122536e+00
-0.3860,-0.0009020,0.0000549,0.00009770,0.00000626,-4.0391921997e+00,1.9652524590e-01,0.5813,1.8850507736e+00
-0.3850,-0.0008960,0.0000545,0.00009760,0.00000626,-4.0145454407e+00,1.9490908086e-01,0.5823,1.8604040146e+00
-0.3840,-0.0009020,0.0000543,0.00009750,0.00000626,-4.0383839607e+00,1.9410100579e-01,0.5833,1.8842425346e+00
-0.3830,-0.0008960,0.0000540,0.00009740,0.00000625,-4.0137372017e+00,1.9292929769e-01,0.5843,1.8595957756e+00
-0.3820,-0.0009030,0.0000539,0.00009740,0.00000625,-4.0420203209e+00,1.9252525270e-01,0.5853,1.8878788948e+00
-0.3810,-0.0009000,0.0000536,0.00009730,0.00000623,-4.0294952393e+00,1.9139394164e-01,0.5863,1.8753538132e+00
-0.3800,-0.0009050,0.0000533,0.00009730,0.00000623,-4.0496973991e+00,1.9018182158e-01,0.5873,1.8955559731e+00
-0.3790,-0.0008990,0.0000530,0.00009710,0.00000622,-4.0246467590e+00,1.8901009858e-01,0.5883,1.8705053329e+00
-0.3780,-0.0009020,0.0000526,0.00009710,0.00000622,-4.0367679596e+00,1.8739393353e-01,0.5893,1.8826265335e+00
-0.3770,-0.0008980,0.0000525,0.00009710,0.00000622,-4.0206060410e+00,1.8698988855e-01,0.5903,1.8664646149e+00
-0.3760,-0.0009070,0.0000523,0.00009700,0.00000622,-4.0565652847e+00,1.8618181348e-01,0.5913,1.9024238586e+00
-0.3750,-0.0009040,0.0000519,0.00009680,0.00000621,-4.0436367989e+00,1.8460604548e-01,0.5923,1.8894953728e+00
-0.3740,-0.0009020,0.0000517,0.00009680,0.00000621,-4.0355558395e+00,1.8379798532e-01,0.5933,1.8814144135e+00
-0.3730,-0.0009060,0.0000513,0.00009670,0.00000621,-4.0513129234e+00,1.8218182027e-01,0.5943,1.8971714973e+00
-0.3720,-0.0009070,0.0000511,0.00009660,0.00000621,-4.0549492836e+00,1.8137373030e-01,0.5953,1.9008078575e+00
-0.3710,-0.0009020,0.0000508,0.00009650,0.00000621,-4.0343437195e+00,1.8016162515e-01,0.5963,1.8802022934e+00
-0.3700,-0.0009080,0.0000505,0.00009630,0.00000623,-4.0577778816e+00,1.7886868119e-01,0.5973,1.9036364555e+00
-0.3690,-0.0009040,0.0000501,0.00009620,0.00000623,-4.0412125587e+00,1.7725253105e-01,0.5983,1.8870711327e+00
-0.3680,-0.0009090,0.0000500,0.00009610,0.00000622,-4.0610098839e+00,1.7688888311e-01,0.5993,1.9068684578e+00
-0.3670,-0.0009080,0.0000496,0.00009600,0.00000621,-4.0565652847e+00,1.7531313002e-01,0.6003,1.9024238586e+00
-0.3660,-0.0009060,0.0000492,0.00009590,0.00000621,-4.0480804443e+00,1.7369696498e-01,0.6013,1.8939390182e+00
-0.3650,-0.0009070,0.0000490,0.00009590,0.00000620,-4.0521211624e+00,1.7292928696e-01,0.6023,1.8979797363e+00
-0.3640,-0.0009110,0.0000487,0.00009580,0.00000621,-4.0678787231e+00,1.7167676985e-01,0.6033,1.9137372971e+00
-0.3630,-0.0009080,0.0000484,0.00009570,0.00000620,-4.0553531647e+00,1.7050506175e-01,0.6043,1.9012117386e+00
-0.3620,-0.0009110,0.0000481,0.00009560,0.00000621,-4.0670704842e+00,1.6925251484e-01,0.6053,1.9129290581e+00
-0.3610,-0.0009080,0.0000478,0.00009550,0.00000621,-4.0545454025e+00,1.6804040968e-01,0.6063,1.9004039764e+00
-0.3600,-0.0009090,0.0000476,0.00009540,0.00000621,-4.0581817627e+00,1.6723231971e-01,0.6073,1.9040403366e+00
-0.3590,-0.0009060,0.0000470,0.00009540,0.00000620,-4.0460605621e+00,1.6484849155e-01,0.6083,1.8919191360e+00
-0.3580,-0.0009150,0.0000468,0.00009530,0.00000620,-4.0820202827e+00,1.6404040158e-01,0.6093,1.9278788567e+00
-0.3570,-0.0009140,0.0000466,0.00009520,0.00000619,-4.0775756836e+00,1.6327272356e-01,0.6103,1.9234342575e+00
-0.3560,-0.0009080,0.0000461,0.00009510,0.00000619,-4.0529289246e+00,1.6125254333e-01,0.6113,1.8987874985e+00
-0.3550,-0.0009130,0.0000458,0.00009500,0.00000618,-4.0727272034e+00,1.6008080542e-01,0.6123,1.9185857773e+00
-0.3540,-0.0009140,0.0000456,0.00009500,0.00000617,-4.0767679214e+00,1.5931312740e-01,0.6133,1.9226264954e+00
-0.3530,-0.0009050,0.0000452,0.00009490,0.00000617,-4.0400004387e+00,1.5769696236e-01,0.6143,1.8858590126e+00
-0.3520,-0.0009160,0.0000451,0.00009480,0.00000618,-4.0840406418e+00,1.5725252032e-01,0.6153,1.9298992157e+00
-0.3510,-0.0009070,0.0000447,0.00009470,0.00000617,-4.0472726822e+00,1.5567675233e-01,0.6163,1.8931312561e+00
-0.3500,-0.0009120,0.0000442,0.00009460,0.00000617,-4.0670704842e+00,1.5365655720e-01,0.6173,1.9129290581e+00
-0.3490,-0.0009210,0.0000441,0.00009450,0.00000616,-4.1030306816e+00,1.5329293907e-01,0.6183,1.9488892555e+00
-0.3480,-0.0009080,0.0000437,0.00009450,0.00000616,-4.0505046844e+00,1.5167677402e-01,0.6193,1.8963632584e+00
-0.3470,-0.0009160,0.0000433,0.00009440,0.00000615,-4.0824241638e+00,1.5010100603e-01,0.6203,1.9282827377e+00
-0.3460,-0.0009170,0.0000430,0.00009430,0.00000616,-4.0860605240e+00,1.4884848893e-01,0.6213,1.9319190979e+00
-0.3450,-0.0009090,0.0000428,0.00009420,0.00000615,-4.0533332825e+00,1.4808081090e-01,0.6223,1.8991918564e+00
-0.3440,-0.0009230,0.0000423,0.00009410,0.00000615,-4.1094946861e+00,1.4606060088e-01,0.6233,1.9553532600e+00
-0.3430,-0.0009150,0.0000421,0.00009410,0.00000614,-4.0771718025e+00,1.4529293776e-01,0.6243,1.9230303764e+00
-0.3420,-0.0009160,0.0000417,0.00009400,0.00000613,-4.0808081627e+00,1.4371716976e-01,0.6253,1.9266667366e+00
-0.3410,-0.0009180,0.0000414,0.00009390,0.00000613,-4.0884847641e+00,1.4250503480e-01,0.6263,1.9343433380e+00
-0.3400,-0.0009150,0.0000411,0.00009390,0.00000612,-4.0763635635e+00,1.4133332670e-01,0.6273,1.9222221375e+00
-0.3390,-0.0009160,0.0000407,0.00009390,0.00000612,-4.0804042816e+00,1.3971717656e-01,0.6283,1.9262628555e+00
-0.3380,-0.0009180,0.0000405,0.00009370,0.00000611,-4.0876770020e+00,1.3894949853e-01,0.6293,1.9335355759e+00
-0.3370,-0.0009160,0.0000401,0.00009360,0.00000611,-4.0791921616e+00,1.3733333349e-01,0.6303,1.9250507355e+00
-0.3360,-0.0009190,0.0000399,0.00009350,0.00000611,-4.0909090042e+00,1.3652524352e-01,0.6313,1.9367675781e+00
-0.3350,-0.0009210,0.0000396,0.00009340,0.00000611,-4.0985860825e+00,1.3531312346e-01,0.6323,1.9444446564e+00
-0.3340,-0.0009240,0.0000392,0.00009330,0.00000611,-4.1103029251e+00,1.3369697332e-01,0.6333,1.9561614990e+00
-0.3330,-0.0009180,0.0000388,0.00009330,0.00000610,-4.0860605240e+00,1.3212122023e-01,0.6343,1.9319190979e+00
-0.3320,-0.0009200,0.0000386,0.00009320,0.00000609,-4.0937376022e+00,1.3135352731e-01,0.6353,1.9395961761e+00
-0.3310,-0.0009240,0.0000382,0.00009300,0.00000608,-4.1090908051e+00,1.2977777421e-01,0.6363,1.9549493790e+00
-0.3300,-0.0009150,0.0000379,0.00009300,0.00000608,-4.0727272034e+00,1.2856565416e-01,0.6373,1.9185857773e+00
-0.3290,-0.0009240,0.0000375,0.00009300,0.00000607,-4.1090908051e+00,1.2698990107e-01,0.6383,1.9549493790e+00
-0.3280,-0.0009230,0.0000373,0.00009280,0.00000607,-4.1042423248e+00,1.2618181109e-01,0.6393,1.9501008987e+00
-0.3270,-0.0009190,0.0000369,0.00009280,0.00000606,-4.0880808830e+00,1.2460606545e-01,0.6403,1.9339394569e+00
-0.3260,-0.0009210,0.0000366,0.00009280,0.00000607,-4.0961618423e+00,1.2335352600e-01,0.6413,1.9420204163e+00
-0.3250,-0.0009200,0.0000363,0.00009270,0.00000606,-4.0917172432e+00,1.2218181789e-01,0.6423,1.9375758171e+00
-0.3240,-0.0009180,0.0000360,0.00009260,0.00000605,-4.0832324028e+00,1.2101010233e-01,0.6433,1.9290909767e+00
-0.3230,-0.0009190,0.0000357,0.00009250,0.00000605,-4.0868687630e+00,1.1979797482e-01,0.6443,1.9327273369e+00
-0.3220,-0.0009210,0.0000355,0.00009240,0.00000605,-4.0945453644e+00,1.1898989975e-01,0.6453,1.9404039383e+00
-0.3210,-0.0009170,0.0000351,0.00009230,0.00000604,-4.0779800415e+00,1.1741414666e-01,0.6463,1.9238386154e+00
-0.3200,-0.0009210,0.0000348,0.00009230,0.00000604,-4.0941414833e+00,1.1620201916e-01,0.6473,1.9400000572e+00
-0.3190,-0.0009200,0.0000346,0.00009220,0.00000604,-4.0896968842e+00,1.1539394408e-01,0.6483,1.9355554581e+00
-0.3180,-0.0009210,0.0000342,0.00009200,0.00000603,-4.0929293633e+00,1.1381817609e-01,0.6493,1.9387879372e+00
-0.3170,-0.0009180,0.0000340,0.00009190,0.00000603,-4.0804042816e+00,1.1301010102e-01,0.6503,1.9262628555e+00
-0.3160,-0.0009140,0.0000334,0.00009190,0.00000603,-4.0642423630e+00,1.1058585346e-01,0.6513,1.9101009369e+00
-0.3150,-0.0009310,0.0000333,0.00009170,0.00000602,-4.1321210861e+00,1.1022222042e-01,0.6523,1.9779796600e+00
-0.3140,-0.0009210,0.0000331,0.00009170,0.00000602,-4.0917172432e+00,1.0941414535e-01,0.6533,1.9375758171e+00
-0.3130,-0.0009180,0.0000326,0.00009170,0.00000601,-4.0795960426e+00,1.0743434727e-01,0.6543,1.9254546165e+00
-0.3120,-0.0009270,0.0000324,0.00009150,0.00000601,-4.1151514053e+00,1.0662626475e-01,0.6553,1.9610099792e+00
-0.3110,-0.0009220,0.0000321,0.00009150,0.00000600,-4.0949492455e+00,1.0545454919e-01,0.6563,1.9408078194e+00
-0.3100,-0.0009260,0.0000319,0.00009150,0.00000599,-4.1111106873e+00,1.0468687117e-01,0.6573,1.9569692612e+00
-0.3090,-0.0009220,0.0000316,0.00009140,0.00000599,-4.0945453644e+00,1.0347475111e-01,0.6583,1.9404039383e+00
-0.3080,-0.0009250,0.0000312,0.00009130,0.00000598,-4.1062622070e+00,1.0189899057e-01,0.6593,1.9521207809e+00
-0.3070,-0.0009270,0.0000311,0.00009130,0.00000598,-4.1143431664e+00,1.0149495304e-01,0.6603,1.9602017403e+00
-0.3060,-0.0009230,0.0000308,0.00009120,0.00000598,-4.0977778435e+00,1.0028283298e-01,0.6613,1.9436364174e+00
-0.3050,-0.0009240,0.0000304,0.00009100,0.00000597,-4.1010103226e+00,9.8707072437e-02,0.6623,1.9468688965e+00
-0.3040,-0.0009280,0.0000302,0.00009090,0.00000597,-4.1167678833e+00,9.7898997366e-02,0.6633,1.9626264572e+00
-0.3030,-0.0009260,0.0000299,0.00009080,0.00000597,-4.1082830429e+00,9.6686869860e-02,0.6643,1.9541416168e+00
-0.3020,-0.0009180,0.0000297,0.00009070,0.00000597,-4.0755553246e+00,9.5878794789e-02,0.6653,1.9214138985e+00
-0.3010,-0.0009230,0.0000293,0.00009060,0.00000596,-4.0953536034e+00,9.4303026795e-02,0.6663,1.9412121773e+00
-0.3000,-0.0009270,0.0000291,0.00009050,0.00000596,-4.1111111641e+00,9.3494944274e-02,0.6673,1.9569697380e+00
-0.2990,-0.0009240,0.0000288,0.00009030,0.00000596,-4.0981822014e+00,9.2282824218e-02,0.6683,1.9440407753e+00
-0.2980,-0.0009250,0.0000285,0.00009040,0.00000595,-4.1026263237e+00,9.1111116111e-02,0.6693,1.9484848976e+00
-0.2970,-0.0009280,0.0000284,0.00009030,0.00000594,-4.1143436432e+00,9.0747475624e-02,0.6703,1.9602022171e+00
-0.2960,-0.0009240,0.0000281,0.00009020,0.00000594,-4.0977778435e+00,8.9535348117e-02,0.6713,1.9436364174e+00
-0.2950,-0.0009230,0.0000277,0.00009000,0.00000594,-4.0929293633e+00,8.7919190526e-02,0.6723,1.9387879372e+00
-0.2940,-0.0009270,0.0000275,0.00009000,0.00000594,-4.1090912819e+00,8.7111115456e-02,0.6733,1.9549498558e+00
-0.2930,-0.0009240,0.0000273,0.00008980,0.00000594,-4.0961618423e+00,8.6303025484e-02,0.6743,1.9420204163e+00
-0.2920,-0.0009160,0.0000269,0.00008970,0.00000593,-4.0634341240e+00,8.4727272391e-02,0.6753,1.9092926979e+00
-0.2910,-0.0009300,0.0000269,0.00008960,0.00000592,-4.1195960045e+00,8.4767669439e-02,0.6763,1.9654545784e+00
-0.2900,-0.0009180,0.0000266,0.00008940,0.00000592,-4.0703029633e+00,8.3555556834e-02,0.6773,1.9161615372e+00
-0.2890,-0.0009200,0.0000262,0.00008940,0.00000592,-4.0783839226e+00,8.1939391792e-02,0.6783,1.9242424965e+00
-0.2880,-0.0009260,0.0000260,0.00008940,0.00000591,-4.1026263237e+00,8.1171713769e-02,0.6793,1.9484848976e+00
-0.2870,-0.0009230,0.0000258,0.00008930,0.00000591,-4.0901012421e+00,8.0363638699e-02,0.6803,1.9359598160e+00
-0.2860,-0.0009210,0.0000256,0.00008920,0.00000590,-4.0816164017e+00,7.9595960677e-02,0.6813,1.9274749756e+00
-0.2850,-0.0009220,0.0000254,0.00008910,0.00000590,-4.0852527618e+00,7.8787885606e-02,0.6823,1.9311113358e+00
-0.2840,-0.0009230,0.0000251,0.00008900,0.00000590,-4.0888891220e+00,7.7575758100e-02,0.6833,1.9347476959e+00
-0.2830,-0.0009190,0.0000248,0.00008900,0.00000590,-4.0727272034e+00,7.6363638043e-02,0.6843,1.9185857773e+00
-0.2820,-0.0009230,0.0000246,0.00008890,0.00000589,-4.0884847641e+00,7.5595960021e-02,0.6853,1.9343433380e+00
-0.2810,-0.0009180,0.0000244,0.00008880,0.00000589,-4.0678787231e+00,7.4787877500e-02,0.6863,1.9137372971e+00
-0.2800,-0.0009190,0.0000242,0.00008860,0.00000589,-4.0711112022e+00,7.3979794979e-02,0.6873,1.9169697762e+00
-0.2790,-0.0009250,0.0000239,0.00008850,0.00000588,-4.0949497223e+00,7.2808079422e-02,0.6883,1.9408082962e+00
-0.2780,-0.0009210,0.0000238,0.00008840,0.00000588,-4.0783839226e+00,7.2404041886e-02,0.6893,1.9242424965e+00
-0.2770,-0.0009180,0.0000235,0.00008830,0.00000587,-4.0658583641e+00,7.1232326329e-02,0.6903,1.9117169380e+00
-0.2760,-0.0009200,0.0000233,0.00008830,0.00000587,-4.0739393234e+00,7.0424236357e-02,0.6913,1.9197978973e+00
-0.2750,-0.0009130,0.0000231,0.00008820,0.00000587,-4.0452528000e+00,6.9616153836e-02,0.6923,1.8911113739e+00
-0.2740,-0.0009170,0.0000228,0.00008810,0.00000587,-4.0610098839e+00,6.8404041231e-02,0.6933,1.9068684578e+00
-0.2730,-0.0009210,0.0000227,0.00008800,0.00000586,-4.0767679214e+00,6.8040408194e-02,0.6943,1.9226264954e+00
-0.2720,-0.0009090,0.0000224,0.00008790,0.00000585,-4.0278787613e+00,6.6868685186e-02,0.6953,1.8737373352e+00
-0.2710,-0.0009180,0.0000221,0.00008790,0.00000585,-4.0642423630e+00,6.5656565130e-02,0.6963,1.9101009369e+00
-0.2700,-0.0009180,0.0000221,0.00008770,0.00000585,-4.0634341240e+00,6.5656565130e-02,0.6973,1.9092926979e+00
-0.2690,-0.0009120,0.0000219,0.00008770,0.00000585,-4.0391921997e+00,6.4848482609e-02,0.6983,1.8850507736e+00
-0.2680,-0.0009140,0.0000216,0.00008770,0.00000584,-4.0472726822e+00,6.3676767051e-02,0.6993,1.8931312561e+00
-0.2670,-0.0009090,0.0000216,0.00008750,0.00000584,-4.0262627602e+00,6.3676767051e-02,0.7003,1.8721213341e+00
-0.2660,-0.0009120,0.0000211,0.00008740,0.00000583,-4.0379800797e+00,6.1696976423e-02,0.7013,1.8838386536e+00
-0.2650,-0.0009160,0.0000210,0.00008740,0.00000583,-4.0541410446e+00,6.1292927712e-02,0.7023,1.8999996185e+00
-0.2640,-0.0009110,0.0000209,0.00008720,0.00000583,-4.0331315994e+00,6.0888890177e-02,0.7033,1.8789901733e+00
-0.2630,-0.0009080,0.0000206,0.00008720,0.00000583,-4.0210099220e+00,5.9676770121e-02,0.7043,1.8668684959e+00
-0.2620,-0.0009120,0.0000204,0.00008720,0.00000582,-4.0371718407e+00,5.8909092098e-02,0.7053,1.8830304146e+00
-0.2610,-0.0009070,0.0000203,0.00008710,0.00000582,-4.0165657997e+00,5.8505050838e-02,0.7063,1.8624243736e+00
-0.2600,-0.0009070,0.0000201,0.00008700,0.00000582,-4.0161614418e+00,5.7696968317e-02,0.7073,1.8620200157e+00
-0.2590,-0.0009020,0.0000198,0.00008690,0.00000581,-3.9955554008e+00,5.6525252759e-02,0.7083,1.8414139748e+00
-0.2580,-0.0009060,0.0000199,0.00008680,0.00000581,-4.0113129616e+00,5.6929297745e-02,0.7093,1.8571715355e+00
-0.2570,-0.0009000,0.0000196,0.00008670,0.00000581,-3.9866664410e+00,5.5717173964e-02,0.7103,1.8325250149e+00
-0.2560,-0.0009060,0.0000193,0.00008670,0.00000580,-4.0109090805e+00,5.4545450956e-02,0.7113,1.8567676544e+00
-0.2550,-0.0009020,0.0000192,0.00008660,0.00000580,-3.9943432808e+00,5.4141413420e-02,0.7123,1.8402018547e+00
-0.2540,-0.0008960,0.0000191,0.00008640,0.00000579,-3.9692931175e+00,5.3777780384e-02,0.7133,1.8151516914e+00
-0.2530,-0.0009050,0.0000188,0.00008630,0.00000579,-4.0052523613e+00,5.2565656602e-02,0.7143,1.8511109352e+00
-0.2520,-0.0008990,0.0000186,0.00008620,0.00000579,-3.9806058407e+00,5.1757577807e-02,0.7153,1.8264644146e+00
-0.2510,-0.0009010,0.0000185,0.00008600,0.00000579,-3.9878785610e+00,5.1353540272e-02,0.7163,1.8337371349e+00
-0.2500,-0.0008930,0.0000183,0.00008600,0.00000578,-3.9555556774e+00,5.0585854799e-02,0.7173,1.8014142513e+00
-0.2490,-0.0008880,0.0000182,0.00008600,0.00000578,-3.9353537560e+00,5.0181820989e-02,0.7183,1.7812123299e+00
-0.2480,-0.0008980,0.0000179,0.00008580,0.00000577,-3.9749495983e+00,4.9010101706e-02,0.7193,1.8208081722e+00
-0.2470,-0.0008920,0.0000179,0.00008580,0.00000577,-3.9507069588e+00,4.9010101706e-02,0.7203,1.7965655327e+00
-0.2460,-0.0008900,0.0000175,0.00008570,0.00000577,-3.9422223568e+00,4.7393940389e-02,0.7213,1.7880809307e+00
-0.2450,-0.0008920,0.0000175,0.00008550,0.00000577,-3.9494948387e+00,4.7393940389e-02,0.7223,1.7953534126e+00
-0.2440,-0.0008870,0.0000173,0.00008550,0.00000577,-3.9292929173e+00,4.6585861593e-02,0.7233,1.7751514912e+00
-0.2430,-0.0008860,0.0000171,0.00008550,0.00000576,-3.9252526760e+00,4.5818179846e-02,0.7243,1.7711112499e+00
-0.2420,-0.0008850,0.0000170,0.00008540,0.00000576,-3.9208080769e+00,4.5414142311e-02,0.7253,1.7666666508e+00
-0.2410,-0.0008850,0.0000169,0.00008520,0.00000576,-3.9200000763e+00,4.5010097325e-02,0.7263,1.7658586502e+00
-0.2400,-0.0008800,0.0000167,0.00008510,0.00000575,-3.8993940353e+00,4.4242423028e-02,0.7273,1.7452526093e+00
-0.2390,-0.0008800,0.0000165,0.00008510,0.00000575,-3.8993940353e+00,4.3434344232e-02,0.7283,1.7452526093e+00
-0.2380,-0.0008810,0.0000164,0.00008500,0.00000574,-3.9030303955e+00,4.3070707470e-02,0.7293,1.7488889694e+00
-0.2370,-0.0008760,0.0000162,0.00008490,0.00000573,-3.8824241161e+00,4.2303029448e-02,0.7303,1.7282826900e+00
-0.2360,-0.0008740,0.0000162,0.00008490,0.00000573,-3.8743436337e+00,4.2303029448e-02,0.7313,1.7202022076e+00
-0.2350,-0.0008680,0.0000158,0.00008490,0.00000573,-3.8501009941e+00,4.0686868131e-02,0.7323,1.6959595680e+00
-0.2340,-0.0008750,0.0000157,0.00008480,0.00000572,-3.8779799938e+00,4.0323231369e-02,0.7333,1.7238385677e+00
-0.2330,-0.0008740,0.0000156,0.00008480,0.00000572,-3.8739395142e+00,3.9919197559e-02,0.7343,1.7197980881e+00
-0.2320,-0.0008610,0.0000154,0.00008460,0.00000572,-3.8206059933e+00,3.9111115038e-02,0.7353,1.6664645672e+00
-0.2310,-0.0008690,0.0000153,0.00008460,0.00000572,-3.8529293537e+00,3.8707073778e-02,0.7363,1.6987879276e+00
-0.2300,-0.0008610,0.0000151,0.00008450,0.00000571,-3.8202018738e+00,3.7939392030e-02,0.7373,1.6660604477e+00
-0.2290,-0.0008600,0.0000149,0.00008440,0.00000571,-3.8157575130e+00,3.7131313235e-02,0.7383,1.6616160870e+00
-0.2280,-0.0008650,0.0000148,0.00008430,0.00000571,-3.8355555534e+00,3.6727271974e-02,0.7393,1.6814141273e+00
-0.2270,-0.0008560,0.0000147,0.00008420,0.00000571,-3.7987878323e+00,3.6323234439e-02,0.7403,1.6446464062e+00
-0.2260,-0.0008420,0.0000145,0.00008410,0.00000570,-3.7418181896e+00,3.5555552691e-02,0.7413,1.5876767635e+00
-0.2250,-0.0008580,0.0000143,0.00008400,0.00000570,-3.8060605526e+00,3.4747473896e-02,0.7423,1.6519191265e+00
-0.2240,-0.0008530,0.0000144,0.00008400,0.00000569,-3.7858583927e+00,3.5191919655e-02,0.7433,1.6317169666e+00
-0.2230,-0.0008430,0.0000141,0.00008390,0.00000570,-3.7450506687e+00,3.3939395100e-02,0.7443,1.5909092426e+00
-0.2220,-0.0008460,0.0000140,0.00008380,0.00000569,-3.7567675114e+00,3.3575758338e-02,0.7453,1.6026260853e+00
-0.2210,-0.0008430,0.0000139,0.00008370,0.00000569,-3.7442424297e+00,3.3171720803e-02,0.7463,1.5901010036e+00
-0.2200,-0.0008380,0.0000136,0.00008370,0.00000569,-3.7240402699e+00,3.1959597021e-02,0.7473,1.5698988438e+00
-0.2190,-0.0008430,0.0000135,0.00008360,0.00000568,-3.7438385487e+00,3.1595960259e-02,0.7483,1.5896971226e+00
-0.2180,-0.0008350,0.0000134,0.00008360,0.00000568,-3.7115151882e+00,3.1191920862e-02,0.7493,1.5573737621e+00
-0.2170,-0.0008290,0.0000132,0.00008350,0.00000567,-3.6868686676e+00,3.0424240977e-02,0.7503,1.5327272415e+00
-0.2160,-0.0008330,0.0000132,0.00008340,0.00000567,-3.7026262283e+00,3.0424240977e-02,0.7513,1.5484848022e+00
-0.2150,-0.0008250,0.0000130,0.00008330,0.00000567,-3.6698989868e+00,2.9616160318e-02,0.7523,1.5157575607e+00
-0.2140,-0.0008200,0.0000128,0.00008330,0.00000567,-3.6496970654e+00,2.8808081523e-02,0.7533,1.4955556393e+00
-0.2130,-0.0008230,0.0000127,0.00008320,0.00000567,-3.6614141464e+00,2.8404042125e-02,0.7543,1.5072727203e+00
-0.2120,-0.0008170,0.0000126,0.00008310,0.00000566,-3.6367676258e+00,2.8040405363e-02,0.7553,1.4826261997e+00
-0.2110,-0.0008110,0.0000125,0.00008310,0.00000566,-3.6125252247e+00,2.7636362240e-02,0.7563,1.4583837986e+00
-0.2100,-0.0008080,0.0000122,0.00008300,0.00000566,-3.5999999046e+00,2.6424242184e-02,0.7573,1.4458584785e+00
-0.2090,-0.0008080,0.0000122,0.00008290,0.00000566,-3.5995957851e+00,2.6424242184e-02,0.7583,1.4454543591e+00
-0.2080,-0.0008000,0.0000121,0.00008290,0.00000565,-3.5672726631e+00,2.6060607284e-02,0.7593,1.4131312370e+00
-0.2070,-0.0007970,0.0000118,0.00008290,0.00000565,-3.5551514626e+00,2.4848485366e-02,0.7603,1.4010100365e+00
-0.2060,-0.0007930,0.0000117,0.00008280,0.00000565,-3.5385856628e+00,2.4444445968e-02,0.7613,1.3844442368e+00
-0.2050,-0.0007900,0.0000117,0.00008290,0.00000565,-3.5268688202e+00,2.4444445968e-02,0.7623,1.3727273941e+00
-0.2040,-0.0007870,0.0000115,0.00008290,0.00000565,-3.5147473812e+00,2.3636365309e-02,0.7633,1.3606059551e+00
-0.2030,-0.0007830,0.0000114,0.00008270,0.00000564,-3.4977779388e+00,2.3272728547e-02,0.7643,1.3436365128e+00
-0.2020,-0.0007770,0.0000112,0.00008270,0.00000564,-3.4735352993e+00,2.2464646026e-02,0.7653,1.3193938732e+00
-0.2010,-0.0007730,0.0000111,0.00008260,0.00000564,-3.4569697380e+00,2.2060606629e-02,0.7663,1.3028283119e+00
-0.2000,-0.0007710,0.0000111,0.00008240,0.00000564,-3.4480807781e+00,2.2060606629e-02,0.7673,1.2939393520e+00
-0.1990,-0.0007660,0.0000109,0.00008250,0.00000564,-3.4282827377e+00,2.1252525970e-02,0.7683,1.2741413116e+00
-0.1980,-0.0007630,0.0000108,0.00008240,0.00000564,-3.4157574177e+00,2.0848486573e-02,0.7693,1.2616159916e+00
-0.1970,-0.0007580,0.0000106,0.00008230,0.00000563,-3.3951516151e+00,2.0080806687e-02,0.7703,1.2410101891e+00
-0.1960,-0.0007520,0.0000105,0.00008240,0.00000563,-3.3713130951e+00,1.9676767290e-02,0.7713,1.2171716690e+00
-0.1950,-0.0007500,0.0000104,0.00008230,0.00000562,-3.3628282547e+00,1.9313130528e-02,0.7723,1.2086868286e+00
-0.1940,-0.0007460,0.0000103,0.00008230,0.00000562,-3.3466665745e+00,1.8909091130e-02,0.7733,1.1925251484e+00
-0.1930,-0.0007410,0.0000102,0.00008220,0.00000562,-3.3260605335e+00,1.8505051732e-02,0.7743,1.1719191074e+00
-0.1920,-0.0007350,0.0000101,0.00008230,0.00000561,-3.3022222519e+00,1.8141413108e-02,0.7753,1.1480808258e+00
-0.1910,-0.0007320,0.0000100,0.00008220,0.00000561,-3.2896969318e+00,1.7616162077e-02,0.7763,1.1355555058e+00
-0.1900,-0.0007250,0.0000098,0.00008210,0.00000561,-3.2610099316e+00,1.6969697550e-02,0.7773,1.1068685055e+00
-0.1890,-0.0007210,0.0000098,0.00008210,0.00000560,-3.2448484898e+00,1.6929294914e-02,0.7783,1.0907070637e+00
-0.1880,-0.0007140,0.0000096,0.00008200,0.00000560,-3.2161617279e+00,1.6161618754e-02,0.7793,1.0620203018e+00
-0.1870,-0.0007020,0.0000096,0.00008190,0.00000560,-3.1672725677e+00,1.6000000760e-02,0.7803,1.0131311417e+00
-0.1860,-0.0007030,0.0000094,0.00008190,0.00000560,-3.1713130474e+00,1.5151516534e-02,0.7813,1.0171716213e+00
-0.1850,-0.0007020,0.0000093,0.00008190,0.00000559,-3.1672725677e+00,1.4989898540e-02,0.7823,1.0131311417e+00
-0.1840,-0.0006890,0.0000092,0.00008180,0.00000559,-3.1143434048e+00,1.4666666277e-02,0.7833,9.6020197868e-01
-0.1830,-0.0006820,0.0000090,0.00008180,0.00000559,-3.0860605240e+00,1.3898990117e-02,0.7843,9.3191909790e-01
-0.1820,-0.0006830,0.0000090,0.00008180,0.00000559,-3.0901010036e+00,1.3858586550e-02,0.7853,9.3595957756e-01
-0.1810,-0.0006710,0.0000090,0.00008180,0.00000559,-3.0416159630e+00,1.3616161421e-02,0.7863,8.8747453690e-01
-0.1800,-0.0006660,0.0000087,0.00008180,0.00000559,-3.0214140415e+00,1.2686870061e-02,0.7873,8.6727261543e-01
-0.1790,-0.0006620,0.0000087,0.00008170,0.00000559,-3.0048482418e+00,1.2484848499e-02,0.7883,8.5070681572e-01
-0.1780,-0.0006560,0.0000086,0.00008170,0.00000559,-2.9806058407e+00,1.2202019803e-02,0.7893,8.2646441460e-01
-0.1770,-0.0006490,0.0000085,0.00008160,0.00000558,-2.9519190788e+00,1.1717172340e-02,0.7903,7.9777765274e-01
-0.1760,-0.0006420,0.0000084,0.00008160,0.00000558,-2.9236361980e+00,1.1434343643e-02,0.7913,7.6949477196e-01
-0.1750,-0.0006350,0.0000084,0.00008160,0.00000558,-2.8953535557e+00,1.1232322082e-02,0.7923,7.4121212959e-01
-0.1740,-0.0006290,0.0000082,0.00008160,0.00000557,-2.8711111546e+00,1.0464645922e-02,0.7933,7.1696972847e-01
-0.1730,-0.0006210,0.0000081,0.00008160,0.00000557,-2.8387877941e+00,1.0222220793e-02,0.7943,6.8464636803e-01
-0.1720,-0.0006170,0.0000082,0.00008170,0.00000557,-2.8230302334e+00,1.0464645922e-02,0.7953,6.6888880730e-01
-0.1710,-0.0006050,0.0000079,0.00008160,0.00000557,-2.7741413116e+00,9.4949482009e-03,0.7963,6.1999988556e-01
-0.1700,-0.0006040,0.0000079,0.00008160,0.00000556,-2.7701008320e+00,9.2929285020e-03,0.7973,6.1595940590e-01
-0.1690,-0.0005930,0.0000078,0.00008160,0.00000556,-2.7256565094e+00,9.0909106657e-03,0.7983,5.7151508331e-01
-0.1680,-0.0005870,0.0000077,0.00008160,0.00000556,-2.7014141083e+00,8.4848487750e-03,0.7993,5.4727268219e-01
-0.1670,-0.0005810,0.0000076,0.00008160,0.00000555,-2.6771717072e+00,8.4040416405e-03,0.8003,5.2303028107e-01
-0.1660,-0.0005690,0.0000075,0.00008170,0.00000555,-2.6290910244e+00,7.9595958814e-03,0.8013,4.7494959831e-01
-0.1650,-0.0005660,0.0000075,0.00008160,0.00000555,-2.6165657043e+00,7.9191923141e-03,0.8023,4.6242427826e-01
-0.1640,-0.0005550,0.0000074,0.00008160,0.00000555,-2.5721211433e+00,7.3131313547e-03,0.8033,4.1797971725e-01
-0.1630,-0.0005490,0.0000073,0.00008170,0.00000554,-2.5482826233e+00,7.0303021930e-03,0.8043,3.9414119720e-01
-0.1620,-0.0005430,0.0000072,0.00008170,0.00000554,-2.5240404606e+00,6.7878784612e-03,0.8053,3.6989903450e-01
-0.1610,-0.0005340,0.0000071,0.00008170,0.00000554,-2.4876766205e+00,6.4646461979e-03,0.8063,3.3353519440e-01
-0.1600,-0.0005220,0.0000071,0.00008170,0.00000553,-2.4391918182e+00,6.4646461979e-03,0.8073,2.8505039215e-01
-0.1590,-0.0005210,0.0000070,0.00008180,0.00000553,-2.4355554581e+00,5.7373736054e-03,0.8083,2.8141403198e-01
-0.1580,-0.0005120,0.0000069,0.00008170,0.00000553,-2.3987877369e+00,5.6565646082e-03,0.8093,2.4464631081e-01
-0.1570,-0.0005010,0.0000068,0.00008180,0.00000553,-2.3547472954e+00,5.3333318792e-03,0.8103,2.0060586929e-01
-0.1560,-0.0004950,0.0000068,0.00008190,0.00000553,-2.3309090137e+00,5.2121211775e-03,0.8113,1.7676758766e-01
-0.1550,-0.0004870,0.0000067,0.00008180,0.00000552,-2.2981820107e+00,4.8080813140e-03,0.8123,1.4404058456e-01
-0.1540,-0.0004800,0.0000067,0.00008190,0.00000552,-2.2703030109e+00,4.6060616150e-03,0.8133,1.1616158485e-01
-0.1530,-0.0004700,0.0000066,0.00008200,0.00000552,-2.2303030491e+00,4.4444450177e-03,0.8143,7.6161623001e-02
-0.1520,-0.0004590,0.0000066,0.00008190,0.00000552,-2.1854546070e+00,4.2424253188e-03,0.8153,3.1313180923e-02
-0.1510,-0.0004550,0.0000065,0.00008200,0.00000551,-2.1696970463e+00,3.7979800254e-03,0.8163,1.5555620193e-02
-0.1500,-0.0004450,0.0000064,0.00008200,0.00000551,-2.1292929649e+00,3.6363636609e-03,0.8173,2.4848461151e-02
-0.1490,-0.0004400,0.0000064,0.00008200,0.00000550,-2.1090910435e+00,3.5555546638e-03,0.8183,4.5050382614e-02
-0.1480,-0.0004280,0.0000063,0.00008210,0.00000550,-2.0610101223e+00,3.2323240303e-03,0.8193,9.3131303787e-02
-0.1470,-0.0004230,0.0000062,0.00008220,0.00000550,-2.0412120819e+00,3.0303022359e-03,0.8203,1.1292934418e-01
-0.1460,-0.0004090,0.0000062,0.00008220,0.00000550,-1.9846465588e+00,2.7474751696e-03,0.8213,1.6949486732e-01
-0.1450,-0.0004080,0.0000061,0.00008220,0.00000550,-1.9806060791e+00,2.6262623724e-03,0.8223,1.7353534698e-01
-0.1440,-0.0003970,0.0000061,0.00008230,0.00000550,-1.9365656376e+00,2.5050498080e-03,0.8233,2.1757578850e-01
-0.1430,-0.0003890,0.0000061,0.00008240,0.00000549,-1.9046463966e+00,2.2626263089e-03,0.8243,2.4949502945e-01
-0.1420,-0.0003800,0.0000060,0.00008250,0.00000549,-1.8686870337e+00,1.9797971472e-03,0.8253,2.8545439243e-01
-0.1410,-0.0003730,0.0000060,0.00008260,0.00000549,-1.8408080339e+00,2.0606063772e-03,0.8263,3.1333339214e-01
-0.1400,-0.0003630,0.0000059,0.00008260,0.00000549,-1.8004040718e+00,1.6565646511e-03,0.8273,3.5373735428e-01
-0.1390,-0.0003560,0.0000058,0.00008260,0.00000549,-1.7721213102e+00,1.4545447193e-03,0.8283,3.8202011585e-01
-0.1380,-0.0003490,0.0000058,0.00008270,0.00000548,-1.7442424297e+00,1.4949502656e-03,0.8293,4.0989899635e-01
-0.1370,-0.0003390,0.0000058,0.00008280,0.00000548,-1.7042423487e+00,1.3333339011e-03,0.8303,4.4989907742e-01
-0.1360,-0.0003330,0.0000057,0.00008280,0.00000548,-1.6799999475e+00,8.8889052859e-04,0.8313,4.7414147854e-01
-0.1350,-0.0003240,0.0000057,0.00008290,0.00000548,-1.6440403461e+00,1.0505049722e-03,0.8323,5.1010107994e-01
-0.1340,-0.0003160,0.0000056,0.00008300,0.00000547,-1.6121211052e+00,7.2727235965e-04,0.8333,5.4202032089e-01
-0.1330,-0.0003090,0.0000056,0.00008310,0.00000547,-1.5842423439e+00,6.8686879240e-04,0.8343,5.6989908218e-01
-0.1320,-0.0003000,0.0000056,0.00008320,0.00000547,-1.5482828617e+00,6.0606154148e-04,0.8353,6.0585856438e-01
-0.1310,-0.0002930,0.0000056,0.00008330,0.00000547,-1.5204039812e+00,4.0404163883e-04,0.8363,6.3373744488e-01
-0.1300,-0.0002850,0.0000055,0.00008340,0.00000547,-1.4884847403e+00,2.8282895801e-04,0.8373,6.6565668583e-01
-0.1290,-0.0002760,0.0000055,0.00008340,0.00000546,-1.4521212578e+00,1.6161629173e-04,0.8383,7.0202016830e-01
-0.1280,-0.0002700,0.0000055,0.00008360,0.00000546,-1.4286868572e+00,0.0000000000e+00,0.8393,7.2545456886e-01
-0.1270,-0.0002630,0.0000055,0.00008360,0.00000546,-1.4004039764e+00,-4.0403614548e-05,0.8403,7.5373744965e-01
-0.1260,-0.0002520,0.0000055,0.00008370,0.00000546,-1.3563636541e+00,0.0000000000e+00,0.8413,7.9777777195e-01
-0.1250,-0.0002470,0.0000053,0.00008370,0.00000545,-1.3361616135e+00,-4.0404163883e-04,0.8423,8.1797981262e-01
-0.1240,-0.0002410,0.0000054,0.00008380,0.00000545,-1.3123232126e+00,-3.6363617983e-04,0.8433,8.4181821346e-01
-0.1230,-0.0002320,0.0000053,0.00008390,0.00000545,-1.2763637304e+00,-4.0404163883e-04,0.8443,8.7777769566e-01
-0.1220,-0.0002220,0.0000053,0.00008410,0.00000545,-1.2367676497e+00,-6.0606154148e-04,0.8453,9.1737377644e-01
-0.1210,-0.0002190,0.0000053,0.00008420,0.00000545,-1.2250504494e+00,-6.4646516694e-04,0.8463,9.2909097672e-01
-0.1200,-0.0002090,0.0000053,0.00008420,0.00000545,-1.1846466064e+00,-6.0606154148e-04,0.8473,9.6949481964e-01
-0.1190,-0.0002040,0.0000052,0.00008430,0.00000545,-1.1648484468e+00,-8.4848504048e-04,0.8483,9.8929297924e-01
-0.1180,-0.0001960,0.0000052,0.00008450,0.00000544,-1.1333332062e+00,-8.4848504048e-04,0.8493,1.0208082199e+00
-0.1170,-0.0001890,0.0000052,0.00008460,0.00000544,-1.1054544449e+00,-8.8889052859e-04,0.8503,1.0486869812e+00
-0.1160,-0.0001830,0.0000052,0.00008470,0.00000544,-1.0816161633e+00,-1.0505068349e-03,0.8513,1.0725252628e+00
-0.1150,-0.0001760,0.0000052,0.00008490,0.00000544,-1.0541414022e+00,-1.0101014050e-03,0.8523,1.1000000238e+00
-0.1140,-0.0001690,0.0000052,0.00008490,0.00000544,-1.0258586407e+00,-1.1313140858e-03,0.8533,1.1282827854e+00
-0.1130,-0.0001630,0.0000052,0.00008500,0.00000543,-1.0020202398e+00,-1.1313122232e-03,0.8543,1.1521211863e+00
-0.1120,-0.0001570,0.0000051,0.00008510,0.00000543,-9.7818183899e-01,-1.2525249040e-03,0.8553,1.1759595871e+00
-0.1110,-0.0001510,0.0000051,0.00008520,0.00000543,-9.5434343815e-01,-1.2929284712e-03,0.8563,1.1997979879e+00
-0.1100,-0.0001430,0.0000051,0.00008530,0.00000543,-9.2242419720e-01,-1.3737375848e-03,0.8573,1.2317172289e+00
-0.1090,-0.0001380,0.0000051,0.00008550,0.00000542,-9.0303033590e-01,-1.3737375848e-03,0.8583,1.2511110306e+00
-0.1080,-0.0001310,0.0000051,0.00008560,0.00000542,-8.7515145540e-01,-1.3737375848e-03,0.8593,1.2789900303e+00
-0.1070,-0.0001260,0.0000050,0.00008570,0.00000542,-8.5535353422e-01,-1.5353538329e-03,0.8603,1.2987878323e+00
-0.1060,-0.0001210,0.0000050,0.00008570,0.00000542,-8.3515155315e-01,-1.4949502656e-03,0.8613,1.3189898729e+00
-0.1050,-0.0001150,0.0000050,0.00008590,0.00000542,-8.1171715260e-01,-1.4949502656e-03,0.8623,1.3424242735e+00
-0.1040,-0.0001090,0.0000050,0.00008600,0.00000542,-7.8787881136e-01,-1.6161610838e-03,0.8633,1.3662626743e+00
-0.1030,-0.0001030,0.0000050,0.00008620,0.00000542,-7.6444447041e-01,-1.6161610838e-03,0.8643,1.3896969557e+00
-0.1020,-0.0000977,0.0000050,0.00008640,0.00000541,-7.4383842945e-01,-1.6565665137e-03,0.8653,1.4103029966e+00
-0.1010,-0.0000932,0.0000050,0.00008640,0.00000541,-7.2565656900e-01,-1.6565665137e-03,0.8663,1.4284849167e+00
-0.1000,-0.0000878,0.0000050,0.00008640,0.00000541,-7.0383840799e-01,-1.7373737646e-03,0.8673,1.4503030777e+00
-0.0990,-0.0000825,0.0000050,0.00008650,0.00000541,-6.8282830715e-01,-1.6969700810e-03,0.8683,1.4713131189e+00
-0.0980,-0.0000776,0.0000050,0.00008660,0.00000541,-6.6343432665e-01,-1.7777773319e-03,0.8693,1.4907071590e+00
-0.0970,-0.0000716,0.0000049,0.00008660,0.00000540,-6.3919192553e-01,-1.8181827618e-03,0.8703,1.5149495602e+00
-0.0960,-0.0000684,0.0000050,0.00008680,0.00000540,-6.2707066536e-01,-1.7777791945e-03,0.8713,1.5270707607e+00
-0.0950,-0.0000631,0.0000050,0.00008690,0.00000540,-6.0606062412e-01,-1.7777791945e-03,0.8723,1.5480808020e+00
-0.0940,-0.0000580,0.0000049,0.00008690,0.00000540,-5.8545452356e-01,-1.8181827618e-03,0.8733,1.5686869621e+00
-0.0930,-0.0000546,0.0000049,0.00008710,0.00000540,-5.7252526283e-01,-1.8585864455e-03,0.8743,1.5816161633e+00
-0.0920,-0.0000496,0.0000049,0.00008720,0.00000540,-5.5272722244e-01,-1.8585864455e-03,0.8753,1.6014142036e+00
-0.0910,-0.0000456,0.0000049,0.00008730,0.00000539,-5.3696972132e-01,-1.8989900127e-03,0.8763,1.6171717644e+00
-0.0900,-0.0000415,0.0000049,0.00008740,0.00000540,-5.2080810070e-01,-1.8989900127e-03,0.8773,1.6333333254e+00
-0.0890,-0.0000371,0.0000049,0.00008750,0.00000539,-5.0343430042e-01,-1.8989900127e-03,0.8783,1.6507071257e+00
-0.0880,-0.0000334,0.0000049,0.00008750,0.00000539,-4.8848482966e-01,-1.8989900127e-03,0.8793,1.6656565666e+00
-0.0870,-0.0000296,0.0000049,0.00008760,0.00000539,-4.7353535891e-01,-1.9393936964e-03,0.8803,1.6806061268e+00
-0.0860,-0.0000256,0.0000049,0.00008780,0.00000539,-4.5818179846e-01,-1.9393936964e-03,0.8813,1.6959595680e+00
-0.0850,-0.0000220,0.0000049,0.00008780,0.00000538,-4.4363635778e-01,-1.9393936964e-03,0.8823,1.7105050087e+00
-0.0840,-0.0000183,0.0000049,0.00008790,0.00000538,-4.2909091711e-01,-1.9393936964e-03,0.8833,1.7250504494e+00
-0.0830,-0.0000149,0.0000049,0.00008810,0.00000538,-4.1616159678e-01,-1.9393936964e-03,0.8843,1.7379798889e+00
-0.0820,-0.0000116,0.0000049,0.00008810,0.00000538,-4.0282830596e-01,-1.9797971472e-03,0.8853,1.7513130903e+00
-0.0810,-0.0000082,0.0000049,0.00008820,0.00000538,-3.8941416144e-01,-1.9797971472e-03,0.8863,1.7647272348e+00
-0.0800,-0.0000048,0.0000049,0.00008830,0.00000537,-3.7608081102e-01,-1.9393936964e-03,0.8873,1.7780606747e+00
-0.0790,-0.0000018,0.0000049,0.00008840,0.00000537,-3.6440402269e-01,-1.9393936964e-03,0.8883,1.7897374630e+00
-0.0780,0.0000013,0.0000049,0.00008840,0.00000537,-3.5183838010e-01,-1.9393936964e-03,0.8893,1.8023030758e+00
-0.0770,0.0000042,0.0000049,0.00008850,0.00000537,-3.4060603380e-01,-1.9797990099e-03,0.8903,1.8135354519e+00
-0.0760,0.0000073,0.0000049,0.00008860,0.00000536,-3.2868686318e-01,-1.9393954426e-03,0.8913,1.8254545927e+00
-0.0750,0.0000098,0.0000049,0.00008860,0.00000537,-3.1854546070e-01,-2.0202028099e-03,0.8923,1.8355959654e+00
-0.0740,0.0000125,0.0000049,0.00008870,0.00000536,-3.0787879229e-01,-1.9393954426e-03,0.8933,1.8462626934e+00
-0.0730,0.0000152,0.0000049,0.00008880,0.00000536,-2.9737374187e-01,-1.9393954426e-03,0.8943,1.8567676544e+00
-0.0720,0.0000178,0.0000049,0.00008880,0.00000536,-2.8686869144e-01,-1.9393954426e-03,0.8953,1.8672727346e+00
-0.0710,0.0000203,0.0000049,0.00008890,0.00000536,-2.7717170119e-01,-1.9393954426e-03,0.8963,1.8769696951e+00
-0.0700,0.0000229,0.0000049,0.00008900,0.00000536,-2.6707071066e-01,-1.9393954426e-03,0.8973,1.8870706558e+00
-0.0690,0.0000250,0.0000049,0.00008910,0.00000536,-2.5898990035e-01,-1.9393954426e-03,0.8983,1.8951514959e+00
-0.0680,0.0000271,0.0000049,0.00008910,0.00000536,-2.5050505996e-01,-1.9393954426e-03,0.8993,1.9036363363e+00
-0.0670,0.0000296,0.0000049,0.00008920,0.00000536,-2.4080808461e-01,-1.9797990099e-03,0.9003,1.9133332968e+00
-0.0660,0.0000310,0.0000049,0.00008930,0.00000536,-2.3555555940e-01,-1.9393954426e-03,0.9013,1.9185858965e+00
-0.0650,0.0000340,0.0000049,0.00008930,0.00000536,-2.2343434393e-01,-1.9797990099e-03,0.9023,1.9307070971e+00
-0.0640,0.0000356,0.0000049,0.00008950,0.00000536,-2.1777775884e-01,-1.9797990099e-03,0.9033,1.9363636971e+00
-0.0630,0.0000374,0.0000049,0.00008950,0.00000536,-2.1050502360e-01,-1.9393954426e-03,0.9043,1.9436364174e+00
-0.0620,0.0000393,0.0000049,0.00008950,0.00000535,-2.0282825828e-01,-1.8989900127e-03,0.9053,1.9513131380e+00
-0.0610,0.0000408,0.0000049,0.00008960,0.00000535,-1.9717168808e-01,-1.8989900127e-03,0.9063,1.9569697380e+00
-0.0600,0.0000429,0.0000049,0.00008970,0.00000535,-1.8909089267e-01,-1.9393936964e-03,0.9073,1.9650505781e+00
-0.0590,0.0000439,0.0000049,0.00008960,0.00000536,-1.8464644253e-01,-1.9797990099e-03,0.9083,1.9694949389e+00
-0.0580,0.0000464,0.0000049,0.00008980,0.00000535,-1.7535351217e-01,-1.9393936964e-03,0.9093,1.9787878990e+00
-0.0570,0.0000478,0.0000049,0.00008990,0.00000535,-1.7010100186e-01,-1.9393936964e-03,0.9103,1.9840403795e+00
-0.0560,0.0000488,0.0000049,0.00008990,0.00000535,-1.6606059670e-01,-1.9393936964e-03,0.9113,1.9880808592e+00
-0.0550,0.0000508,0.0000049,0.00008990,0.00000535,-1.5797978640e-01,-1.9393936964e-03,0.9123,1.9961616993e+00
-0.0540,0.0000521,0.0000049,0.00009000,0.00000535,-1.5313130617e-01,-1.9797971472e-03,0.9133,2.0010101795e+00
-0.0530,0.0000531,0.0000049,0.00009000,0.00000534,-1.4909090102e-01,-1.9393936964e-03,0.9143,2.0050504208e+00
-0.0520,0.0000549,0.0000049,0.00009010,0.00000534,-1.4222221076e-01,-1.8989900127e-03,0.9153,2.0119192600e+00
-0.0510,0.0000563,0.0000049,0.00009020,0.00000534,-1.3696970046e-01,-1.8989900127e-03,0.9163,2.0171716213e+00
-0.0500,0.0000567,0.0000049,0.00009030,0.00000534,-1.3575755060e-01,-1.8585864455e-03,0.9173,2.0183839798e+00
-0.0490,0.0000587,0.0000049,0.00009020,0.00000534,-1.2727272511e-01,-1.8585864455e-03,0.9183,2.0268688202e+00
-0.0480,0.0000596,0.0000049,0.00009030,0.00000534,-1.2404038757e-01,-1.8989900127e-03,0.9193,2.0301010609e+00
-0.0470,0.0000603,0.0000049,0.00009030,0.00000534,-1.2121209502e-01,-1.8585864455e-03,0.9203,2.0329294205e+00
-0.0460,0.0000620,0.0000049,0.00009030,0.00000534,-1.1434341967e-01,-1.8989900127e-03,0.9213,2.0397980213e+00
-0.0450,0.0000628,0.0000049,0.00009040,0.00000534,-1.1151514202e-01,-1.9393936964e-03,0.9223,2.0426263809e+00
-0.0440,0.0000638,0.0000049,0.00009050,0.00000534,-1.0787878186e-01,-1.8989900127e-03,0.9233,2.0462627411e+00
-0.0430,0.0000647,0.0000049,0.00009050,0.00000534,-1.0424241424e-01,-1.8989900127e-03,0.9243,2.0498991013e+00
-0.0420,0.0000657,0.0000049,0.00009050,0.00000533,-1.0020200908e-01,-1.8585864455e-03,0.9253,2.0539393425e+00
-0.0410,0.0000668,0.0000049,0.00009060,0.00000533,-9.6161603928e-02,-1.8585864455e-03,0.9263,2.0579798222e+00
-0.0400,0.0000672,0.0000049,0.00009060,0.00000533,-9.4545431435e-02,-1.8585864455e-03,0.9273,2.0595960617e+00
-0.0390,0.0000685,0.0000049,0.00009070,0.00000533,-8.9696966112e-02,-1.8585864455e-03,0.9283,2.0644445419e+00
-0.0380,0.0000695,0.0000049,0.00009080,0.00000533,-8.6060605943e-02,-1.8585864455e-03,0.9293,2.0680809021e+00
-0.0370,0.0000699,0.0000049,0.00009070,0.00000533,-8.4040388465e-02,-1.8585864455e-03,0.9303,2.0701010227e+00
-0.0360,0.0000709,0.0000049,0.00009080,0.00000532,-8.0404028296e-02,-1.8181827618e-03,0.9313,2.0737373829e+00
-0.0350,0.0000713,0.0000049,0.00009080,0.00000532,-7.8787885606e-02,-1.8181827618e-03,0.9323,2.0753536224e+00
-0.0340,0.0000722,0.0000049,0.00009080,0.00000532,-7.5151517987e-02,-1.8181827618e-03,0.9333,2.0789899826e+00
-0.0330,0.0000716,0.0000049,0.00009090,0.00000532,-7.7979795635e-02,-1.8181827618e-03,0.9343,2.0761616230e+00
-0.0320,0.0000744,0.0000049,0.00009100,0.00000532,-6.7070707679e-02,-1.7777791945e-03,0.9353,2.0870707035e+00
-0.0310,0.0000742,0.0000049,0.00009100,0.00000532,-6.7878797650e-02,-1.8585864455e-03,0.9363,2.0862627029e+00
-0.0300,0.0000746,0.0000049,0.00009090,0.00000532,-6.5858580172e-02,-1.8181827618e-03,0.9373,2.0882828236e+00
-0.0290,0.0000757,0.0000049,0.00009100,0.00000532,-6.1818171293e-02,-1.8181827618e-03,0.9383,2.0923233032e+00
-0.0280,0.0000762,0.0000049,0.00009110,0.00000532,-6.0202024877e-02,-1.8181827618e-03,0.9393,2.0939393044e+00
-0.0270,0.0000764,0.0000049,0.00009110,0.00000532,-5.9393938631e-02,-1.8181827618e-03,0.9403,2.0947475433e+00
-0.0260,0.0000770,0.0000049,0.00009120,0.00000532,-5.7373750955e-02,-1.7777791945e-03,0.9413,2.0967676640e+00
-0.0250,0.0000779,0.0000049,0.00009120,0.00000532,-5.3737390786e-02,-1.8585864455e-03,0.9423,2.1004040241e+00
-0.0240,0.0000778,0.0000049,0.00009120,0.00000532,-5.4141402245e-02,-1.8181827618e-03,0.9433,2.0999999046e+00
-0.0230,0.0000784,0.0000049,0.00009120,0.00000531,-5.1717173308e-02,-1.7777773319e-03,0.9443,2.1024241447e+00
-0.0220,0.0000793,0.0000049,0.00009130,0.00000531,-4.8484824598e-02,-1.7777773319e-03,0.9453,2.1056566238e+00
-0.0210,0.0000792,0.0000049,0.00009130,0.00000531,-4.8888869584e-02,-1.7777773319e-03,0.9463,2.1052525043e+00
-0.0200,0.0000802,0.0000049,0.00009130,0.00000531,-4.4848460704e-02,-1.7777773319e-03,0.9473,2.1092929840e+00
-0.0190,0.0000806,0.0000049,0.00009140,0.00000531,-4.3636333197e-02,-1.7373737646e-03,0.9483,2.1105051041e+00
-0.0180,0.0000808,0.0000049,0.00009140,0.00000531,-4.2828273028e-02,-1.7777773319e-03,0.9493,2.1113131046e+00
-0.0170,0.0000815,0.0000049,0.00009140,0.00000531,-3.9999969304e-02,-1.7777773319e-03,0.9503,2.1141414642e+00
-0.0160,0.0000815,0.0000049,0.00009150,0.00000531,-4.0404014289e-02,-1.7373737646e-03,0.9513,2.1137373447e+00
-0.0150,0.0000823,0.0000049,0.00009150,0.00000531,-3.7171695381e-02,-1.8181810156e-03,0.9523,2.1169698238e+00
-0.0140,0.0000824,0.0000049,0.00009150,0.00000530,-3.6767650396e-02,-1.7373737646e-03,0.9533,2.1173737049e+00
-0.0130,0.0000831,0.0000049,0.00009160,0.00000530,-3.4343421459e-02,-1.7373737646e-03,0.9543,2.1197979450e+00
-0.0120,0.0000834,0.0000049,0.00009170,0.00000530,-3.3535331488e-02,-1.7373737646e-03,0.9553,2.1206061840e+00
-0.0110,0.0000834,0.0000049,0.00009160,0.00000530,-3.3131290227e-02,-1.7373737646e-03,0.9563,2.1210100651e+00
-0.0100,0.0000828,0.0000049,0.00009170,0.00000530,-3.5959593952e-02,-1.7777773319e-03,0.9573,2.1181819439e+00
-0.0090,0.0000848,0.0000049,0.00009170,0.00000530,-2.7878785506e-02,-1.6969700810e-03,0.9583,2.1262626648e+00
-0.0080,0.0000845,0.0000049,0.00009180,0.00000530,-2.9494930059e-02,-1.7373737646e-03,0.9593,2.1246464252e+00
-0.0070,0.0000849,0.0000049,0.00009180,0.00000529,-2.7878785506e-02,-1.7373737646e-03,0.9603,2.1262626648e+00
-0.0060,0.0000854,0.0000049,0.00009190,0.00000530,-2.6262611151e-02,-1.7373737646e-03,0.9613,2.1278789043e+00
-0.0050,0.0000848,0.0000049,0.00009190,0.00000529,-2.8686871752e-02,-1.6969700810e-03,0.9623,2.1254546642e+00
-0.0040,0.0000862,0.0000049,0.00009190,0.00000529,-2.3030292243e-02,-1.6969700810e-03,0.9633,2.1311111450e+00
-0.0030,0.0000858,0.0000049,0.00009200,0.00000529,-2.5050509721e-02,-1.7373737646e-03,0.9643,2.1290910244e+00
-0.0020,0.0000862,0.0000049,0.00009210,0.00000530,-2.3838380352e-02,-1.7373737646e-03,0.9653,2.1303031445e+00
-0.0010,0.0000867,0.0000049,0.00009210,0.00000529,-2.1818190813e-02,-1.6969700810e-03,0.9663,2.1323232651e+00
0.0000,0.0000880,0.0000049,0.00009250,0.00000529,-1.8181800842e-02,-1.7373737646e-03,0.9673,2.1359596252e+00
0.0010,0.0000873,0.0000049,0.00009240,0.00000530,-2.0606031641e-02,-1.7373737646e-03,0.9683,2.1335353851e+00
0.0020,0.0000870,0.0000049,0.00009230,0.00000529,-2.1414119750e-02,-1.7373737646e-03,0.9693,2.1327273846e+00
0.0030,0.0000878,0.0000049,0.00009230,0.00000529,-1.8181800842e-02,-1.6969700810e-03,0.9703,2.1359596252e+00
0.0040,0.0000880,0.0000049,0.00009240,0.00000529,-1.7777757719e-02,-1.7373737646e-03,0.9713,2.1363637447e+00
0.0050,0.0000880,0.0000049,0.00009230,0.00000528,-1.7373712733e-02,-1.7373737646e-03,0.9723,2.1367676258e+00
0.0060,0.0000879,0.0000049,0.00009240,0.00000528,-1.8181800842e-02,-1.6969700810e-03,0.9733,2.1359596252e+00
0.0070,0.0000889,0.0000049,0.00009250,0.00000528,-1.4545437880e-02,-1.6969700810e-03,0.9743,2.1395959854e+00
0.0080,0.0000884,0.0000049,0.00009240,0.00000528,-1.6161613166e-02,-1.6969700810e-03,0.9753,2.1379797459e+00
0.0090,0.0000887,0.0000049,0.00009250,0.00000528,-1.5353524126e-02,-1.6565665137e-03,0.9763,2.1387879848e+00
0.0100,0.0000896,0.0000049,0.00009260,0.00000528,-1.2121206149e-02,-1.6565665137e-03,0.9773,2.1420202255e+00
0.0110,0.0000893,0.0000049,0.00009270,0.00000528,-1.3737350702e-02,-1.6969700810e-03,0.9783,2.1404039860e+00
0.0120,0.0000897,0.0000049,0.00009270,0.00000528,-1.2121206149e-02,-1.6565665137e-03,0.9793,2.1420202255e+00
0.0130,0.0000901,0.0000049,0.00009280,0.00000527,-1.0909075849e-02,-1.6161629464e-03,0.9803,2.1432323456e+00
0.0140,0.0000889,0.0000049,0.00009280,0.00000528,-1.5757568181e-02,-1.6969700810e-03,0.9813,2.1383838654e+00
0.0150,0.0000909,0.0000049,0.00009280,0.00000528,-7.6767574064e-03,-1.6969700810e-03,0.9823,2.1464645863e+00
0.0160,0.0000902,0.0000049,0.00009280,0.00000527,-1.0505031794e-02,-1.6969700810e-03,0.9833,2.1436364651e+00
0.0170,0.0000908,0.0000049,0.00009290,0.00000528,-8.4848441184e-03,-1.6565665137e-03,0.9843,2.1456565857e+00
0.0180,0.0000902,0.0000049,0.00009300,0.00000527,-1.1313118972e-02,-1.6969700810e-03,0.9853,2.1428282261e+00
0.0190,0.0000915,0.0000049,0.00009300,0.00000527,-6.0606128536e-03,-1.6565665137e-03,0.9863,2.1480808258e+00
0.0200,0.0000915,0.0000049,0.00009310,0.00000527,-6.4646564424e-03,-1.6565665137e-03,0.9873,2.1476767063e+00
0.0210,0.0000910,0.0000049,0.00009310,0.00000527,-8.4848441184e-03,-1.6565665137e-03,0.9883,2.1456565857e+00
0.0220,0.0000917,0.0000049,0.00009320,0.00000526,-6.0605835170e-03,-1.6161610838e-03,0.9893,2.1480808258e+00
0.0230,0.0000917,0.0000049,0.00009320,0.00000526,-6.0605835170e-03,-1.6161610838e-03,0.9903,2.1480808258e+00
0.0240,0.0000919,0.0000049,0.00009330,0.00000527,-5.6565403938e-03,-1.6969700810e-03,0.9913,2.1484849453e+00
0.0250,0.0000918,0.0000049,0.00009330,0.00000526,-6.0605835170e-03,-1.6161610838e-03,0.9923,2.1480808258e+00
0.0260,0.0000928,0.0000049,0.00009350,0.00000526,-2.8282650746e-03,-1.6161610838e-03,0.9933,2.1513130665e+00
0.0270,0.0000923,0.0000049,0.00009340,0.00000526,-4.4444389641e-03,-1.6565646511e-03,0.9943,2.1496970654e+00
0.0280,0.0000924,0.0000049,0.00009350,0.00000526,-4.4444389641e-03,-1.6565646511e-03,0.9953,2.1496970654e+00
0.0290,0.0000927,0.0000049,0.00009350,0.00000526,-3.2323084306e-03,-1.6565646511e-03,0.9963,2.1509091854e+00
0.0300,0.0000930,0.0000049,0.00009360,0.00000526,-2.4242214859e-03,-1.6565646511e-03,0.9973,2.1517171860e+00
0.0310,0.0000930,0.0000049,0.00009360,0.00000525,-2.4242214859e-03,-1.6161610838e-03,0.9983,2.1517171860e+00
0.0320,0.0000930,0.0000049,0.00009370,0.00000525,-2.8282650746e-03,-1.6161610838e-03,0.9993,2.1513130665e+00
0.0330,0.0000938,0.0000049,0.00009370,0.00000526,4.0405348409e-04,-1.5757574001e-03,1.0003,2.1545455456e+00
0.0340,0.0000943,0.0000048,0.00009370,0.00000525,2.4242415093e-03,-1.6565646511e-03,1.0013,2.1565656662e+00
0.0350,0.0000934,0.0000049,0.00009390,0.00000525,-2.0202074666e-03,-1.6161610838e-03,1.0023,2.1521213055e+00
0.0360,0.0000940,0.0000049,0.00009390,0.00000525,4.0405348409e-04,-1.5757574001e-03,1.0033,2.1545455456e+00
0.0370,0.0000941,0.0000048,0.00009400,0.00000526,4.0405348409e-04,-1.6969683347e-03,1.0043,2.1545455456e+00
0.0380,0.0000945,0.0000048,0.00009410,0.00000525,1.6161545645e-03,-1.6565646511e-03,1.0053,2.1557576656e+00
0.0390,0.0000938,0.0000048,0.00009420,0.00000525,-1.6161345411e-03,-1.6969700810e-03,1.0063,2.1525251865e+00
0.0400,0.0000944,0.0000049,0.00009420,0.00000526,8.0809695646e-04,-1.6161610838e-03,1.0073,2.1549494267e+00
0.0410,0.0000953,0.0000048,0.00009420,0.00000525,4.4444585219e-03,-1.6969700810e-03,1.0083,2.1585857868e+00
0.0420,0.0000941,0.0000048,0.00009430,0.00000525,-8.0804753816e-04,-1.6969700810e-03,1.0093,2.1533334255e+00
0.0430,0.0000954,0.0000049,0.00009440,0.00000525,4.0404153988e-03,-1.6161610838e-03,1.0103,2.1581819057e+00
0.0440,0.0000957,0.0000048,0.00009450,0.00000525,4.8485021107e-03,-1.6969700810e-03,1.0113,2.1589899063e+00
0.0450,0.0000954,0.0000048,0.00009460,0.00000525,3.2323284540e-03,-1.6969700810e-03,1.0123,2.1573736668e+00
0.0460,0.0000954,0.0000048,0.00009460,0.00000524,3.2323284540e-03,-1.6161610838e-03,1.0133,2.1573736668e+00
0.0470,0.0000958,0.0000048,0.00009460,0.00000524,4.8485021107e-03,-1.6565665137e-03,1.0143,2.1589899063e+00
0.0480,0.0000956,0.0000048,0.00009470,0.00000524,3.6363720428e-03,-1.6565665137e-03,1.0153,2.1577777863e+00
0.0490,0.0000958,0.0000048,0.00009480,0.00000524,4.0404153988e-03,-1.6565665137e-03,1.0163,2.1581819057e+00
0.0500,0.0000959,0.0000048,0.00009490,0.00000524,4.0404153988e-03,-1.6161610838e-03,1.0173,2.1581819057e+00
0.0510,0.0000972,0.0000048,0.00009500,0.00000524,8.8888788596e-03,-1.6565665137e-03,1.0183,2.1630303860e+00
0.0520,0.0000963,0.0000048,0.00009510,0.00000523,4.8485021107e-03,-1.6161629464e-03,1.0193,2.1589899063e+00
0.0530,0.0000963,0.0000048,0.00009510,0.00000523,4.8485021107e-03,-1.6161629464e-03,1.0203,2.1589899063e+00
0.0540,0.0000970,0.0000048,0.00009520,0.00000523,7.2727338411e-03,-1.6161629464e-03,1.0213,2.1614141464e+00
0.0550,0.0000968,0.0000048,0.00009530,0.00000523,6.0606324114e-03,-1.6565665137e-03,1.0223,2.1602020264e+00
0.0560,0.0000970,0.0000048,0.00009530,0.00000523,6.8686902523e-03,-1.5757574001e-03,1.0233,2.1610100269e+00
0.0570,0.0000975,0.0000048,0.00009540,0.00000523,8.4848646075e-03,-1.6161629464e-03,1.0243,2.1626262665e+00
0.0580,0.0000973,0.0000048,0.00009550,0.00000523,7.2727338411e-03,-1.6565665137e-03,1.0253,2.1614141464e+00
0.0590,0.0000973,0.0000048,0.00009560,0.00000523,6.8686902523e-03,-1.6161629464e-03,1.0263,2.1610100269e+00
0.0600,0.0000982,0.0000048,0.00009560,0.00000523,1.0505052283e-02,-1.6565665137e-03,1.0273,2.1646463871e+00
0.0610,0.0000981,0.0000048,0.00009570,0.00000523,9.6969660372e-03,-1.6565665137e-03,1.0283,2.1638383865e+00
0.0620,0.0000976,0.0000048,0.00009580,0.00000523,7.2727338411e-03,-1.6565665137e-03,1.0293,2.1614141464e+00
0.0630,0.0000986,0.0000048,0.00009590,0.00000523,1.0909096338e-02,-1.6161629464e-03,1.0303,2.1650505066e+00
0.0640,0.0000983,0.0000048,0.00009600,0.00000523,9.2929219827e-03,-1.6565665137e-03,1.0313,2.1634342670e+00
0.0650,0.0000985,0.0000048,0.00009610,0.00000523,9.6969949082e-03,-1.6161629464e-03,1.0323,2.1638383865e+00
0.0660,0.0000989,0.0000048,0.00009620,0.00000523,1.0909096338e-02,-1.6969700810e-03,1.0333,2.1650505066e+00
0.0670,0.0000980,0.0000048,0.00009620,0.00000523,7.2727338411e-03,-1.7373737646e-03,1.0343,2.1614141464e+00
0.0680,0.0000991,0.0000048,0.00009640,0.00000522,1.0909096338e-02,-1.6161610838e-03,1.0353,2.1650505066e+00
0.0690,0.0000994,0.0000048,0.00009640,0.00000522,1.2121226639e-02,-1.6969683347e-03,1.0363,2.1662626266e+00
0.0700,0.0000991,0.0000048,0.00009650,0.00000522,1.0505052283e-02,-1.6969683347e-03,1.0373,2.1646463871e+00
0.0710,0.0000997,0.0000048,0.00009670,0.00000522,1.2121226639e-02,-1.6565646511e-03,1.0383,2.1662626266e+00
0.0720,0.0000994,0.0000048,0.00009660,0.00000521,1.1313139461e-02,-1.6565646511e-03,1.0393,2.1654546261e+00
0.0730,0.0000997,0.0000048,0.00009680,0.00000522,1.1717182584e-02,-1.6565646511e-03,1.0403,2.1658585072e+00
0.0740,0.0001000,0.0000048,0.00009690,0.00000521,1.2525240891e-02,-1.6161610838e-03,1.0413,2.1666667461e+00
0.0750,0.0000995,0.0000048,0.00009700,0.00000521,1.0101038031e-02,-1.6161610838e-03,1.0423,2.1642425060e+00
0.0760,0.0001010,0.0000048,0.00009700,0.00000521,1.6161631793e-02,-1.6161610838e-03,1.0433,2.1703031063e+00
0.0770,0.0001000,0.0000048,0.00009720,0.00000521,1.1313139461e-02,-1.6565646511e-03,1.0443,2.1654546261e+00
0.0780,0.0001010,0.0000048,0.00009730,0.00000521,1.4949501492e-02,-1.6969700810e-03,1.0453,2.1690909863e+00
0.0790,0.0001000,0.0000048,0.00009730,0.00000520,1.0909096338e-02,-1.6161610838e-03,1.0463,2.1650505066e+00
0.0800,0.0001010,0.0000048,0.00009740,0.00000520,1.4545458369e-02,-1.6161610838e-03,1.0473,2.1686868668e+00
0.0810,0.0001010,0.0000048,0.00009760,0.00000520,1.3737371191e-02,-1.6161610838e-03,1.0483,2.1678788662e+00
0.0820,0.0001010,0.0000048,0.00009760,0.00000520,1.3737371191e-02,-1.6161610838e-03,1.0493,2.1678788662e+00
0.0830,0.0001020,0.0000048,0.00009780,0.00000520,1.6969688237e-02,-1.6161610838e-03,1.0503,2.1711111069e+00
0.0840,0.0001010,0.0000048,0.00009790,0.00000520,1.2525240891e-02,-1.6161610838e-03,1.0513,2.1666667461e+00
0.0850,0.0001020,0.0000048,0.00009790,0.00000520,1.6565645114e-02,-1.6161610838e-03,1.0523,2.1707069874e+00
0.0860,0.0001020,0.0000048,0.00009810,0.00000520,1.5757586807e-02,-1.6161610838e-03,1.0533,2.1698989868e+00
0.0870,0.0001020,0.0000048,0.00009830,0.00000520,1.4949501492e-02,-1.6161610838e-03,1.0543,2.1690909863e+00
0.0880,0.0001020,0.0000048,0.00009840,0.00000520,1.4545458369e-02,-1.6161610838e-03,1.0553,2.1686868668e+00
0.0890,0.0001030,0.0000048,0.00009850,0.00000519,1.8181819469e-02,-1.5757574001e-03,1.0563,2.1723232269e+00
0.0900,0.0001010,0.0000048,0.00009870,0.00000519,9.2929219827e-03,-1.5757574001e-03,1.0573,2.1634342670e+00
0.0910,0.0001030,0.0000048,0.00009870,0.00000519,1.7373731360e-02,-1.6161629464e-03,1.0583,2.1715152264e+00
0.0920,0.0001030,0.0000048,0.00009880,0.00000519,1.6969688237e-02,-1.6161629464e-03,1.0593,2.1711111069e+00
0.0930,0.0001030,0.0000048,0.00009890,0.00000519,1.6565674916e-02,-1.6565665137e-03,1.0603,2.1707069874e+00
0.0940,0.0001030,0.0000048,0.00009900,0.00000519,1.6161631793e-02,-1.5757574001e-03,1.0613,2.1703031063e+00
0.0950,0.0001040,0.0000048,0.00009910,0.00000519,1.9797993824e-02,-1.6161629464e-03,1.0623,2.1739394665e+00
0.0960,0.0001030,0.0000048,0.00009930,0.00000519,1.4949501492e-02,-1.6565665137e-03,1.0633,2.1690909863e+00
0.0970,0.0001040,0.0000048,0.00009940,0.00000519,1.8585862592e-02,-1.6161629464e-03,1.0643,2.1727273464e+00
0.0980,0.0001040,0.0000048,0.00009950,0.00000518,1.8181819469e-02,-1.6565646511e-03,1.0653,2.1723232269e+00
0.0990,0.0001030,0.0000048,0.00009970,0.00000518,1.3333327137e-02,-1.6969683347e-03,1.0663,2.1674747467e+00
0.1000,0.0001050,0.0000048,0.00009980,0.00000518,2.1010093391e-02,-1.5353519702e-03,1.0673,2.1751515865e+00
0.1010,0.0001050,0.0000048,0.00009990,0.00000518,2.0606080070e-02,-1.6161610838e-03,1.0683,2.1747474670e+00
0.1020,0.0001050,0.0000048,0.00010000,0.00000518,2.0202036947e-02,-1.6565646511e-03,1.0693,2.1743433475e+00
0.1030,0.0001050,0.0000048,0.00010000,0.00000518,2.0202036947e-02,-1.5353519702e-03,1.0703,2.1743433475e+00
0.1040,0.0001050,0.0000048,0.00010000,0.00000518,2.0202036947e-02,-1.6161610838e-03,1.0713,2.1743433475e+00
0.1050,0.0001060,0.0000048,0.00010000,0.00000518,2.4242442101e-02,-1.6565646511e-03,1.0723,2.1783838272e+00
0.1060,0.0001050,0.0000048,0.00010100,0.00000518,1.6161631793e-02,-1.6161610838e-03,1.0733,2.1703031063e+00
0.1070,0.0001050,0.0000048,0.00010100,0.00000517,1.6161631793e-02,-1.5757574001e-03,1.0743,2.1703031063e+00
0.1080,0.0001060,0.0000048,0.00010100,0.00000518,2.0202036947e-02,-1.6969683347e-03,1.0753,2.1743433475e+00
0.1090,0.0001060,0.0000048,0.00010100,0.00000517,2.0202036947e-02,-1.5757574001e-03,1.0763,2.1743433475e+00
0.1100,0.0001060,0.0000048,0.00010100,0.00000517,2.0202036947e-02,-1.5757574001e-03,1.0773,2.1743433475e+00
0.1110,0.0001060,0.0000048,0.00010100,0.00000516,2.0202036947e-02,-1.6161610838e-03,1.0783,2.1743433475e+00
0.1120,0.0001070,0.0000048,0.00010100,0.00000516,2.4242442101e-02,-1.5353538329e-03,1.0793,2.1783838272e+00
0.1130,0.0001070,0.0000048,0.00010200,0.00000516,2.0202036947e-02,-1.5353538329e-03,1.0803,2.1743433475e+00
0.1140,0.0001070,0.0000048,0.00010200,0.00000516,2.0202036947e-02,-1.6161610838e-03,1.0813,2.1743433475e+00
0.1150,0.0001070,0.0000048,0.00010200,0.00000515,2.0202036947e-02,-1.5353538329e-03,1.0823,2.1743433475e+00
0.1160,0.0001080,0.0000048,0.00010200,0.00000515,2.4242442101e-02,-1.5353538329e-03,1.0833,2.1783838272e+00
0.1170,0.0001080,0.0000048,0.00010200,0.00000515,2.4242442101e-02,-1.5757574001e-03,1.0843,2.1783838272e+00
0.1180,0.0001080,0.0000048,0.00010200,0.00000515,2.4242442101e-02,-1.5353538329e-03,1.0853,2.1783838272e+00
0.1190,0.0001080,0.0000048,0.00010300,0.00000515,2.0202036947e-02,-1.5353538329e-03,1.0863,2.1743433475e+00
0.1200,0.0001080,0.0000048,0.00010300,0.00000515,2.0202036947e-02,-1.5353538329e-03,1.0873,2.1743433475e+00
0.1210,0.0001090,0.0000048,0.00010300,0.00000515,2.4242442101e-02,-1.5353538329e-03,1.0883,2.1783838272e+00
0.1220,0.0001090,0.0000048,0.00010300,0.00000515,2.4242442101e-02,-1.5757574001e-03,1.0893,2.1783838272e+00
0.1230,0.0001090,0.0000048,0.00010300,0.00000515,2.4242442101e-02,-1.5353538329e-03,1.0903,2.1783838272e+00
0.1240,0.0001100,0.0000048,0.00010300,0.00000515,2.8282847255e-02,-1.5353538329e-03,1.0913,2.1824243069e+00
0.1250,0.0001090,0.0000047,0.00010400,0.00000514,2.0202036947e-02,-1.6565665137e-03,1.0923,2.1743433475e+00
0.1260,0.0001090,0.0000048,0.00010400,0.00000514,2.0202036947e-02,-1.4949502656e-03,1.0933,2.1743433475e+00
0.1270,0.0001110,0.0000048,0.00010400,0.00000514,2.8282847255e-02,-1.4949502656e-03,1.0943,2.1824243069e+00
0.1280,0.0001100,0.0000047,0.00010400,0.00000514,2.4242442101e-02,-1.6161629464e-03,1.0953,2.1783838272e+00
0.1290,0.0001100,0.0000048,0.00010400,0.00000515,2.4242442101e-02,-1.5757574001e-03,1.0963,2.1783838272e+00
0.1300,0.0001110,0.0000047,0.00010400,0.00000514,2.8282847255e-02,-1.6161629464e-03,1.0973,2.1824243069e+00
0.1310,0.0001110,0.0000047,0.00010400,0.00000514,2.8282847255e-02,-1.5757592628e-03,1.0983,2.1824243069e+00
0.1320,0.0001110,0.0000047,0.00010500,0.00000514,2.4242442101e-02,-1.5757592628e-03,1.0993,2.1783838272e+00
0.1330,0.0001110,0.0000047,0.00010500,0.00000514,2.4242442101e-02,-1.6565665137e-03,1.1003,2.1783838272e+00
0.1340,0.0001110,0.0000048,0.00010500,0.00000513,2.4242442101e-02,-1.4949484030e-03,1.1013,2.1783838272e+00
0.1350,0.0001120,0.0000047,0.00010500,0.00000513,2.8282847255e-02,-1.5353538329e-03,1.1023,2.1824243069e+00
0.1360,0.0001120,0.0000047,0.00010500,0.00000514,2.8282847255e-02,-1.5757592628e-03,1.1033,2.1824243069e+00
0.1370,0.0001130,0.0000047,0.00010600,0.00000513,2.8282847255e-02,-1.5757574001e-03,1.1043,2.1824243069e+00
0.1380,0.0001130,0.0000047,0.00010600,0.00000514,2.8282847255e-02,-1.6565665137e-03,1.1053,2.1824243069e+00
0.1390,0.0001130,0.0000047,0.00010600,0.00000513,2.8282847255e-02,-1.5757574001e-03,1.1063,2.1824243069e+00
0.1400,0.0001130,0.0000047,0.00010600,0.00000514,2.8282847255e-02,-1.5757592628e-03,1.1073,2.1824243069e+00
0.1410,0.0001140,0.0000047,0.00010600,0.00000513,3.2323256135e-02,-1.6161610838e-03,1.1083,2.1864647865e+00
0.1420,0.0001140,0.0000047,0.00010700,0.00000513,2.8282847255e-02,-1.5353538329e-03,1.1093,2.1824243069e+00
0.1430,0.0001140,0.0000047,0.00010700,0.00000513,2.8282847255e-02,-1.5757574001e-03,1.1103,2.1824243069e+00
0.1440,0.0001140,0.0000047,0.00010700,0.00000513,2.8282847255e-02,-1.5757574001e-03,1.1113,2.1824243069e+00
0.1450,0.0001150,0.0000047,0.00010700,0.00000512,3.2323256135e-02,-1.5353538329e-03,1.1123,2.1864647865e+00
0.1460,0.0001150,0.0000047,0.00010800,0.00000513,2.8282847255e-02,-1.5757574001e-03,1.1133,2.1824243069e+00
0.1470,0.0001160,0.0000047,0.00010800,0.00000513,3.2323256135e-02,-1.5757574001e-03,1.1143,2.1864647865e+00
0.1480,0.0001160,0.0000047,0.00010800,0.00000513,3.2323256135e-02,-1.6161610838e-03,1.1153,2.1864647865e+00
0.1490,0.0001150,0.0000047,0.00010800,0.00000512,2.8282847255e-02,-1.6161610838e-03,1.1163,2.1824243069e+00
0.1500,0.0001160,0.0000047,0.00010800,0.00000512,3.2323256135e-02,-1.5757574001e-03,1.1173,2.1864647865e+00
0.1510,0.0001170,0.0000047,0.00010900,0.00000512,3.2323256135e-02,-1.6161610838e-03,1.1183,2.1864647865e+00
0.1520,0.0001160,0.0000047,0.00010900,0.00000511,2.8282847255e-02,-1.5757574001e-03,1.1193,2.1824243069e+00
0.1530,0.0001180,0.0000047,0.00010900,0.00000512,3.6363661289e-02,-1.5757574001e-03,1.1203,2.1905050278e+00
0.1540,0.0001180,0.0000047,0.00010900,0.00000511,3.6363661289e-02,-1.5757574001e-03,1.1213,2.1905050278e+00
0.1550,0.0001180,0.0000047,0.00011000,0.00000511,3.2323256135e-02,-1.5757574001e-03,1.1223,2.1864647865e+00
0.1560,0.0001180,0.0000047,0.00011000,0.00000511,3.2323256135e-02,-1.5757574001e-03,1.1233,2.1864647865e+00
0.1570,0.0001180,0.0000047,0.00011000,0.00000511,3.2323256135e-02,-1.5757574001e-03,1.1243,2.1864647865e+00
0.1580,0.0001190,0.0000047,0.00011000,0.00000511,3.6363631487e-02,-1.5757574001e-03,1.1253,2.1905050278e+00
0.1590,0.0001190,0.0000047,0.00011100,0.00000511,3.2323226333e-02,-1.5757574001e-03,1.1263,2.1864645481e+00
0.1600,0.0001180,0.0000047,0.00011100,0.00000511,2.8282847255e-02,-1.6161610838e-03,1.1273,2.1824243069e+00
0.1610,0.0001210,0.0000047,0.00011100,0.00000511,4.0404036641e-02,-1.5757574001e-03,1.1283,2.1945455074e+00
0.1620,0.0001200,0.0000047,0.00011100,0.00000510,3.6363631487e-02,-1.6161629464e-03,1.1293,2.1905050278e+00
0.1630,0.0001210,0.0000047,0.00011200,0.00000510,3.6363631487e-02,-1.5757574001e-03,1.1303,2.1905050278e+00
0.1640,0.0001210,0.0000047,0.00011200,0.00000510,3.6363631487e-02,-1.5757574001e-03,1.1313,2.1905050278e+00
0.1650,0.0001210,0.0000047,0.00011200,0.00000510,3.6363631487e-02,-1.5353538329e-03,1.1323,2.1905050278e+00
0.1660,0.0001220,0.0000047,0.00011300,0.00000510,3.6363631487e-02,-1.5757574001e-03,1.1333,2.1905050278e+00
0.1670,0.0001220,0.0000047,0.00011300,0.00000510,3.6363631487e-02,-1.6161629464e-03,1.1343,2.1905050278e+00
0.1680,0.0001220,0.0000047,0.00011300,0.00000510,3.6363631487e-02,-1.5757574001e-03,1.1353,2.1905050278e+00
0.1690,0.0001230,0.0000047,0.00011300,0.00000510,4.0404066443e-02,-1.5757574001e-03,1.1363,2.1945455074e+00
0.1700,0.0001230,0.0000047,0.00011400,0.00000509,3.6363661289e-02,-1.5757574001e-03,1.1373,2.1905050278e+00
0.1710,0.0001230,0.0000047,0.00011400,0.00000510,3.6363661289e-02,-1.6161629464e-03,1.1383,2.1905050278e+00
0.1720,0.0001240,0.0000047,0.00011400,0.00000509,4.0404036641e-02,-1.5353519702e-03,1.1393,2.1945455074e+00
0.1730,0.0001250,0.0000047,0.00011500,0.00000509,4.0404066443e-02,-1.5757574001e-03,1.1403,2.1945455074e+00
0.1740,0.0001250,0.0000047,0.00011500,0.00000509,4.0404066443e-02,-1.5757574001e-03,1.1413,2.1945455074e+00
0.1750,0.0001250,0.0000047,0.00011500,0.00000509,4.0404066443e-02,-1.5353519702e-03,1.1423,2.1945455074e+00
0.1760,0.0001260,0.0000047,0.00011600,0.00000509,4.0404036641e-02,-1.6161610838e-03,1.1433,2.1945455074e+00
0.1770,0.0001260,0.0000047,0.00011600,0.00000509,4.0404036641e-02,-1.6161610838e-03,1.1443,2.1945455074e+00
0.1780,0.0001270,0.0000047,0.00011600,0.00000509,4.4444471598e-02,-1.5757574001e-03,1.1453,2.1985859871e+00
0.1790,0.0001270,0.0000047,0.00011700,0.00000509,4.0404066443e-02,-1.6161610838e-03,1.1463,2.1945455074e+00
0.1800,0.0001280,0.0000047,0.00011700,0.00000509,4.4444441795e-02,-1.6161610838e-03,1.1473,2.1985859871e+00
0.1810,0.0001270,0.0000047,0.00011700,0.00000508,4.0404066443e-02,-1.5353538329e-03,1.1483,2.1945455074e+00
0.1820,0.0001290,0.0000047,0.00011800,0.00000508,4.4444411993e-02,-1.5353538329e-03,1.1493,2.1985857487e+00
0.1830,0.0001290,0.0000047,0.00011800,0.00000508,4.4444411993e-02,-1.6969700810e-03,1.1503,2.1985857487e+00
0.1840,0.0001290,0.0000047,0.00011900,0.00000508,4.0404036641e-02,-1.5353538329e-03,1.1513,2.1945455074e+00
0.1850,0.0001310,0.0000047,0.00011900,0.00000507,4.8484846950e-02,-1.4949502656e-03,1.1523,2.2026262283e+00
0.1860,0.0001300,0.0000047,0.00011900,0.00000508,4.4444471598e-02,-1.6565646511e-03,1.1533,2.1985859871e+00
0.1870,0.0001310,0.0000047,0.00012000,0.00000507,4.4444441795e-02,-1.4949502656e-03,1.1543,2.1985859871e+00
0.1880,0.0001320,0.0000047,0.00012000,0.00000507,4.8484876752e-02,-1.5757574001e-03,1.1553,2.2026262283e+00
0.1890,0.0001330,0.0000047,0.00012100,0.00000507,4.8484846950e-02,-1.5757574001e-03,1.1563,2.2026262283e+00
0.1900,0.0001330,0.0000047,0.00012100,0.00000507,4.8484846950e-02,-1.6161610838e-03,1.1573,2.2026262283e+00
0.1910,0.0001330,0.0000047,0.00012100,0.00000507,4.8484846950e-02,-1.5757574001e-03,1.1583,2.2026262283e+00
0.1920,0.0001340,0.0000047,0.00012200,0.00000507,4.8484876752e-02,-1.5757574001e-03,1.1593,2.2026262283e+00
0.1930,0.0001340,0.0000047,0.00012200,0.00000507,4.8484876752e-02,-1.6161610838e-03,1.1603,2.2026262283e+00
0.1940,0.0001350,0.0000047,0.00012300,0.00000507,4.8484817147e-02,-1.5757574001e-03,1.1613,2.2026262283e+00
0.1950,0.0001360,0.0000047,0.00012300,0.00000506,5.2525252104e-02,-1.5757574001e-03,1.1623,2.2066667080e+00
0.1960,0.0001360,0.0000047,0.00012400,0.00000506,4.8484876752e-02,-1.5757574001e-03,1.1633,2.2026262283e+00
0.1970,0.0001370,0.0000047,0.00012400,0.00000506,5.2525252104e-02,-1.6161629464e-03,1.1643,2.2066667080e+00
0.1980,0.0001360,0.0000047,0.00012500,0.00000506,4.4444441795e-02,-1.6161629464e-03,1.1653,2.1985859871e+00
0.1990,0.0001380,0.0000047,0.00012500,0.00000506,5.2525252104e-02,-1.5353538329e-03,1.1663,2.2066667080e+00
