Potential,Disk-O2,Ring-O2,Disk-N2,Ring-N2,Disk-Density,Ring-Density,Potential_RHE,ABS
-0.9000,-0.0019230,0.0000793,-0.00172500,0.00002453,-7.9999995232e-01,2.2133332491e-01,0.0673,1.4919190407e+00
-0.8990,-0.0017530,0.0000790,-0.00157400,0.00002421,-7.2323220968e-01,2.2145454586e-01,0.0683,1.5686867237e+00
-0.8980,-0.0016420,0.0000790,-0.00143900,0.00002395,-8.2020217180e-01,2.2246465087e-01,0.0693,1.4717168808e+00
-0.8970,-0.0015550,0.0000790,-0.00131500,0.00002374,-9.6969681978e-01,2.2331313789e-01,0.0703,1.3222222328e+00
-0.8960,-0.0014840,0.0000787,-0.00120200,0.00002353,-1.1393941641e+00,2.2298988700e-01,0.0713,1.1525248289e+00
-0.8950,-0.0014290,0.0000787,-0.00110000,0.00002335,-1.3292931318e+00,2.2367677093e-01,0.0723,9.6262586117e-01
-0.8940,-0.0013780,0.0000786,-0.00100600,0.00002316,-1.5030304193e+00,2.2416161001e-01,0.0733,7.8888857365e-01
-0.8930,-0.0013370,0.0000783,-0.00091970,0.00002303,-1.6860607862e+00,2.2339394689e-01,0.0743,6.0585820675e-01
-0.8920,-0.0013080,0.0000783,-0.00084180,0.00002288,-1.8836361170e+00,2.2383838892e-01,0.0753,4.0828287601e-01
-0.8910,-0.0012770,0.0000781,-0.00076950,0.00002272,-2.0505049229e+00,2.2391919792e-01,0.0763,2.4141407013e-01
-0.8900,-0.0012540,0.0000780,-0.00070360,0.00002258,-2.2238383293e+00,2.2375757992e-01,0.0773,6.8080663681e-02
-0.8890,-0.0012310,0.0000778,-0.00064290,0.00002245,-2.3761613369e+00,2.2359596193e-01,0.0783,8.4242343903e-02
-0.8880,-0.0012140,0.0000778,-0.00058730,0.00002232,-2.5321214199e+00,2.2404038906e-01,0.0793,2.4020242691e-01
-0.8870,-0.0011980,0.0000776,-0.00053630,0.00002219,-2.6735355854e+00,2.2395960987e-01,0.0803,3.8161659241e-01
-0.8860,-0.0011830,0.0000775,-0.00048920,0.00002208,-2.8032324314e+00,2.2391919792e-01,0.0813,5.1131343842e-01
-0.8850,-0.0011700,0.0000774,-0.00044580,0.00002198,-2.9260601997e+00,2.2387880087e-01,0.0823,6.3414120674e-01
-0.8840,-0.0011600,0.0000773,-0.00040610,0.00002185,-3.0460605621e+00,2.2387880087e-01,0.0833,7.5414156914e-01
-0.8830,-0.0011500,0.0000771,-0.00036910,0.00002176,-3.1551516056e+00,2.2371715307e-01,0.0843,8.6323261261e-01
-0.8820,-0.0011420,0.0000770,-0.00033540,0.00002165,-3.2589898109e+00,2.2367678583e-01,0.0853,9.6707081795e-01
-0.8810,-0.0011330,0.0000769,-0.00030400,0.00002156,-3.3494951725e+00,2.2347472608e-01,0.0863,1.0575761795e+00
-0.8800,-0.0011270,0.0000768,-0.00027540,0.00002147,-3.4408080578e+00,2.2347475588e-01,0.0873,1.1488890648e+00
-0.8790,-0.0011200,0.0000767,-0.00024890,0.00002140,-3.5195958614e+00,2.2343435884e-01,0.0883,1.2276768684e+00
-0.8780,-0.0011140,0.0000766,-0.00022420,0.00002132,-3.5951514244e+00,2.2315151989e-01,0.0893,1.3032324314e+00
-0.8770,-0.0011050,0.0000765,-0.00020150,0.00002125,-3.6505050659e+00,2.2307069600e-01,0.0903,1.3585860729e+00
-0.8760,-0.0011050,0.0000763,-0.00018030,0.00002115,-3.7361619473e+00,2.2274746001e-01,0.0913,1.4442429543e+00
-0.8750,-0.0011010,0.0000762,-0.00016080,0.00002108,-3.7987878323e+00,2.2286869586e-01,0.0923,1.5068688393e+00
-0.8740,-0.0010960,0.0000762,-0.00014260,0.00002099,-3.8521211147e+00,2.2303029895e-01,0.0933,1.5602021217e+00
-0.8730,-0.0010910,0.0000760,-0.00012580,0.00002091,-3.8997981548e+00,2.2262626886e-01,0.0943,1.6078791618e+00
-0.8720,-0.0010880,0.0000759,-0.00011040,0.00002085,-3.9498989582e+00,2.2258585691e-01,0.0953,1.6579799652e+00
-0.8710,-0.0010840,0.0000758,-0.00009593,0.00002076,-3.9922022820e+00,2.2242423892e-01,0.0963,1.7002832890e+00
-0.8700,-0.0010810,0.0000757,-0.00008237,0.00002068,-4.0348687172e+00,2.2214141488e-01,0.0973,1.7429497242e+00
-0.8690,-0.0010790,0.0000756,-0.00006983,0.00002061,-4.0774545670e+00,2.2214139998e-01,0.0983,1.7855355740e+00
-0.8680,-0.0010770,0.0000755,-0.00005832,0.00002054,-4.1158790588e+00,2.2214142978e-01,0.0993,1.8239600658e+00
-0.8670,-0.0010720,0.0000754,-0.00004750,0.00002047,-4.1393938065e+00,2.2197978199e-01,0.1003,1.8474748135e+00
-0.8660,-0.0010700,0.0000753,-0.00003739,0.00002042,-4.1721615791e+00,2.2193938494e-01,0.1013,1.8802425861e+00
-0.8650,-0.0010690,0.0000753,-0.00002807,0.00002036,-4.2057781219e+00,2.2193939984e-01,0.1023,1.9138591290e+00
-0.8640,-0.0010650,0.0000751,-0.00001917,0.00002028,-4.2255754471e+00,2.2169695795e-01,0.1033,1.9336564541e+00
-0.8630,-0.0010660,0.0000751,-0.00001104,0.00002021,-4.2624645233e+00,2.2181819379e-01,0.1043,1.9705455303e+00
-0.8620,-0.0010630,0.0000750,-0.00000348,0.00002013,-4.2808804512e+00,2.2169698775e-01,0.1053,1.9889614582e+00
-0.8610,-0.0010600,0.0000749,0.00000383,0.00002011,-4.2983231544e+00,2.2133333981e-01,0.1063,2.0064041615e+00
-0.8600,-0.0010600,0.0000748,0.00001046,0.00002007,-4.3250913620e+00,2.2109089792e-01,0.1073,2.0331723690e+00
-0.8590,-0.0010540,0.0000746,0.00001665,0.00002001,-4.3258585930e+00,2.2064647079e-01,0.1083,2.0339396000e+00
-0.8580,-0.0010570,0.0000746,0.00002264,0.00001994,-4.3621816635e+00,2.2092929482e-01,0.1093,2.0702626705e+00
-0.8570,-0.0010530,0.0000744,0.00002825,0.00001985,-4.3686871529e+00,2.2060605884e-01,0.1103,2.0767681599e+00
-0.8560,-0.0010520,0.0000744,0.00003332,0.00001981,-4.3851313591e+00,2.2076766193e-01,0.1113,2.0932123661e+00
-0.8550,-0.0010510,0.0000743,0.00003808,0.00001979,-4.4003233910e+00,2.2008080781e-01,0.1123,2.1084043980e+00
-0.8540,-0.0010490,0.0000742,0.00004246,0.00001975,-4.4099392891e+00,2.1995960176e-01,0.1133,2.1180202961e+00
-0.8530,-0.0010480,0.0000742,0.00004667,0.00001969,-4.4229087830e+00,2.2012120485e-01,0.1143,2.1309897900e+00
-0.8520,-0.0010460,0.0000741,0.00005065,0.00001965,-4.4309091568e+00,2.1987877786e-01,0.1153,2.1389901638e+00
-0.8510,-0.0010470,0.0000741,0.00005451,0.00001959,-4.4505453110e+00,2.2004042566e-01,0.1163,2.1586263180e+00
-0.8500,-0.0010440,0.0000739,0.00005800,0.00001955,-4.4525251389e+00,2.1947473288e-01,0.1173,2.1606061459e+00
-0.8490,-0.0010440,0.0000739,0.00006132,0.00001949,-4.4659395218e+00,2.1967677772e-01,0.1183,2.1740205288e+00
-0.8480,-0.0010380,0.0000737,0.00006452,0.00001945,-4.4546265602e+00,2.1931311488e-01,0.1193,2.1627075672e+00
-0.8470,-0.0010420,0.0000737,0.00006753,0.00001941,-4.4829492569e+00,2.1947474778e-01,0.1203,2.1910302639e+00
-0.8460,-0.0010420,0.0000737,0.00007026,0.00001937,-4.4939799309e+00,2.1967676282e-01,0.1213,2.2020609379e+00
-0.8450,-0.0010390,0.0000735,0.00007294,0.00001932,-4.4926867485e+00,2.1903030574e-01,0.1223,2.2007677555e+00
-0.8440,-0.0010390,0.0000736,0.00007544,0.00001927,-4.5027880669e+00,2.1963635087e-01,0.1233,2.2108690739e+00
-0.8430,-0.0010380,0.0000735,0.00007779,0.00001923,-4.5082426071e+00,2.1931311488e-01,0.1243,2.2163236141e+00
-0.8420,-0.0010350,0.0000734,0.00008013,0.00001918,-4.5055751801e+00,2.1911112964e-01,0.1253,2.2136561871e+00
-0.8410,-0.0010370,0.0000735,0.00008220,0.00001915,-4.5220203400e+00,2.1943435073e-01,0.1263,2.2301013470e+00
-0.8400,-0.0010360,0.0000733,0.00008414,0.00001911,-4.5258178711e+00,2.1898990870e-01,0.1273,2.2338988781e+00
-0.8390,-0.0010360,0.0000732,0.00008611,0.00001906,-4.5337777138e+00,2.1882827580e-01,0.1283,2.2418587208e+00
-0.8380,-0.0010340,0.0000732,0.00008801,0.00001902,-4.5333733559e+00,2.1882829070e-01,0.1293,2.2414543629e+00
-0.8370,-0.0010330,0.0000731,0.00008971,0.00001898,-4.5362019539e+00,2.1854545176e-01,0.1303,2.2442829609e+00
-0.8360,-0.0010320,0.0000730,0.00009141,0.00001895,-4.5390300751e+00,2.1826261282e-01,0.1313,2.2471110821e+00
-0.8350,-0.0010290,0.0000729,0.00009299,0.00001892,-4.5332932472e+00,2.1814140677e-01,0.1323,2.2413742542e+00
-0.8340,-0.0010320,0.0000730,0.00009445,0.00001890,-4.5513129234e+00,2.1874748170e-01,0.1333,2.2593939304e+00
-0.8330,-0.0010310,0.0000730,0.00009584,0.00001886,-4.5528888702e+00,2.1862624586e-01,0.1343,2.2609698772e+00
-0.8320,-0.0010300,0.0000729,0.00009723,0.00001882,-4.5544648170e+00,2.1834343672e-01,0.1353,2.2625458241e+00
-0.8310,-0.0010300,0.0000729,0.00009852,0.00001878,-4.5596766472e+00,2.1850505471e-01,0.1363,2.2677576542e+00
-0.8300,-0.0010320,0.0000728,0.00009969,0.00001875,-4.5724849701e+00,2.1822221577e-01,0.1373,2.2805659771e+00
-0.8290,-0.0010280,0.0000726,0.00010090,0.00001872,-4.5612120628e+00,2.1765658259e-01,0.1383,2.2692930698e+00
-0.8280,-0.0010290,0.0000726,0.00010210,0.00001867,-4.5701007843e+00,2.1797981858e-01,0.1393,2.2781817913e+00
-0.8270,-0.0010290,0.0000725,0.00010320,0.00001862,-4.5745453835e+00,2.1781818569e-01,0.1403,2.2826263905e+00
-0.8260,-0.0010230,0.0000725,0.00010430,0.00001858,-4.5547475815e+00,2.1797978878e-01,0.1413,2.2628285885e+00
-0.8250,-0.0010270,0.0000724,0.00010540,0.00001857,-4.5753536224e+00,2.1753537655e-01,0.1423,2.2834346294e+00
-0.8240,-0.0010270,0.0000724,0.00010620,0.00001854,-4.5785861015e+00,2.1761615574e-01,0.1433,2.2866671085e+00
-0.8230,-0.0010250,0.0000723,0.00010710,0.00001851,-4.5741415024e+00,2.1745456755e-01,0.1443,2.2822225094e+00
-0.8220,-0.0010260,0.0000723,0.00010800,0.00001849,-4.5818181038e+00,2.1745456755e-01,0.1453,2.2898991108e+00
-0.8210,-0.0010240,0.0000721,0.00010880,0.00001845,-4.5769696236e+00,2.1684846282e-01,0.1463,2.2850506306e+00
-0.8200,-0.0010240,0.0000721,0.00010960,0.00001841,-4.5802021027e+00,2.1705052257e-01,0.1473,2.2882831097e+00
-0.8190,-0.0010210,0.0000720,0.00011090,0.00001839,-4.5733332634e+00,2.1644444764e-01,0.1483,2.2814142704e+00
-0.8180,-0.0010210,0.0000719,0.00011150,0.00001837,-4.5757575035e+00,2.1632322669e-01,0.1493,2.2838385105e+00
-0.8170,-0.0010200,0.0000719,0.00011210,0.00001834,-4.5741415024e+00,2.1628284454e-01,0.1503,2.2822225094e+00
-0.8160,-0.0010200,0.0000718,0.00011270,0.00001831,-4.5765657425e+00,2.1628282964e-01,0.1513,2.2846467495e+00
-0.8150,-0.0010190,0.0000718,0.00011340,0.00001828,-4.5753536224e+00,2.1624243259e-01,0.1523,2.2834346294e+00
-0.8140,-0.0010180,0.0000717,0.00011400,0.00001825,-4.5737376213e+00,2.1595959365e-01,0.1533,2.2818186283e+00
-0.8130,-0.0010200,0.0000716,0.00011460,0.00001822,-4.5842423439e+00,2.1587878466e-01,0.1543,2.2923233509e+00
-0.8120,-0.0010160,0.0000716,0.00011520,0.00001819,-4.5705051422e+00,2.1571716666e-01,0.1553,2.2785861492e+00
-0.8110,-0.0010170,0.0000715,0.00011560,0.00001816,-4.5761613846e+00,2.1563635767e-01,0.1563,2.2842423916e+00
-0.8100,-0.0010170,0.0000715,0.00011620,0.00001813,-4.5785856247e+00,2.1559597552e-01,0.1573,2.2866666317e+00
-0.8090,-0.0010180,0.0000716,0.00011680,0.00001810,-4.5850501060e+00,2.1604040265e-01,0.1583,2.2931311131e+00
-0.8080,-0.0010180,0.0000715,0.00011740,0.00001807,-4.5874743462e+00,2.1599999070e-01,0.1593,2.2955553532e+00
-0.8070,-0.0010170,0.0000715,0.00011800,0.00001804,-4.5858583450e+00,2.1620200574e-01,0.1603,2.2939393520e+00
-0.8060,-0.0010170,0.0000714,0.00011850,0.00001801,-4.5878782272e+00,2.1587879956e-01,0.1613,2.2959592342e+00
-0.8050,-0.0010150,0.0000713,0.00011890,0.00001799,-4.5814142227e+00,2.1547473967e-01,0.1623,2.2894952297e+00
-0.8040,-0.0010170,0.0000714,0.00011930,0.00001798,-4.5911107063e+00,2.1591918170e-01,0.1633,2.2991917133e+00
-0.8030,-0.0010150,0.0000714,0.00011970,0.00001795,-4.5846467018e+00,2.1587878466e-01,0.1643,2.2927277088e+00
-0.8020,-0.0010160,0.0000713,0.00012020,0.00001792,-4.5907073021e+00,2.1583838761e-01,0.1653,2.2987883091e+00
-0.8010,-0.0010190,0.0000713,0.00012050,0.00001790,-4.6040401459e+00,2.1591919661e-01,0.1663,2.3121211529e+00
-0.8000,-0.0010140,0.0000712,0.00012100,0.00001788,-4.5858588219e+00,2.1559596062e-01,0.1673,2.2939398289e+00
-0.7990,-0.0010160,0.0000712,0.00012150,0.00001786,-4.5959596634e+00,2.1543434262e-01,0.1683,2.3040406704e+00
-0.7980,-0.0010160,0.0000712,0.00012180,0.00001783,-4.5971717834e+00,2.1555556357e-01,0.1693,2.3052527905e+00
-0.7970,-0.0010140,0.0000712,0.00012230,0.00001778,-4.5911111832e+00,2.1595960855e-01,0.1703,2.2991921902e+00
-0.7960,-0.0010150,0.0000711,0.00012270,0.00001776,-4.5967679024e+00,2.1543434262e-01,0.1713,2.3048489094e+00
-0.7950,-0.0010150,0.0000710,0.00012300,0.00001773,-4.5979800224e+00,2.1531310678e-01,0.1723,2.3060610294e+00
-0.7940,-0.0010140,0.0000711,0.00012340,0.00001771,-4.5955557823e+00,2.1559594572e-01,0.1733,2.3036367893e+00
-0.7930,-0.0010130,0.0000710,0.00012370,0.00001769,-4.5927276611e+00,2.1543434262e-01,0.1743,2.3008086681e+00
-0.7920,-0.0010120,0.0000710,0.00012400,0.00001768,-4.5898990631e+00,2.1547473967e-01,0.1753,2.2979800701e+00
-0.7910,-0.0010130,0.0000709,0.00012440,0.00001765,-4.5955557823e+00,2.1515151858e-01,0.1763,2.3036367893e+00
-0.7900,-0.0010150,0.0000709,0.00012470,0.00001764,-4.6048488617e+00,2.1535353363e-01,0.1773,2.3129298687e+00
-0.7890,-0.0010130,0.0000707,0.00012500,0.00001763,-4.5979800224e+00,2.1454544365e-01,0.1783,2.3060610294e+00
-0.7880,-0.0010110,0.0000708,0.00012540,0.00001761,-4.5915155411e+00,2.1486869454e-01,0.1793,2.2995965481e+00
-0.7870,-0.0010100,0.0000707,0.00012570,0.00001760,-4.5886869431e+00,2.1466666460e-01,0.1803,2.2967679501e+00
-0.7860,-0.0010110,0.0000707,0.00012590,0.00001759,-4.5935354233e+00,2.1462625265e-01,0.1813,2.3016164303e+00
-0.7850,-0.0010110,0.0000707,0.00012610,0.00001758,-4.5943436623e+00,2.1458587050e-01,0.1823,2.3024246693e+00
-0.7840,-0.0010090,0.0000706,0.00012640,0.00001756,-4.5874748230e+00,2.1442423761e-01,0.1833,2.2955558300e+00
-0.7830,-0.0010090,0.0000706,0.00012670,0.00001754,-4.5886869431e+00,2.1438384056e-01,0.1843,2.2967679501e+00
-0.7820,-0.0010090,0.0000705,0.00012700,0.00001752,-4.5898990631e+00,2.1397978067e-01,0.1853,2.2979800701e+00
-0.7810,-0.0010080,0.0000705,0.00012730,0.00001751,-4.5870709419e+00,2.1406061947e-01,0.1863,2.2951519489e+00
-0.7800,-0.0010080,0.0000705,0.00012760,0.00001750,-4.5882830620e+00,2.1410100162e-01,0.1873,2.2963640690e+00
-0.7790,-0.0010080,0.0000705,0.00012770,0.00001747,-4.5886869431e+00,2.1422222257e-01,0.1883,2.2967679501e+00
-0.7780,-0.0010080,0.0000705,0.00012800,0.00001744,-4.5898990631e+00,2.1430303156e-01,0.1893,2.2979800701e+00
-0.7770,-0.0010070,0.0000704,0.00012830,0.00001743,-4.5870709419e+00,2.1418182552e-01,0.1903,2.2951519489e+00
-0.7760,-0.0010080,0.0000704,0.00012840,0.00001742,-4.5915155411e+00,2.1418181062e-01,0.1913,2.2995965481e+00
-0.7750,-0.0010060,0.0000704,0.00012860,0.00001741,-4.5842423439e+00,2.1426263452e-01,0.1923,2.2923233509e+00
-0.7740,-0.0010070,0.0000703,0.00012890,0.00001739,-4.5894951820e+00,2.1373736858e-01,0.1933,2.2975761890e+00
-0.7730,-0.0010080,0.0000703,0.00012910,0.00001735,-4.5943431854e+00,2.1397979558e-01,0.1943,2.3024241924e+00
-0.7720,-0.0010060,0.0000703,0.00012930,0.00001733,-4.5870704651e+00,2.1385858953e-01,0.1953,2.2951514721e+00
-0.7710,-0.0010050,0.0000702,0.00012960,0.00001733,-4.5842423439e+00,2.1341416240e-01,0.1963,2.2923233509e+00
-0.7700,-0.0010050,0.0000702,0.00012980,0.00001732,-4.5850505829e+00,2.1377778053e-01,0.1973,2.2931315899e+00
-0.7690,-0.0010040,0.0000702,0.00013000,0.00001731,-4.5818181038e+00,2.1349497139e-01,0.1983,2.2898991108e+00
-0.7680,-0.0010030,0.0000701,0.00013030,0.00001728,-4.5789895058e+00,2.1337373555e-01,0.1993,2.2870705128e+00
-0.7670,-0.0010040,0.0000701,0.00013050,0.00001726,-4.5838379860e+00,2.1333333850e-01,0.2003,2.2919189930e+00
-0.7660,-0.0010040,0.0000701,0.00013060,0.00001725,-4.5842423439e+00,2.1361614764e-01,0.2013,2.2923233509e+00
-0.7650,-0.0010030,0.0000701,0.00013080,0.00001723,-4.5810103416e+00,2.1357575059e-01,0.2023,2.2890913486e+00
-0.7640,-0.0010030,0.0000700,0.00013110,0.00001721,-4.5822219849e+00,2.1337375045e-01,0.2033,2.2903029919e+00
-0.7630,-0.0010040,0.0000700,0.00013120,0.00001720,-4.5866661072e+00,2.1337373555e-01,0.2043,2.2947471142e+00
-0.7620,-0.0010020,0.0000701,0.00013150,0.00001718,-4.5797977448e+00,2.1377778053e-01,0.2053,2.2878787518e+00
-0.7610,-0.0009981,0.0000700,0.00013160,0.00001716,-4.5644445419e+00,2.1337375045e-01,0.2063,2.2725255489e+00
-0.7600,-0.0010050,0.0000700,0.00013170,0.00001715,-4.5927271843e+00,2.1353536844e-01,0.2073,2.3008081913e+00
-0.7590,-0.0010020,0.0000701,0.00013190,0.00001714,-4.5814137459e+00,2.1381817758e-01,0.2083,2.2894947529e+00
-0.7580,-0.0010020,0.0000700,0.00013210,0.00001713,-4.5822219849e+00,2.1369698644e-01,0.2093,2.2903029919e+00
-0.7570,-0.0010020,0.0000700,0.00013220,0.00001713,-4.5826258659e+00,2.1369698644e-01,0.2103,2.2907068729e+00
-0.7560,-0.0010020,0.0000700,0.00013240,0.00001712,-4.5834341049e+00,2.1353536844e-01,0.2113,2.2915151119e+00
-0.7550,-0.0010020,0.0000700,0.00013270,0.00001710,-4.5846462250e+00,2.1373738348e-01,0.2123,2.2927272320e+00
-0.7540,-0.0010020,0.0000700,0.00013290,0.00001705,-4.5854539871e+00,2.1397979558e-01,0.2133,2.2935349941e+00
-0.7530,-0.0010020,0.0000700,0.00013300,0.00001704,-4.5858583450e+00,2.1377778053e-01,0.2143,2.2939393520e+00
-0.7520,-0.0010020,0.0000700,0.00013320,0.00001703,-4.5866661072e+00,2.1389900148e-01,0.2153,2.2947471142e+00
-0.7510,-0.0010030,0.0000700,0.00013340,0.00001702,-4.5915150642e+00,2.1393941343e-01,0.2163,2.2995960712e+00
-0.7500,-0.0010010,0.0000700,0.00013350,0.00001700,-4.5838384628e+00,2.1397979558e-01,0.2173,2.2919194698e+00
-0.7490,-0.0010000,0.0000699,0.00013370,0.00001699,-4.5806059837e+00,2.1381817758e-01,0.2183,2.2886869907e+00
-0.7480,-0.0010020,0.0000700,0.00013390,0.00001699,-4.5894947052e+00,2.1402019262e-01,0.2193,2.2975757122e+00
-0.7470,-0.0009992,0.0000699,0.00013400,0.00001698,-4.5785861015e+00,2.1369697154e-01,0.2203,2.2866671085e+00
-0.7460,-0.0009956,0.0000698,0.00013420,0.00001698,-4.5648484230e+00,2.1345452964e-01,0.2213,2.2729294300e+00
-0.7450,-0.0010040,0.0000699,0.00013440,0.00001696,-4.5995955467e+00,2.1369695663e-01,0.2223,2.3076765537e+00
-0.7440,-0.0009989,0.0000699,0.00013450,0.00001695,-4.5793938637e+00,2.1397979558e-01,0.2233,2.2874748707e+00
-0.7430,-0.0009988,0.0000698,0.00013470,0.00001692,-4.5797982216e+00,2.1361617744e-01,0.2243,2.2878792286e+00
-0.7420,-0.0009990,0.0000699,0.00013480,0.00001691,-4.5810103416e+00,2.1410100162e-01,0.2253,2.2890913486e+00
-0.7410,-0.0009989,0.0000699,0.00013480,0.00001691,-4.5806059837e+00,2.1406058967e-01,0.2263,2.2886869907e+00
-0.7400,-0.0009993,0.0000699,0.00013490,0.00001690,-4.5826263428e+00,2.1402022243e-01,0.2273,2.2907073498e+00
-0.7390,-0.0009992,0.0000699,0.00013510,0.00001688,-4.5830302238e+00,2.1410101652e-01,0.2283,2.2911112309e+00
-0.7380,-0.0009982,0.0000698,0.00013520,0.00001687,-4.5793938637e+00,2.1381819248e-01,0.2293,2.2874748707e+00
-0.7370,-0.0009969,0.0000698,0.00013530,0.00001687,-4.5745453835e+00,2.1397979558e-01,0.2303,2.2826263905e+00
-0.7360,-0.0009978,0.0000698,0.00013550,0.00001686,-4.5789899826e+00,2.1393938363e-01,0.2313,2.2870709896e+00
-0.7350,-0.0009969,0.0000698,0.00013560,0.00001686,-4.5757575035e+00,2.1385858953e-01,0.2323,2.2838385105e+00
-0.7340,-0.0009970,0.0000698,0.00013560,0.00001685,-4.5761618614e+00,2.1377778053e-01,0.2333,2.2842428684e+00
-0.7330,-0.0009968,0.0000697,0.00013580,0.00001684,-4.5761618614e+00,2.1373738348e-01,0.2343,2.2842428684e+00
-0.7320,-0.0009952,0.0000697,0.00013590,0.00001683,-4.5701007843e+00,2.1353535354e-01,0.2353,2.2781817913e+00
-0.7310,-0.0009957,0.0000697,0.00013600,0.00001681,-4.5725255013e+00,2.1353533864e-01,0.2363,2.2806065083e+00
-0.7300,-0.0009947,0.0000697,0.00013620,0.00001681,-4.5692930222e+00,2.1385858953e-01,0.2373,2.2773740292e+00
-0.7290,-0.0009950,0.0000697,0.00013640,0.00001679,-4.5713133812e+00,2.1361614764e-01,0.2383,2.2793943882e+00
-0.7280,-0.0009956,0.0000697,0.00013640,0.00001677,-4.5737376213e+00,2.1402022243e-01,0.2393,2.2818186283e+00
-0.7270,-0.0009934,0.0000696,0.00013660,0.00001675,-4.5656566620e+00,2.1369697154e-01,0.2403,2.2737376690e+00
-0.7260,-0.0009955,0.0000696,0.00013680,0.00001673,-4.5749497414e+00,2.1373735368e-01,0.2413,2.2830307484e+00
-0.7250,-0.0009932,0.0000697,0.00013680,0.00001674,-4.5656566620e+00,2.1385858953e-01,0.2423,2.2737376690e+00
-0.7240,-0.0009928,0.0000696,0.00013690,0.00001674,-4.5644445419e+00,2.1345454454e-01,0.2433,2.2725255489e+00
-0.7230,-0.0009943,0.0000697,0.00013710,0.00001672,-4.5713133812e+00,2.1397979558e-01,0.2443,2.2793943882e+00
-0.7220,-0.0009926,0.0000697,0.00013720,0.00001670,-4.5648484230e+00,2.1402020752e-01,0.2453,2.2729294300e+00
-0.7210,-0.0009936,0.0000695,0.00013730,0.00001669,-4.5692930222e+00,2.1357575059e-01,0.2463,2.2773740292e+00
-0.7200,-0.0009908,0.0000696,0.00013740,0.00001667,-4.5583839417e+00,2.1369698644e-01,0.2473,2.2664649487e+00
-0.7190,-0.0009923,0.0000696,0.00013760,0.00001666,-4.5652523041e+00,2.1402019262e-01,0.2483,2.2733333111e+00
-0.7180,-0.0009897,0.0000696,0.00013770,0.00001665,-4.5551514626e+00,2.1414141357e-01,0.2493,2.2632324696e+00
-0.7170,-0.0009910,0.0000696,0.00013790,0.00001664,-4.5612120628e+00,2.1406061947e-01,0.2503,2.2692930698e+00
-0.7160,-0.0009917,0.0000696,0.00013820,0.00001664,-4.5652523041e+00,2.1406061947e-01,0.2513,2.2733333111e+00
-0.7150,-0.0009897,0.0000696,0.00013810,0.00001664,-4.5567674637e+00,2.1414142847e-01,0.2523,2.2648484707e+00
-0.7140,-0.0009926,0.0000696,0.00013820,0.00001663,-4.5688886642e+00,2.1418182552e-01,0.2533,2.2769696712e+00
-0.7130,-0.0009904,0.0000697,0.00013830,0.00001664,-4.5604038239e+00,2.1430303156e-01,0.2543,2.2684848309e+00
-0.7120,-0.0009906,0.0000696,0.00013830,0.00001663,-4.5612120628e+00,2.1406061947e-01,0.2553,2.2692930698e+00
-0.7110,-0.0009905,0.0000697,0.00013840,0.00001661,-4.5612120628e+00,2.1450504661e-01,0.2563,2.2692930698e+00
-0.7100,-0.0009898,0.0000696,0.00013850,0.00001660,-4.5587878227e+00,2.1422220767e-01,0.2573,2.2668688297e+00
-0.7090,-0.0009899,0.0000696,0.00013850,0.00001660,-4.5591917038e+00,2.1426260471e-01,0.2583,2.2672727108e+00
-0.7080,-0.0009900,0.0000697,0.00013870,0.00001659,-4.5604038239e+00,2.1474748850e-01,0.2593,2.2684848309e+00
-0.7070,-0.0009903,0.0000697,0.00013870,0.00001658,-4.5616159439e+00,2.1478788555e-01,0.2603,2.2696969509e+00
-0.7060,-0.0009898,0.0000697,0.00013890,0.00001658,-4.5604038239e+00,2.1462625265e-01,0.2613,2.2684848309e+00
-0.7050,-0.0009883,0.0000696,0.00013890,0.00001658,-4.5543432236e+00,2.1422220767e-01,0.2623,2.2624242306e+00
-0.7040,-0.0009888,0.0000697,0.00013900,0.00001656,-4.5567674637e+00,2.1462625265e-01,0.2633,2.2648484707e+00
-0.7030,-0.0009881,0.0000697,0.00013910,0.00001655,-4.5543432236e+00,2.1466664970e-01,0.2643,2.2624242306e+00
-0.7020,-0.0009867,0.0000696,0.00013900,0.00001655,-4.5482826233e+00,2.1442423761e-01,0.2653,2.2563636303e+00
-0.7010,-0.0009887,0.0000697,0.00013910,0.00001655,-4.5567674637e+00,2.1458584070e-01,0.2663,2.2648484707e+00
-0.7000,-0.0009873,0.0000697,0.00013920,0.00001654,-4.5515151024e+00,2.1486869454e-01,0.2673,2.2595961094e+00
-0.6990,-0.0009880,0.0000697,0.00013930,0.00001654,-4.5547475815e+00,2.1482828259e-01,0.2683,2.2628285885e+00
-0.6980,-0.0009870,0.0000697,0.00013940,0.00001653,-4.5511107445e+00,2.1490909159e-01,0.2693,2.2591917515e+00
-0.6970,-0.0009861,0.0000697,0.00013960,0.00001652,-4.5482831001e+00,2.1486867964e-01,0.2703,2.2563641071e+00
-0.6960,-0.0009866,0.0000697,0.00013960,0.00001650,-4.5503029823e+00,2.1507069468e-01,0.2713,2.2583839893e+00
-0.6950,-0.0009861,0.0000697,0.00013970,0.00001650,-4.5486869812e+00,2.1498988569e-01,0.2723,2.2567679882e+00
-0.6940,-0.0009853,0.0000697,0.00013990,0.00001647,-4.5462627411e+00,2.1511110663e-01,0.2733,2.2543437481e+00
-0.6930,-0.0009851,0.0000696,0.00013990,0.00001645,-4.5454549789e+00,2.1494948864e-01,0.2743,2.2535359859e+00
-0.6920,-0.0009858,0.0000698,0.00014000,0.00001643,-4.5486869812e+00,2.1563637257e-01,0.2753,2.2567679882e+00
-0.6910,-0.0009842,0.0000697,0.00014020,0.00001641,-4.5430307388e+00,2.1531313658e-01,0.2763,2.2511117458e+00
-0.6900,-0.0009848,0.0000697,0.00014020,0.00001642,-4.5454549789e+00,2.1527272463e-01,0.2773,2.2535359859e+00
-0.6890,-0.0009838,0.0000697,0.00014030,0.00001643,-4.5418186188e+00,2.1519193053e-01,0.2783,2.2498996258e+00
-0.6880,-0.0009833,0.0000697,0.00014030,0.00001645,-4.5397982597e+00,2.1531313658e-01,0.2793,2.2478792667e+00
-0.6870,-0.0009813,0.0000697,0.00014040,0.00001645,-4.5321211815e+00,2.1498988569e-01,0.2803,2.2402021885e+00
-0.6860,-0.0009832,0.0000697,0.00014040,0.00001644,-4.5397982597e+00,2.1535354853e-01,0.2813,2.2478792667e+00
-0.6850,-0.0009820,0.0000698,0.00014050,0.00001642,-4.5353536606e+00,2.1567676961e-01,0.2823,2.2434346676e+00
-0.6840,-0.0009829,0.0000697,0.00014070,0.00001641,-4.5397982597e+00,2.1543434262e-01,0.2833,2.2478792667e+00
-0.6830,-0.0009836,0.0000699,0.00014060,0.00001642,-4.5422224998e+00,2.1600000560e-01,0.2843,2.2503035069e+00
-0.6820,-0.0009827,0.0000699,0.00014070,0.00001642,-4.5389900208e+00,2.1595960855e-01,0.2853,2.2470710278e+00
-0.6810,-0.0009823,0.0000698,0.00014090,0.00001641,-4.5381822586e+00,2.1587881446e-01,0.2863,2.2462632656e+00
-0.6800,-0.0009801,0.0000698,0.00014090,0.00001640,-4.5292930603e+00,2.1571718156e-01,0.2873,2.2373740673e+00
-0.6790,-0.0009849,0.0000700,0.00014100,0.00001638,-4.5490913391e+00,2.1656565368e-01,0.2883,2.2571723461e+00
-0.6780,-0.0009794,0.0000699,0.00014120,0.00001638,-4.5276770592e+00,2.1612122655e-01,0.2893,2.2357580662e+00
-0.6770,-0.0009814,0.0000699,0.00014120,0.00001638,-4.5357580185e+00,2.1608079970e-01,0.2903,2.2438390255e+00
-0.6760,-0.0009805,0.0000699,0.00014120,0.00001637,-4.5321211815e+00,2.1628282964e-01,0.2913,2.2402021885e+00
-0.6750,-0.0009796,0.0000699,0.00014130,0.00001636,-4.5288891792e+00,2.1624243259e-01,0.2923,2.2369701862e+00
-0.6740,-0.0009796,0.0000699,0.00014130,0.00001635,-4.5288891792e+00,2.1624243259e-01,0.2933,2.2369701862e+00
-0.6730,-0.0009797,0.0000698,0.00014140,0.00001635,-4.5296969414e+00,2.1612122655e-01,0.2943,2.2377779484e+00
-0.6720,-0.0009784,0.0000699,0.00014160,0.00001632,-4.5252528191e+00,2.1660605073e-01,0.2953,2.2333338261e+00
-0.6710,-0.0009789,0.0000699,0.00014160,0.00001631,-4.5272727013e+00,2.1648484468e-01,0.2963,2.2353537083e+00
-0.6700,-0.0009794,0.0000700,0.00014160,0.00001631,-4.5292930603e+00,2.1680811048e-01,0.2973,2.2373740673e+00
-0.6690,-0.0009781,0.0000699,0.00014170,0.00001632,-4.5244445801e+00,2.1660605073e-01,0.2983,2.2325255871e+00
-0.6680,-0.0009775,0.0000700,0.00014180,0.00001632,-4.5224242210e+00,2.1680808067e-01,0.2993,2.2305052280e+00
-0.6670,-0.0009792,0.0000699,0.00014190,0.00001632,-4.5296969414e+00,2.1656565368e-01,0.3003,2.2377779484e+00
-0.6660,-0.0009748,0.0000699,0.00014200,0.00001631,-4.5123233795e+00,2.1660608053e-01,0.3013,2.2204043865e+00
-0.6650,-0.0009753,0.0000698,0.00014200,0.00001630,-4.5143432617e+00,2.1616162360e-01,0.3023,2.2224242687e+00
-0.6640,-0.0009747,0.0000700,0.00014200,0.00001630,-4.5119190216e+00,2.1705052257e-01,0.3033,2.2200000286e+00
-0.6630,-0.0009750,0.0000700,0.00014210,0.00001629,-4.5135354996e+00,2.1696968377e-01,0.3043,2.2216165066e+00
-0.6620,-0.0009757,0.0000700,0.00014220,0.00001629,-4.5167679787e+00,2.1701011062e-01,0.3053,2.2248489857e+00
-0.6610,-0.0009753,0.0000700,0.00014220,0.00001629,-4.5151515007e+00,2.1696968377e-01,0.3063,2.2232325077e+00
-0.6600,-0.0009746,0.0000700,0.00014230,0.00001628,-4.5127272606e+00,2.1713133156e-01,0.3073,2.2208082676e+00
-0.6590,-0.0009748,0.0000700,0.00014240,0.00001626,-4.5139393806e+00,2.1729291975e-01,0.3083,2.2220203876e+00
-0.6580,-0.0009739,0.0000700,0.00014250,0.00001627,-4.5107069016e+00,2.1713130176e-01,0.3093,2.2187879086e+00
-0.6570,-0.0009737,0.0000701,0.00014250,0.00001627,-4.5098991394e+00,2.1733333170e-01,0.3103,2.2179801464e+00
-0.6560,-0.0009735,0.0000701,0.00014250,0.00001625,-4.5090909004e+00,2.1749494970e-01,0.3113,2.2171719074e+00
-0.6550,-0.0009745,0.0000702,0.00014270,0.00001624,-4.5139393806e+00,2.1822221577e-01,0.3123,2.2220203876e+00
-0.6540,-0.0009735,0.0000702,0.00014270,0.00001624,-4.5098991394e+00,2.1818181872e-01,0.3133,2.2179801464e+00
-0.6530,-0.0009727,0.0000703,0.00014280,0.00001624,-4.5070705414e+00,2.1826262772e-01,0.3143,2.2151515484e+00
-0.6520,-0.0009750,0.0000702,0.00014300,0.00001623,-4.5171718597e+00,2.1818183362e-01,0.3153,2.2252528667e+00
-0.6510,-0.0009755,0.0000704,0.00014290,0.00001623,-4.5187878609e+00,2.1886868775e-01,0.3163,2.2268688679e+00
-0.6500,-0.0009724,0.0000703,0.00014300,0.00001624,-4.5066666603e+00,2.1862626076e-01,0.3173,2.2147476673e+00
-0.6490,-0.0009745,0.0000704,0.00014310,0.00001623,-4.5155553818e+00,2.1870708466e-01,0.3183,2.2236363888e+00
-0.6480,-0.0009718,0.0000703,0.00014310,0.00001623,-4.5046463013e+00,2.1854545176e-01,0.3193,2.2127273083e+00
-0.6470,-0.0009723,0.0000704,0.00014310,0.00001622,-4.5066666603e+00,2.1894949675e-01,0.3203,2.2147476673e+00
-0.6460,-0.0009710,0.0000704,0.00014330,0.00001621,-4.5022220612e+00,2.1890908480e-01,0.3213,2.2103030682e+00
-0.6450,-0.0009717,0.0000704,0.00014320,0.00001622,-4.5046463013e+00,2.1894949675e-01,0.3223,2.2127273083e+00
-0.6440,-0.0009704,0.0000704,0.00014330,0.00001622,-4.4997978210e+00,2.1882829070e-01,0.3233,2.2078788280e+00
-0.6430,-0.0009707,0.0000704,0.00014340,0.00001622,-4.5014142990e+00,2.1911109984e-01,0.3243,2.2094953060e+00
-0.6420,-0.0009703,0.0000704,0.00014350,0.00001619,-4.5002021790e+00,2.1919190884e-01,0.3253,2.2082831860e+00
-0.6410,-0.0009707,0.0000706,0.00014350,0.00001615,-4.5018181801e+00,2.1995960176e-01,0.3263,2.2098991871e+00
-0.6400,-0.0009703,0.0000704,0.00014370,0.00001615,-4.5010099411e+00,2.1935354173e-01,0.3273,2.2090909481e+00
-0.6390,-0.0009704,0.0000706,0.00014370,0.00001613,-4.5014142990e+00,2.2004042566e-01,0.3283,2.2094953060e+00
-0.6380,-0.0009691,0.0000705,0.00014370,0.00001612,-4.4961614609e+00,2.1975758672e-01,0.3293,2.2042424679e+00
-0.6370,-0.0009693,0.0000706,0.00014380,0.00001611,-4.4973735809e+00,2.2008079290e-01,0.3303,2.2054545879e+00
-0.6360,-0.0009683,0.0000705,0.00014380,0.00001610,-4.4933333397e+00,2.1999999881e-01,0.3313,2.2014143467e+00
-0.6350,-0.0009660,0.0000706,0.00014380,0.00001611,-4.4840407372e+00,2.2012121975e-01,0.3323,2.1921217442e+00
-0.6340,-0.0009678,0.0000706,0.00014390,0.00001610,-4.4917168617e+00,2.2016163170e-01,0.3333,2.1997978687e+00
-0.6330,-0.0009661,0.0000706,0.00014400,0.00001610,-4.4852528572e+00,2.2016163170e-01,0.3343,2.1933338642e+00
-0.6320,-0.0009679,0.0000707,0.00014400,0.00001612,-4.4925251007e+00,2.2036361694e-01,0.3353,2.2006061077e+00
-0.6310,-0.0009472,0.0000706,0.00014400,0.00001611,-4.4088892937e+00,2.2008079290e-01,0.3363,2.1169703007e+00
-0.6300,-0.0009480,0.0000708,0.00014410,0.00001611,-4.4125256538e+00,2.2113129497e-01,0.3373,2.1206066608e+00
-0.6290,-0.0009558,0.0000707,0.00014410,0.00001611,-4.4440402985e+00,2.2040402889e-01,0.3383,2.1521213055e+00
-0.6280,-0.0009501,0.0000707,0.00014420,0.00001611,-4.4214143753e+00,2.2040402889e-01,0.3393,2.1294953823e+00
-0.6270,-0.0009571,0.0000706,0.00014430,0.00001612,-4.4501008987e+00,2.1999999881e-01,0.3403,2.1581819057e+00
-0.6260,-0.0009491,0.0000708,0.00014440,0.00001611,-4.4181818962e+00,2.2092930973e-01,0.3413,2.1262629032e+00
-0.6250,-0.0009547,0.0000707,0.00014430,0.00001612,-4.4404039383e+00,2.2064645588e-01,0.3423,2.1484849453e+00
-0.6240,-0.0009495,0.0000708,0.00014430,0.00001612,-4.4193935394e+00,2.2101010382e-01,0.3433,2.1274745464e+00
-0.6230,-0.0009520,0.0000708,0.00014440,0.00001611,-4.4298987389e+00,2.2109091282e-01,0.3443,2.1379797459e+00
-0.6220,-0.0009495,0.0000709,0.00014440,0.00001609,-4.4197983742e+00,2.2153535485e-01,0.3453,2.1278793812e+00
-0.6210,-0.0009526,0.0000710,0.00014460,0.00001610,-4.4331312180e+00,2.2165656090e-01,0.3463,2.1412122250e+00
-0.6200,-0.0009551,0.0000709,0.00014460,0.00001610,-4.4432325363e+00,2.2141414881e-01,0.3473,2.1513135433e+00
-0.6190,-0.0009589,0.0000711,0.00014460,0.00001610,-4.4585857391e+00,2.2222223878e-01,0.3483,2.1666667461e+00
-0.6180,-0.0009611,0.0000708,0.00014460,0.00001609,-4.4674744606e+00,2.2105050087e-01,0.3493,2.1755554676e+00
-0.6170,-0.0009645,0.0000711,0.00014470,0.00001608,-4.4816164970e+00,2.2238384187e-01,0.3503,2.1896975040e+00
-0.6160,-0.0009618,0.0000711,0.00014470,0.00001609,-4.4707069397e+00,2.2234341502e-01,0.3513,2.1787879467e+00
-0.6150,-0.0009646,0.0000710,0.00014480,0.00001609,-4.4824247360e+00,2.2177776694e-01,0.3523,2.1905057430e+00
-0.6140,-0.0009587,0.0000710,0.00014520,0.00001610,-4.4602022171e+00,2.2169698775e-01,0.3533,2.1682832241e+00
-0.6130,-0.0009601,0.0000711,0.00014500,0.00001610,-4.4650502205e+00,2.2230301797e-01,0.3543,2.1731312275e+00
-0.6120,-0.0009567,0.0000711,0.00014500,0.00001612,-4.4513130188e+00,2.2210100293e-01,0.3553,2.1593940258e+00
-0.6110,-0.0009571,0.0000711,0.00014510,0.00001611,-4.4533333778e+00,2.2206059098e-01,0.3563,2.1614143848e+00
-0.6100,-0.0009572,0.0000712,0.00014520,0.00001610,-4.4541416168e+00,2.2250504792e-01,0.3573,2.1622226238e+00
-0.6090,-0.0009558,0.0000712,0.00014520,0.00001608,-4.4484848976e+00,2.2266668081e-01,0.3583,2.1565659046e+00
-0.6080,-0.0009483,0.0000713,0.00014530,0.00001608,-4.4185857773e+00,2.2311110795e-01,0.3593,2.1266667843e+00
-0.6070,-0.0009538,0.0000713,0.00014520,0.00001608,-4.4404039383e+00,2.2311110795e-01,0.3603,2.1484849453e+00
-0.6060,-0.0009580,0.0000713,0.00014510,0.00001609,-4.4569697380e+00,2.2290909290e-01,0.3613,2.1650507450e+00
-0.6050,-0.0009808,0.0000715,0.00014520,0.00001609,-4.5494947433e+00,2.2383838892e-01,0.3623,2.2575757504e+00
-0.6040,-0.0009956,0.0000714,0.00014520,0.00001608,-4.6092934608e+00,2.2343434393e-01,0.3633,2.3173744678e+00
-0.6030,-0.0009736,0.0000713,0.00014530,0.00001607,-4.5208082199e+00,2.2323231399e-01,0.3643,2.2288892269e+00
-0.6020,-0.0009662,0.0000715,0.00014530,0.00001606,-4.4909090996e+00,2.2408081591e-01,0.3653,2.1989901066e+00
-0.6010,-0.0009597,0.0000714,0.00014540,0.00001604,-4.4650502205e+00,2.2375756502e-01,0.3663,2.1731312275e+00
-0.6000,-0.0009615,0.0000715,0.00014540,0.00001605,-4.4723229408e+00,2.2420203686e-01,0.3673,2.1804039478e+00
-0.5990,-0.0009570,0.0000716,0.00014530,0.00001606,-4.4537372589e+00,2.2424244881e-01,0.3683,2.1618182659e+00
-0.5980,-0.0009563,0.0000716,0.00014540,0.00001606,-4.4513130188e+00,2.2444443405e-01,0.3693,2.1593940258e+00
-0.5970,-0.0009565,0.0000716,0.00014540,0.00001606,-4.4521212578e+00,2.2440403700e-01,0.3703,2.1602022648e+00
-0.5960,-0.0009542,0.0000717,0.00014540,0.00001605,-4.4428281784e+00,2.2468686104e-01,0.3713,2.1509091854e+00
-0.5950,-0.0009533,0.0000716,0.00014550,0.00001605,-4.4395956993e+00,2.2452525795e-01,0.3723,2.1476767063e+00
-0.5940,-0.0009524,0.0000716,0.00014550,0.00001605,-4.4359593391e+00,2.2452525795e-01,0.3733,2.1440403461e+00
-0.5930,-0.0009517,0.0000717,0.00014550,0.00001606,-4.4331312180e+00,2.2464644909e-01,0.3743,2.1412122250e+00
-0.5920,-0.0009510,0.0000718,0.00014550,0.00001607,-4.4303035736e+00,2.2525253892e-01,0.3753,2.1383845806e+00
-0.5910,-0.0009497,0.0000718,0.00014550,0.00001605,-4.4250502586e+00,2.2521211207e-01,0.3763,2.1331312656e+00
-0.5900,-0.0009515,0.0000719,0.00014550,0.00001604,-4.4323229790e+00,2.2585856915e-01,0.3773,2.1404039860e+00
-0.5890,-0.0009493,0.0000720,0.00014570,0.00001603,-4.4242424965e+00,2.2593940794e-01,0.3783,2.1323235035e+00
-0.5880,-0.0009504,0.0000720,0.00014570,0.00001604,-4.4286870956e+00,2.2618180513e-01,0.3793,2.1367681026e+00
-0.5870,-0.0009523,0.0000721,0.00014570,0.00001605,-4.4363636971e+00,2.2646467388e-01,0.3803,2.1444447041e+00
-0.5860,-0.0009485,0.0000721,0.00014570,0.00001605,-4.4210100174e+00,2.2642424703e-01,0.3813,2.1290910244e+00
-0.5850,-0.0009510,0.0000722,0.00014590,0.00001605,-4.4319195747e+00,2.2678789496e-01,0.3823,2.1400005817e+00
-0.5840,-0.0009494,0.0000722,0.00014580,0.00001602,-4.4250502586e+00,2.2719191015e-01,0.3833,2.1331312656e+00
-0.5830,-0.0009484,0.0000724,0.00014600,0.00001604,-4.4218177795e+00,2.2763635218e-01,0.3843,2.1298987865e+00
-0.5820,-0.0009489,0.0000723,0.00014600,0.00001603,-4.4238386154e+00,2.2727273405e-01,0.3853,2.1319196224e+00
-0.5810,-0.0009506,0.0000723,0.00014600,0.00001602,-4.4307069778e+00,2.2759595513e-01,0.3863,2.1387879848e+00
-0.5800,-0.0009480,0.0000724,0.00014590,0.00001603,-4.4197983742e+00,2.2783838212e-01,0.3873,2.1278793812e+00
-0.5790,-0.0009476,0.0000724,0.00014600,0.00001602,-4.4185857773e+00,2.2783839703e-01,0.3883,2.1266667843e+00
-0.5780,-0.0009486,0.0000725,0.00014600,0.00001603,-4.4226260185e+00,2.2832323611e-01,0.3893,2.1307070255e+00
-0.5770,-0.0009452,0.0000725,0.00014610,0.00001603,-4.4092931747e+00,2.2832323611e-01,0.3903,2.1173741817e+00
-0.5760,-0.0009484,0.0000726,0.00014610,0.00001603,-4.4222226143e+00,2.2844444215e-01,0.3913,2.1303036213e+00
-0.5750,-0.0009453,0.0000725,0.00014620,0.00001603,-4.4101009369e+00,2.2828282416e-01,0.3923,2.1181819439e+00
-0.5740,-0.0009465,0.0000727,0.00014610,0.00001603,-4.4145450592e+00,2.2905051708e-01,0.3933,2.1226260662e+00
-0.5730,-0.0009444,0.0000727,0.00014610,0.00001604,-4.4060606956e+00,2.2896967828e-01,0.3943,2.1141417027e+00
-0.5720,-0.0009473,0.0000728,0.00014620,0.00001604,-4.4181814194e+00,2.2921212018e-01,0.3953,2.1262624264e+00
-0.5710,-0.0009445,0.0000729,0.00014610,0.00001603,-4.4064645767e+00,2.2989898920e-01,0.3963,2.1145455837e+00
-0.5700,-0.0009424,0.0000728,0.00014620,0.00001602,-4.3983840942e+00,2.2937372327e-01,0.3973,2.1064651012e+00
-0.5690,-0.0009458,0.0000730,0.00014630,0.00001602,-4.4125251770e+00,2.3014141619e-01,0.3983,2.1206061840e+00
-0.5680,-0.0009443,0.0000730,0.00014620,0.00001602,-4.4060602188e+00,2.3006060719e-01,0.3993,2.1141412258e+00
-0.5670,-0.0009427,0.0000730,0.00014630,0.00001602,-4.4000000954e+00,2.3010100424e-01,0.4003,2.1080811024e+00
-0.5660,-0.0009412,0.0000731,0.00014630,0.00001601,-4.3939394951e+00,2.3062625527e-01,0.4013,2.1020205021e+00
-0.5650,-0.0009438,0.0000731,0.00014630,0.00001601,-4.4044446945e+00,2.3086866736e-01,0.4023,2.1125257015e+00
-0.5640,-0.0009436,0.0000732,0.00014640,0.00001601,-4.4040403366e+00,2.3127271235e-01,0.4033,2.1121213436e+00
-0.5630,-0.0009427,0.0000733,0.00014650,0.00001602,-4.4008083344e+00,2.3127274215e-01,0.4043,2.1088893414e+00
-0.5620,-0.0009431,0.0000734,0.00014650,0.00001601,-4.4024243355e+00,2.3191919923e-01,0.4053,2.1105053425e+00
-0.5610,-0.0009424,0.0000733,0.00014650,0.00001599,-4.3995962143e+00,2.3171716928e-01,0.4063,2.1076772213e+00
-0.5600,-0.0009401,0.0000734,0.00014650,0.00001600,-4.3903031349e+00,2.3195961118e-01,0.4073,2.0983841419e+00
-0.5590,-0.0009416,0.0000735,0.00014650,0.00001601,-4.3963637352e+00,2.3224242032e-01,0.4083,2.1044447422e+00
-0.5580,-0.0009418,0.0000736,0.00014660,0.00001600,-4.3975758553e+00,2.3288890719e-01,0.4093,2.1056568623e+00
-0.5570,-0.0009382,0.0000736,0.00014670,0.00001601,-4.3834342957e+00,2.3280806839e-01,0.4103,2.0915153027e+00
-0.5560,-0.0009409,0.0000736,0.00014670,0.00001600,-4.3943433762e+00,2.3276767135e-01,0.4113,2.1024243832e+00
-0.5550,-0.0009411,0.0000738,0.00014670,0.00001599,-4.3951516151e+00,2.3341412842e-01,0.4123,2.1032326221e+00
-0.5540,-0.0009369,0.0000738,0.00014680,0.00001600,-4.3785858154e+00,2.3353536427e-01,0.4133,2.0866668224e+00
-0.5530,-0.0009410,0.0000739,0.00014690,0.00001600,-4.3955554962e+00,2.3385860026e-01,0.4143,2.1036365032e+00
-0.5520,-0.0009389,0.0000739,0.00014680,0.00001600,-4.3866667747e+00,2.3381817341e-01,0.4153,2.0947477818e+00
-0.5510,-0.0009391,0.0000740,0.00014680,0.00001599,-4.3874745369e+00,2.3422221839e-01,0.4163,2.0955555439e+00
-0.5500,-0.0009392,0.0000741,0.00014690,0.00001599,-4.3882827759e+00,2.3478786647e-01,0.4173,2.0963637829e+00
-0.5490,-0.0009375,0.0000741,0.00014670,0.00001601,-4.3806061745e+00,2.3482827842e-01,0.4183,2.0886871815e+00
-0.5480,-0.0009390,0.0000742,0.00014670,0.00001602,-4.3866667747e+00,2.3490910232e-01,0.4193,2.0947477818e+00
-0.5470,-0.0009380,0.0000742,0.00014680,0.00001602,-4.3830304146e+00,2.3519194126e-01,0.4203,2.0911114216e+00
-0.5460,-0.0009378,0.0000743,0.00014680,0.00001602,-4.3822221756e+00,2.3567676544e-01,0.4213,2.0903031826e+00
-0.5450,-0.0009380,0.0000743,0.00014680,0.00001603,-4.3830304146e+00,2.3559597135e-01,0.4223,2.0911114216e+00
-0.5440,-0.0009377,0.0000744,0.00014690,0.00001601,-4.3822221756e+00,2.3604038358e-01,0.4233,2.0903031826e+00
-0.5430,-0.0009360,0.0000745,0.00014690,0.00001602,-4.3753533363e+00,2.3624244332e-01,0.4243,2.0834343433e+00
-0.5420,-0.0009373,0.0000745,0.00014680,0.00001602,-4.3802018166e+00,2.3636364937e-01,0.4253,2.0882828236e+00
-0.5410,-0.0009358,0.0000747,0.00014690,0.00001600,-4.3745455742e+00,2.3721212149e-01,0.4263,2.0826265812e+00
-0.5400,-0.0009367,0.0000747,0.00014700,0.00001600,-4.3785858154e+00,2.3696970940e-01,0.4273,2.0866668224e+00
-0.5390,-0.0009345,0.0000747,0.00014690,0.00001600,-4.3692927361e+00,2.3729293048e-01,0.4283,2.0773737431e+00
-0.5380,-0.0009364,0.0000748,0.00014700,0.00001599,-4.3773736954e+00,2.3753535748e-01,0.4293,2.0854547024e+00
-0.5370,-0.0009348,0.0000748,0.00014700,0.00001600,-4.3709092140e+00,2.3745456338e-01,0.4303,2.0789902210e+00
-0.5360,-0.0009348,0.0000749,0.00014700,0.00001600,-4.3709092140e+00,2.3814141750e-01,0.4313,2.0789902210e+00
-0.5350,-0.0009345,0.0000750,0.00014700,0.00001600,-4.3696970940e+00,2.3846465349e-01,0.4323,2.0777781010e+00
-0.5340,-0.0009332,0.0000750,0.00014700,0.00001600,-4.3644442558e+00,2.3850506544e-01,0.4333,2.0725252628e+00
-0.5330,-0.0009327,0.0000751,0.00014690,0.00001601,-4.3620200157e+00,2.3882827163e-01,0.4343,2.0701010227e+00
-0.5320,-0.0009337,0.0000752,0.00014690,0.00001603,-4.3660602570e+00,2.3890909553e-01,0.4353,2.0741412640e+00
-0.5310,-0.0009329,0.0000752,0.00014690,0.00001605,-4.3628282547e+00,2.3898988962e-01,0.4363,2.0709092617e+00
-0.5300,-0.0009333,0.0000752,0.00014690,0.00001605,-4.3644442558e+00,2.3915152252e-01,0.4373,2.0725252628e+00
-0.5290,-0.0009305,0.0000753,0.00014690,0.00001603,-4.3531312943e+00,2.3943434656e-01,0.4383,2.0612123013e+00
-0.5280,-0.0009319,0.0000754,0.00014700,0.00001602,-4.3591918945e+00,2.3979797959e-01,0.4393,2.0672729015e+00
-0.5270,-0.0009299,0.0000754,0.00014690,0.00001601,-4.3507070541e+00,2.3979797959e-01,0.4403,2.0587880611e+00
-0.5260,-0.0009311,0.0000754,0.00014700,0.00001600,-4.3559594154e+00,2.4020202458e-01,0.4413,2.0640404224e+00
-0.5250,-0.0009301,0.0000756,0.00014710,0.00001600,-4.3523230553e+00,2.4084848166e-01,0.4423,2.0604040623e+00
-0.5240,-0.0009287,0.0000756,0.00014710,0.00001602,-4.3466668129e+00,2.4060606956e-01,0.4433,2.0547478199e+00
-0.5230,-0.0009299,0.0000757,0.00014700,0.00001602,-4.3511109352e+00,2.4096968770e-01,0.4443,2.0591919422e+00
-0.5220,-0.0009283,0.0000758,0.00014710,0.00001601,-4.3450508118e+00,2.4157576263e-01,0.4453,2.0531318188e+00
-0.5210,-0.0009279,0.0000757,0.00014710,0.00001601,-4.3434343338e+00,2.4133332074e-01,0.4463,2.0515153408e+00
-0.5200,-0.0009281,0.0000759,0.00014700,0.00001602,-4.3438386917e+00,2.4173738062e-01,0.4473,2.0519196987e+00
-0.5190,-0.0009286,0.0000759,0.00014710,0.00001602,-4.3462629318e+00,2.4193941057e-01,0.4483,2.0543439388e+00
-0.5180,-0.0009262,0.0000760,0.00014720,0.00001602,-4.3369698524e+00,2.4214142561e-01,0.4493,2.0450508595e+00
-0.5170,-0.0009290,0.0000761,0.00014710,0.00001602,-4.3478784561e+00,2.4290908873e-01,0.4503,2.0559594631e+00
-0.5160,-0.0009265,0.0000762,0.00014710,0.00001603,-4.3377780914e+00,2.4294950068e-01,0.4513,2.0458590984e+00
-0.5150,-0.0009284,0.0000762,0.00014720,0.00001604,-4.3458585739e+00,2.4311111867e-01,0.4523,2.0539395809e+00
-0.5140,-0.0009258,0.0000763,0.00014720,0.00001602,-4.3353538513e+00,2.4367676675e-01,0.4533,2.0434348583e+00
-0.5130,-0.0009273,0.0000764,0.00014730,0.00001602,-4.3418183327e+00,2.4387878180e-01,0.4543,2.0498993397e+00
-0.5120,-0.0009237,0.0000764,0.00014750,0.00001602,-4.3280806541e+00,2.4383838475e-01,0.4553,2.0361616611e+00
-0.5110,-0.0009261,0.0000764,0.00014750,0.00001603,-4.3377780914e+00,2.4400000274e-01,0.4563,2.0458590984e+00
-0.5100,-0.0009249,0.0000765,0.00014730,0.00001604,-4.3321213722e+00,2.4444442987e-01,0.4573,2.0402023792e+00
-0.5090,-0.0009249,0.0000767,0.00014730,0.00001604,-4.3321213722e+00,2.4492928386e-01,0.4583,2.0402023792e+00
-0.5080,-0.0009259,0.0000766,0.00014730,0.00001604,-4.3361616135e+00,2.4464644492e-01,0.4593,2.0442426205e+00
-0.5070,-0.0009236,0.0000767,0.00014730,0.00001604,-4.3268685341e+00,2.4501009285e-01,0.4603,2.0349495411e+00
-0.5060,-0.0009238,0.0000767,0.00014730,0.00001605,-4.3276767731e+00,2.4517172575e-01,0.4613,2.0357577801e+00
-0.5050,-0.0009227,0.0000768,0.00014730,0.00001605,-4.3232321739e+00,2.4557577074e-01,0.4623,2.0313131809e+00
-0.5040,-0.0009245,0.0000770,0.00014720,0.00001605,-4.3301010132e+00,2.4618183076e-01,0.4633,2.0381820202e+00
-0.5030,-0.0009196,0.0000769,0.00014720,0.00001605,-4.3103027344e+00,2.4565657973e-01,0.4643,2.0183837414e+00
-0.5020,-0.0009251,0.0000770,0.00014720,0.00001603,-4.3325252533e+00,2.4638384581e-01,0.4653,2.0406062603e+00
-0.5010,-0.0009199,0.0000771,0.00014720,0.00001602,-4.3115148544e+00,2.4662627280e-01,0.4663,2.0195958614e+00
-0.5000,-0.0009211,0.0000770,0.00014720,0.00001602,-4.3163638115e+00,2.4646463990e-01,0.4673,2.0244448185e+00
-0.4990,-0.0009201,0.0000772,0.00014730,0.00001602,-4.3127269745e+00,2.4711109698e-01,0.4683,2.0208079815e+00
-0.4980,-0.0009210,0.0000772,0.00014720,0.00001603,-4.3159594536e+00,2.4715149403e-01,0.4693,2.0240404606e+00
-0.4970,-0.0009196,0.0000773,0.00014710,0.00001605,-4.3098988533e+00,2.4731315672e-01,0.4703,2.0179798603e+00
-0.4960,-0.0009194,0.0000774,0.00014720,0.00001605,-4.3094949722e+00,2.4799999595e-01,0.4713,2.0175759792e+00
-0.4950,-0.0009195,0.0000773,0.00014710,0.00001606,-4.3094949722e+00,2.4759598076e-01,0.4723,2.0175759792e+00
-0.4940,-0.0009198,0.0000775,0.00014710,0.00001606,-4.3107070923e+00,2.4832323194e-01,0.4733,2.0187880993e+00
-0.4930,-0.0009187,0.0000776,0.00014720,0.00001605,-4.3066663742e+00,2.4860607088e-01,0.4743,2.0147473812e+00
-0.4920,-0.0009171,0.0000775,0.00014720,0.00001605,-4.3002018929e+00,2.4832323194e-01,0.4753,2.0082828999e+00
-0.4910,-0.0009186,0.0000776,0.00014720,0.00001605,-4.3062624931e+00,2.4884848297e-01,0.4763,2.0143435001e+00
-0.4900,-0.0009172,0.0000777,0.00014720,0.00001605,-4.3006057739e+00,2.4905049801e-01,0.4773,2.0086867809e+00
-0.4890,-0.0009162,0.0000777,0.00014720,0.00001606,-4.2965655327e+00,2.4905052781e-01,0.4783,2.0046465397e+00
-0.4880,-0.0009184,0.0000779,0.00014710,0.00001605,-4.3050503731e+00,2.4973738194e-01,0.4793,2.0131313801e+00
-0.4870,-0.0009155,0.0000779,0.00014720,0.00001607,-4.2937369347e+00,2.4965657294e-01,0.4803,2.0018179417e+00
-0.4860,-0.0009160,0.0000779,0.00014720,0.00001607,-4.2957572937e+00,2.4965657294e-01,0.4813,2.0038383007e+00
-0.4850,-0.0009156,0.0000780,0.00014720,0.00001608,-4.2941412926e+00,2.5002020597e-01,0.4823,2.0022222996e+00
-0.4840,-0.0009147,0.0000780,0.00014720,0.00001608,-4.2905049324e+00,2.5014141202e-01,0.4833,1.9985859394e+00
-0.4830,-0.0009151,0.0000781,0.00014720,0.00001606,-4.2921209335e+00,2.5082826614e-01,0.4843,2.0002019405e+00
-0.4820,-0.0009136,0.0000781,0.00014720,0.00001606,-4.2860603333e+00,2.5066664815e-01,0.4853,1.9941413403e+00
-0.4810,-0.0009148,0.0000782,0.00014720,0.00001606,-4.2909088135e+00,2.5090911984e-01,0.4863,1.9989898205e+00
-0.4800,-0.0009137,0.0000784,0.00014730,0.00001606,-4.2868685722e+00,2.5175759196e-01,0.4873,1.9949495792e+00
-0.4790,-0.0009139,0.0000782,0.00014730,0.00001607,-4.2876763344e+00,2.5123232603e-01,0.4883,1.9957573414e+00
-0.4780,-0.0009141,0.0000784,0.00014720,0.00001607,-4.2880806923e+00,2.5200000405e-01,0.4893,1.9961616993e+00
-0.4770,-0.0009138,0.0000784,0.00014710,0.00001607,-4.2864642143e+00,2.5175756216e-01,0.4903,1.9945452213e+00
-0.4760,-0.0009115,0.0000785,0.00014720,0.00001606,-4.2775759697e+00,2.5212118030e-01,0.4913,1.9856569767e+00
-0.4750,-0.0009125,0.0000785,0.00014710,0.00001607,-4.2812123299e+00,2.5240403414e-01,0.4923,1.9892933369e+00
-0.4740,-0.0009105,0.0000785,0.00014720,0.00001608,-4.2735352516e+00,2.5224241614e-01,0.4933,1.9816162586e+00
-0.4730,-0.0009111,0.0000787,0.00014720,0.00001608,-4.2759594917e+00,2.5288888812e-01,0.4943,1.9840404987e+00
-0.4720,-0.0009133,0.0000788,0.00014710,0.00001608,-4.2844448090e+00,2.5345456600e-01,0.4953,1.9925258160e+00
-0.4710,-0.0009116,0.0000788,0.00014710,0.00001609,-4.2775759697e+00,2.5341412425e-01,0.4963,1.9856569767e+00
-0.4700,-0.0009130,0.0000787,0.00014720,0.00001609,-4.2836365700e+00,2.5313130021e-01,0.4973,1.9917175770e+00
-0.4690,-0.0009118,0.0000790,0.00014710,0.00001609,-4.2783842087e+00,2.5418180227e-01,0.4983,1.9864652157e+00
-0.4680,-0.0009107,0.0000789,0.00014720,0.00001609,-4.2743434906e+00,2.5361615419e-01,0.4993,1.9824244976e+00
-0.4670,-0.0009107,0.0000789,0.00014720,0.00001609,-4.2743434906e+00,2.5369697809e-01,0.5003,1.9824244976e+00
-0.4660,-0.0009109,0.0000790,0.00014710,0.00001610,-4.2747473717e+00,2.5410100818e-01,0.5013,1.9828283787e+00
-0.4650,-0.0009091,0.0000790,0.00014710,0.00001611,-4.2674746513e+00,2.5418180227e-01,0.5023,1.9755556583e+00
-0.4640,-0.0009089,0.0000790,0.00014710,0.00001611,-4.2666668892e+00,2.5410100818e-01,0.5033,1.9747478962e+00
-0.4630,-0.0009095,0.0000792,0.00014710,0.00001609,-4.2690911293e+00,2.5494951010e-01,0.5043,1.9771721363e+00
-0.4620,-0.0009078,0.0000790,0.00014710,0.00001608,-4.2622222900e+00,2.5430303812e-01,0.5053,1.9703032970e+00
-0.4610,-0.0009073,0.0000792,0.00014710,0.00001610,-4.2602019310e+00,2.5486868620e-01,0.5063,1.9682829380e+00
-0.4600,-0.0009099,0.0000793,0.00014710,0.00001609,-4.2707071304e+00,2.5555557013e-01,0.5073,1.9787881374e+00
-0.4590,-0.0009079,0.0000793,0.00014700,0.00001609,-4.2622222900e+00,2.5551512837e-01,0.5083,1.9703032970e+00
-0.4580,-0.0009071,0.0000793,0.00014690,0.00001609,-4.2585859299e+00,2.5523230433e-01,0.5093,1.9666669369e+00
-0.4570,-0.0009091,0.0000795,0.00014710,0.00001609,-4.2674746513e+00,2.5600001216e-01,0.5103,1.9755556583e+00
-0.4560,-0.0009072,0.0000794,0.00014690,0.00001610,-4.2589898109e+00,2.5563636422e-01,0.5113,1.9670708179e+00
-0.4550,-0.0009073,0.0000794,0.00014700,0.00001611,-4.2597980499e+00,2.5563633442e-01,0.5123,1.9678790569e+00
-0.4540,-0.0009066,0.0000795,0.00014700,0.00001611,-4.2569694519e+00,2.5612124801e-01,0.5133,1.9650504589e+00
-0.4530,-0.0009058,0.0000794,0.00014690,0.00001610,-4.2533330917e+00,2.5575757027e-01,0.5143,1.9614140987e+00
-0.4520,-0.0009051,0.0000795,0.00014690,0.00001610,-4.2505049706e+00,2.5604042411e-01,0.5153,1.9585859776e+00
-0.4510,-0.0009040,0.0000794,0.00014690,0.00001610,-4.2460603714e+00,2.5587877631e-01,0.5163,1.9541413784e+00
-0.4500,-0.0009048,0.0000795,0.00014690,0.00001609,-4.2492928505e+00,2.5616160035e-01,0.5173,1.9573738575e+00
-0.4490,-0.0009051,0.0000796,0.00014690,0.00001609,-4.2505049706e+00,2.5660607219e-01,0.5183,1.9585859776e+00
-0.4480,-0.0009034,0.0000796,0.00014700,0.00001610,-4.2440404892e+00,2.5648486614e-01,0.5193,1.9521214962e+00
-0.4470,-0.0009041,0.0000796,0.00014690,0.00001612,-4.2464647293e+00,2.5648486614e-01,0.5203,1.9545457363e+00
-0.4460,-0.0009044,0.0000797,0.00014690,0.00001611,-4.2476768494e+00,2.5680807233e-01,0.5213,1.9557578564e+00
-0.4450,-0.0009037,0.0000796,0.00014690,0.00001611,-4.2448482513e+00,2.5660607219e-01,0.5223,1.9529292583e+00
-0.4440,-0.0009036,0.0000797,0.00014690,0.00001611,-4.2444443703e+00,2.5672730803e-01,0.5233,1.9525253773e+00
-0.4430,-0.0009032,0.0000798,0.00014680,0.00001612,-4.2424240112e+00,2.5713130832e-01,0.5243,1.9505050182e+00
-0.4420,-0.0009014,0.0000797,0.00014670,0.00001612,-4.2347474098e+00,2.5676766038e-01,0.5253,1.9428284168e+00
-0.4410,-0.0009043,0.0000798,0.00014680,0.00001613,-4.2468686104e+00,2.5721213222e-01,0.5263,1.9549496174e+00
-0.4400,-0.0008999,0.0000799,0.00014660,0.00001612,-4.2282824516e+00,2.5765657425e-01,0.5273,1.9363634586e+00
-0.4390,-0.0009022,0.0000797,0.00014670,0.00001612,-4.2379794121e+00,2.5701010227e-01,0.5283,1.9460604191e+00
-0.4380,-0.0009022,0.0000797,0.00014680,0.00001613,-4.2383837700e+00,2.5701010227e-01,0.5293,1.9464647770e+00
-0.4370,-0.0009022,0.0000799,0.00014670,0.00001611,-4.2379794121e+00,2.5773733854e-01,0.5303,1.9460604191e+00
-0.4360,-0.0009010,0.0000798,0.00014670,0.00001612,-4.2331309319e+00,2.5745454431e-01,0.5313,1.9412119389e+00
-0.4350,-0.0009020,0.0000799,0.00014670,0.00001613,-4.2371716499e+00,2.5753536820e-01,0.5323,1.9452526569e+00
-0.4340,-0.0009012,0.0000799,0.00014660,0.00001612,-4.2335352898e+00,2.5777778029e-01,0.5333,1.9416162968e+00
-0.4330,-0.0009010,0.0000799,0.00014660,0.00001611,-4.2327270508e+00,2.5785857439e-01,0.5343,1.9408080578e+00
-0.4320,-0.0009013,0.0000799,0.00014670,0.00001611,-4.2343430519e+00,2.5765657425e-01,0.5353,1.9424240589e+00
-0.4310,-0.0009000,0.0000799,0.00014660,0.00001610,-4.2286868095e+00,2.5781819224e-01,0.5363,1.9367678165e+00
-0.4300,-0.0009005,0.0000799,0.00014650,0.00001611,-4.2303028107e+00,2.5789898634e-01,0.5373,1.9383838177e+00
-0.4290,-0.0009003,0.0000799,0.00014650,0.00001613,-4.2294945717e+00,2.5785857439e-01,0.5383,1.9375755787e+00
-0.4280,-0.0009000,0.0000800,0.00014650,0.00001613,-4.2282824516e+00,2.5806060433e-01,0.5393,1.9363634586e+00
-0.4270,-0.0008973,0.0000799,0.00014640,0.00001612,-4.2169699669e+00,2.5757575035e-01,0.5403,1.9250509739e+00
-0.4260,-0.0008996,0.0000799,0.00014650,0.00001613,-4.2266664505e+00,2.5785857439e-01,0.5413,1.9347474575e+00
-0.4250,-0.0009002,0.0000799,0.00014640,0.00001613,-4.2286868095e+00,2.5785857439e-01,0.5423,1.9367678165e+00
-0.4240,-0.0008997,0.0000799,0.00014640,0.00001612,-4.2266664505e+00,2.5789898634e-01,0.5433,1.9347474575e+00
-0.4230,-0.0008978,0.0000799,0.00014640,0.00001612,-4.2189898491e+00,2.5753536820e-01,0.5443,1.9270708561e+00
-0.4220,-0.0009007,0.0000800,0.00014640,0.00001612,-4.2307066917e+00,2.5814142823e-01,0.5453,1.9387876987e+00
-0.4210,-0.0008977,0.0000798,0.00014640,0.00001611,-4.2185859680e+00,2.5745454431e-01,0.5463,1.9266669750e+00
-0.4200,-0.0008991,0.0000799,0.00014630,0.00001611,-4.2238383293e+00,2.5781819224e-01,0.5473,1.9319193363e+00
-0.4190,-0.0008979,0.0000800,0.00014630,0.00001612,-4.2189898491e+00,2.5818181038e-01,0.5483,1.9270708561e+00
-0.4180,-0.0008997,0.0000799,0.00014630,0.00001611,-4.2262625694e+00,2.5757578015e-01,0.5493,1.9343435764e+00
-0.4170,-0.0008982,0.0000799,0.00014620,0.00001610,-4.2197980881e+00,2.5777778029e-01,0.5503,1.9278790951e+00
-0.4160,-0.0008971,0.0000799,0.00014620,0.00001612,-4.2153534889e+00,2.5757575035e-01,0.5513,1.9234344959e+00
-0.4150,-0.0008984,0.0000798,0.00014620,0.00001613,-4.2206058502e+00,2.5729295611e-01,0.5523,1.9286868572e+00
-0.4140,-0.0008970,0.0000798,0.00014610,0.00001612,-4.2145457268e+00,2.5729292631e-01,0.5533,1.9226267338e+00
-0.4130,-0.0008988,0.0000799,0.00014610,0.00001612,-4.2218179703e+00,2.5777778029e-01,0.5543,1.9298989773e+00
-0.4120,-0.0008975,0.0000799,0.00014610,0.00001612,-4.2165656090e+00,2.5773736835e-01,0.5553,1.9246466160e+00
-0.4110,-0.0008992,0.0000798,0.00014600,0.00001612,-4.2230305672e+00,2.5741416216e-01,0.5563,1.9311115742e+00
-0.4100,-0.0008949,0.0000797,0.00014620,0.00001611,-4.2064647675e+00,2.5709089637e-01,0.5573,1.9145457745e+00
-0.4090,-0.0008962,0.0000797,0.00014650,0.00001610,-4.2129292488e+00,2.5709092617e-01,0.5583,1.9210102558e+00
-0.4080,-0.0008958,0.0000797,0.00014630,0.00001609,-4.2105050087e+00,2.5705051422e-01,0.5593,1.9185860157e+00
-0.4070,-0.0008972,0.0000797,0.00014630,0.00001608,-4.2161617279e+00,2.5713130832e-01,0.5603,1.9242427349e+00
-0.4060,-0.0008986,0.0000797,0.00014610,0.00001609,-4.2210097313e+00,2.5713130832e-01,0.5613,1.9290907383e+00
-0.4050,-0.0008957,0.0000796,0.00014600,0.00001612,-4.2088890076e+00,2.5660607219e-01,0.5623,1.9169700146e+00
-0.4040,-0.0008985,0.0000796,0.00014590,0.00001611,-4.2197980881e+00,2.5668683648e-01,0.5633,1.9278790951e+00
-0.4030,-0.0008954,0.0000796,0.00014590,0.00001611,-4.2072730064e+00,2.5644442439e-01,0.5643,1.9153540134e+00
-0.4020,-0.0008982,0.0000795,0.00014580,0.00001612,-4.2181820869e+00,2.5591918826e-01,0.5653,1.9262630939e+00
-0.4010,-0.0008963,0.0000795,0.00014570,0.00001611,-4.2101011276e+00,2.5600001216e-01,0.5663,1.9181821346e+00
-0.4000,-0.0008973,0.0000794,0.00014560,0.00001611,-4.2137374878e+00,2.5583836436e-01,0.5673,1.9218184948e+00
-0.3990,-0.0008964,0.0000795,0.00014560,0.00001610,-4.2101011276e+00,2.5604042411e-01,0.5683,1.9181821346e+00
-0.3980,-0.0008946,0.0000794,0.00014550,0.00001607,-4.2024240494e+00,2.5571715832e-01,0.5693,1.9105050564e+00
-0.3970,-0.0008982,0.0000793,0.00014550,0.00001608,-4.2169699669e+00,2.5547474623e-01,0.5703,1.9250509739e+00
-0.3960,-0.0008941,0.0000793,0.00014540,0.00001610,-4.1999998093e+00,2.5527271628e-01,0.5713,1.9080808163e+00
-0.3950,-0.0008970,0.0000791,0.00014530,0.00001611,-4.2113132477e+00,2.5462624431e-01,0.5723,1.9193942547e+00
-0.3940,-0.0008953,0.0000791,0.00014530,0.00001610,-4.2044444084e+00,2.5466665626e-01,0.5733,1.9125254154e+00
-0.3930,-0.0008962,0.0000792,0.00014530,0.00001608,-4.2080807686e+00,2.5486871600e-01,0.5743,1.9161617756e+00
-0.3920,-0.0008966,0.0000791,0.00014520,0.00001608,-4.2092928886e+00,2.5474748015e-01,0.5753,1.9173738956e+00
-0.3910,-0.0008950,0.0000789,0.00014520,0.00001607,-4.2028284073e+00,2.5397980213e-01,0.5763,1.9109094143e+00
-0.3900,-0.0008939,0.0000788,0.00014520,0.00001609,-4.1983838081e+00,2.5357574224e-01,0.5773,1.9064648151e+00
-0.3890,-0.0008959,0.0000788,0.00014500,0.00001610,-4.2056565285e+00,2.5341412425e-01,0.5783,1.9137375355e+00
-0.3880,-0.0008953,0.0000788,0.00014480,0.00001609,-4.2024240494e+00,2.5333333015e-01,0.5793,1.9105050564e+00
-0.3870,-0.0008954,0.0000788,0.00014490,0.00001609,-4.2032322884e+00,2.5353533030e-01,0.5803,1.9113132954e+00
-0.3860,-0.0008959,0.0000787,0.00014490,0.00001607,-4.2052526474e+00,2.5305050611e-01,0.5813,1.9133336544e+00
-0.3850,-0.0008966,0.0000786,0.00014480,0.00001607,-4.2076768875e+00,2.5280806422e-01,0.5823,1.9157578945e+00
-0.3840,-0.0008956,0.0000787,0.00014480,0.00001608,-4.2036361694e+00,2.5305050611e-01,0.5833,1.9117171764e+00
-0.3830,-0.0008972,0.0000785,0.00014470,0.00001608,-4.2096972466e+00,2.5232324004e-01,0.5843,1.9177782536e+00
-0.3820,-0.0008960,0.0000784,0.00014470,0.00001607,-4.2048487663e+00,2.5175756216e-01,0.5853,1.9129297733e+00
-0.3810,-0.0008957,0.0000785,0.00014460,0.00001605,-4.2032322884e+00,2.5216162205e-01,0.5863,1.9113132954e+00
-0.3800,-0.0008966,0.0000784,0.00014460,0.00001603,-4.2068686485e+00,2.5191918015e-01,0.5873,1.9149496555e+00
-0.3790,-0.0008963,0.0000783,0.00014450,0.00001603,-4.2052526474e+00,2.5143435597e-01,0.5883,1.9133336544e+00
-0.3780,-0.0008961,0.0000781,0.00014450,0.00001601,-4.2044444084e+00,2.5078785419e-01,0.5893,1.9125254154e+00
-0.3770,-0.0008963,0.0000781,0.00014450,0.00001600,-4.2052526474e+00,2.5082826614e-01,0.5903,1.9133336544e+00
-0.3760,-0.0008961,0.0000779,0.00014430,0.00001600,-4.2036361694e+00,2.4997979403e-01,0.5913,1.9117171764e+00
-0.3750,-0.0008957,0.0000779,0.00014430,0.00001599,-4.2020201683e+00,2.4997979403e-01,0.5923,1.9101011753e+00
-0.3740,-0.0008968,0.0000779,0.00014430,0.00001599,-4.2064647675e+00,2.4993941188e-01,0.5933,1.9145457745e+00
-0.3730,-0.0008969,0.0000778,0.00014420,0.00001598,-4.2064647675e+00,2.4973738194e-01,0.5943,1.9145457745e+00
-0.3720,-0.0008975,0.0000776,0.00014410,0.00001597,-4.2084851265e+00,2.4896968901e-01,0.5953,1.9165661335e+00
-0.3710,-0.0008949,0.0000774,0.00014420,0.00001597,-4.1983838081e+00,2.4804039299e-01,0.5963,1.9064648151e+00
-0.3700,-0.0008967,0.0000773,0.00014400,0.00001598,-4.2048487663e+00,2.4795958400e-01,0.5973,1.9129297733e+00
-0.3690,-0.0008958,0.0000773,0.00014400,0.00001598,-4.2012119293e+00,2.4759598076e-01,0.5983,1.9092929363e+00
-0.3680,-0.0008976,0.0000772,0.00014390,0.00001598,-4.2080807686e+00,2.4755553901e-01,0.5993,1.9161617756e+00
-0.3670,-0.0008961,0.0000772,0.00014390,0.00001597,-4.2020201683e+00,2.4747474492e-01,0.6003,1.9101011753e+00
-0.3660,-0.0009003,0.0000771,0.00014370,0.00001597,-4.2181820869e+00,2.4703031778e-01,0.6013,1.9262630939e+00
-0.3650,-0.0008969,0.0000769,0.00014380,0.00001596,-4.2048487663e+00,2.4638383090e-01,0.6023,1.9129297733e+00
-0.3640,-0.0008984,0.0000768,0.00014380,0.00001594,-4.2109093666e+00,2.4593938887e-01,0.6033,1.9189903736e+00
-0.3630,-0.0008987,0.0000768,0.00014370,0.00001593,-4.2117171288e+00,2.4577777088e-01,0.6043,1.9197981358e+00
-0.3620,-0.0008977,0.0000765,0.00014360,0.00001593,-4.2072730064e+00,2.4488887191e-01,0.6053,1.9153540134e+00
-0.3610,-0.0008981,0.0000765,0.00014360,0.00001595,-4.2088890076e+00,2.4456566572e-01,0.6063,1.9169700146e+00
-0.3600,-0.0008981,0.0000765,0.00014350,0.00001594,-4.2084851265e+00,2.4452523887e-01,0.6073,1.9165661335e+00
-0.3590,-0.0008990,0.0000763,0.00014340,0.00001593,-4.2117171288e+00,2.4387879670e-01,0.6083,1.9197981358e+00
-0.3580,-0.0008960,0.0000761,0.00014350,0.00001592,-4.1999998093e+00,2.4311111867e-01,0.6093,1.9080808163e+00
-0.3570,-0.0008999,0.0000761,0.00014340,0.00001591,-4.2153534889e+00,2.4323232472e-01,0.6103,1.9234344959e+00
-0.3560,-0.0008987,0.0000759,0.00014330,0.00001591,-4.2101011276e+00,2.4246463180e-01,0.6113,1.9181821346e+00
-0.3550,-0.0008976,0.0000758,0.00014320,0.00001591,-4.2052526474e+00,2.4214139581e-01,0.6123,1.9133336544e+00
-0.3540,-0.0008977,0.0000756,0.00014310,0.00001591,-4.2052526474e+00,2.4101008475e-01,0.6133,1.9133336544e+00
-0.3530,-0.0008998,0.0000755,0.00014300,0.00001592,-4.2133336067e+00,2.4068687856e-01,0.6143,1.9214146137e+00
-0.3520,-0.0008974,0.0000753,0.00014290,0.00001592,-4.2032322884e+00,2.3995961249e-01,0.6153,1.9113132954e+00
-0.3510,-0.0008985,0.0000752,0.00014280,0.00001592,-4.2072730064e+00,2.3955556750e-01,0.6163,1.9153540134e+00
-0.3500,-0.0008994,0.0000749,0.00014260,0.00001591,-4.2101011276e+00,2.3850503564e-01,0.6173,1.9181821346e+00
-0.3490,-0.0008968,0.0000747,0.00014250,0.00001591,-4.1991920471e+00,2.3757573962e-01,0.6183,1.9072730541e+00
-0.3480,-0.0009007,0.0000743,0.00014250,0.00001590,-4.2149496078e+00,2.3616161942e-01,0.6193,1.9230306149e+00
-0.3470,-0.0008998,0.0000744,0.00014230,0.00001589,-4.2105050087e+00,2.3632322252e-01,0.6203,1.9185860157e+00
-0.3460,-0.0009002,0.0000743,0.00014230,0.00001588,-4.2121214867e+00,2.3612120748e-01,0.6213,1.9202024937e+00
-0.3450,-0.0009007,0.0000741,0.00014220,0.00001587,-4.2137374878e+00,2.3527272046e-01,0.6223,1.9218184948e+00
-0.3440,-0.0008999,0.0000740,0.00014210,0.00001587,-4.2101011276e+00,2.3490910232e-01,0.6233,1.9181821346e+00
-0.3430,-0.0008991,0.0000738,0.00014200,0.00001586,-4.2064647675e+00,2.3414140940e-01,0.6243,1.9145457745e+00
-0.3420,-0.0009022,0.0000737,0.00014200,0.00001588,-4.2189898491e+00,2.3353534937e-01,0.6253,1.9270708561e+00
-0.3410,-0.0009003,0.0000735,0.00014190,0.00001587,-4.2109093666e+00,2.3284849524e-01,0.6263,1.9189903736e+00
-0.3400,-0.0009011,0.0000734,0.00014180,0.00001586,-4.2137374878e+00,2.3256565630e-01,0.6273,1.9218184948e+00
-0.3390,-0.0009020,0.0000732,0.00014180,0.00001584,-4.2173738480e+00,2.3175756633e-01,0.6283,1.9254548550e+00
-0.3380,-0.0009000,0.0000731,0.00014170,0.00001585,-4.2088890076e+00,2.3143434525e-01,0.6293,1.9169700146e+00
-0.3370,-0.0009031,0.0000730,0.00014160,0.00001584,-4.2210102081e+00,2.3078787327e-01,0.6303,1.9290912151e+00
-0.3360,-0.0009017,0.0000728,0.00014140,0.00001583,-4.2145457268e+00,2.3006060719e-01,0.6313,1.9226267338e+00
-0.3350,-0.0009019,0.0000726,0.00014140,0.00001583,-4.2153534889e+00,2.2933334112e-01,0.6323,1.9234344959e+00
-0.3340,-0.0009029,0.0000725,0.00014140,0.00001580,-4.2193942070e+00,2.2917172313e-01,0.6333,1.9274752140e+00
-0.3330,-0.0009018,0.0000723,0.00014130,0.00001582,-4.2145457268e+00,2.2832325101e-01,0.6343,1.9226267338e+00
-0.3320,-0.0009027,0.0000721,0.00014110,0.00001582,-4.2173738480e+00,2.2759595513e-01,0.6353,1.9254548550e+00
-0.3310,-0.0009030,0.0000719,0.00014090,0.00001582,-4.2177777290e+00,2.2662626207e-01,0.6363,1.9258587360e+00
-0.3300,-0.0009037,0.0000718,0.00014080,0.00001582,-4.2202019691e+00,2.2618183494e-01,0.6373,1.9282829762e+00
-0.3290,-0.0009039,0.0000716,0.00014070,0.00001581,-4.2206063271e+00,2.2561615705e-01,0.6383,1.9286873341e+00
-0.3280,-0.0009035,0.0000714,0.00014060,0.00001582,-4.2185859680e+00,2.2476768494e-01,0.6393,1.9266669750e+00
-0.3270,-0.0009039,0.0000713,0.00014050,0.00001580,-4.2197980881e+00,2.2436365485e-01,0.6403,1.9278790951e+00
-0.3260,-0.0009034,0.0000711,0.00014040,0.00001580,-4.2173738480e+00,2.2339393198e-01,0.6413,1.9254548550e+00
-0.3250,-0.0009056,0.0000709,0.00014030,0.00001579,-4.2258586884e+00,2.2282826900e-01,0.6423,1.9339396954e+00
-0.3240,-0.0009043,0.0000708,0.00014010,0.00001579,-4.2197980881e+00,2.2234344482e-01,0.6433,1.9278790951e+00
-0.3230,-0.0009052,0.0000707,0.00014000,0.00001578,-4.2230305672e+00,2.2173735499e-01,0.6443,1.9311115742e+00
-0.3220,-0.0009065,0.0000705,0.00013990,0.00001579,-4.2278785706e+00,2.2117170691e-01,0.6453,1.9359595776e+00
-0.3210,-0.0009037,0.0000703,0.00013970,0.00001577,-4.2157578468e+00,2.2036364675e-01,0.6463,1.9238388538e+00
-0.3200,-0.0009073,0.0000701,0.00013980,0.00001576,-4.2307066917e+00,2.1955555677e-01,0.6473,1.9387876987e+00
-0.3190,-0.0009059,0.0000699,0.00013970,0.00001574,-4.2246460915e+00,2.1898989379e-01,0.6483,1.9327270985e+00
-0.3180,-0.0009072,0.0000697,0.00013950,0.00001574,-4.2290906906e+00,2.1785858274e-01,0.6493,1.9371716976e+00
-0.3170,-0.0009071,0.0000695,0.00013940,0.00001575,-4.2282824516e+00,2.1733334661e-01,0.6503,1.9363634586e+00
-0.3160,-0.0009066,0.0000694,0.00013920,0.00001576,-4.2254543304e+00,2.1680808067e-01,0.6513,1.9335353374e+00
-0.3150,-0.0009079,0.0000692,0.00013900,0.00001575,-4.2298989296e+00,2.1600000560e-01,0.6523,1.9379799366e+00
-0.3140,-0.0009068,0.0000690,0.00013900,0.00001575,-4.2254543304e+00,2.1519191563e-01,0.6533,1.9335353374e+00
-0.3130,-0.0009083,0.0000689,0.00013900,0.00001574,-4.2315149307e+00,2.1474748850e-01,0.6543,1.9395959377e+00
-0.3120,-0.0009086,0.0000687,0.00013880,0.00001574,-4.2319188118e+00,2.1406061947e-01,0.6553,1.9399998188e+00
-0.3110,-0.0009082,0.0000685,0.00013870,0.00001573,-4.2298989296e+00,2.1313132346e-01,0.6563,1.9379799366e+00
-0.3100,-0.0009099,0.0000683,0.00013860,0.00001572,-4.2363634109e+00,2.1224245429e-01,0.6573,1.9444444180e+00
-0.3090,-0.0009092,0.0000681,0.00013850,0.00001570,-4.2331309319e+00,2.1155555546e-01,0.6583,1.9412119389e+00
-0.3080,-0.0009098,0.0000680,0.00013840,0.00001570,-4.2351517677e+00,2.1111111343e-01,0.6593,1.9432327747e+00
-0.3070,-0.0009085,0.0000678,0.00013840,0.00001568,-4.2298989296e+00,2.1050503850e-01,0.6603,1.9379799366e+00
-0.3060,-0.0009090,0.0000675,0.00013830,0.00001567,-4.2315149307e+00,2.0933334529e-01,0.6613,1.9395959377e+00
-0.3050,-0.0009119,0.0000674,0.00013810,0.00001568,-4.2424244881e+00,2.0909091830e-01,0.6623,1.9505054951e+00
-0.3040,-0.0009081,0.0000671,0.00013800,0.00001567,-4.2266664505e+00,2.0775756240e-01,0.6633,1.9347474575e+00
-0.3030,-0.0009118,0.0000669,0.00013780,0.00001566,-4.2408084869e+00,2.0719192922e-01,0.6643,1.9488894939e+00
-0.3020,-0.0009116,0.0000667,0.00013760,0.00001566,-4.2391920090e+00,2.0618182421e-01,0.6653,1.9472730160e+00
-0.3010,-0.0009105,0.0000666,0.00013750,0.00001566,-4.2343435287e+00,2.0573738217e-01,0.6663,1.9424245358e+00
-0.3000,-0.0009132,0.0000665,0.00013740,0.00001566,-4.2448487282e+00,2.0533335209e-01,0.6673,1.9529297352e+00
-0.2990,-0.0009134,0.0000663,0.00013720,0.00001564,-4.2448487282e+00,2.0460607111e-01,0.6683,1.9529297352e+00
-0.2980,-0.0009127,0.0000660,0.00013710,0.00001563,-4.2416162491e+00,2.0343433321e-01,0.6693,1.9496972561e+00
-0.2970,-0.0009125,0.0000657,0.00013700,0.00001563,-4.2404036522e+00,2.0242422819e-01,0.6703,1.9484846592e+00
-0.2960,-0.0009128,0.0000656,0.00013680,0.00001562,-4.2408084869e+00,2.0193938911e-01,0.6713,1.9488894939e+00
-0.2950,-0.0009114,0.0000653,0.00013670,0.00001561,-4.2347474098e+00,2.0092928410e-01,0.6723,1.9428284168e+00
-0.2940,-0.0009132,0.0000651,0.00013670,0.00001559,-4.2420201302e+00,2.0008081198e-01,0.6733,1.9501011372e+00
-0.2930,-0.0009129,0.0000649,0.00013640,0.00001562,-4.2395963669e+00,1.9907072186e-01,0.6743,1.9476773739e+00
-0.2920,-0.0009124,0.0000647,0.00013620,0.00001561,-4.2367677689e+00,1.9846463203e-01,0.6753,1.9448487759e+00
-0.2910,-0.0009139,0.0000646,0.00013610,0.00001560,-4.2424240112e+00,1.9793938100e-01,0.6763,1.9505050182e+00
-0.2900,-0.0009126,0.0000644,0.00013600,0.00001559,-4.2367677689e+00,1.9729292393e-01,0.6773,1.9448487759e+00
-0.2890,-0.0009144,0.0000641,0.00013580,0.00001558,-4.2432322502e+00,1.9612121582e-01,0.6783,1.9513132572e+00
-0.2880,-0.0009142,0.0000640,0.00013580,0.00001557,-4.2424240112e+00,1.9563637674e-01,0.6793,1.9505050182e+00
-0.2870,-0.0009137,0.0000638,0.00013560,0.00001556,-4.2395958900e+00,1.9498990476e-01,0.6803,1.9476768970e+00
-0.2860,-0.0009149,0.0000635,0.00013540,0.00001556,-4.2436361313e+00,1.9385859370e-01,0.6813,1.9517171383e+00
-0.2850,-0.0009149,0.0000633,0.00013530,0.00001556,-4.2432322502e+00,1.9272726774e-01,0.6823,1.9513132572e+00
-0.2840,-0.0009140,0.0000631,0.00013510,0.00001555,-4.2387876511e+00,1.9220201671e-01,0.6833,1.9468686581e+00
-0.2830,-0.0009148,0.0000630,0.00013490,0.00001554,-4.2412118912e+00,1.9171719253e-01,0.6843,1.9492928982e+00
-0.2820,-0.0009145,0.0000628,0.00013470,0.00001554,-4.2391915321e+00,1.9078789651e-01,0.6853,1.9472725391e+00
-0.2810,-0.0009127,0.0000626,0.00013470,0.00001552,-4.2319192886e+00,1.9022220373e-01,0.6863,1.9400002956e+00
-0.2800,-0.0009161,0.0000623,0.00013450,0.00001551,-4.2448482513e+00,1.8909090757e-01,0.6873,1.9529292583e+00
-0.2790,-0.0009167,0.0000622,0.00013430,0.00001550,-4.2464647293e+00,1.8872725964e-01,0.6883,1.9545457363e+00
-0.2780,-0.0009147,0.0000620,0.00013410,0.00001550,-4.2375755310e+00,1.8771718442e-01,0.6893,1.9456565380e+00
-0.2770,-0.0009179,0.0000618,0.00013400,0.00001550,-4.2501010895e+00,1.8727271259e-01,0.6903,1.9581820965e+00
-0.2760,-0.0009163,0.0000616,0.00013390,0.00001548,-4.2432322502e+00,1.8630301952e-01,0.6913,1.9513132572e+00
-0.2750,-0.0009178,0.0000614,0.00013380,0.00001546,-4.2488889694e+00,1.8569698930e-01,0.6923,1.9569699764e+00
-0.2740,-0.0009182,0.0000613,0.00013370,0.00001547,-4.2501010895e+00,1.8509091437e-01,0.6933,1.9581820965e+00
-0.2730,-0.0009158,0.0000609,0.00013350,0.00001546,-4.2395958900e+00,1.8379798532e-01,0.6943,1.9476768970e+00
-0.2720,-0.0009167,0.0000608,0.00013330,0.00001545,-4.2424240112e+00,1.8311110139e-01,0.6953,1.9505050182e+00
-0.2710,-0.0009186,0.0000606,0.00013320,0.00001544,-4.2496967316e+00,1.8262626231e-01,0.6963,1.9577777386e+00
-0.2700,-0.0009173,0.0000604,0.00013310,0.00001542,-4.2440404892e+00,1.8165655434e-01,0.6973,1.9521214962e+00
-0.2690,-0.0009164,0.0000602,0.00013290,0.00001542,-4.2395958900e+00,1.8080808222e-01,0.6983,1.9476768970e+00
-0.2680,-0.0009197,0.0000600,0.00013280,0.00001542,-4.2525253296e+00,1.7995959520e-01,0.6993,1.9606063366e+00
-0.2670,-0.0009189,0.0000598,0.00013250,0.00001542,-4.2480807304e+00,1.7939391732e-01,0.7003,1.9561617374e+00
-0.2660,-0.0009164,0.0000596,0.00013240,0.00001540,-4.2375755310e+00,1.7842423916e-01,0.7013,1.9456565380e+00
-0.2650,-0.0009187,0.0000594,0.00013220,0.00001539,-4.2460603714e+00,1.7769695818e-01,0.7023,1.9541413784e+00
-0.2640,-0.0009158,0.0000591,0.00013200,0.00001538,-4.2335352898e+00,1.7664647102e-01,0.7033,1.9416162968e+00
-0.2630,-0.0009186,0.0000590,0.00013190,0.00001535,-4.2444443703e+00,1.7620201409e-01,0.7043,1.9525253773e+00
-0.2620,-0.0009180,0.0000589,0.00013180,0.00001535,-4.2416162491e+00,1.7579798400e-01,0.7053,1.9496972561e+00
-0.2610,-0.0009168,0.0000586,0.00013160,0.00001536,-4.2359595299e+00,1.7470705509e-01,0.7063,1.9440405369e+00
-0.2600,-0.0009196,0.0000584,0.00013140,0.00001535,-4.2464647293e+00,1.7402020097e-01,0.7073,1.9545457363e+00
-0.2590,-0.0009200,0.0000582,0.00013130,0.00001534,-4.2476768494e+00,1.7333333194e-01,0.7083,1.9557578564e+00
-0.2580,-0.0009191,0.0000581,0.00013120,0.00001533,-4.2436361313e+00,1.7288888991e-01,0.7093,1.9517171383e+00
-0.2570,-0.0009188,0.0000578,0.00013110,0.00001530,-4.2420201302e+00,1.7163635790e-01,0.7103,1.9501011372e+00
-0.2560,-0.0009213,0.0000577,0.00013100,0.00001529,-4.2517170906e+00,1.7123232782e-01,0.7113,1.9597980976e+00
-0.2550,-0.0009187,0.0000574,0.00013080,0.00001531,-4.2404036522e+00,1.7006060481e-01,0.7123,1.9484846592e+00
-0.2540,-0.0009200,0.0000573,0.00013050,0.00001530,-4.2444443703e+00,1.6953535378e-01,0.7133,1.9525253773e+00
-0.2530,-0.0009199,0.0000571,0.00013030,0.00001530,-4.2432327271e+00,1.6872726381e-01,0.7143,1.9513137341e+00
-0.2520,-0.0009205,0.0000567,0.00013020,0.00001529,-4.2452526093e+00,1.6731312871e-01,0.7153,1.9533336163e+00
-0.2510,-0.0009203,0.0000566,0.00013000,0.00001528,-4.2436361313e+00,1.6682827473e-01,0.7163,1.9517171383e+00
-0.2500,-0.0009196,0.0000564,0.00012980,0.00001525,-4.2400002480e+00,1.6630303860e-01,0.7173,1.9480812550e+00
-0.2490,-0.0009194,0.0000563,0.00012970,0.00001526,-4.2387876511e+00,1.6565656662e-01,0.7183,1.9468686581e+00
-0.2480,-0.0009197,0.0000560,0.00012940,0.00001523,-4.2387876511e+00,1.6480807960e-01,0.7193,1.9468686581e+00
-0.2470,-0.0009173,0.0000557,0.00012930,0.00001523,-4.2286872864e+00,1.6371716559e-01,0.7203,1.9367682934e+00
-0.2460,-0.0009218,0.0000556,0.00012930,0.00001522,-4.2468686104e+00,1.6315151751e-01,0.7213,1.9549496174e+00
-0.2450,-0.0009209,0.0000554,0.00012900,0.00001521,-4.2420201302e+00,1.6242425144e-01,0.7223,1.9501011372e+00
-0.2440,-0.0009199,0.0000551,0.00012890,0.00001521,-4.2375760078e+00,1.6109091043e-01,0.7233,1.9456570148e+00
-0.2430,-0.0009199,0.0000550,0.00012880,0.00001518,-4.2371721268e+00,1.6076767445e-01,0.7243,1.9452531338e+00
-0.2420,-0.0009213,0.0000548,0.00012860,0.00001516,-4.2420201302e+00,1.6008082032e-01,0.7253,1.9501011372e+00
-0.2410,-0.0009202,0.0000545,0.00012850,0.00001515,-4.2371721268e+00,1.5903031826e-01,0.7263,1.9452531338e+00
-0.2400,-0.0009204,0.0000543,0.00012830,0.00001514,-4.2371721268e+00,1.5834344923e-01,0.7273,1.9452531338e+00
-0.2390,-0.0009190,0.0000540,0.00012810,0.00001513,-4.2307071686e+00,1.5717171133e-01,0.7283,1.9387881756e+00
-0.2380,-0.0009199,0.0000539,0.00012790,0.00001512,-4.2335357666e+00,1.5660606325e-01,0.7293,1.9416167736e+00
-0.2370,-0.0009206,0.0000536,0.00012790,0.00001510,-4.2363638878e+00,1.5567676723e-01,0.7303,1.9444448948e+00
-0.2360,-0.0009194,0.0000533,0.00012770,0.00001510,-4.2307071686e+00,1.5450505912e-01,0.7313,1.9387881756e+00
-0.2350,-0.0009198,0.0000531,0.00012750,0.00001509,-4.2315154076e+00,1.5361616015e-01,0.7323,1.9395964146e+00
-0.2340,-0.0009204,0.0000529,0.00012740,0.00001507,-4.2335357666e+00,1.5268686414e-01,0.7333,1.9416167736e+00
-0.2330,-0.0009193,0.0000527,0.00012720,0.00001506,-4.2282829285e+00,1.5208081901e-01,0.7343,1.9363639355e+00
-0.2320,-0.0009193,0.0000525,0.00012710,0.00001504,-4.2278790474e+00,1.5127272904e-01,0.7353,1.9359600544e+00
-0.2310,-0.0009191,0.0000521,0.00012690,0.00001503,-4.2262630463e+00,1.4993938804e-01,0.7363,1.9343440533e+00
-0.2300,-0.0009186,0.0000520,0.00012680,0.00001502,-4.2238388062e+00,1.4925253391e-01,0.7373,1.9319198132e+00
-0.2290,-0.0009176,0.0000516,0.00012660,0.00001502,-4.2189898491e+00,1.4763636887e-01,0.7383,1.9270708561e+00
-0.2280,-0.0009170,0.0000513,0.00012640,0.00001502,-4.2157578468e+00,1.4670707285e-01,0.7393,1.9238388538e+00
-0.2270,-0.0009160,0.0000511,0.00012630,0.00001500,-4.2113132477e+00,1.4577776194e-01,0.7403,1.9193942547e+00
-0.2260,-0.0009162,0.0000509,0.00012610,0.00001500,-4.2113132477e+00,1.4484849572e-01,0.7413,1.9193942547e+00
-0.2250,-0.0009165,0.0000505,0.00012590,0.00001498,-4.2117171288e+00,1.4359596372e-01,0.7423,1.9197981358e+00
-0.2240,-0.0009164,0.0000503,0.00012580,0.00001496,-4.2109093666e+00,1.4282828569e-01,0.7433,1.9189903736e+00
-0.2230,-0.0009157,0.0000500,0.00012560,0.00001497,-4.2072730064e+00,1.4157575369e-01,0.7443,1.9153540134e+00
-0.2220,-0.0009162,0.0000497,0.00012540,0.00001494,-4.2084851265e+00,1.4052525163e-01,0.7453,1.9165661335e+00
-0.2210,-0.0009149,0.0000494,0.00012530,0.00001492,-4.2028284073e+00,1.3931314647e-01,0.7463,1.9109094143e+00
-0.2200,-0.0009139,0.0000491,0.00012510,0.00001492,-4.1979799271e+00,1.3802021742e-01,0.7473,1.9060609341e+00
-0.2190,-0.0009112,0.0000488,0.00012500,0.00001492,-4.1866664886e+00,1.3688889146e-01,0.7483,1.8947474957e+00
-0.2180,-0.0009148,0.0000485,0.00012490,0.00001490,-4.2008080482e+00,1.3591919839e-01,0.7493,1.9088890553e+00
-0.2170,-0.0009124,0.0000482,0.00012470,0.00001489,-4.1903028488e+00,1.3450506330e-01,0.7503,1.8983838558e+00
-0.2160,-0.0009121,0.0000479,0.00012440,0.00001489,-4.1878786087e+00,1.3333334029e-01,0.7513,1.8959596157e+00
-0.2150,-0.0009131,0.0000475,0.00012430,0.00001487,-4.1915149689e+00,1.3200001419e-01,0.7523,1.8995959759e+00
-0.2140,-0.0009124,0.0000472,0.00012410,0.00001485,-4.1878786087e+00,1.3090908527e-01,0.7533,1.8959596157e+00
-0.2130,-0.0009119,0.0000469,0.00012400,0.00001483,-4.1854543686e+00,1.2961617112e-01,0.7543,1.8935353756e+00
-0.2120,-0.0009101,0.0000465,0.00012380,0.00001481,-4.1773734093e+00,1.2791918218e-01,0.7553,1.8854544163e+00
-0.2110,-0.0009104,0.0000461,0.00012370,0.00001481,-4.1781816483e+00,1.2662625313e-01,0.7563,1.8862626553e+00
-0.2100,-0.0009081,0.0000458,0.00012350,0.00001481,-4.1680808067e+00,1.2505050004e-01,0.7573,1.8761618137e+00
-0.2090,-0.0009073,0.0000454,0.00012330,0.00001479,-4.1640400887e+00,1.2363636494e-01,0.7583,1.8721210957e+00
-0.2080,-0.0009068,0.0000450,0.00012320,0.00001477,-4.1616158485e+00,1.2202019244e-01,0.7593,1.8696968555e+00
-0.2070,-0.0009049,0.0000445,0.00012310,0.00001476,-4.1535353661e+00,1.2028282136e-01,0.7603,1.8616163731e+00
-0.2060,-0.0009026,0.0000441,0.00012290,0.00001474,-4.1434345245e+00,1.1866666377e-01,0.7613,1.8515155315e+00
-0.2050,-0.0009019,0.0000437,0.00012290,0.00001472,-4.1406059265e+00,1.1717171222e-01,0.7623,1.8486869335e+00
-0.2040,-0.0009007,0.0000434,0.00012290,0.00001471,-4.1357574463e+00,1.1595959961e-01,0.7633,1.8438384533e+00
-0.2030,-0.0008997,0.0000429,0.00012260,0.00001469,-4.1305050850e+00,1.1414141208e-01,0.7643,1.8385860920e+00
-0.2020,-0.0008991,0.0000426,0.00012240,0.00001466,-4.1272726059e+00,1.1268687248e-01,0.7653,1.8353536129e+00
-0.2010,-0.0008970,0.0000421,0.00012230,0.00001465,-4.1183838844e+00,1.1078789085e-01,0.7663,1.8264648914e+00
-0.2000,-0.0008963,0.0000416,0.00012200,0.00001463,-4.1143431664e+00,1.0896969587e-01,0.7673,1.8224241734e+00
-0.1990,-0.0008951,0.0000412,0.00012190,0.00001460,-4.1090912819e+00,1.0751515627e-01,0.7683,1.8171722889e+00
-0.1980,-0.0008913,0.0000407,0.00012180,0.00001458,-4.0933332443e+00,1.0549494624e-01,0.7693,1.8014142513e+00
-0.1970,-0.0008907,0.0000402,0.00012160,0.00001457,-4.0901012421e+00,1.0343435407e-01,0.7703,1.7981822491e+00
-0.1960,-0.0008883,0.0000397,0.00012140,0.00001455,-4.0795960426e+00,1.0157575458e-01,0.7713,1.7876770496e+00
-0.1950,-0.0008865,0.0000392,0.00012130,0.00001453,-4.0719189644e+00,9.9717177451e-02,0.7723,1.7799999714e+00
-0.1940,-0.0008833,0.0000388,0.00012110,0.00001451,-4.0581817627e+00,9.7939394414e-02,0.7733,1.7662627697e+00
-0.1930,-0.0008820,0.0000382,0.00012100,0.00001448,-4.0525255203e+00,9.5797978342e-02,0.7743,1.7606065273e+00
-0.1920,-0.0008782,0.0000377,0.00012100,0.00001447,-4.0371718407e+00,9.3818180263e-02,0.7753,1.7452528477e+00
-0.1910,-0.0008759,0.0000372,0.00012090,0.00001445,-4.0274748802e+00,9.1959595680e-02,0.7763,1.7355558872e+00
-0.1900,-0.0008719,0.0000367,0.00012070,0.00001442,-4.0105051994e+00,9.0060606599e-02,0.7773,1.7185862064e+00
-0.1890,-0.0008714,0.0000362,0.00012060,0.00001439,-4.0080809593e+00,8.7959595025e-02,0.7783,1.7161619663e+00
-0.1880,-0.0008677,0.0000356,0.00012050,0.00001439,-3.9927270412e+00,8.5898987949e-02,0.7793,1.7008080482e+00
-0.1870,-0.0008652,0.0000351,0.00012030,0.00001436,-3.9818184376e+00,8.3959594369e-02,0.7803,1.6898994446e+00
-0.1860,-0.0008629,0.0000345,0.00012030,0.00001433,-3.9725253582e+00,8.1656567752e-02,0.7813,1.6806063652e+00
-0.1850,-0.0008593,0.0000340,0.00012030,0.00001431,-3.9579799175e+00,7.9555556178e-02,0.7823,1.6660609245e+00
-0.1840,-0.0008559,0.0000335,0.00012010,0.00001429,-3.9434342384e+00,7.7454552054e-02,0.7833,1.6515152454e+00
-0.1830,-0.0008531,0.0000330,0.00012000,0.00001426,-3.9317169189e+00,7.5555555522e-02,0.7843,1.6397979259e+00
-0.1820,-0.0008478,0.0000324,0.00012000,0.00001424,-3.9103028774e+00,7.3414139450e-02,0.7853,1.6183838844e+00
-0.1810,-0.0008439,0.0000318,0.00011990,0.00001422,-3.8941414356e+00,7.1191921830e-02,0.7863,1.6022224426e+00
-0.1800,-0.0008422,0.0000313,0.00011990,0.00001421,-3.8872725964e+00,6.9131314754e-02,0.7873,1.5953536034e+00
-0.1790,-0.0008371,0.0000308,0.00011980,0.00001418,-3.8662624359e+00,6.7030295730e-02,0.7883,1.5743434429e+00
-0.1780,-0.0008327,0.0000301,0.00011970,0.00001415,-3.8480806351e+00,6.4565658569e-02,0.7893,1.5561616421e+00
-0.1770,-0.0008280,0.0000296,0.00011960,0.00001412,-3.8286869526e+00,6.2545455992e-02,0.7903,1.5367679596e+00
-0.1760,-0.0008241,0.0000291,0.00011950,0.00001410,-3.8125250340e+00,6.0686867684e-02,0.7913,1.5206060410e+00
-0.1750,-0.0008193,0.0000285,0.00011950,0.00001408,-3.7931313515e+00,5.8303028345e-02,0.7923,1.5012123585e+00
-0.1740,-0.0008148,0.0000280,0.00011940,0.00001405,-3.7745451927e+00,5.6282833219e-02,0.7933,1.4826261997e+00
-0.1730,-0.0008077,0.0000274,0.00011930,0.00001404,-3.7454543114e+00,5.4020203650e-02,0.7943,1.4535353184e+00
-0.1720,-0.0008050,0.0000269,0.00011930,0.00001401,-3.7345454693e+00,5.2040405571e-02,0.7953,1.4426264763e+00
-0.1710,-0.0007984,0.0000264,0.00011920,0.00001398,-3.7074747086e+00,5.0060607493e-02,0.7963,1.4155557156e+00
-0.1700,-0.0007924,0.0000259,0.00011920,0.00001395,-3.6832320690e+00,4.8080809414e-02,0.7973,1.3913130760e+00
-0.1690,-0.0007885,0.0000253,0.00011910,0.00001393,-3.6670706272e+00,4.6020202339e-02,0.7983,1.3751516342e+00
-0.1680,-0.0007819,0.0000248,0.00011910,0.00001391,-3.6404039860e+00,4.3999996036e-02,0.7993,1.3484849930e+00
-0.1670,-0.0007758,0.0000243,0.00011910,0.00001387,-3.6157577038e+00,4.2101014405e-02,0.8003,1.3238387108e+00
-0.1660,-0.0007694,0.0000238,0.00011920,0.00001385,-3.5903029442e+00,4.0242426097e-02,0.8013,1.2983839512e+00
-0.1650,-0.0007631,0.0000233,0.00011910,0.00001383,-3.5644443035e+00,3.8303028792e-02,0.8023,1.2725253105e+00
-0.1640,-0.0007586,0.0000228,0.00011910,0.00001381,-3.5462625027e+00,3.6484848708e-02,0.8033,1.2543435097e+00
-0.1630,-0.0007502,0.0000223,0.00011910,0.00001379,-3.5123231411e+00,3.4585855901e-02,0.8043,1.2204041481e+00
-0.1620,-0.0007440,0.0000219,0.00011910,0.00001376,-3.4872727394e+00,3.2808080316e-02,0.8053,1.1953537464e+00
-0.1610,-0.0007380,0.0000215,0.00011910,0.00001374,-3.4630300999e+00,3.1232319772e-02,0.8063,1.1711111069e+00
-0.1600,-0.0007299,0.0000210,0.00011920,0.00001371,-3.4307072163e+00,2.9333332554e-02,0.8073,1.1387882233e+00
-0.1590,-0.0007253,0.0000206,0.00011920,0.00001369,-3.4121210575e+00,2.7797980234e-02,0.8083,1.1202020645e+00
-0.1580,-0.0007158,0.0000202,0.00011920,0.00001367,-3.3737370968e+00,2.6181820780e-02,0.8093,1.0818181038e+00
-0.1570,-0.0007089,0.0000197,0.00011920,0.00001364,-3.3458583355e+00,2.4444444105e-02,0.8103,1.0539393425e+00
-0.1560,-0.0007018,0.0000193,0.00011930,0.00001363,-3.3175756931e+00,2.3030305281e-02,0.8113,1.0256567001e+00
-0.1550,-0.0006938,0.0000189,0.00011930,0.00001362,-3.2852523327e+00,2.1414142102e-02,0.8123,9.9333333969e-01
-0.1540,-0.0006854,0.0000185,0.00011950,0.00001360,-3.2521209717e+00,1.9838383421e-02,0.8133,9.6020197868e-01
-0.1530,-0.0006780,0.0000182,0.00011970,0.00001356,-3.2230300903e+00,1.8585860729e-02,0.8143,9.3111109734e-01
-0.1520,-0.0006706,0.0000178,0.00011960,0.00001355,-3.1927270889e+00,1.7292926088e-02,0.8153,9.0080809593e-01
-0.1510,-0.0006622,0.0000175,0.00011960,0.00001353,-3.1587877274e+00,1.5838384628e-02,0.8163,8.6686873436e-01
-0.1500,-0.0006536,0.0000171,0.00011970,0.00001351,-3.1244442463e+00,1.4545454644e-02,0.8173,8.3252525330e-01
-0.1490,-0.0006462,0.0000168,0.00011970,0.00001350,-3.0945453644e+00,1.3373735361e-02,0.8183,8.0262637138e-01
-0.1480,-0.0006371,0.0000165,0.00011980,0.00001349,-3.0581817627e+00,1.2080809101e-02,0.8193,7.6626276970e-01
-0.1470,-0.0006286,0.0000162,0.00011990,0.00001348,-3.0242424011e+00,1.0909089819e-02,0.8203,7.3232340813e-01
-0.1460,-0.0006205,0.0000159,0.00012000,0.00001345,-2.9919192791e+00,9.9393958226e-03,0.8213,7.0000028610e-01
-0.1450,-0.0006118,0.0000156,0.00012010,0.00001343,-2.9571716785e+00,8.7272720411e-03,0.8223,6.6525268555e-01
-0.1440,-0.0006016,0.0000153,0.00012030,0.00001341,-2.9167675972e+00,7.5555564836e-03,0.8233,6.2484860420e-01
-0.1430,-0.0005942,0.0000151,0.00012040,0.00001339,-2.8872725964e+00,6.9494950585e-03,0.8243,5.9535360336e-01
-0.1420,-0.0005847,0.0000148,0.00012050,0.00001338,-2.8492929935e+00,5.8585829102e-03,0.8253,5.5737400055e-01
-0.1410,-0.0005763,0.0000146,0.00012060,0.00001336,-2.8157575130e+00,4.8888884485e-03,0.8263,5.2383852005e-01
-0.1400,-0.0005682,0.0000143,0.00012080,0.00001334,-2.7838385105e+00,4.0404056199e-03,0.8273,4.9191951752e-01
-0.1390,-0.0005586,0.0000141,0.00012080,0.00001333,-2.7450504303e+00,3.2727257349e-03,0.8283,4.5313143730e-01
-0.1380,-0.0005487,0.0000139,0.00012100,0.00001332,-2.7058584690e+00,2.3838388734e-03,0.8293,4.1393947601e-01
-0.1370,-0.0005393,0.0000137,0.00012120,0.00001331,-2.6686866283e+00,1.5757556539e-03,0.8303,3.7676763535e-01
-0.1360,-0.0005313,0.0000135,0.00012130,0.00001329,-2.6367676258e+00,8.8888686150e-04,0.8313,3.4484863281e-01
-0.1350,-0.0005203,0.0000133,0.00012150,0.00001328,-2.5931313038e+00,2.0202173619e-04,0.8323,3.0121231079e-01
-0.1340,-0.0005117,0.0000131,0.00012170,0.00001327,-2.5591919422e+00,-5.2525062347e-04,0.8333,2.6727294922e-01
-0.1330,-0.0005036,0.0000130,0.00012180,0.00001327,-2.5268685818e+00,-1.1313122232e-03,0.8343,2.3494958878e-01
-0.1320,-0.0004923,0.0000128,0.00012200,0.00001326,-2.4820203781e+00,-1.7777773319e-03,0.8353,1.9010138512e-01
-0.1310,-0.0004834,0.0000127,0.00012220,0.00001324,-2.4468686581e+00,-2.3434353061e-03,0.8363,1.5494966507e-01
-0.1300,-0.0004728,0.0000125,0.00012250,0.00001324,-2.4052524567e+00,-2.9090894386e-03,0.8373,1.1333346367e-01
-0.1290,-0.0004656,0.0000124,0.00012260,0.00001324,-2.3765656948e+00,-3.3939401619e-03,0.8383,8.4646701813e-02
-0.1280,-0.0004552,0.0000122,0.00012290,0.00001323,-2.3357574940e+00,-4.0000015870e-03,0.8393,4.3838500977e-02
-0.1270,-0.0004455,0.0000121,0.00012310,0.00001322,-2.2973737717e+00,-4.4848490506e-03,0.8403,5.4547786713e-03
-0.1260,-0.0004358,0.0000120,0.00012320,0.00001320,-2.2585859299e+00,-4.9292924814e-03,0.8413,3.3333063126e-02
-0.1250,-0.0004267,0.0000119,0.00012340,0.00001319,-2.2226262093e+00,-5.3737359121e-03,0.8423,6.9292783737e-02
-0.1240,-0.0004166,0.0000117,0.00012360,0.00001319,-2.1826262474e+00,-5.8989902027e-03,0.8433,1.0929274559e-01
-0.1230,-0.0004078,0.0000116,0.00012380,0.00001317,-2.1478786469e+00,-6.1414153315e-03,0.8443,1.4404034615e-01
-0.1220,-0.0003978,0.0000115,0.00012410,0.00001316,-2.1086869240e+00,-6.5858587623e-03,0.8453,1.8323206902e-01
-0.1210,-0.0003881,0.0000114,0.00012430,0.00001316,-2.0703029633e+00,-6.9494950585e-03,0.8463,2.2161602974e-01
-0.1200,-0.0003788,0.0000113,0.00012450,0.00001315,-2.0335352421e+00,-7.3131313547e-03,0.8473,2.5838375092e-01
-0.1190,-0.0003694,0.0000112,0.00012480,0.00001314,-1.9967676401e+00,-7.6767671853e-03,0.8483,2.9515135288e-01
-0.1180,-0.0003597,0.0000112,0.00012510,0.00001314,-1.9587880373e+00,-8.0000003800e-03,0.8493,3.3313095570e-01
-0.1170,-0.0003503,0.0000111,0.00012530,0.00001313,-1.9216160774e+00,-8.2424255088e-03,0.8503,3.7030291557e-01
-0.1160,-0.0003408,0.0000110,0.00012550,0.00001312,-1.8840403557e+00,-8.5656577721e-03,0.8513,4.0787863731e-01
-0.1150,-0.0003310,0.0000109,0.00012580,0.00001311,-1.8456565142e+00,-8.8484827429e-03,0.8523,4.4626247883e-01
-0.1140,-0.0003222,0.0000109,0.00012600,0.00001310,-1.8109091520e+00,-9.0505052358e-03,0.8533,4.8100984097e-01
-0.1130,-0.0003129,0.0000108,0.00012620,0.00001309,-1.7741414309e+00,-9.2525230721e-03,0.8543,5.1777756214e-01
-0.1120,-0.0003028,0.0000107,0.00012650,0.00001309,-1.7345454693e+00,-9.4949482009e-03,0.8553,5.5737352371e-01
-0.1110,-0.0002939,0.0000107,0.00012680,0.00001309,-1.6997979879e+00,-9.7373733297e-03,0.8563,5.9212100506e-01
-0.1100,-0.0002850,0.0000106,0.00012700,0.00001309,-1.6646463871e+00,-1.0020202957e-02,0.8573,6.2727260590e-01
-0.1090,-0.0002756,0.0000106,0.00012730,0.00001308,-1.6278786659e+00,-1.0181817226e-02,0.8583,6.6404032707e-01
-0.1080,-0.0002667,0.0000105,0.00012770,0.00001307,-1.5935353041e+00,-1.0343435220e-02,0.8593,6.9838368893e-01
-0.1070,-0.0002580,0.0000105,0.00012790,0.00001305,-1.5591918230e+00,-1.0424242355e-02,0.8603,7.3272716999e-01
-0.1060,-0.0002483,0.0000104,0.00012820,0.00001305,-1.5212122202e+00,-1.0666667484e-02,0.8613,7.7070677280e-01
-0.1050,-0.0002402,0.0000104,0.00012850,0.00001305,-1.4896969795e+00,-1.0747474618e-02,0.8623,8.0222201347e-01
-0.1040,-0.0002309,0.0000103,0.00012880,0.00001305,-1.4533333778e+00,-1.0989900678e-02,0.8633,8.3858561516e-01
-0.1030,-0.0002215,0.0000103,0.00012910,0.00001305,-1.4165656567e+00,-1.1191918515e-02,0.8643,8.7535333633e-01
-0.1020,-0.0002121,0.0000103,0.00012960,0.00001304,-1.3806059361e+00,-1.1191922240e-02,0.8653,9.1131305695e-01
-0.1010,-0.0002056,0.0000102,0.00012980,0.00001304,-1.3551515341e+00,-1.1434343643e-02,0.8663,9.3676745892e-01
-0.1000,-0.0001964,0.0000102,0.00013000,0.00001304,-1.3187878132e+00,-1.1555558071e-02,0.8673,9.7313117981e-01
-0.0990,-0.0001883,0.0000101,0.00013030,0.00001303,-1.2872726917e+00,-1.1636365205e-02,0.8683,1.0046463013e+00
-0.0980,-0.0001800,0.0000101,0.00013050,0.00001303,-1.2545454502e+00,-1.1757576838e-02,0.8693,1.0373735428e+00
-0.0970,-0.0001716,0.0000101,0.00013080,0.00001303,-1.2218182087e+00,-1.1919194832e-02,0.8703,1.0701007843e+00
-0.0960,-0.0001630,0.0000101,0.00013110,0.00001302,-1.1882828474e+00,-1.1919191107e-02,0.8713,1.1036361456e+00
-0.0950,-0.0001559,0.0000101,0.00013140,0.00001302,-1.1608079672e+00,-1.1999998242e-02,0.8723,1.1311110258e+00
-0.0940,-0.0001475,0.0000100,0.00013160,0.00001302,-1.1276767254e+00,-1.2121208943e-02,0.8733,1.1642422676e+00
-0.0930,-0.0001399,0.0000100,0.00013190,0.00001302,-1.0981818438e+00,-1.2218181044e-02,0.8743,1.1937371492e+00
-0.0920,-0.0001320,0.0000100,0.00013220,0.00001302,-1.0674747229e+00,-1.2303031050e-02,0.8753,1.2244442701e+00
-0.0910,-0.0001245,0.0000099,0.00013240,0.00001301,-1.0379798412e+00,-1.2387876399e-02,0.8763,1.2539391518e+00
-0.0900,-0.0001172,0.0000099,0.00013280,0.00001300,-1.0101010799e+00,-1.2428283691e-02,0.8773,1.2818179131e+00
-0.0890,-0.0001097,0.0000099,0.00013310,0.00001299,-9.8101001978e-01,-1.2399999425e-02,0.8783,1.3109090328e+00
-0.0880,-0.0001029,0.0000099,0.00013320,0.00001299,-9.5393937826e-01,-1.2452526018e-02,0.8793,1.3379795551e+00
-0.0870,-0.0000958,0.0000099,0.00013360,0.00001299,-9.2670708895e-01,-1.2533333153e-02,0.8803,1.3652119637e+00
-0.0860,-0.0000884,0.0000099,0.00013390,0.00001299,-8.9826261997e-01,-1.2602020986e-02,0.8813,1.3936563730e+00
-0.0850,-0.0000820,0.0000099,0.00013420,0.00001299,-8.7365657091e-01,-1.2678786181e-02,0.8823,1.4182624817e+00
-0.0840,-0.0000749,0.0000098,0.00013450,0.00001298,-8.4593939781e-01,-1.2686870061e-02,0.8833,1.4459795952e+00
-0.0830,-0.0000682,0.0000098,0.00013470,0.00001298,-8.1991922855e-01,-1.2743435800e-02,0.8843,1.4719997644e+00
-0.0820,-0.0000622,0.0000098,0.00013500,0.00001298,-7.9684847593e-01,-1.2763635255e-02,0.8853,1.4950704575e+00
-0.0810,-0.0000555,0.0000098,0.00013520,0.00001297,-7.7066665888e-01,-1.2771716341e-02,0.8863,1.5212523937e+00
-0.0800,-0.0000493,0.0000098,0.00013550,0.00001297,-7.4650502205e-01,-1.2816161849e-02,0.8873,1.5454139709e+00
-0.0790,-0.0000431,0.0000098,0.00013590,0.00001296,-7.2335356474e-01,-1.2804042548e-02,0.8883,1.5685653687e+00
-0.0780,-0.0000371,0.0000098,0.00013610,0.00001297,-6.9979804754e-01,-1.2896968983e-02,0.8893,1.5921208858e+00
-0.0770,-0.0000314,0.0000098,0.00013640,0.00001297,-6.7785859108e-01,-1.2913131155e-02,0.8903,1.6140604019e+00
-0.0760,-0.0000254,0.0000098,0.00013670,0.00001296,-6.5494948626e-01,-1.2917173095e-02,0.8913,1.6369695663e+00
-0.0750,-0.0000202,0.0000098,0.00013680,0.00001295,-6.3454538584e-01,-1.2888892554e-02,0.8923,1.6573736668e+00
-0.0740,-0.0000145,0.0000097,0.00013710,0.00001294,-6.1252522469e-01,-1.2892927043e-02,0.8933,1.6793937683e+00
-0.0730,-0.0000092,0.0000097,0.00013740,0.00001294,-5.9230703115e-01,-1.2945453636e-02,0.8943,1.6996119022e+00
-0.0720,-0.0000042,0.0000097,0.00013750,0.00001294,-5.7249701023e-01,-1.2965654023e-02,0.8953,1.7194219828e+00
-0.0710,0.0000014,0.0000097,0.00013780,0.00001294,-5.5110299587e-01,-1.2981815264e-02,0.8963,1.7408159971e+00
-0.0700,0.0000066,0.0000097,0.00013810,0.00001293,-5.3138989210e-01,-1.2945453636e-02,0.8973,1.7605290413e+00
-0.0690,0.0000111,0.0000097,0.00013830,0.00001292,-5.1406061649e-01,-1.2925250456e-02,0.8983,1.7778583765e+00
-0.0680,0.0000162,0.0000097,0.00013860,0.00001292,-4.9458584189e-01,-1.2969695963e-02,0.8993,1.7973331213e+00
-0.0670,0.0000203,0.0000097,0.00013880,0.00001292,-4.7862625122e-01,-1.2977776118e-02,0.9003,1.8132927418e+00
-0.0660,0.0000251,0.0000097,0.00013900,0.00001292,-4.6020200849e-01,-1.2989899144e-02,0.9013,1.8317170143e+00
-0.0650,0.0000294,0.0000097,0.00013930,0.00001291,-4.4408079982e-01,-1.2965657748e-02,0.9023,1.8478381634e+00
-0.0640,0.0000339,0.0000097,0.00013950,0.00001292,-4.2674747109e-01,-1.3034341857e-02,0.9033,1.8651715517e+00
-0.0630,0.0000375,0.0000097,0.00013970,0.00001293,-4.1284847260e-01,-1.3058584183e-02,0.9043,1.8790705204e+00
-0.0620,0.0000416,0.0000097,0.00013990,0.00001294,-3.9705049992e-01,-1.3143433258e-02,0.9053,1.8948684931e+00
-0.0610,0.0000456,0.0000097,0.00014010,0.00001291,-3.8177782297e-01,-1.3066664338e-02,0.9063,1.9101412296e+00
-0.0600,0.0000493,0.0000097,0.00014040,0.00001290,-3.6824244261e-01,-1.3006061316e-02,0.9073,1.9236764908e+00
-0.0590,0.0000528,0.0000097,0.00014060,0.00001290,-3.5478785634e-01,-1.3002018444e-02,0.9083,1.9371311665e+00
-0.0580,0.0000568,0.0000097,0.00014080,0.00001289,-3.3955553174e-01,-1.2997980230e-02,0.9093,1.9523634911e+00
-0.0570,0.0000600,0.0000097,0.00014100,0.00001289,-3.2707071304e-01,-1.2977776118e-02,0.9103,1.9648482800e+00
-0.0560,0.0000630,0.0000097,0.00014120,0.00001289,-3.1575757265e-01,-1.2981818989e-02,0.9113,1.9761614799e+00
-0.0550,0.0000666,0.0000097,0.00014130,0.00001289,-3.0189898610e-01,-1.3010103256e-02,0.9123,1.9900200367e+00
-0.0540,0.0000699,0.0000097,0.00014170,0.00001289,-2.9022222757e-01,-1.2981818989e-02,0.9133,2.0016968250e+00
-0.0530,0.0000729,0.0000097,0.00014180,0.00001290,-2.7842426300e-01,-1.3042425737e-02,0.9143,2.0134947300e+00
-0.0520,0.0000760,0.0000097,0.00014190,0.00001289,-2.6642426848e-01,-1.3034345582e-02,0.9153,2.0254948139e+00
-0.0510,0.0000793,0.0000097,0.00014230,0.00001286,-2.5462630391e-01,-1.2909092009e-02,0.9163,2.0372927189e+00
-0.0500,0.0000813,0.0000097,0.00014240,0.00001286,-2.4694944918e-01,-1.2909092009e-02,0.9173,2.0449695587e+00
-0.0490,0.0000841,0.0000097,0.00014250,0.00001286,-2.3595955968e-01,-1.2925253250e-02,0.9183,2.0559594631e+00
-0.0480,0.0000869,0.0000097,0.00014270,0.00001288,-2.2557571530e-01,-1.3018183410e-02,0.9193,2.0663433075e+00
-0.0470,0.0000892,0.0000097,0.00014280,0.00001287,-2.1664643288e-01,-1.2953538448e-02,0.9203,2.0752725601e+00
-0.0460,0.0000916,0.0000097,0.00014300,0.00001286,-2.0771713555e-01,-1.2937376276e-02,0.9213,2.0842018127e+00
-0.0450,0.0000938,0.0000097,0.00014310,0.00001286,-1.9923231006e-01,-1.2933334336e-02,0.9223,2.0926866531e+00
-0.0440,0.0000963,0.0000096,0.00014330,0.00001286,-1.8981817365e-01,-1.2985860929e-02,0.9233,2.1021008492e+00
-0.0430,0.0000979,0.0000096,0.00014340,0.00001285,-1.8383835256e-01,-1.2929292396e-02,0.9243,2.1080806255e+00
-0.0420,0.0001004,0.0000096,0.00014360,0.00001286,-1.7454545200e-01,-1.2993942015e-02,0.9253,2.1173734665e+00
-0.0410,0.0001026,0.0000096,0.00014370,0.00001285,-1.6606059670e-01,-1.2957572937e-02,0.9263,2.1258583069e+00
-0.0400,0.0001042,0.0000096,0.00014390,0.00001285,-1.6040404141e-01,-1.2929292396e-02,0.9273,2.1315150261e+00
-0.0390,0.0001064,0.0000096,0.00014420,0.00001285,-1.5272727609e-01,-1.2973734178e-02,0.9283,2.1391916275e+00
-0.0380,0.0001082,0.0000096,0.00014430,0.00001285,-1.4585854113e-01,-1.2941411696e-02,0.9293,2.1460604668e+00
-0.0370,0.0001096,0.0000097,0.00014440,0.00001284,-1.4060603082e-01,-1.2880807742e-02,0.9303,2.1513130665e+00
-0.0360,0.0001114,0.0000096,0.00014450,0.00001284,-1.3373735547e-01,-1.2909088284e-02,0.9313,2.1581816673e+00
-0.0350,0.0001132,0.0000096,0.00014460,0.00001284,-1.2686863542e-01,-1.2929292396e-02,0.9323,2.1650502682e+00
-0.0340,0.0001146,0.0000096,0.00014480,0.00001283,-1.2202018499e-01,-1.2856565416e-02,0.9333,2.1698987484e+00
-0.0330,0.0001161,0.0000096,0.00014490,0.00001283,-1.1636362970e-01,-1.2888888828e-02,0.9343,2.1755554676e+00
-0.0320,0.0001178,0.0000096,0.00014500,0.00001282,-1.0989896953e-01,-1.2880807742e-02,0.9353,2.1820199490e+00
-0.0310,0.0001190,0.0000096,0.00014520,0.00001282,-1.0585859418e-01,-1.2852523476e-02,0.9363,2.1860604286e+00
-0.0300,0.0001203,0.0000096,0.00014520,0.00001281,-1.0060605407e-01,-1.2836362235e-02,0.9373,2.1913130283e+00
-0.0290,0.0001217,0.0000096,0.00014540,0.00001281,-9.5757566392e-02,-1.2812119909e-02,0.9383,2.1961615086e+00
-0.0280,0.0001231,0.0000096,0.00014560,0.00001281,-9.0909071267e-02,-1.2820200995e-02,0.9393,2.2010099888e+00
-0.0270,0.0001238,0.0000096,0.00014570,0.00001282,-8.8484868407e-02,-1.2856565416e-02,0.9403,2.2034342289e+00
-0.0260,0.0001256,0.0000096,0.00014590,0.00001282,-8.2020230591e-02,-1.2868684717e-02,0.9413,2.2098987103e+00
-0.0250,0.0001264,0.0000096,0.00014600,0.00001282,-7.9191930592e-02,-1.2864646502e-02,0.9423,2.2127270699e+00
-0.0240,0.0001272,0.0000096,0.00014600,0.00001281,-7.5959637761e-02,-1.2804038823e-02,0.9433,2.2159593105e+00
-0.0230,0.0001282,0.0000096,0.00014610,0.00001281,-7.2323247790e-02,-1.2844446115e-02,0.9443,2.2195956707e+00
-0.0220,0.0001295,0.0000096,0.00014640,0.00001280,-6.8282812834e-02,-1.2791919522e-02,0.9453,2.2236361504e+00
-0.0210,0.0001304,0.0000096,0.00014640,0.00001279,-6.4646422863e-02,-1.2759597041e-02,0.9463,2.2272725105e+00
-0.0200,0.0001314,0.0000096,0.00014650,0.00001279,-6.1010085046e-02,-1.2767678127e-02,0.9473,2.2309088707e+00
-0.0190,0.0001325,0.0000096,0.00014670,0.00001278,-5.7373691350e-02,-1.2727274559e-02,0.9483,2.2345452309e+00
-0.0180,0.0001329,0.0000096,0.00014680,0.00001278,-5.6161619723e-02,-1.2723235413e-02,0.9493,2.2357573509e+00
-0.0170,0.0001341,0.0000096,0.00014690,0.00001278,-5.1717143506e-02,-1.2739396654e-02,0.9503,2.2402019501e+00
-0.0160,0.0001343,0.0000096,0.00014700,0.00001278,-5.1313098520e-02,-1.2719193473e-02,0.9513,2.2406058311e+00
-0.0150,0.0001356,0.0000096,0.00014710,0.00001278,-4.6464636922e-02,-1.2743435800e-02,0.9523,2.2454543114e+00
-0.0140,0.0001363,0.0000096,0.00014730,0.00001277,-4.4444419444e-02,-1.2698989362e-02,0.9533,2.2474746704e+00
-0.0130,0.0001372,0.0000096,0.00014740,0.00001277,-4.1212130338e-02,-1.2690909207e-02,0.9543,2.2507069111e+00
-0.0120,0.0001377,0.0000096,0.00014750,0.00001277,-3.9595957845e-02,-1.2707070448e-02,0.9553,2.2523231506e+00
-0.0110,0.0001383,0.0000096,0.00014760,0.00001276,-3.7575740367e-02,-1.2678786181e-02,0.9563,2.2543432713e+00
-0.0100,0.0001390,0.0000096,0.00014780,0.00001276,-3.5555578768e-02,-1.2703028508e-02,0.9573,2.2563633919e+00
-0.0090,0.0001398,0.0000096,0.00014790,0.00001278,-3.2727275044e-02,-1.2767678127e-02,0.9583,2.2591917515e+00
-0.0080,0.0001401,0.0000096,0.00014800,0.00001278,-3.1919188797e-02,-1.2755558826e-02,0.9593,2.2599997520e+00
-0.0070,0.0001408,0.0000096,0.00014810,0.00001276,-2.9494987801e-02,-1.2715151533e-02,0.9603,2.2624239922e+00
-0.0060,0.0001415,0.0000096,0.00014830,0.00001275,-2.7474712580e-02,-1.2666666880e-02,0.9613,2.2644443512e+00
-0.0050,0.0001418,0.0000096,0.00014840,0.00001275,-2.6666624472e-02,-1.2642424554e-02,0.9623,2.2652523518e+00
-0.0040,0.0001425,0.0000096,0.00014840,0.00001274,-2.3838380352e-02,-1.2658585794e-02,0.9633,2.2680807114e+00
-0.0030,0.0001430,0.0000096,0.00014860,0.00001275,-2.2626249120e-02,-1.2678786181e-02,0.9643,2.2692928314e+00
-0.0020,0.0001437,0.0000096,0.00014860,0.00001274,-1.9797945395e-02,-1.2626263313e-02,0.9653,2.2721209526e+00
-0.0010,0.0001442,0.0000096,0.00014880,0.00001274,-1.8585814163e-02,-1.2638382614e-02,0.9663,2.2733330727e+00
-0.0000,0.0001462,0.0000096,0.00014940,0.00001273,-1.2929322198e-02,-1.2606059201e-02,0.9673,2.2789895535e+00
0.0010,0.0001451,0.0000096,0.00014940,0.00001273,-1.7373742536e-02,-1.2541414239e-02,0.9683,2.2745451927e+00
0.0020,0.0001457,0.0000096,0.00014940,0.00001274,-1.4949481003e-02,-1.2658585794e-02,0.9693,2.2769694328e+00
0.0030,0.0001461,0.0000096,0.00014950,0.00001273,-1.3737350702e-02,-1.2634344399e-02,0.9703,2.2781815529e+00
0.0040,0.0001462,0.0000096,0.00014960,0.00001273,-1.3737409376e-02,-1.2642424554e-02,0.9713,2.2781815529e+00
0.0050,0.0001467,0.0000096,0.00014960,0.00001273,-1.1717191897e-02,-1.2658585794e-02,0.9723,2.2802019119e+00
0.0060,0.0001471,0.0000096,0.00014980,0.00001271,-1.0909104720e-02,-1.2565655634e-02,0.9733,2.2810099125e+00
0.0070,0.0001477,0.0000096,0.00014990,0.00001272,-8.8888872415e-03,-1.2618182227e-02,0.9743,2.2830300331e+00
0.0080,0.0001477,0.0000096,0.00014980,0.00001273,-8.4848441184e-03,-1.2670705095e-02,0.9753,2.2834341526e+00
0.0090,0.0001483,0.0000096,0.00015010,0.00001272,-7.2727142833e-03,-1.2630301528e-02,0.9763,2.2846462727e+00
0.0100,0.0001490,0.0000096,0.00015010,0.00001272,-4.4444096275e-03,-1.2626263313e-02,0.9773,2.2874746323e+00
0.0110,0.0001492,0.0000096,0.00015030,0.00001271,-4.4444096275e-03,-1.2585859746e-02,0.9783,2.2874746323e+00
0.0120,0.0001494,0.0000096,0.00015040,0.00001271,-4.0403660387e-03,-1.2577778660e-02,0.9793,2.2878785133e+00
0.0130,0.0001495,0.0000096,0.00015060,0.00001271,-4.4444096275e-03,-1.2597979046e-02,0.9803,2.2874746323e+00
0.0140,0.0001501,0.0000096,0.00015070,0.00001272,-2.4242508225e-03,-1.2610102072e-02,0.9813,2.2894947529e+00
0.0150,0.0001505,0.0000096,0.00015070,0.00001272,-8.0807693303e-04,-1.2658585794e-02,0.9823,2.2911109924e+00
0.0160,0.0001509,0.0000096,0.00015090,0.00001272,9.9999999392e-09,-1.2626263313e-02,0.9833,2.2919189930e+00
0.0170,0.0001509,0.0000096,0.00015110,0.00001271,-8.0807693303e-04,-1.2581817806e-02,0.9843,2.2911109924e+00
0.0180,0.0001516,0.0000096,0.00015110,0.00001271,2.0202274900e-03,-1.2654547580e-02,0.9853,2.2939391136e+00
0.0190,0.0001518,0.0000096,0.00015130,0.00001270,2.0202274900e-03,-1.2589901686e-02,0.9863,2.2939391136e+00
0.0200,0.0001522,0.0000096,0.00015140,0.00001270,3.2322991174e-03,-1.2585859746e-02,0.9873,2.2951512337e+00
0.0210,0.0001523,0.0000096,0.00015150,0.00001268,3.2322991174e-03,-1.2533333153e-02,0.9883,2.2951512337e+00
0.0220,0.0001529,0.0000096,0.00015170,0.00001267,4.8484727740e-03,-1.2480806559e-02,0.9893,2.2967674732e+00
0.0230,0.0001532,0.0000096,0.00015180,0.00001267,5.6565599516e-03,-1.2472725473e-02,0.9903,2.2975754738e+00
0.0240,0.0001534,0.0000096,0.00015200,0.00001267,5.6566186249e-03,-1.2509090826e-02,0.9913,2.2975757122e+00
0.0250,0.0001538,0.0000096,0.00015210,0.00001265,6.8687489256e-03,-1.2420202605e-02,0.9923,2.2987878323e+00
0.0260,0.0001540,0.0000096,0.00015230,0.00001264,6.8686902523e-03,-1.2391918339e-02,0.9933,2.2987875938e+00
0.0270,0.0001542,0.0000096,0.00015230,0.00001263,7.6767769642e-03,-1.2351514772e-02,0.9943,2.2995958328e+00
0.0280,0.0001546,0.0000096,0.00015250,0.00001262,8.4848646075e-03,-1.2298991904e-02,0.9953,2.3004038334e+00
0.0290,0.0001548,0.0000096,0.00015260,0.00001262,8.8889077306e-03,-1.2323234230e-02,0.9963,2.3008079529e+00
0.0300,0.0001550,0.0000096,0.00015270,0.00001262,9.2929517850e-03,-1.2315153144e-02,0.9973,2.3012118340e+00
0.0310,0.0001556,0.0000096,0.00015290,0.00001262,1.0909125209e-02,-1.2367676012e-02,0.9983,2.3028280735e+00
0.0320,0.0001556,0.0000096,0.00015300,0.00001261,1.0505082086e-02,-1.2274749577e-02,0.9993,2.3024241924e+00
0.0330,0.0001551,0.0000096,0.00015320,0.00001261,7.6767769642e-03,-1.2282830663e-02,1.0003,2.2995958328e+00
0.0340,0.0001570,0.0000096,0.00015330,0.00001261,1.4949501492e-02,-1.2335353531e-02,1.0013,2.3068685532e+00
0.0350,0.0001569,0.0000096,0.00015350,0.00001262,1.3737371191e-02,-1.2375757098e-02,1.0023,2.3056564331e+00
0.0360,0.0001569,0.0000096,0.00015360,0.00001262,1.3333327137e-02,-1.2367676012e-02,1.0033,2.3052523136e+00
0.0370,0.0001570,0.0000095,0.00015370,0.00001261,1.3333327137e-02,-1.2375757098e-02,1.0043,2.3052523136e+00
0.0380,0.0001579,0.0000095,0.00015390,0.00001262,1.6161631793e-02,-1.2420202605e-02,1.0053,2.3080806732e+00
0.0390,0.0001578,0.0000095,0.00015400,0.00001261,1.5353544615e-02,-1.2387880124e-02,1.0063,2.3072724342e+00
0.0400,0.0001578,0.0000095,0.00015410,0.00001263,1.4949501492e-02,-1.2472729199e-02,1.0073,2.3068685532e+00
0.0410,0.0001582,0.0000095,0.00015430,0.00001263,1.5757586807e-02,-1.2472729199e-02,1.0083,2.3076765537e+00
0.0420,0.0001588,0.0000095,0.00015450,0.00001262,1.7373761162e-02,-1.2432325631e-02,1.0093,2.3092927933e+00
0.0430,0.0001586,0.0000095,0.00015470,0.00001263,1.5757586807e-02,-1.2468687259e-02,1.0103,2.3076765537e+00
0.0440,0.0001585,0.0000095,0.00015490,0.00001262,1.4545458369e-02,-1.2468687259e-02,1.0113,2.3064644337e+00
0.0450,0.0001599,0.0000095,0.00015510,0.00001262,1.9393920898e-02,-1.2412122451e-02,1.0123,2.3113129139e+00
0.0460,0.0001597,0.0000095,0.00015530,0.00001261,1.7777746543e-02,-1.2395961210e-02,1.0133,2.3096966743e+00
0.0470,0.0001600,0.0000095,0.00015550,0.00001260,1.8181789666e-02,-1.2416164391e-02,1.0143,2.3101007938e+00
0.0480,0.0001602,0.0000095,0.00015560,0.00001260,1.8585832790e-02,-1.2375760823e-02,1.0153,2.3105049133e+00
0.0490,0.0001607,0.0000095,0.00015580,0.00001259,1.9798021764e-02,-1.2347472832e-02,1.0163,2.3117170334e+00
0.0500,0.0001607,0.0000095,0.00015580,0.00001258,1.9798021764e-02,-1.2347472832e-02,1.0173,2.3117170334e+00
0.0510,0.0001616,0.0000095,0.00015610,0.00001259,2.2222224623e-02,-1.2391918339e-02,1.0183,2.3141412735e+00
0.0520,0.0001613,0.0000095,0.00015630,0.00001259,2.0202064887e-02,-1.2351514772e-02,1.0193,2.3121211529e+00
0.0530,0.0001614,0.0000095,0.00015630,0.00001259,2.0606109872e-02,-1.2379795313e-02,1.0203,2.3125250340e+00
0.0540,0.0001619,0.0000095,0.00015650,0.00001259,2.1818181500e-02,-1.2371715158e-02,1.0213,2.3137371540e+00
0.0550,0.0001620,0.0000095,0.00015680,0.00001261,2.1010093391e-02,-1.2484848499e-02,1.0223,2.3129291534e+00
0.0560,0.0001621,0.0000095,0.00015680,0.00001260,2.1414138377e-02,-1.2420202605e-02,1.0233,2.3133330345e+00
0.0570,0.0001627,0.0000095,0.00015710,0.00001259,2.2626267746e-02,-1.2416160665e-02,1.0243,2.3145451546e+00
0.0580,0.0001632,0.0000095,0.00015740,0.00001257,2.3434353992e-02,-1.2307069264e-02,1.0253,2.3153533936e+00
0.0590,0.0001630,0.0000095,0.00015750,0.00001258,2.2222224623e-02,-1.2404037639e-02,1.0263,2.3141412735e+00
0.0600,0.0001639,0.0000095,0.00015770,0.00001258,2.5050528347e-02,-1.2420198880e-02,1.0273,2.3169696331e+00
0.0610,0.0001637,0.0000095,0.00015780,0.00001257,2.3838398978e-02,-1.2355553918e-02,1.0283,2.3157572746e+00
0.0620,0.0001642,0.0000095,0.00015800,0.00001257,2.5050528347e-02,-1.2351514772e-02,1.0293,2.3169696331e+00
0.0630,0.0001646,0.0000095,0.00015810,0.00001257,2.6262659580e-02,-1.2412122451e-02,1.0303,2.3181817532e+00
0.0640,0.0001646,0.0000095,0.00015840,0.00001256,2.5050528347e-02,-1.2375757098e-02,1.0313,2.3169696331e+00
0.0650,0.0001647,0.0000095,0.00015850,0.00001256,2.5050528347e-02,-1.2359595858e-02,1.0323,2.3169696331e+00
0.0660,0.0001652,0.0000095,0.00015870,0.00001256,2.6262659580e-02,-1.2355557643e-02,1.0333,2.3181817532e+00
0.0670,0.0001654,0.0000095,0.00015880,0.00001256,2.6666643098e-02,-1.2371718884e-02,1.0343,2.3185856342e+00
0.0680,0.0001657,0.0000095,0.00015910,0.00001256,2.6666643098e-02,-1.2363637798e-02,1.0353,2.3185856342e+00
0.0690,0.0001661,0.0000095,0.00015930,0.00001255,2.7474731207e-02,-1.2355557643e-02,1.0363,2.3193936348e+00
0.0700,0.0001665,0.0000095,0.00015950,0.00001254,2.8282817453e-02,-1.2315153144e-02,1.0373,2.3202018738e+00
0.0710,0.0001667,0.0000095,0.00015970,0.00001254,2.8282877058e-02,-1.2315153144e-02,1.0383,2.3202018738e+00
0.0720,0.0001667,0.0000095,0.00015990,0.00001254,2.7474788949e-02,-1.2355557643e-02,1.0393,2.3193938732e+00
0.0730,0.0001672,0.0000095,0.00016010,0.00001254,2.8686920181e-02,-1.2359595858e-02,1.0403,2.3206059933e+00
0.0740,0.0001676,0.0000095,0.00016020,0.00001254,2.9898991808e-02,-1.2371718884e-02,1.0413,2.3218178749e+00
0.0750,0.0001676,0.0000095,0.00016040,0.00001254,2.9090905562e-02,-1.2420202605e-02,1.0423,2.3210098743e+00
0.0760,0.0001680,0.0000095,0.00016060,0.00001254,2.9898991808e-02,-1.2379799038e-02,1.0433,2.3218178749e+00
0.0770,0.0001685,0.0000095,0.00016090,0.00001253,3.0707078055e-02,-1.2347476557e-02,1.0443,2.3226261139e+00
0.0780,0.0001686,0.0000095,0.00016110,0.00001252,3.0303034931e-02,-1.2323234230e-02,1.0453,2.3222219944e+00
0.0790,0.0001689,0.0000095,0.00016120,0.00001252,3.1111123040e-02,-1.2331315316e-02,1.0463,2.3230302334e+00
0.0800,0.0001690,0.0000095,0.00016140,0.00001252,3.0707078055e-02,-1.2294949964e-02,1.0473,2.3226261139e+00
0.0810,0.0001692,0.0000095,0.00016170,0.00001252,3.0303034931e-02,-1.2323234230e-02,1.0483,2.3222219944e+00
0.0820,0.0001703,0.0000095,0.00016180,0.00001252,3.4343473613e-02,-1.2335353531e-02,1.0493,2.3262624741e+00
0.0830,0.0001699,0.0000095,0.00016210,0.00001252,3.1515166163e-02,-1.2323234230e-02,1.0503,2.3234341145e+00
0.0840,0.0001710,0.0000095,0.00016240,0.00001252,3.4747514874e-02,-1.2363637798e-02,1.0513,2.3266665936e+00
0.0850,0.0001705,0.0000095,0.00016250,0.00001252,3.2323256135e-02,-1.2367679738e-02,1.0523,2.3242423534e+00
0.0860,0.0001710,0.0000095,0.00016280,0.00001251,3.3131342381e-02,-1.2298988178e-02,1.0533,2.3250503540e+00
0.0870,0.0001715,0.0000095,0.00016300,0.00001251,3.4343414009e-02,-1.2315150350e-02,1.0543,2.3262624741e+00
0.0880,0.0001713,0.0000095,0.00016320,0.00001250,3.2727237791e-02,-1.2274745852e-02,1.0553,2.3246462345e+00
0.0890,0.0001725,0.0000095,0.00016340,0.00001251,3.6767732352e-02,-1.2347472832e-02,1.0563,2.3286867142e+00
0.0900,0.0001725,0.0000095,0.00016370,0.00001250,3.5555601120e-02,-1.2294949964e-02,1.0573,2.3274745941e+00
0.0910,0.0001730,0.0000095,0.00016390,0.00001249,3.6767672747e-02,-1.2282826938e-02,1.0583,2.3286867142e+00
0.0920,0.0001724,0.0000095,0.00016410,0.00001249,3.3535383642e-02,-1.2274745852e-02,1.0593,2.3254544735e+00
0.0930,0.0001734,0.0000095,0.00016430,0.00001249,3.6767672747e-02,-1.2254546396e-02,1.0603,2.3286867142e+00
0.0940,0.0001734,0.0000094,0.00016450,0.00001249,3.5959586501e-02,-1.2331311591e-02,1.0613,2.3278784752e+00
0.0950,0.0001735,0.0000094,0.00016470,0.00001248,3.5555545241e-02,-1.2286868878e-02,1.0623,2.3274745941e+00
0.0960,0.0001748,0.0000094,0.00016500,0.00001248,3.9595980197e-02,-1.2286868878e-02,1.0633,2.3315150738e+00
0.0970,0.0001743,0.0000094,0.00016520,0.00001248,3.6767672747e-02,-1.2294949964e-02,1.0643,2.3286867142e+00
0.0980,0.0001750,0.0000094,0.00016550,0.00001247,3.8383848965e-02,-1.2270707637e-02,1.0653,2.3303029537e+00
0.0990,0.0001755,0.0000094,0.00016580,0.00001247,3.9191935211e-02,-1.2278788723e-02,1.0663,2.3311109543e+00
0.1000,0.0001758,0.0000094,0.00016610,0.00001248,3.9191935211e-02,-1.2298988178e-02,1.0673,2.3311109543e+00
0.1010,0.0001763,0.0000094,0.00016620,0.00001247,4.0808107704e-02,-1.2311111204e-02,1.0683,2.3327271938e+00
0.1020,0.0001770,0.0000094,0.00016670,0.00001247,4.1616138071e-02,-1.2290908024e-02,1.0693,2.3335351944e+00
0.1030,0.0001771,0.0000094,0.00016700,0.00001247,4.0808051825e-02,-1.2294949964e-02,1.0703,2.3327269554e+00
0.1040,0.0001771,0.0000094,0.00016710,0.00001246,4.0404006839e-02,-1.2222223915e-02,1.0713,2.3323230743e+00
0.1050,0.0001771,0.0000094,0.00016740,0.00001246,3.9191935211e-02,-1.2210100889e-02,1.0723,2.3311109543e+00
0.1060,0.0001783,0.0000094,0.00016760,0.00001246,4.3232370168e-02,-1.2323234230e-02,1.0733,2.3351514339e+00
0.1070,0.0001781,0.0000094,0.00016790,0.00001245,4.1212152690e-02,-1.2230304070e-02,1.0743,2.3331310749e+00
0.1080,0.0001784,0.0000094,0.00016810,0.00001246,4.1616197675e-02,-1.2262627482e-02,1.0753,2.3335351944e+00
0.1090,0.0001792,0.0000094,0.00016840,0.00001245,4.3636355549e-02,-1.2278788723e-02,1.0763,2.3355553150e+00
0.1100,0.0001793,0.0000094,0.00016870,0.00001245,4.2828269303e-02,-1.2246465310e-02,1.0773,2.3347473145e+00
0.1110,0.0001794,0.0000094,0.00016890,0.00001244,4.2424224317e-02,-1.2218184769e-02,1.0783,2.3343431950e+00
0.1120,0.0001801,0.0000094,0.00016920,0.00001244,4.4040456414e-02,-1.2266669422e-02,1.0793,2.3359594345e+00
0.1130,0.0001804,0.0000094,0.00016940,0.00001244,4.4444501400e-02,-1.2242427096e-02,1.0803,2.3363635540e+00
0.1140,0.0001809,0.0000094,0.00016970,0.00001243,4.5252528042e-02,-1.2181819417e-02,1.0813,2.3371715546e+00
0.1150,0.0001816,0.0000094,0.00017000,0.00001243,4.6868700534e-02,-1.2197981589e-02,1.0823,2.3387877941e+00
0.1160,0.0001817,0.0000094,0.00017030,0.00001243,4.6060614288e-02,-1.2197981589e-02,1.0833,2.3379795551e+00
0.1170,0.0001818,0.0000094,0.00017060,0.00001243,4.5252528042e-02,-1.2173739262e-02,1.0843,2.3371715546e+00
0.1180,0.0001826,0.0000094,0.00017090,0.00001243,4.7272685915e-02,-1.2177781202e-02,1.0853,2.3391916752e+00
0.1190,0.0001833,0.0000094,0.00017110,0.00001243,4.9292962998e-02,-1.2234346010e-02,1.0863,2.3412120342e+00
0.1200,0.0001830,0.0000094,0.00017150,0.00001243,4.6464659274e-02,-1.2242427096e-02,1.0873,2.3383836746e+00
0.1210,0.0001840,0.0000094,0.00017180,0.00001243,4.9292962998e-02,-1.2258588336e-02,1.0883,2.3412120342e+00
0.1220,0.0001845,0.0000094,0.00017210,0.00001243,5.0100989640e-02,-1.2254546396e-02,1.0893,2.3420200348e+00
0.1230,0.0001848,0.0000094,0.00017250,0.00001244,4.9696948379e-02,-1.2303031050e-02,1.0903,2.3416159153e+00
0.1240,0.0001850,0.0000094,0.00017280,0.00001243,4.9292903394e-02,-1.2230304070e-02,1.0913,2.3412117958e+00
0.1250,0.0001858,0.0000094,0.00017310,0.00001242,5.1313180476e-02,-1.2230300345e-02,1.0923,2.3432321548e+00
0.1260,0.0001861,0.0000094,0.00017340,0.00001243,5.1313180476e-02,-1.2282830663e-02,1.0933,2.3432321548e+00
0.1270,0.0001863,0.0000094,0.00017370,0.00001242,5.0909135491e-02,-1.2234342285e-02,1.0943,2.3428280354e+00
0.1280,0.0001869,0.0000094,0.00017400,0.00001242,5.2121207118e-02,-1.2290908024e-02,1.0953,2.3440401554e+00
0.1290,0.0001877,0.0000094,0.00017440,0.00001242,5.3737383336e-02,-1.2258584611e-02,1.0963,2.3456563950e+00
0.1300,0.0001879,0.0000094,0.00017460,0.00001241,5.3737383336e-02,-1.2222220190e-02,1.0973,2.3456563950e+00
0.1310,0.0001883,0.0000094,0.00017510,0.00001238,5.3333338350e-02,-1.2096970342e-02,1.0983,2.3452522755e+00
0.1320,0.0001895,0.0000094,0.00017540,0.00001237,5.6969732046e-02,-1.2076767161e-02,1.0993,2.3488886356e+00
0.1330,0.0001889,0.0000094,0.00017570,0.00001236,5.3333338350e-02,-1.2020201422e-02,1.1003,2.3452522755e+00
0.1340,0.0001904,0.0000094,0.00017610,0.00001236,5.7777758688e-02,-1.2052524835e-02,1.1013,2.3496966362e+00
0.1350,0.0001903,0.0000094,0.00017640,0.00001236,5.6161586195e-02,-1.2088889256e-02,1.1023,2.3480806351e+00
0.1360,0.0001901,0.0000094,0.00017670,0.00001235,5.4141424596e-02,-1.1987878941e-02,1.1033,2.3460605145e+00
0.1370,0.0001915,0.0000094,0.00017710,0.00001235,5.8181859553e-02,-1.2024244294e-02,1.1043,2.3501007557e+00
0.1380,0.0001922,0.0000094,0.00017750,0.00001237,5.9393931180e-02,-1.2145454995e-02,1.1053,2.3513128757e+00
0.1390,0.0001926,0.0000094,0.00017780,0.00001237,5.9797976166e-02,-1.2133335695e-02,1.1063,2.3517169952e+00
0.1400,0.0001932,0.0000094,0.00017830,0.00001237,6.0202021152e-02,-1.2149496935e-02,1.1073,2.3521211147e+00
0.1410,0.0001942,0.0000094,0.00017870,0.00001238,6.2626279891e-02,-1.2234342285e-02,1.1083,2.3545453548e+00
0.1420,0.0001940,0.0000094,0.00017910,0.00001239,6.0202021152e-02,-1.2238385156e-02,1.1093,2.3521211147e+00
0.1430,0.0001948,0.0000093,0.00017950,0.00001239,6.1818193644e-02,-1.2319192290e-02,1.1103,2.3537371159e+00
0.1440,0.0001955,0.0000094,0.00017990,0.00001239,6.3030317426e-02,-1.2262627482e-02,1.1113,2.3549492359e+00
0.1450,0.0001962,0.0000094,0.00018030,0.00001239,6.4242392778e-02,-1.2278788723e-02,1.1123,2.3561613560e+00
0.1460,0.0001966,0.0000094,0.00018070,0.00001238,6.4242452383e-02,-1.2218181044e-02,1.1133,2.3561613560e+00
0.1470,0.0001975,0.0000093,0.00018130,0.00001237,6.5454579890e-02,-1.2226262130e-02,1.1143,2.3573734760e+00
0.1480,0.0001984,0.0000093,0.00018170,0.00001237,6.7474737763e-02,-1.2222223915e-02,1.1153,2.3593938351e+00
0.1490,0.0001981,0.0000094,0.00018200,0.00001236,6.5050475299e-02,-1.2161616236e-02,1.1163,2.3569693565e+00
0.1500,0.0001996,0.0000094,0.00018250,0.00001235,6.9090910256e-02,-1.2109093368e-02,1.1173,2.3610098362e+00
0.1510,0.0002000,0.0000093,0.00018290,0.00001235,6.9090910256e-02,-1.2125254609e-02,1.1183,2.3610098362e+00
0.1520,0.0002001,0.0000094,0.00018330,0.00001236,6.7878782749e-02,-1.2149496935e-02,1.1193,2.3597977161e+00
0.1530,0.0002016,0.0000093,0.00018370,0.00001235,7.2323262691e-02,-1.2145454995e-02,1.1203,2.3642423153e+00
0.1540,0.0002024,0.0000093,0.00018440,0.00001236,7.2727248073e-02,-1.2202019803e-02,1.1213,2.3646461964e+00
0.1550,0.0002024,0.0000093,0.00018470,0.00001235,7.1515172720e-02,-1.2137373909e-02,1.1223,2.3634340763e+00
0.1560,0.0002036,0.0000093,0.00018520,0.00001235,7.4343420565e-02,-1.2173739262e-02,1.1233,2.3662624359e+00
0.1570,0.0002040,0.0000093,0.00018570,0.00001235,7.3939375579e-02,-1.2238385156e-02,1.1243,2.3658583164e+00
0.1580,0.0002040,0.0000093,0.00018620,0.00001234,7.1919158101e-02,-1.2117170729e-02,1.1253,2.3638381958e+00
0.1590,0.0002060,0.0000093,0.00018670,0.00001234,7.7979810536e-02,-1.2189896777e-02,1.1263,2.3698987961e+00
0.1600,0.0002063,0.0000093,0.00018720,0.00001235,7.7171728015e-02,-1.2246465310e-02,1.1273,2.3690907955e+00
0.1610,0.0002069,0.0000093,0.00018780,0.00001234,7.7171728015e-02,-1.2149493210e-02,1.1283,2.3690907955e+00
0.1620,0.0002084,0.0000093,0.00018820,0.00001233,8.1616140902e-02,-1.2153535150e-02,1.1293,2.3735351562e+00
0.1630,0.0002090,0.0000093,0.00018870,0.00001232,8.2020245492e-02,-1.2137373909e-02,1.1303,2.3739392757e+00
0.1640,0.0002086,0.0000093,0.00018930,0.00001232,7.7979810536e-02,-1.2125250883e-02,1.1313,2.3698987961e+00
0.1650,0.0002112,0.0000093,0.00018970,0.00001231,8.6868651211e-02,-1.2084847316e-02,1.1323,2.3787877560e+00
0.1660,0.0002117,0.0000093,0.00019030,0.00001231,8.6464665830e-02,-1.2145454995e-02,1.1333,2.3783836365e+00
0.1670,0.0002123,0.0000093,0.00019090,0.00001230,8.6464665830e-02,-1.2076767161e-02,1.1343,2.3783836365e+00
0.1680,0.0002130,0.0000093,0.00019140,0.00001231,8.7272755802e-02,-1.2101008557e-02,1.1353,2.3791916370e+00
0.1690,0.0002138,0.0000093,0.00019200,0.00001230,8.8080778718e-02,-1.2105051428e-02,1.1363,2.3799998760e+00
0.1700,0.0002150,0.0000093,0.00019260,0.00001230,9.0505041182e-02,-1.2096970342e-02,1.1373,2.3824241161e+00
0.1710,0.0002154,0.0000093,0.00019320,0.00001230,8.9696951210e-02,-1.2121212669e-02,1.1383,2.3816158772e+00
0.1720,0.0002171,0.0000093,0.00019380,0.00001230,9.4141371548e-02,-1.2149493210e-02,1.1393,2.3860604763e+00
0.1730,0.0002176,0.0000093,0.00019450,0.00001230,9.3333348632e-02,-1.2173739262e-02,1.1403,2.3852522373e+00
0.1740,0.0002184,0.0000093,0.00019500,0.00001230,9.4545476139e-02,-1.2133331969e-02,1.1413,2.3864643574e+00
0.1750,0.0002201,0.0000093,0.00019570,0.00001229,9.8585851490e-02,-1.2149496935e-02,1.1423,2.3905048370e+00
0.1760,0.0002209,0.0000093,0.00019630,0.00001229,9.9393941462e-02,-1.2157578021e-02,1.1433,2.3913128376e+00
0.1770,0.0002219,0.0000093,0.00019680,0.00001230,1.0141415894e-01,-1.2165654451e-02,1.1443,2.3933331966e+00
0.1780,0.0002232,0.0000093,0.00019750,0.00001228,1.0383836180e-01,-1.2145454995e-02,1.1453,2.3957574368e+00
0.1790,0.0002243,0.0000093,0.00019810,0.00001228,1.0585863888e-01,-1.2149496935e-02,1.1463,2.3977775574e+00
0.1800,0.0002253,0.0000093,0.00019890,0.00001229,1.0666666180e-01,-1.2185858563e-02,1.1473,2.3985855579e+00
0.1810,0.0002261,0.0000093,0.00019950,0.00001229,1.0747475177e-01,-1.2226262130e-02,1.1483,2.3993937969e+00
0.1820,0.0002271,0.0000093,0.00020020,0.00001228,1.0868687928e-01,-1.2169697322e-02,1.1493,2.4006059170e+00
0.1830,0.0002277,0.0000093,0.00020090,0.00001228,1.0828283429e-01,-1.2177777477e-02,1.1503,2.4002017975e+00
0.1840,0.0002303,0.0000093,0.00020160,0.00001227,1.1595954746e-01,-1.2181819417e-02,1.1513,2.4078786373e+00
0.1850,0.0002311,0.0000092,0.00020250,0.00001225,1.1555556208e-01,-1.2145454995e-02,1.1523,2.4074745178e+00
0.1860,0.0002323,0.0000093,0.00020330,0.00001225,1.1717167497e-01,-1.2072724290e-02,1.1533,2.4090907574e+00
0.1870,0.0002333,0.0000093,0.00020390,0.00001226,1.1878790706e-01,-1.2105051428e-02,1.1543,2.4107069969e+00
0.1880,0.0002352,0.0000093,0.00020480,0.00001227,1.2282828242e-01,-1.2197981589e-02,1.1553,2.4147472382e+00
0.1890,0.0002361,0.0000092,0.00020550,0.00001226,1.2363637239e-01,-1.2197981589e-02,1.1563,2.4155554771e+00
0.1900,0.0002376,0.0000093,0.00020640,0.00001226,1.2606063485e-01,-1.2137373909e-02,1.1573,2.4179797173e+00
0.1910,0.0002395,0.0000092,0.00020710,0.00001225,1.3090910017e-01,-1.2165654451e-02,1.1583,2.4228281975e+00
0.1920,0.0002404,0.0000092,0.00020810,0.00001225,1.3050505519e-01,-1.2189896777e-02,1.1593,2.4224240780e+00
0.1930,0.0002418,0.0000092,0.00020890,0.00001225,1.3292926550e-01,-1.2133331969e-02,1.1603,2.4248483181e+00
0.1940,0.0002432,0.0000092,0.00020970,0.00001225,1.3535358012e-01,-1.2234342285e-02,1.1613,2.4272725582e+00
0.1950,0.0002446,0.0000092,0.00021060,0.00001225,1.3737374544e-01,-1.2230300345e-02,1.1623,2.4292926788e+00
0.1960,0.0002460,0.0000092,0.00021160,0.00001225,1.3898997009e-01,-1.2230300345e-02,1.1633,2.4309089184e+00
0.1970,0.0002476,0.0000092,0.00021240,0.00001224,1.4222221076e-01,-1.2197977863e-02,1.1643,2.4341411591e+00
0.1980,0.0002495,0.0000092,0.00021340,0.00001224,1.4585866034e-01,-1.2294949964e-02,1.1653,2.4377777576e+00
0.1990,0.0002508,0.0000092,0.00021440,0.00001224,1.4707066119e-01,-1.2327272445e-02,1.1663,2.4389896393e+00
