Potential,Disk-O2,Ring-O2,Disk-N2,Ring-N2,Disk-Density,Ring-Density,Potential_RHE,ABS
-0.9000,-0.0013500,0.0001050,-0.00056200,0.00001260,-3.1838386059e+00,3.7333333492e-01,0.0673,1.3135355711e+00
-0.8990,-0.0012900,0.0001050,-0.00050900,0.00001240,-3.1555557251e+00,3.7414142489e-01,0.0683,1.2852526903e+00
-0.8980,-0.0012600,0.0001040,-0.00046200,0.00001220,-3.2242424488e+00,3.7090909481e-01,0.0693,1.3539394140e+00
-0.8970,-0.0012400,0.0001040,-0.00042100,0.00001210,-3.3090908527e+00,3.7131312490e-01,0.0703,1.4387878180e+00
-0.8960,-0.0012100,0.0001040,-0.00038500,0.00001200,-3.3333332539e+00,3.7171718478e-01,0.0713,1.4630302191e+00
-0.8950,-0.0012000,0.0001040,-0.00035300,0.00001180,-3.4222223759e+00,3.7252524495e-01,0.0723,1.5519193411e+00
-0.8940,-0.0011800,0.0001030,-0.00032400,0.00001170,-3.4585859776e+00,3.6888888478e-01,0.0733,1.5882829428e+00
-0.8930,-0.0011600,0.0001030,-0.00029800,0.00001160,-3.4828281403e+00,3.6929291487e-01,0.0743,1.6125251055e+00
-0.8920,-0.0011500,0.0001030,-0.00027500,0.00001150,-3.5353536606e+00,3.6969697475e-01,0.0753,1.6650506258e+00
-0.8910,-0.0011400,0.0001030,-0.00025400,0.00001140,-3.5797977448e+00,3.7010100484e-01,0.0763,1.7094947100e+00
-0.8900,-0.0011300,0.0001030,-0.00023400,0.00001130,-3.6202018261e+00,3.7050506473e-01,0.0773,1.7498987913e+00
-0.8890,-0.0011200,0.0001020,-0.00021700,0.00001120,-3.6484849453e+00,3.6686867476e-01,0.0783,1.7781819105e+00
-0.8880,-0.0011100,0.0001020,-0.00020000,0.00001120,-3.6767673492e+00,3.6686867476e-01,0.0793,1.8064643145e+00
-0.8870,-0.0011000,0.0001020,-0.00018600,0.00001110,-3.6929292679e+00,3.6727273464e-01,0.0803,1.8226262331e+00
-0.8860,-0.0010900,0.0001020,-0.00017200,0.00001100,-3.7090909481e+00,3.6767673492e-01,0.0813,1.8387879133e+00
-0.8850,-0.0010800,0.0001020,-0.00016000,0.00001090,-3.7171716690e+00,3.6808079481e-01,0.0823,1.8468686342e+00
-0.8840,-0.0010700,0.0001020,-0.00014800,0.00001080,-3.7252523899e+00,3.6848482490e-01,0.0833,1.8549493551e+00
-0.8830,-0.0010700,0.0001020,-0.00013800,0.00001080,-3.7656564713e+00,3.6848482490e-01,0.0843,1.8953534365e+00
-0.8820,-0.0010600,0.0001010,-0.00012800,0.00001070,-3.7656567097e+00,3.6484846473e-01,0.0853,1.8953536749e+00
-0.8810,-0.0010500,0.0001010,-0.00011900,0.00001060,-3.7616162300e+00,3.6525252461e-01,0.0863,1.8913131952e+00
-0.8800,-0.0010500,0.0001010,-0.00011000,0.00001060,-3.7979795933e+00,3.6525252461e-01,0.0873,1.9276765585e+00
-0.8790,-0.0010400,0.0001010,-0.00010200,0.00001050,-3.7898988724e+00,3.6565655470e-01,0.0883,1.9195958376e+00
-0.8780,-0.0010300,0.0001010,-0.00009460,0.00001040,-3.7793941498e+00,3.6606061459e-01,0.0893,1.9090911150e+00
-0.8770,-0.0010300,0.0001010,-0.00008750,0.00001040,-3.8080811501e+00,3.6606061459e-01,0.0903,1.9377781153e+00
-0.8760,-0.0010200,0.0001010,-0.00008080,0.00001030,-3.7947473526e+00,3.6646464467e-01,0.0913,1.9244443178e+00
-0.8750,-0.0010200,0.0001000,-0.00007440,0.00001030,-3.8206059933e+00,3.6242425442e-01,0.0923,1.9503029585e+00
-0.8740,-0.0010200,0.0001000,-0.00006770,0.00001020,-3.8476767540e+00,3.6282828450e-01,0.0933,1.9773737192e+00
-0.8730,-0.0010100,0.0001000,-0.00006230,0.00001020,-3.8290908337e+00,3.6282828450e-01,0.0943,1.9587877989e+00
-0.8720,-0.0010100,0.0001000,-0.00005790,0.00001010,-3.8468687534e+00,3.6323231459e-01,0.0953,1.9765657187e+00
-0.8710,-0.0010000,0.0001000,-0.00005270,0.00001010,-3.8274750710e+00,3.6323231459e-01,0.0963,1.9571720362e+00
-0.8700,-0.0009980,0.0000997,-0.00004840,0.00001000,-3.8367676735e+00,3.6242425442e-01,0.0973,1.9664646387e+00
-0.8690,-0.0009930,0.0000997,-0.00004400,0.00000996,-3.8343434334e+00,3.6258587241e-01,0.0983,1.9640403986e+00
-0.8680,-0.0009910,0.0000998,-0.00003970,0.00000992,-3.8436362743e+00,3.6315155029e-01,0.0993,1.9733332396e+00
-0.8670,-0.0009870,0.0000995,-0.00003580,0.00000987,-3.8432321548e+00,3.6214143038e-01,0.1003,1.9729291201e+00
-0.8660,-0.0009840,0.0000995,-0.00003190,0.00000983,-3.8468687534e+00,3.6230301857e-01,0.1013,1.9765657187e+00
-0.8650,-0.0009810,0.0000994,-0.00002830,0.00000978,-3.8492929935e+00,3.6210101843e-01,0.1023,1.9789899588e+00
-0.8640,-0.0009740,0.0000993,-0.00002480,0.00000974,-3.8351516724e+00,3.6185860634e-01,0.1033,1.9648486376e+00
-0.8630,-0.0009730,0.0000990,-0.00002140,0.00000971,-3.8448486328e+00,3.6076766253e-01,0.1043,1.9745455980e+00
-0.8620,-0.0009730,0.0000990,-0.00001820,0.00000966,-3.8577778339e+00,3.6096969247e-01,0.1053,1.9874747992e+00
-0.8610,-0.0009670,0.0000989,-0.00001510,0.00000963,-3.8460607529e+00,3.6068686843e-01,0.1063,1.9757577181e+00
-0.8600,-0.0009620,0.0000989,-0.00001200,0.00000960,-3.8383839130e+00,3.6080807447e-01,0.1073,1.9680808783e+00
-0.8590,-0.0009670,0.0000988,-0.00000924,0.00000956,-3.8697373867e+00,3.6056569219e-01,0.1083,1.9994343519e+00
-0.8580,-0.0009620,0.0000989,-0.00000620,0.00000952,-3.8618183136e+00,3.6113128066e-01,0.1093,1.9915152788e+00
-0.8570,-0.0009570,0.0000986,-0.00000385,0.00000948,-3.8511109352e+00,3.6008080840e-01,0.1103,1.9808079004e+00
-0.8560,-0.0009580,0.0000987,-0.00000144,0.00000944,-3.8648889065e+00,3.6064645648e-01,0.1113,1.9945858717e+00
-0.8550,-0.0009530,0.0000987,0.00000110,0.00000941,-3.8549494743e+00,3.6076766253e-01,0.1123,1.9846464396e+00
-0.8540,-0.0009520,0.0000986,0.00000337,0.00000938,-3.8600807190e+00,3.6048486829e-01,0.1133,1.9897776842e+00
-0.8530,-0.0009540,0.0000985,0.00000550,0.00000934,-3.8767676353e+00,3.6024242640e-01,0.1143,2.0064644814e+00
-0.8520,-0.0009480,0.0000985,0.00000764,0.00000931,-3.8611717224e+00,3.6036363244e-01,0.1153,1.9908686876e+00
-0.8510,-0.0009470,0.0000984,0.00000981,0.00000928,-3.8658990860e+00,3.6008080840e-01,0.1163,1.9955960512e+00
-0.8500,-0.0009430,0.0000983,0.00001180,0.00000925,-3.8577778339e+00,3.5979798436e-01,0.1173,1.9874747992e+00
-0.8490,-0.0009450,0.0000984,0.00001380,0.00000923,-3.8739392757e+00,3.6028283834e-01,0.1183,2.0036363602e+00
-0.8480,-0.0009400,0.0000983,0.00001560,0.00000920,-3.8610100746e+00,3.6000001431e-01,0.1193,1.9907070398e+00
-0.8470,-0.0009400,0.0000982,0.00001720,0.00000917,-3.8674747944e+00,3.5971716046e-01,0.1203,1.9971717596e+00
-0.8460,-0.0009360,0.0000981,0.00001890,0.00000914,-3.8581819534e+00,3.5943433642e-01,0.1213,1.9878789186e+00
-0.8450,-0.0009350,0.0000981,0.00002060,0.00000912,-3.8610100746e+00,3.5951516032e-01,0.1223,1.9907070398e+00
-0.8440,-0.0009320,0.0000979,0.00002230,0.00000909,-3.8557574749e+00,3.5882830620e-01,0.1233,1.9854544401e+00
-0.8430,-0.0009280,0.0000982,0.00002380,0.00000906,-3.8456566334e+00,3.6016160250e-01,0.1243,1.9753535986e+00
-0.8420,-0.0009330,0.0000980,0.00002550,0.00000903,-3.8727273941e+00,3.5947471857e-01,0.1253,2.0024242401e+00
-0.8410,-0.0009290,0.0000979,0.00002740,0.00000902,-3.8642423153e+00,3.5911113024e-01,0.1263,1.9939392805e+00
-0.8400,-0.0009260,0.0000978,0.00002890,0.00000899,-3.8581817150e+00,3.5882830620e-01,0.1273,1.9878786802e+00
-0.8390,-0.0009230,0.0000977,0.00003010,0.00000897,-3.8509089947e+00,3.5850507021e-01,0.1283,1.9806059599e+00
-0.8380,-0.0009230,0.0000978,0.00003110,0.00000893,-3.8549494743e+00,3.5907071829e-01,0.1293,1.9846464396e+00
-0.8370,-0.0009220,0.0000978,0.00003240,0.00000891,-3.8561615944e+00,3.5915154219e-01,0.1303,1.9858585596e+00
-0.8360,-0.0009200,0.0000977,0.00003360,0.00000889,-3.8529295921e+00,3.5882830620e-01,0.1313,1.9826265574e+00
-0.8350,-0.0009190,0.0000975,0.00003480,0.00000886,-3.8537373543e+00,3.5814142227e-01,0.1323,1.9834343195e+00
-0.8340,-0.0009150,0.0000976,0.00003600,0.00000884,-3.8424241543e+00,3.5862627625e-01,0.1333,1.9721211195e+00
-0.8330,-0.0009160,0.0000975,0.00003710,0.00000882,-3.8509089947e+00,3.5830301046e-01,0.1343,1.9806059599e+00
-0.8320,-0.0009130,0.0000975,0.00003830,0.00000880,-3.8436365128e+00,3.5838383436e-01,0.1353,1.9733334780e+00
-0.8310,-0.0009130,0.0000974,0.00003950,0.00000878,-3.8484849930e+00,3.5806059837e-01,0.1363,1.9781819582e+00
-0.8300,-0.0009130,0.0000975,0.00004050,0.00000875,-3.8525254726e+00,3.5858586431e-01,0.1373,1.9822224379e+00
-0.8290,-0.0009090,0.0000974,0.00004160,0.00000873,-3.8408081532e+00,3.5826262832e-01,0.1383,1.9705051184e+00
-0.8280,-0.0009080,0.0000973,0.00004260,0.00000871,-3.8408079147e+00,3.5793939233e-01,0.1393,1.9705048800e+00
-0.8270,-0.0009080,0.0000973,0.00004360,0.00000869,-3.8448483944e+00,3.5802021623e-01,0.1403,1.9745453596e+00
-0.8260,-0.0009050,0.0000973,0.00004460,0.00000867,-3.8367676735e+00,3.5810101032e-01,0.1413,1.9664646387e+00
-0.8250,-0.0009050,0.0000972,0.00004560,0.00000865,-3.8408081532e+00,3.5777777433e-01,0.1423,1.9705051184e+00
-0.8240,-0.0009040,0.0000972,0.00004650,0.00000863,-3.8404040337e+00,3.5785859823e-01,0.1433,1.9701009989e+00
-0.8230,-0.0009020,0.0000973,0.00004740,0.00000860,-3.8359596729e+00,3.5838383436e-01,0.1443,1.9656566381e+00
-0.8220,-0.0008980,0.0000971,0.00004840,0.00000859,-3.8238384724e+00,3.5761612654e-01,0.1453,1.9535354376e+00
-0.8210,-0.0009010,0.0000970,0.00004910,0.00000857,-3.8387880325e+00,3.5729292035e-01,0.1463,1.9684849977e+00
-0.8200,-0.0008980,0.0000971,0.00004990,0.00000855,-3.8298990726e+00,3.5777777433e-01,0.1473,1.9595960379e+00
-0.8190,-0.0008960,0.0000971,0.00005120,0.00000853,-3.8270707130e+00,3.5785859823e-01,0.1483,1.9567676783e+00
-0.8180,-0.0008970,0.0000971,0.00005190,0.00000852,-3.8339395523e+00,3.5789898038e-01,0.1493,1.9636365175e+00
-0.8170,-0.0008960,0.0000970,0.00005260,0.00000851,-3.8327271938e+00,3.5753533244e-01,0.1503,1.9624241590e+00
-0.8160,-0.0008900,0.0000969,0.00005330,0.00000849,-3.8113131523e+00,3.5721212626e-01,0.1513,1.9410101175e+00
-0.8150,-0.0008950,0.0000970,0.00005400,0.00000847,-3.8343434334e+00,3.5769695044e-01,0.1523,1.9640403986e+00
-0.8140,-0.0008910,0.0000970,0.00005470,0.00000844,-3.8210101128e+00,3.5781815648e-01,0.1533,1.9507070780e+00
-0.8130,-0.0008900,0.0000969,0.00005550,0.00000843,-3.8202021122e+00,3.5745456815e-01,0.1543,1.9498990774e+00
-0.8120,-0.0008890,0.0000969,0.00005620,0.00000842,-3.8189899921e+00,3.5749495029e-01,0.1553,1.9486869574e+00
-0.8110,-0.0008890,0.0000969,0.00005680,0.00000840,-3.8214142323e+00,3.5757577419e-01,0.1563,1.9511111975e+00
-0.8100,-0.0008870,0.0000968,0.00005740,0.00000839,-3.8157575130e+00,3.5721212626e-01,0.1573,1.9454544783e+00
-0.8090,-0.0008860,0.0000968,0.00005810,0.00000837,-3.8145453930e+00,3.5729295015e-01,0.1583,1.9442423582e+00
-0.8080,-0.0008850,0.0000969,0.00005860,0.00000835,-3.8125250340e+00,3.5777780414e-01,0.1593,1.9422219992e+00
-0.8070,-0.0008840,0.0000968,0.00005930,0.00000833,-3.8113129139e+00,3.5745453835e-01,0.1603,1.9410098791e+00
-0.8060,-0.0008830,0.0000968,0.00005990,0.00000831,-3.8096969128e+00,3.5753536224e-01,0.1613,1.9393938780e+00
-0.8050,-0.0008830,0.0000968,0.00006050,0.00000830,-3.8121211529e+00,3.5757577419e-01,0.1623,1.9418181181e+00
-0.8040,-0.0008810,0.0000968,0.00006110,0.00000829,-3.8064646721e+00,3.5761615634e-01,0.1633,1.9361616373e+00
-0.8030,-0.0008800,0.0000968,0.00006170,0.00000827,-3.8048484325e+00,3.5769698024e-01,0.1643,1.9345453978e+00
-0.8020,-0.0008780,0.0000968,0.00006220,0.00000827,-3.7987878323e+00,3.5769698024e-01,0.1653,1.9284847975e+00
-0.8010,-0.0008780,0.0000967,0.00006270,0.00000825,-3.8008081913e+00,3.5737374425e-01,0.1663,1.9305051565e+00
-0.8000,-0.0008770,0.0000967,0.00006340,0.00000823,-3.7995960712e+00,3.5745453835e-01,0.1673,1.9292930365e+00
-0.7990,-0.0008760,0.0000967,0.00006400,0.00000823,-3.7979798317e+00,3.5745453835e-01,0.1683,1.9276767969e+00
-0.7980,-0.0008740,0.0000968,0.00006450,0.00000822,-3.7919194698e+00,3.5789901018e-01,0.1693,1.9216164351e+00
-0.7970,-0.0008760,0.0000968,0.00006490,0.00000820,-3.8016159534e+00,3.5797983408e-01,0.1703,1.9313129187e+00
-0.7960,-0.0008730,0.0000966,0.00006550,0.00000818,-3.7919192314e+00,3.5725250840e-01,0.1713,1.9216161966e+00
-0.7950,-0.0008740,0.0000968,0.00006590,0.00000817,-3.7975757122e+00,3.5810104012e-01,0.1723,1.9272726774e+00
-0.7940,-0.0008710,0.0000967,0.00006640,0.00000816,-3.7874746323e+00,3.5773736238e-01,0.1733,1.9171715975e+00
-0.7930,-0.0008720,0.0000967,0.00006690,0.00000815,-3.7935352325e+00,3.5777780414e-01,0.1743,1.9232321978e+00
-0.7920,-0.0008710,0.0000967,0.00006730,0.00000814,-3.7911109924e+00,3.5781818628e-01,0.1753,1.9208079576e+00
-0.7910,-0.0008690,0.0000966,0.00006780,0.00000813,-3.7850503922e+00,3.5745453835e-01,0.1763,1.9147473574e+00
-0.7900,-0.0008680,0.0000966,0.00006820,0.00000811,-3.7826261520e+00,3.5753536224e-01,0.1773,1.9123231173e+00
-0.7890,-0.0008660,0.0000966,0.00006860,0.00000810,-3.7761616707e+00,3.5757577419e-01,0.1783,1.9058586359e+00
-0.7880,-0.0008650,0.0000965,0.00006900,0.00000809,-3.7737374306e+00,3.5721212626e-01,0.1793,1.9034343958e+00
-0.7870,-0.0008660,0.0000966,0.00006950,0.00000807,-3.7797980309e+00,3.5769698024e-01,0.1803,1.9094949961e+00
-0.7860,-0.0008630,0.0000965,0.00006990,0.00000806,-3.7692928314e+00,3.5733333230e-01,0.1813,1.8989897966e+00
-0.7850,-0.0008620,0.0000964,0.00007040,0.00000805,-3.7672727108e+00,3.5696968436e-01,0.1823,1.8969696760e+00
-0.7840,-0.0008610,0.0000966,0.00007080,0.00000804,-3.7648484707e+00,3.5781818628e-01,0.1833,1.8945454359e+00
-0.7830,-0.0008630,0.0000966,0.00007120,0.00000803,-3.7745454311e+00,3.5785859823e-01,0.1843,1.9042423964e+00
-0.7820,-0.0008590,0.0000965,0.00007160,0.00000802,-3.7600002289e+00,3.5749495029e-01,0.1853,1.8896971941e+00
-0.7810,-0.0008600,0.0000965,0.00007200,0.00000801,-3.7656564713e+00,3.5753536224e-01,0.1863,1.8953534365e+00
-0.7800,-0.0008590,0.0000965,0.00007240,0.00000800,-3.7632322311e+00,3.5757574439e-01,0.1873,1.8929291964e+00
-0.7790,-0.0008580,0.0000965,0.00007270,0.00000799,-3.7604041100e+00,3.5761615634e-01,0.1883,1.8901010752e+00
-0.7780,-0.0008560,0.0000965,0.00007310,0.00000798,-3.7539393902e+00,3.5765656829e-01,0.1893,1.8836363554e+00
-0.7770,-0.0008570,0.0000966,0.00007340,0.00000797,-3.7591917515e+00,3.5810101032e-01,0.1903,1.8888887167e+00
-0.7760,-0.0008540,0.0000966,0.00007380,0.00000796,-3.7486867905e+00,3.5814142227e-01,0.1913,1.8783837557e+00
-0.7750,-0.0008540,0.0000964,0.00007420,0.00000795,-3.7503027916e+00,3.5737371445e-01,0.1923,1.8799997568e+00
-0.7740,-0.0008520,0.0000965,0.00007450,0.00000794,-3.7434344292e+00,3.5781818628e-01,0.1933,1.8731313944e+00
-0.7730,-0.0008550,0.0000965,0.00007480,0.00000793,-3.7567675114e+00,3.5785859823e-01,0.1943,1.8864644766e+00
-0.7720,-0.0008520,0.0000965,0.00007510,0.00000792,-3.7458586693e+00,3.5789898038e-01,0.1953,1.8755556345e+00
-0.7710,-0.0008510,0.0000965,0.00007550,0.00000791,-3.7434344292e+00,3.5793939233e-01,0.1963,1.8731313944e+00
-0.7700,-0.0008510,0.0000965,0.00007580,0.00000790,-3.7446465492e+00,3.5797980428e-01,0.1973,1.8743435144e+00
-0.7690,-0.0008510,0.0000965,0.00007610,0.00000789,-3.7458586693e+00,3.5802021623e-01,0.1983,1.8755556345e+00
-0.7680,-0.0008500,0.0000965,0.00007650,0.00000789,-3.7434344292e+00,3.5802021623e-01,0.1993,1.8731313944e+00
-0.7670,-0.0008490,0.0000965,0.00007680,0.00000787,-3.7406060696e+00,3.5810101032e-01,0.2003,1.8703030348e+00
-0.7660,-0.0008480,0.0000966,0.00007700,0.00000786,-3.7373738289e+00,3.5854545236e-01,0.2013,1.8670707941e+00
-0.7650,-0.0008420,0.0000964,0.00007730,0.00000785,-3.7143435478e+00,3.5777777433e-01,0.2023,1.8440405130e+00
-0.7640,-0.0008480,0.0000965,0.00007760,0.00000784,-3.7397980690e+00,3.5822224617e-01,0.2033,1.8694950342e+00
-0.7630,-0.0008460,0.0000966,0.00007790,0.00000784,-3.7329292297e+00,3.5862627625e-01,0.2043,1.8626261950e+00
-0.7620,-0.0008440,0.0000966,0.00007820,0.00000783,-3.7260608673e+00,3.5866665840e-01,0.2053,1.8557578325e+00
-0.7610,-0.0008460,0.0000966,0.00007850,0.00000782,-3.7353534698e+00,3.5870707035e-01,0.2063,1.8650504351e+00
-0.7600,-0.0008460,0.0000966,0.00007870,0.00000781,-3.7361617088e+00,3.5874748230e-01,0.2073,1.8658586740e+00
-0.7590,-0.0008430,0.0000966,0.00007900,0.00000780,-3.7252526283e+00,3.5878786445e-01,0.2083,1.8549495935e+00
-0.7580,-0.0008430,0.0000965,0.00007930,0.00000780,-3.7264647484e+00,3.5838383436e-01,0.2093,1.8561617136e+00
-0.7570,-0.0008400,0.0000965,0.00007960,0.00000779,-3.7155556679e+00,3.5842424631e-01,0.2103,1.8452526331e+00
-0.7560,-0.0008420,0.0000965,0.00007980,0.00000777,-3.7244446278e+00,3.5850504041e-01,0.2113,1.8541415930e+00
-0.7550,-0.0008380,0.0000965,0.00008010,0.00000776,-3.7094950676e+00,3.5854545236e-01,0.2123,1.8391920328e+00
-0.7540,-0.0008390,0.0000966,0.00008030,0.00000775,-3.7143435478e+00,3.5898989439e-01,0.2133,1.8440405130e+00
-0.7530,-0.0008390,0.0000966,0.00008040,0.00000774,-3.7147476673e+00,3.5903033614e-01,0.2143,1.8444446325e+00
-0.7520,-0.0008350,0.0000964,0.00008080,0.00000773,-3.7002019882e+00,3.5826262832e-01,0.2153,1.8298989534e+00
-0.7510,-0.0008340,0.0000964,0.00008090,0.00000772,-3.6965656281e+00,3.5830301046e-01,0.2163,1.8262625933e+00
-0.7500,-0.0008340,0.0000965,0.00008120,0.00000771,-3.6977777481e+00,3.5874748230e-01,0.2173,1.8274747133e+00
-0.7490,-0.0008350,0.0000964,0.00008150,0.00000770,-3.7030303478e+00,3.5838383436e-01,0.2183,1.8327273130e+00
-0.7480,-0.0008290,0.0000965,0.00008170,0.00000770,-3.6795959473e+00,3.5878786445e-01,0.2193,1.8092929125e+00
-0.7470,-0.0008350,0.0000967,0.00008200,0.00000769,-3.7050504684e+00,3.5963639617e-01,0.2203,1.8347474337e+00
-0.7460,-0.0008300,0.0000965,0.00008230,0.00000769,-3.6860604286e+00,3.5882830620e-01,0.2213,1.8157573938e+00
-0.7450,-0.0008290,0.0000965,0.00008270,0.00000768,-3.6836364269e+00,3.5886868834e-01,0.2223,1.8133333921e+00
-0.7440,-0.0008320,0.0000966,0.00008280,0.00000767,-3.6961615086e+00,3.5931313038e-01,0.2233,1.8258584738e+00
-0.7430,-0.0008330,0.0000964,0.00008280,0.00000766,-3.7002019882e+00,3.5854545236e-01,0.2243,1.8298989534e+00
-0.7420,-0.0008300,0.0000966,0.00008310,0.00000765,-3.6892929077e+00,3.5939395428e-01,0.2253,1.8189898729e+00
-0.7410,-0.0008290,0.0000963,0.00008320,0.00000764,-3.6856565475e+00,3.5822221637e-01,0.2263,1.8153535128e+00
-0.7400,-0.0008290,0.0000965,0.00008340,0.00000764,-3.6864647865e+00,3.5903030634e-01,0.2273,1.8161617517e+00
-0.7390,-0.0008290,0.0000966,0.00008370,0.00000763,-3.6876769066e+00,3.5947474837e-01,0.2283,1.8173738718e+00
-0.7380,-0.0008280,0.0000965,0.00008380,0.00000763,-3.6840405464e+00,3.5907071829e-01,0.2293,1.8137375116e+00
-0.7370,-0.0008270,0.0000965,0.00008410,0.00000762,-3.6812121868e+00,3.5911110044e-01,0.2303,1.8109091520e+00
-0.7360,-0.0008260,0.0000965,0.00008410,0.00000762,-3.6771717072e+00,3.5911110044e-01,0.2313,1.8068686724e+00
-0.7350,-0.0008250,0.0000965,0.00008430,0.00000760,-3.6739394665e+00,3.5919192433e-01,0.2323,1.8036364317e+00
-0.7340,-0.0008250,0.0000966,0.00008450,0.00000760,-3.6747474670e+00,3.5959595442e-01,0.2333,1.8044444323e+00
-0.7330,-0.0008250,0.0000964,0.00008480,0.00000760,-3.6759595871e+00,3.5878786445e-01,0.2343,1.8056565523e+00
-0.7320,-0.0008230,0.0000966,0.00008500,0.00000759,-3.6686868668e+00,3.5963636637e-01,0.2353,1.7983838320e+00
-0.7310,-0.0008230,0.0000965,0.00008510,0.00000758,-3.6690909863e+00,3.5927274823e-01,0.2363,1.7987879515e+00
-0.7300,-0.0008220,0.0000966,0.00008540,0.00000757,-3.6662626266e+00,3.5971716046e-01,0.2373,1.7959595919e+00
-0.7290,-0.0008210,0.0000965,0.00008560,0.00000757,-3.6630303860e+00,3.5931313038e-01,0.2383,1.7927273512e+00
-0.7280,-0.0008220,0.0000964,0.00008570,0.00000757,-3.6674747467e+00,3.5890907049e-01,0.2393,1.7971717119e+00
-0.7270,-0.0008200,0.0000965,0.00008570,0.00000756,-3.6593940258e+00,3.5935351253e-01,0.2403,1.7890909910e+00
-0.7260,-0.0008180,0.0000964,0.00008600,0.00000755,-3.6525254250e+00,3.5898989439e-01,0.2413,1.7822223902e+00
-0.7250,-0.0008190,0.0000966,0.00008610,0.00000755,-3.6569697857e+00,3.5979798436e-01,0.2423,1.7866667509e+00
-0.7240,-0.0008200,0.0000966,0.00008630,0.00000753,-3.6618182659e+00,3.5987880826e-01,0.2433,1.7915152311e+00
-0.7230,-0.0008180,0.0000966,0.00008650,0.00000753,-3.6545455456e+00,3.5987880826e-01,0.2443,1.7842425108e+00
-0.7220,-0.0008170,0.0000965,0.00008660,0.00000752,-3.6509091854e+00,3.5951516032e-01,0.2453,1.7806061506e+00
-0.7210,-0.0008150,0.0000965,0.00008680,0.00000751,-3.6436364651e+00,3.5955554247e-01,0.2463,1.7733334303e+00
-0.7200,-0.0008160,0.0000966,0.00008700,0.00000751,-3.6484849453e+00,3.5995957255e-01,0.2473,1.7781819105e+00
-0.7190,-0.0008140,0.0000967,0.00008710,0.00000750,-3.6408083439e+00,3.6040404439e-01,0.2483,1.7705053091e+00
-0.7180,-0.0008170,0.0000966,0.00008720,0.00000750,-3.6533334255e+00,3.6000001431e-01,0.2493,1.7830303907e+00
-0.7170,-0.0008140,0.0000964,0.00008760,0.00000749,-3.6428282261e+00,3.5923230648e-01,0.2503,1.7725251913e+00
-0.7160,-0.0008130,0.0000964,0.00008770,0.00000748,-3.6391918659e+00,3.5927274823e-01,0.2513,1.7688888311e+00
-0.7150,-0.0008110,0.0000964,0.00008770,0.00000748,-3.6311109066e+00,3.5927274823e-01,0.2523,1.7608078718e+00
-0.7140,-0.0008110,0.0000964,0.00008790,0.00000748,-3.6319191456e+00,3.5927274823e-01,0.2533,1.7616161108e+00
-0.7130,-0.0008090,0.0000964,0.00008800,0.00000747,-3.6242423058e+00,3.5931313038e-01,0.2543,1.7539392710e+00
-0.7120,-0.0008110,0.0000965,0.00008820,0.00000747,-3.6331312656e+00,3.5971716046e-01,0.2553,1.7628282309e+00
-0.7110,-0.0008100,0.0000965,0.00008830,0.00000746,-3.6294949055e+00,3.5975757241e-01,0.2563,1.7591918707e+00
-0.7100,-0.0008080,0.0000964,0.00008850,0.00000746,-3.6222219467e+00,3.5935351253e-01,0.2573,1.7519189119e+00
-0.7090,-0.0008080,0.0000964,0.00008860,0.00000745,-3.6226260662e+00,3.5939395428e-01,0.2583,1.7523230314e+00
-0.7080,-0.0008080,0.0000964,0.00008870,0.00000745,-3.6230301857e+00,3.5939395428e-01,0.2593,1.7527271509e+00
-0.7070,-0.0008060,0.0000964,0.00008880,0.00000744,-3.6153535843e+00,3.5943433642e-01,0.2603,1.7450505495e+00
-0.7060,-0.0008050,0.0000964,0.00008900,0.00000744,-3.6121211052e+00,3.5943433642e-01,0.2613,1.7418180704e+00
-0.7050,-0.0008070,0.0000964,0.00008910,0.00000743,-3.6206059456e+00,3.5947474837e-01,0.2623,1.7503029108e+00
-0.7040,-0.0008040,0.0000963,0.00008920,0.00000743,-3.6088888645e+00,3.5907071829e-01,0.2633,1.7385858297e+00
-0.7030,-0.0008050,0.0000964,0.00008940,0.00000743,-3.6137373447e+00,3.5947474837e-01,0.2643,1.7434343100e+00
-0.7020,-0.0008040,0.0000964,0.00008950,0.00000742,-3.6101009846e+00,3.5951516032e-01,0.2653,1.7397979498e+00
-0.7010,-0.0008040,0.0000963,0.00008960,0.00000741,-3.6105051041e+00,3.5915151238e-01,0.2663,1.7402020693e+00
-0.7000,-0.0008030,0.0000963,0.00008970,0.00000740,-3.6068687439e+00,3.5919192433e-01,0.2673,1.7365657091e+00
-0.6990,-0.0008000,0.0000963,0.00008970,0.00000740,-3.5947473049e+00,3.5919192433e-01,0.2683,1.7244442701e+00
-0.6980,-0.0008020,0.0000964,0.00008990,0.00000739,-3.6036362648e+00,3.5963636637e-01,0.2693,1.7333332300e+00
-0.6970,-0.0008010,0.0000963,0.00009010,0.00000739,-3.6004040241e+00,3.5923230648e-01,0.2703,1.7301009893e+00
-0.6960,-0.0008000,0.0000962,0.00009010,0.00000739,-3.5963635445e+00,3.5882827640e-01,0.2713,1.7260605097e+00
-0.6950,-0.0007980,0.0000964,0.00009030,0.00000738,-3.5890910625e+00,3.5967677832e-01,0.2723,1.7187880278e+00
-0.6940,-0.0007990,0.0000963,0.00009040,0.00000738,-3.5935351849e+00,3.5927274823e-01,0.2733,1.7232321501e+00
-0.6930,-0.0008000,0.0000964,0.00009040,0.00000737,-3.5975756645e+00,3.5971716046e-01,0.2743,1.7272726297e+00
-0.6920,-0.0007980,0.0000964,0.00009060,0.00000737,-3.5903031826e+00,3.5971716046e-01,0.2753,1.7200001478e+00
-0.6910,-0.0007970,0.0000963,0.00009070,0.00000736,-3.5866668224e+00,3.5935351253e-01,0.2763,1.7163637877e+00
-0.6900,-0.0007980,0.0000964,0.00009080,0.00000736,-3.5911111832e+00,3.5975757241e-01,0.2773,1.7208081484e+00
-0.6890,-0.0007970,0.0000964,0.00009090,0.00000735,-3.5874748230e+00,3.5979798436e-01,0.2783,1.7171717882e+00
-0.6880,-0.0007970,0.0000965,0.00009100,0.00000735,-3.5878789425e+00,3.6020204425e-01,0.2793,1.7175759077e+00
-0.6870,-0.0007970,0.0000964,0.00009100,0.00000734,-3.5878789425e+00,3.5983836651e-01,0.2803,1.7175759077e+00
-0.6860,-0.0007960,0.0000963,0.00009120,0.00000734,-3.5846464634e+00,3.5943433642e-01,0.2813,1.7143434286e+00
-0.6850,-0.0007950,0.0000963,0.00009130,0.00000734,-3.5810101032e+00,3.5943433642e-01,0.2823,1.7107070684e+00
-0.6840,-0.0007930,0.0000963,0.00009140,0.00000733,-3.5733332634e+00,3.5947474837e-01,0.2833,1.7030302286e+00
-0.6830,-0.0007950,0.0000963,0.00009140,0.00000733,-3.5814142227e+00,3.5947474837e-01,0.2843,1.7111111879e+00
-0.6820,-0.0007910,0.0000963,0.00009160,0.00000732,-3.5660607815e+00,3.5951516032e-01,0.2853,1.6957577467e+00
-0.6810,-0.0007940,0.0000963,0.00009170,0.00000731,-3.5785858631e+00,3.5955554247e-01,0.2863,1.7082828283e+00
-0.6800,-0.0007930,0.0000965,0.00009180,0.00000731,-3.5749495029e+00,3.6036363244e-01,0.2873,1.7046464682e+00
-0.6790,-0.0007920,0.0000964,0.00009190,0.00000731,-3.5713131428e+00,3.5995957255e-01,0.2883,1.7010101080e+00
-0.6780,-0.0007920,0.0000963,0.00009200,0.00000730,-3.5717170238e+00,3.5959595442e-01,0.2893,1.7014139891e+00
-0.6770,-0.0007920,0.0000964,0.00009200,0.00000730,-3.5717170238e+00,3.6000001431e-01,0.2903,1.7014139891e+00
-0.6760,-0.0007890,0.0000962,0.00009200,0.00000729,-3.5595960617e+00,3.5923230648e-01,0.2913,1.6892930269e+00
-0.6750,-0.0007890,0.0000963,0.00009210,0.00000729,-3.5600001812e+00,3.5963636637e-01,0.2923,1.6896971464e+00
-0.6740,-0.0007900,0.0000963,0.00009230,0.00000729,-3.5648486614e+00,3.5963636637e-01,0.2933,1.6945456266e+00
-0.6730,-0.0007870,0.0000962,0.00009230,0.00000728,-3.5527272224e+00,3.5927271843e-01,0.2943,1.6824241877e+00
-0.6720,-0.0007880,0.0000962,0.00009250,0.00000728,-3.5575757027e+00,3.5927271843e-01,0.2953,1.6872726679e+00
-0.6710,-0.0007880,0.0000963,0.00009260,0.00000728,-3.5579798222e+00,3.5967674851e-01,0.2963,1.6876767874e+00
-0.6700,-0.0007860,0.0000964,0.00009260,0.00000727,-3.5498991013e+00,3.6012122035e-01,0.2973,1.6795960665e+00
-0.6690,-0.0007860,0.0000962,0.00009270,0.00000727,-3.5503029823e+00,3.5931313038e-01,0.2983,1.6799999475e+00
-0.6680,-0.0007870,0.0000962,0.00009280,0.00000726,-3.5547475815e+00,3.5935351253e-01,0.2993,1.6844445467e+00
-0.6670,-0.0007850,0.0000963,0.00009280,0.00000726,-3.5466666222e+00,3.5975757241e-01,0.3003,1.6763635874e+00
-0.6660,-0.0007850,0.0000962,0.00009300,0.00000726,-3.5474746227e+00,3.5935351253e-01,0.3013,1.6771715879e+00
-0.6650,-0.0007860,0.0000963,0.00009310,0.00000725,-3.5519192219e+00,3.5979798436e-01,0.3023,1.6816161871e+00
-0.6640,-0.0007850,0.0000963,0.00009320,0.00000724,-3.5482828617e+00,3.5983836651e-01,0.3033,1.6779798269e+00
-0.6630,-0.0007830,0.0000962,0.00009330,0.00000724,-3.5406062603e+00,3.5943433642e-01,0.3043,1.6703032255e+00
-0.6620,-0.0007840,0.0000963,0.00009340,0.00000724,-3.5450503826e+00,3.5983836651e-01,0.3053,1.6747473478e+00
-0.6610,-0.0007840,0.0000964,0.00009340,0.00000724,-3.5450503826e+00,3.6024242640e-01,0.3063,1.6747473478e+00
-0.6600,-0.0007830,0.0000962,0.00009340,0.00000723,-3.5410103798e+00,3.5947471857e-01,0.3073,1.6707073450e+00
-0.6590,-0.0007830,0.0000962,0.00009360,0.00000723,-3.5418183804e+00,3.5947471857e-01,0.3083,1.6715153456e+00
-0.6580,-0.0007810,0.0000962,0.00009360,0.00000722,-3.5337374210e+00,3.5951516032e-01,0.3093,1.6634343863e+00
-0.6570,-0.0007800,0.0000962,0.00009360,0.00000722,-3.5296969414e+00,3.5951516032e-01,0.3103,1.6593939066e+00
-0.6560,-0.0007800,0.0000962,0.00009380,0.00000722,-3.5305051804e+00,3.5951516032e-01,0.3113,1.6602021456e+00
-0.6550,-0.0007780,0.0000961,0.00009370,0.00000721,-3.5220201015e+00,3.5915151238e-01,0.3123,1.6517170668e+00
-0.6540,-0.0007800,0.0000962,0.00009390,0.00000721,-3.5309090614e+00,3.5955554247e-01,0.3133,1.6606060266e+00
-0.6530,-0.0007750,0.0000961,0.00009400,0.00000721,-3.5111112595e+00,3.5915151238e-01,0.3143,1.6408082247e+00
-0.6520,-0.0007790,0.0000962,0.00009410,0.00000720,-3.5276768208e+00,3.5959595442e-01,0.3153,1.6573737860e+00
-0.6510,-0.0007770,0.0000962,0.00009400,0.00000720,-3.5191919804e+00,3.5959595442e-01,0.3163,1.6488889456e+00
-0.6500,-0.0007760,0.0000961,0.00009410,0.00000720,-3.5155556202e+00,3.5919192433e-01,0.3173,1.6452525854e+00
-0.6490,-0.0007760,0.0000961,0.00009430,0.00000720,-3.5163636208e+00,3.5919192433e-01,0.3183,1.6460605860e+00
-0.6480,-0.0007770,0.0000962,0.00009430,0.00000719,-3.5204041004e+00,3.5963636637e-01,0.3193,1.6501010656e+00
-0.6470,-0.0007750,0.0000961,0.00009430,0.00000718,-3.5123233795e+00,3.5927271843e-01,0.3203,1.6420203447e+00
-0.6460,-0.0007750,0.0000961,0.00009440,0.00000718,-3.5127274990e+00,3.5927271843e-01,0.3213,1.6424244642e+00
-0.6450,-0.0007750,0.0000961,0.00009440,0.00000717,-3.5127274990e+00,3.5931313038e-01,0.3223,1.6424244642e+00
-0.6440,-0.0007750,0.0000962,0.00009450,0.00000716,-3.5131313801e+00,3.5975757241e-01,0.3233,1.6428283453e+00
-0.6430,-0.0007730,0.0000962,0.00009440,0.00000716,-3.5046465397e+00,3.5975757241e-01,0.3243,1.6343435049e+00
-0.6420,-0.0007750,0.0000960,0.00009450,0.00000716,-3.5131313801e+00,3.5894951224e-01,0.3253,1.6428283453e+00
-0.6410,-0.0007720,0.0000961,0.00009460,0.00000716,-3.5014142990e+00,3.5935351253e-01,0.3263,1.6311112642e+00
-0.6400,-0.0007730,0.0000961,0.00009470,0.00000715,-3.5058586597e+00,3.5939392447e-01,0.3273,1.6355556250e+00
-0.6390,-0.0007720,0.0000961,0.00009480,0.00000716,-3.5022222996e+00,3.5935351253e-01,0.3283,1.6319192648e+00
-0.6380,-0.0007690,0.0000960,0.00009490,0.00000716,-3.4905049801e+00,3.5894951224e-01,0.3293,1.6202019453e+00
-0.6370,-0.0007730,0.0000960,0.00009490,0.00000716,-3.5066668987e+00,3.5894951224e-01,0.3303,1.6363638639e+00
-0.6360,-0.0007690,0.0000960,0.00009510,0.00000715,-3.4913129807e+00,3.5898992419e-01,0.3313,1.6210099459e+00
-0.6350,-0.0007690,0.0000959,0.00009510,0.00000715,-3.4913129807e+00,3.5858589411e-01,0.3323,1.6210099459e+00
-0.6340,-0.0007690,0.0000960,0.00009520,0.00000714,-3.4917168617e+00,3.5903033614e-01,0.3333,1.6214138269e+00
-0.6330,-0.0007660,0.0000959,0.00009530,0.00000714,-3.4800002575e+00,3.5862627625e-01,0.3343,1.6096972227e+00
-0.6320,-0.0007680,0.0000960,0.00009490,0.00000713,-3.4864649773e+00,3.5907071829e-01,0.3353,1.6161619425e+00
-0.6310,-0.0007680,0.0000960,0.00009530,0.00000713,-3.4880809784e+00,3.5907071829e-01,0.3363,1.6177779436e+00
-0.6300,-0.0007670,0.0000959,0.00009530,0.00000713,-3.4840404987e+00,3.5866665840e-01,0.3373,1.6137374640e+00
-0.6290,-0.0007660,0.0000959,0.00009530,0.00000713,-3.4800002575e+00,3.5866665840e-01,0.3383,1.6096972227e+00
-0.6280,-0.0007650,0.0000959,0.00009540,0.00000713,-3.4763636589e+00,3.5866665840e-01,0.3393,1.6060606241e+00
-0.6270,-0.0007650,0.0000960,0.00009550,0.00000712,-3.4767677784e+00,3.5911113024e-01,0.3403,1.6064647436e+00
-0.6260,-0.0007660,0.0000960,0.00009550,0.00000712,-3.4808082581e+00,3.5911113024e-01,0.3413,1.6105052233e+00
-0.6250,-0.0007650,0.0000960,0.00009550,0.00000711,-3.4767677784e+00,3.5915154219e-01,0.3423,1.6064647436e+00
-0.6240,-0.0007650,0.0000959,0.00009560,0.00000712,-3.4771718979e+00,3.5870710015e-01,0.3433,1.6068688631e+00
-0.6230,-0.0007650,0.0000960,0.00009560,0.00000711,-3.4771718979e+00,3.5915154219e-01,0.3443,1.6068688631e+00
-0.6220,-0.0007650,0.0000960,0.00009570,0.00000711,-3.4775760174e+00,3.5915154219e-01,0.3453,1.6072729826e+00
-0.6210,-0.0007630,0.0000959,0.00009580,0.00000711,-3.4698991776e+00,3.5874748230e-01,0.3463,1.5995961428e+00
-0.6200,-0.0007590,0.0000959,0.00009590,0.00000711,-3.4541413784e+00,3.5874748230e-01,0.3473,1.5838383436e+00
-0.6190,-0.0007660,0.0000958,0.00009590,0.00000710,-3.4824244976e+00,3.5838383436e-01,0.3483,1.6121214628e+00
-0.6180,-0.0007620,0.0000959,0.00009590,0.00000709,-3.4662625790e+00,3.5882830620e-01,0.3493,1.5959595442e+00
-0.6170,-0.0007620,0.0000959,0.00009590,0.00000709,-3.4662625790e+00,3.5882830620e-01,0.3503,1.5959595442e+00
-0.6160,-0.0007590,0.0000957,0.00009590,0.00000708,-3.4541413784e+00,3.5806059837e-01,0.3513,1.5838383436e+00
-0.6150,-0.0007610,0.0000959,0.00009600,0.00000707,-3.4626262188e+00,3.5890910029e-01,0.3523,1.5923231840e+00
-0.6140,-0.0007600,0.0000960,0.00009620,0.00000708,-3.4593939781e+00,3.5927274823e-01,0.3533,1.5890909433e+00
-0.6130,-0.0007610,0.0000958,0.00009620,0.00000707,-3.4634342194e+00,3.5850507021e-01,0.3543,1.5931311846e+00
-0.6120,-0.0007590,0.0000959,0.00009610,0.00000707,-3.4549493790e+00,3.5890910029e-01,0.3553,1.5846463442e+00
-0.6110,-0.0007590,0.0000959,0.00009610,0.00000707,-3.4549493790e+00,3.5890910029e-01,0.3563,1.5846463442e+00
-0.6100,-0.0007590,0.0000959,0.00009610,0.00000707,-3.4549493790e+00,3.5890910029e-01,0.3573,1.5846463442e+00
-0.6090,-0.0007550,0.0000959,0.00009620,0.00000706,-3.4391918182e+00,3.5894951224e-01,0.3583,1.5688887835e+00
-0.6080,-0.0007600,0.0000959,0.00009620,0.00000706,-3.4593939781e+00,3.5894951224e-01,0.3593,1.5890909433e+00
-0.6070,-0.0007570,0.0000959,0.00009630,0.00000706,-3.4476766586e+00,3.5894951224e-01,0.3603,1.5773736238e+00
-0.6060,-0.0007560,0.0000958,0.00009630,0.00000706,-3.4436361790e+00,3.5854545236e-01,0.3613,1.5733331442e+00
-0.6050,-0.0007560,0.0000958,0.00009640,0.00000706,-3.4440402985e+00,3.5854545236e-01,0.3623,1.5737372637e+00
-0.6040,-0.0007570,0.0000959,0.00009650,0.00000706,-3.4484846592e+00,3.5894951224e-01,0.3633,1.5781816244e+00
-0.6030,-0.0007550,0.0000959,0.00009660,0.00000706,-3.4408080578e+00,3.5894951224e-01,0.3643,1.5705050230e+00
-0.6020,-0.0007510,0.0000957,0.00009670,0.00000706,-3.4250504971e+00,3.5814142227e-01,0.3653,1.5547474623e+00
-0.6010,-0.0007570,0.0000958,0.00009680,0.00000706,-3.4496970177e+00,3.5854545236e-01,0.3663,1.5793939829e+00
-0.6000,-0.0007530,0.0000958,0.00009640,0.00000704,-3.4319190979e+00,3.5862627625e-01,0.3673,1.5616160631e+00
-0.5990,-0.0007530,0.0000958,0.00009650,0.00000705,-3.4323229790e+00,3.5858586431e-01,0.3683,1.5620199442e+00
-0.5980,-0.0007530,0.0000958,0.00009650,0.00000705,-3.4323229790e+00,3.5858586431e-01,0.3693,1.5620199442e+00
-0.5970,-0.0007520,0.0000957,0.00009660,0.00000704,-3.4286868572e+00,3.5822224617e-01,0.3703,1.5583838224e+00
-0.5960,-0.0007510,0.0000957,0.00009660,0.00000704,-3.4246463776e+00,3.5822224617e-01,0.3713,1.5543433428e+00
-0.5950,-0.0007510,0.0000958,0.00009670,0.00000704,-3.4250504971e+00,3.5862627625e-01,0.3723,1.5547474623e+00
-0.5940,-0.0007510,0.0000957,0.00009670,0.00000704,-3.4250504971e+00,3.5822224617e-01,0.3733,1.5547474623e+00
-0.5930,-0.0007480,0.0000957,0.00009670,0.00000703,-3.4129292965e+00,3.5826262832e-01,0.3743,1.5426262617e+00
-0.5920,-0.0007490,0.0000957,0.00009680,0.00000702,-3.4173736572e+00,3.5830304027e-01,0.3753,1.5470706224e+00
-0.5910,-0.0007500,0.0000957,0.00009660,0.00000701,-3.4206058979e+00,3.5834345222e-01,0.3763,1.5503028631e+00
-0.5900,-0.0007490,0.0000958,0.00009680,0.00000702,-3.4173736572e+00,3.5870710015e-01,0.3773,1.5470706224e+00
-0.5890,-0.0007480,0.0000956,0.00009690,0.00000702,-3.4137372971e+00,3.5789901018e-01,0.3783,1.5434342623e+00
-0.5880,-0.0007480,0.0000957,0.00009690,0.00000702,-3.4137372971e+00,3.5830304027e-01,0.3793,1.5434342623e+00
-0.5870,-0.0007460,0.0000956,0.00009680,0.00000702,-3.4052524567e+00,3.5789901018e-01,0.3803,1.5349494219e+00
-0.5860,-0.0007470,0.0000956,0.00009690,0.00000701,-3.4096968174e+00,3.5793939233e-01,0.3813,1.5393937826e+00
-0.5850,-0.0007460,0.0000957,0.00009700,0.00000700,-3.4060604572e+00,3.5838383436e-01,0.3823,1.5357574224e+00
-0.5840,-0.0007440,0.0000957,0.00009700,0.00000700,-3.3979797363e+00,3.5838383436e-01,0.3833,1.5276767015e+00
-0.5830,-0.0007460,0.0000956,0.00009710,0.00000701,-3.4064645767e+00,3.5793939233e-01,0.3843,1.5361615419e+00
-0.5820,-0.0007450,0.0000956,0.00009720,0.00000700,-3.4028282166e+00,3.5797980428e-01,0.3853,1.5325251818e+00
-0.5810,-0.0007450,0.0000956,0.00009720,0.00000699,-3.4028282166e+00,3.5802021623e-01,0.3863,1.5325251818e+00
-0.5800,-0.0007450,0.0000956,0.00009720,0.00000699,-3.4028282166e+00,3.5802021623e-01,0.3873,1.5325251818e+00
-0.5790,-0.0007450,0.0000956,0.00009710,0.00000698,-3.4024243355e+00,3.5806059837e-01,0.3883,1.5321213007e+00
-0.5780,-0.0007440,0.0000956,0.00009700,0.00000698,-3.3979797363e+00,3.5806059837e-01,0.3893,1.5276767015e+00
-0.5770,-0.0007430,0.0000957,0.00009710,0.00000698,-3.3943433762e+00,3.5846465826e-01,0.3903,1.5240403414e+00
-0.5760,-0.0007430,0.0000958,0.00009710,0.00000697,-3.3943433762e+00,3.5890907049e-01,0.3913,1.5240403414e+00
-0.5750,-0.0007410,0.0000957,0.00009720,0.00000697,-3.3866665363e+00,3.5850504041e-01,0.3923,1.5163635015e+00
-0.5740,-0.0007420,0.0000957,0.00009710,0.00000697,-3.3903028965e+00,3.5850504041e-01,0.3933,1.5199998617e+00
-0.5730,-0.0007420,0.0000957,0.00009720,0.00000696,-3.3907070160e+00,3.5854545236e-01,0.3943,1.5204039812e+00
-0.5720,-0.0007410,0.0000957,0.00009720,0.00000697,-3.3866665363e+00,3.5850504041e-01,0.3953,1.5163635015e+00
-0.5710,-0.0007400,0.0000957,0.00009720,0.00000697,-3.3826260567e+00,3.5850504041e-01,0.3963,1.5123230219e+00
-0.5700,-0.0007400,0.0000958,0.00009730,0.00000696,-3.3830301762e+00,3.5894951224e-01,0.3973,1.5127271414e+00
-0.5690,-0.0007400,0.0000957,0.00009730,0.00000696,-3.3830301762e+00,3.5854545236e-01,0.3983,1.5127271414e+00
-0.5680,-0.0007400,0.0000957,0.00009730,0.00000696,-3.3830301762e+00,3.5854545236e-01,0.3993,1.5127271414e+00
-0.5670,-0.0007360,0.0000958,0.00009730,0.00000696,-3.3668687344e+00,3.5894951224e-01,0.4003,1.4965656996e+00
-0.5660,-0.0007410,0.0000957,0.00009740,0.00000696,-3.3874747753e+00,3.5854545236e-01,0.4013,1.5171717405e+00
-0.5650,-0.0007380,0.0000957,0.00009730,0.00000695,-3.3749492168e+00,3.5858586431e-01,0.4023,1.5046461821e+00
-0.5640,-0.0007380,0.0000957,0.00009730,0.00000695,-3.3749492168e+00,3.5858586431e-01,0.4033,1.5046461821e+00
-0.5630,-0.0007360,0.0000957,0.00009740,0.00000695,-3.3672728539e+00,3.5858586431e-01,0.4043,1.4969698191e+00
-0.5620,-0.0007380,0.0000957,0.00009730,0.00000694,-3.3749492168e+00,3.5862627625e-01,0.4053,1.5046461821e+00
-0.5610,-0.0007370,0.0000957,0.00009730,0.00000694,-3.3709092140e+00,3.5862627625e-01,0.4063,1.5006061792e+00
-0.5600,-0.0007360,0.0000958,0.00009740,0.00000694,-3.3672728539e+00,3.5903033614e-01,0.4073,1.4969698191e+00
-0.5590,-0.0007360,0.0000958,0.00009740,0.00000694,-3.3672728539e+00,3.5903033614e-01,0.4083,1.4969698191e+00
-0.5580,-0.0007360,0.0000958,0.00009740,0.00000693,-3.3672728539e+00,3.5907071829e-01,0.4093,1.4969698191e+00
-0.5570,-0.0007350,0.0000957,0.00009740,0.00000693,-3.3632323742e+00,3.5866665840e-01,0.4103,1.4929293394e+00
-0.5560,-0.0007330,0.0000957,0.00009750,0.00000693,-3.3555555344e+00,3.5866665840e-01,0.4113,1.4852524996e+00
-0.5550,-0.0007310,0.0000957,0.00009750,0.00000692,-3.3474745750e+00,3.5870707035e-01,0.4123,1.4771715403e+00
-0.5540,-0.0007350,0.0000958,0.00009750,0.00000692,-3.3636362553e+00,3.5911110044e-01,0.4133,1.4933332205e+00
-0.5530,-0.0007310,0.0000957,0.00009750,0.00000692,-3.3474745750e+00,3.5870707035e-01,0.4143,1.4771715403e+00
-0.5520,-0.0007330,0.0000956,0.00009750,0.00000691,-3.3555555344e+00,3.5834345222e-01,0.4153,1.4852524996e+00
-0.5510,-0.0007320,0.0000956,0.00009750,0.00000690,-3.3515150547e+00,3.5838383436e-01,0.4163,1.4812120199e+00
-0.5500,-0.0007310,0.0000957,0.00009760,0.00000691,-3.3478786945e+00,3.5874748230e-01,0.4173,1.4775756598e+00
-0.5490,-0.0007300,0.0000956,0.00009760,0.00000691,-3.3438384533e+00,3.5834345222e-01,0.4183,1.4735354185e+00
-0.5480,-0.0007310,0.0000957,0.00009760,0.00000691,-3.3478786945e+00,3.5874748230e-01,0.4193,1.4775756598e+00
-0.5470,-0.0007270,0.0000957,0.00009760,0.00000691,-3.3317172527e+00,3.5874748230e-01,0.4203,1.4614142179e+00
-0.5460,-0.0007320,0.0000956,0.00009760,0.00000691,-3.3519191742e+00,3.5834345222e-01,0.4213,1.4816161394e+00
-0.5450,-0.0007290,0.0000957,0.00009760,0.00000690,-3.3397979736e+00,3.5878786445e-01,0.4223,1.4694949389e+00
-0.5440,-0.0007280,0.0000957,0.00009770,0.00000690,-3.3361616135e+00,3.5878786445e-01,0.4233,1.4658585787e+00
-0.5430,-0.0007280,0.0000957,0.00009780,0.00000690,-3.3365657330e+00,3.5878786445e-01,0.4243,1.4662626982e+00
-0.5420,-0.0007280,0.0000957,0.00009770,0.00000690,-3.3361616135e+00,3.5878786445e-01,0.4253,1.4658585787e+00
-0.5410,-0.0007280,0.0000958,0.00009780,0.00000690,-3.3365657330e+00,3.5919192433e-01,0.4263,1.4662626982e+00
-0.5400,-0.0007280,0.0000957,0.00009770,0.00000690,-3.3361616135e+00,3.5878786445e-01,0.4273,1.4658585787e+00
-0.5390,-0.0007260,0.0000956,0.00009770,0.00000690,-3.3280806541e+00,3.5838383436e-01,0.4283,1.4577776194e+00
-0.5380,-0.0007270,0.0000957,0.00009770,0.00000689,-3.3321211338e+00,3.5882830620e-01,0.4293,1.4618180990e+00
-0.5370,-0.0007260,0.0000957,0.00009780,0.00000689,-3.3284847736e+00,3.5882830620e-01,0.4303,1.4581817389e+00
-0.5360,-0.0007250,0.0000956,0.00009770,0.00000689,-3.3240404129e+00,3.5842424631e-01,0.4313,1.4537373781e+00
-0.5350,-0.0007250,0.0000956,0.00009770,0.00000688,-3.3240404129e+00,3.5846465826e-01,0.4323,1.4537373781e+00
-0.5340,-0.0007240,0.0000956,0.00009770,0.00000687,-3.3199999332e+00,3.5850504041e-01,0.4333,1.4496968985e+00
-0.5330,-0.0007240,0.0000956,0.00009770,0.00000688,-3.3199999332e+00,3.5846465826e-01,0.4343,1.4496968985e+00
-0.5320,-0.0007230,0.0000958,0.00009760,0.00000687,-3.3155553341e+00,3.5931313038e-01,0.4353,1.4452522993e+00
-0.5310,-0.0007220,0.0000955,0.00009770,0.00000688,-3.3119192123e+00,3.5806059837e-01,0.4363,1.4416161776e+00
-0.5300,-0.0007240,0.0000957,0.00009770,0.00000688,-3.3199999332e+00,3.5886868834e-01,0.4373,1.4496968985e+00
-0.5290,-0.0007220,0.0000957,0.00009770,0.00000688,-3.3119192123e+00,3.5886868834e-01,0.4383,1.4416161776e+00
-0.5280,-0.0007230,0.0000957,0.00009760,0.00000687,-3.3155553341e+00,3.5890907049e-01,0.4393,1.4452522993e+00
-0.5270,-0.0007230,0.0000958,0.00009750,0.00000688,-3.3151514530e+00,3.5927274823e-01,0.4403,1.4448484182e+00
-0.5260,-0.0007220,0.0000956,0.00009760,0.00000687,-3.3115153313e+00,3.5850504041e-01,0.4413,1.4412122965e+00
-0.5250,-0.0007220,0.0000957,0.00009770,0.00000686,-3.3119192123e+00,3.5894951224e-01,0.4423,1.4416161776e+00
-0.5240,-0.0007200,0.0000957,0.00009780,0.00000686,-3.3042423725e+00,3.5894951224e-01,0.4433,1.4339393377e+00
-0.5230,-0.0007210,0.0000957,0.00009770,0.00000686,-3.3078787327e+00,3.5894951224e-01,0.4443,1.4375756979e+00
-0.5220,-0.0007200,0.0000957,0.00009770,0.00000686,-3.3038384914e+00,3.5894951224e-01,0.4453,1.4335354567e+00
-0.5210,-0.0007170,0.0000957,0.00009780,0.00000685,-3.2921211720e+00,3.5898989439e-01,0.4463,1.4218181372e+00
-0.5200,-0.0007210,0.0000955,0.00009780,0.00000686,-3.3082828522e+00,3.5814142227e-01,0.4473,1.4379798174e+00
-0.5190,-0.0007190,0.0000956,0.00009790,0.00000685,-3.3006060123e+00,3.5858586431e-01,0.4483,1.4303029776e+00
-0.5180,-0.0007180,0.0000957,0.00009780,0.00000685,-3.2961616516e+00,3.5898989439e-01,0.4493,1.4258586168e+00
-0.5170,-0.0007170,0.0000956,0.00009770,0.00000686,-3.2917170525e+00,3.5854545236e-01,0.4503,1.4214140177e+00
-0.5160,-0.0007200,0.0000957,0.00009770,0.00000686,-3.3038384914e+00,3.5894951224e-01,0.4513,1.4335354567e+00
-0.5150,-0.0007160,0.0000956,0.00009770,0.00000686,-3.2876765728e+00,3.5854545236e-01,0.4523,1.4173735380e+00
-0.5140,-0.0007170,0.0000956,0.00009780,0.00000686,-3.2921211720e+00,3.5854545236e-01,0.4533,1.4218181372e+00
-0.5130,-0.0007160,0.0000956,0.00009780,0.00000685,-3.2880806923e+00,3.5858586431e-01,0.4543,1.4177776575e+00
-0.5120,-0.0007150,0.0000956,0.00009800,0.00000685,-3.2848484516e+00,3.5858586431e-01,0.4553,1.4145454168e+00
-0.5110,-0.0007160,0.0000956,0.00009800,0.00000685,-3.2888886929e+00,3.5858586431e-01,0.4563,1.4185856581e+00
-0.5100,-0.0007140,0.0000956,0.00009790,0.00000684,-3.2804040909e+00,3.5862627625e-01,0.4573,1.4101010561e+00
-0.5090,-0.0007150,0.0000956,0.00009780,0.00000684,-3.2840402126e+00,3.5862627625e-01,0.4583,1.4137371778e+00
-0.5080,-0.0007150,0.0000956,0.00009790,0.00000684,-3.2844443321e+00,3.5862627625e-01,0.4593,1.4141412973e+00
-0.5070,-0.0007150,0.0000955,0.00009780,0.00000684,-3.2840402126e+00,3.5822224617e-01,0.4603,1.4137371778e+00
-0.5060,-0.0007130,0.0000956,0.00009790,0.00000684,-3.2763636112e+00,3.5862627625e-01,0.4613,1.4060605764e+00
-0.5050,-0.0007130,0.0000955,0.00009780,0.00000684,-3.2759597301e+00,3.5822224617e-01,0.4623,1.4056566954e+00
-0.5040,-0.0007130,0.0000954,0.00009780,0.00000684,-3.2759597301e+00,3.5781818628e-01,0.4633,1.4056566954e+00
-0.5030,-0.0007120,0.0000954,0.00009770,0.00000684,-3.2715151310e+00,3.5781818628e-01,0.4643,1.4012120962e+00
-0.5020,-0.0007110,0.0000955,0.00009770,0.00000683,-3.2674746513e+00,3.5826262832e-01,0.4653,1.3971716166e+00
-0.5010,-0.0007110,0.0000954,0.00009760,0.00000683,-3.2670707703e+00,3.5785859823e-01,0.4663,1.3967677355e+00
-0.5000,-0.0007100,0.0000954,0.00009760,0.00000683,-3.2630302906e+00,3.5785859823e-01,0.4673,1.3927272558e+00
-0.4990,-0.0007100,0.0000954,0.00009770,0.00000683,-3.2634341717e+00,3.5785859823e-01,0.4683,1.3931311369e+00
-0.4980,-0.0007080,0.0000954,0.00009770,0.00000683,-3.2553534508e+00,3.5785859823e-01,0.4693,1.3850504160e+00
-0.4970,-0.0007080,0.0000954,0.00009770,0.00000682,-3.2553534508e+00,3.5789898038e-01,0.4703,1.3850504160e+00
-0.4960,-0.0007090,0.0000953,0.00009770,0.00000683,-3.2593939304e+00,3.5745453835e-01,0.4713,1.3890908957e+00
-0.4950,-0.0007080,0.0000954,0.00009770,0.00000683,-3.2553534508e+00,3.5785859823e-01,0.4723,1.3850504160e+00
-0.4940,-0.0007090,0.0000954,0.00009760,0.00000682,-3.2589898109e+00,3.5789898038e-01,0.4733,1.3886867762e+00
-0.4930,-0.0007070,0.0000953,0.00009770,0.00000682,-3.2513132095e+00,3.5749492049e-01,0.4743,1.3810101748e+00
-0.4920,-0.0007070,0.0000953,0.00009770,0.00000682,-3.2513132095e+00,3.5749492049e-01,0.4753,1.3810101748e+00
-0.4910,-0.0007080,0.0000953,0.00009760,0.00000682,-3.2549493313e+00,3.5749492049e-01,0.4763,1.3846462965e+00
-0.4900,-0.0007060,0.0000952,0.00009760,0.00000682,-3.2468686104e+00,3.5709089041e-01,0.4773,1.3765655756e+00
-0.4890,-0.0007030,0.0000953,0.00009770,0.00000681,-3.2351515293e+00,3.5753536224e-01,0.4783,1.3648484945e+00
-0.4880,-0.0007090,0.0000953,0.00009770,0.00000682,-3.2593939304e+00,3.5749492049e-01,0.4793,1.3890908957e+00
-0.4870,-0.0007050,0.0000952,0.00009760,0.00000682,-3.2428283691e+00,3.5709089041e-01,0.4803,1.3725253344e+00
-0.4860,-0.0007050,0.0000952,0.00009750,0.00000681,-3.2424242496e+00,3.5713130236e-01,0.4813,1.3721212149e+00
-0.4850,-0.0007050,0.0000953,0.00009750,0.00000681,-3.2424242496e+00,3.5753536224e-01,0.4823,1.3721212149e+00
-0.4840,-0.0007060,0.0000952,0.00009730,0.00000681,-3.2456564903e+00,3.5713130236e-01,0.4833,1.3753534555e+00
-0.4830,-0.0007030,0.0000951,0.00009740,0.00000680,-3.2339394093e+00,3.5676765442e-01,0.4843,1.3636363745e+00
-0.4820,-0.0007050,0.0000951,0.00009740,0.00000680,-3.2420201302e+00,3.5676765442e-01,0.4853,1.3717170954e+00
-0.4810,-0.0007010,0.0000950,0.00009740,0.00000680,-3.2258584499e+00,3.5636365414e-01,0.4863,1.3555554152e+00
-0.4800,-0.0007040,0.0000950,0.00009740,0.00000680,-3.2379796505e+00,3.5636365414e-01,0.4873,1.3676766157e+00
-0.4790,-0.0007030,0.0000950,0.00009750,0.00000680,-3.2343432903e+00,3.5636365414e-01,0.4883,1.3640402555e+00
-0.4780,-0.0007010,0.0000950,0.00009740,0.00000680,-3.2258584499e+00,3.5636365414e-01,0.4893,1.3555554152e+00
-0.4770,-0.0007020,0.0000950,0.00009740,0.00000679,-3.2298989296e+00,3.5640403628e-01,0.4903,1.3595958948e+00
-0.4760,-0.0007010,0.0000949,0.00009740,0.00000679,-3.2258584499e+00,3.5600000620e-01,0.4913,1.3555554152e+00
-0.4750,-0.0007000,0.0000948,0.00009740,0.00000680,-3.2218179703e+00,3.5555556417e-01,0.4923,1.3515149355e+00
-0.4740,-0.0007000,0.0000948,0.00009740,0.00000679,-3.2218179703e+00,3.5559594631e-01,0.4933,1.3515149355e+00
-0.4730,-0.0007010,0.0000949,0.00009750,0.00000679,-3.2262625694e+00,3.5600000620e-01,0.4943,1.3559595346e+00
-0.4720,-0.0006990,0.0000948,0.00009720,0.00000679,-3.2169697285e+00,3.5559594631e-01,0.4953,1.3466666937e+00
-0.4710,-0.0006990,0.0000947,0.00009740,0.00000678,-3.2177777290e+00,3.5523232818e-01,0.4963,1.3474746943e+00
-0.4700,-0.0006990,0.0000948,0.00009740,0.00000678,-3.2177777290e+00,3.5563638806e-01,0.4973,1.3474746943e+00
-0.4690,-0.0007000,0.0000948,0.00009730,0.00000679,-3.2214140892e+00,3.5559594631e-01,0.4983,1.3511110544e+00
-0.4680,-0.0006980,0.0000947,0.00009730,0.00000678,-3.2133333683e+00,3.5523232818e-01,0.4993,1.3430303335e+00
-0.4670,-0.0006980,0.0000947,0.00009740,0.00000678,-3.2137374878e+00,3.5523232818e-01,0.5003,1.3434344530e+00
-0.4660,-0.0006980,0.0000946,0.00009730,0.00000678,-3.2133333683e+00,3.5482829809e-01,0.5013,1.3430303335e+00
-0.4650,-0.0006970,0.0000945,0.00009720,0.00000678,-3.2088887691e+00,3.5442423820e-01,0.5023,1.3385857344e+00
-0.4640,-0.0006960,0.0000945,0.00009730,0.00000677,-3.2052524090e+00,3.5446465015e-01,0.5033,1.3349493742e+00
-0.4630,-0.0006920,0.0000944,0.00009720,0.00000677,-3.1886866093e+00,3.5406059027e-01,0.5043,1.3183835745e+00
-0.4620,-0.0006980,0.0000944,0.00009720,0.00000678,-3.2129292488e+00,3.5402020812e-01,0.5053,1.3426262140e+00
-0.4610,-0.0006940,0.0000944,0.00009710,0.00000677,-3.1963634491e+00,3.5406059027e-01,0.5063,1.3260604143e+00
-0.4600,-0.0006950,0.0000944,0.00009710,0.00000677,-3.2004039288e+00,3.5406059027e-01,0.5073,1.3301008940e+00
-0.4590,-0.0006950,0.0000944,0.00009700,0.00000676,-3.1999998093e+00,3.5410100222e-01,0.5083,1.3296967745e+00
-0.4580,-0.0006950,0.0000943,0.00009680,0.00000676,-3.1991918087e+00,3.5369697213e-01,0.5093,1.3288887739e+00
-0.4570,-0.0006940,0.0000942,0.00009670,0.00000676,-3.1947474480e+00,3.5329294205e-01,0.5103,1.3244444132e+00
-0.4560,-0.0006940,0.0000941,0.00009680,0.00000676,-3.1951513290e+00,3.5288891196e-01,0.5113,1.3248482943e+00
-0.4550,-0.0006920,0.0000940,0.00009680,0.00000675,-3.1870706081e+00,3.5252526402e-01,0.5123,1.3167675734e+00
-0.4540,-0.0006920,0.0000939,0.00009710,0.00000675,-3.1882827282e+00,3.5212123394e-01,0.5133,1.3179796934e+00
-0.4530,-0.0006910,0.0000940,0.00009710,0.00000674,-3.1842424870e+00,3.5256564617e-01,0.5143,1.3139394522e+00
-0.4520,-0.0006910,0.0000939,0.00009690,0.00000674,-3.1834344864e+00,3.5216161609e-01,0.5153,1.3131314516e+00
-0.4510,-0.0006910,0.0000938,0.00009680,0.00000674,-3.1830303669e+00,3.5175755620e-01,0.5163,1.3127273321e+00
-0.4500,-0.0006910,0.0000939,0.00009680,0.00000674,-3.1830303669e+00,3.5216161609e-01,0.5173,1.3127273321e+00
-0.4490,-0.0006900,0.0000937,0.00009670,0.00000675,-3.1785857677e+00,3.5131314397e-01,0.5183,1.3082827330e+00
-0.4480,-0.0006890,0.0000936,0.00009660,0.00000674,-3.1741414070e+00,3.5094949603e-01,0.5193,1.3038383722e+00
-0.4470,-0.0006900,0.0000936,0.00009700,0.00000674,-3.1797978878e+00,3.5094949603e-01,0.5203,1.3094948530e+00
-0.4460,-0.0006890,0.0000935,0.00009690,0.00000674,-3.1753535271e+00,3.5054543614e-01,0.5213,1.3050504923e+00
-0.4450,-0.0006880,0.0000935,0.00009690,0.00000674,-3.1713130474e+00,3.5054543614e-01,0.5223,1.3010100126e+00
-0.4440,-0.0006890,0.0000934,0.00009690,0.00000674,-3.1753535271e+00,3.5014140606e-01,0.5233,1.3050504923e+00
-0.4430,-0.0006880,0.0000933,0.00009690,0.00000674,-3.1713130474e+00,3.4973734617e-01,0.5243,1.3010100126e+00
-0.4420,-0.0006860,0.0000932,0.00009700,0.00000673,-3.1636362076e+00,3.4937372804e-01,0.5253,1.2933331728e+00
-0.4410,-0.0006880,0.0000931,0.00009700,0.00000673,-3.1717171669e+00,3.4896972775e-01,0.5263,1.3014141321e+00
-0.4400,-0.0006870,0.0000931,0.00009680,0.00000673,-3.1668686867e+00,3.4896972775e-01,0.5273,1.2965656519e+00
-0.4390,-0.0006860,0.0000929,0.00009670,0.00000673,-3.1624240875e+00,3.4816163778e-01,0.5283,1.2921210527e+00
-0.4380,-0.0006850,0.0000928,0.00009680,0.00000672,-3.1587877274e+00,3.4779798985e-01,0.5293,1.2884846926e+00
-0.4370,-0.0006840,0.0000928,0.00009680,0.00000672,-3.1547474861e+00,3.4779798985e-01,0.5303,1.2844444513e+00
-0.4360,-0.0006840,0.0000926,0.00009670,0.00000672,-3.1543433666e+00,3.4698989987e-01,0.5313,1.2840403318e+00
-0.4350,-0.0006830,0.0000926,0.00009660,0.00000672,-3.1498990059e+00,3.4698989987e-01,0.5323,1.2795959711e+00
-0.4340,-0.0006830,0.0000927,0.00009640,0.00000673,-3.1490910053e+00,3.4735354781e-01,0.5333,1.2787879705e+00
-0.4330,-0.0006820,0.0000925,0.00009660,0.00000673,-3.1458585262e+00,3.4654545784e-01,0.5343,1.2755554914e+00
-0.4320,-0.0006830,0.0000924,0.00009640,0.00000672,-3.1490910053e+00,3.4618180990e-01,0.5353,1.2787879705e+00
-0.4310,-0.0006810,0.0000923,0.00009660,0.00000672,-3.1418180466e+00,3.4577775002e-01,0.5363,1.2715150118e+00
-0.4300,-0.0006810,0.0000922,0.00009650,0.00000671,-3.1414141655e+00,3.4541416168e-01,0.5373,1.2711111307e+00
-0.4290,-0.0006820,0.0000921,0.00009650,0.00000671,-3.1454544067e+00,3.4501013160e-01,0.5383,1.2751513720e+00
-0.4280,-0.0006810,0.0000920,0.00009640,0.00000670,-3.1410100460e+00,3.4464648366e-01,0.5393,1.2707070112e+00
-0.4270,-0.0006790,0.0000919,0.00009640,0.00000670,-3.1329290867e+00,3.4424242377e-01,0.5403,1.2626260519e+00
-0.4260,-0.0006800,0.0000918,0.00009640,0.00000670,-3.1369695663e+00,3.4383839369e-01,0.5413,1.2666665316e+00
-0.4250,-0.0006790,0.0000917,0.00009640,0.00000670,-3.1329290867e+00,3.4343433380e-01,0.5423,1.2626260519e+00
-0.4240,-0.0006780,0.0000916,0.00009640,0.00000671,-3.1288888454e+00,3.4298992157e-01,0.5433,1.2585858107e+00
-0.4230,-0.0006780,0.0000915,0.00009640,0.00000670,-3.1288888454e+00,3.4262624383e-01,0.5443,1.2585858107e+00
-0.4220,-0.0006760,0.0000913,0.00009640,0.00000671,-3.1208081245e+00,3.4177777171e-01,0.5453,1.2505050898e+00
-0.4210,-0.0006760,0.0000912,0.00009630,0.00000671,-3.1204040051e+00,3.4137377143e-01,0.5463,1.2501009703e+00
-0.4200,-0.0006750,0.0000911,0.00009630,0.00000671,-3.1163635254e+00,3.4096971154e-01,0.5473,1.2460604906e+00
-0.4190,-0.0006760,0.0000910,0.00009620,0.00000670,-3.1200001240e+00,3.4060606360e-01,0.5483,1.2496970892e+00
-0.4180,-0.0006750,0.0000909,0.00009620,0.00000670,-3.1159596443e+00,3.4020203352e-01,0.5493,1.2456566095e+00
-0.4170,-0.0006750,0.0000907,0.00009610,0.00000670,-3.1155555248e+00,3.3939394355e-01,0.5503,1.2452524900e+00
-0.4160,-0.0006730,0.0000905,0.00009620,0.00000670,-3.1078786850e+00,3.3858585358e-01,0.5513,1.2375756502e+00
-0.4150,-0.0006720,0.0000905,0.00009610,0.00000670,-3.1034343243e+00,3.3858585358e-01,0.5523,1.2331312895e+00
-0.4140,-0.0006730,0.0000905,0.00009610,0.00000670,-3.1074745655e+00,3.3858585358e-01,0.5533,1.2371715307e+00
-0.4130,-0.0006720,0.0000903,0.00009600,0.00000670,-3.1030304432e+00,3.3777776361e-01,0.5543,1.2327274084e+00
-0.4120,-0.0006710,0.0000901,0.00009610,0.00000670,-3.0993938446e+00,3.3696970344e-01,0.5553,1.2290908098e+00
-0.4110,-0.0006710,0.0000900,0.00009590,0.00000669,-3.0985858440e+00,3.3660605550e-01,0.5563,1.2282828093e+00
-0.4100,-0.0006670,0.0000899,0.00009610,0.00000668,-3.0832324028e+00,3.3624243736e-01,0.5573,1.2129293680e+00
-0.4090,-0.0006710,0.0000898,0.00009630,0.00000669,-3.1002018452e+00,3.3579796553e-01,0.5583,1.2298988104e+00
-0.4080,-0.0006690,0.0000897,0.00009610,0.00000669,-3.0913128853e+00,3.3539393544e-01,0.5593,1.2210098505e+00
-0.4070,-0.0006680,0.0000895,0.00009600,0.00000669,-3.0868687630e+00,3.3458584547e-01,0.5603,1.2165657282e+00
-0.4060,-0.0006690,0.0000894,0.00009600,0.00000668,-3.0909090042e+00,3.3422222733e-01,0.5613,1.2206059694e+00
-0.4050,-0.0006690,0.0000892,0.00009580,0.00000668,-3.0901010036e+00,3.3341416717e-01,0.5623,1.2197979689e+00
-0.4040,-0.0006670,0.0000890,0.00009590,0.00000668,-3.0824241638e+00,3.3260607719e-01,0.5633,1.2121211290e+00
-0.4030,-0.0006670,0.0000889,0.00009580,0.00000668,-3.0820200443e+00,3.3220201731e-01,0.5643,1.2117170095e+00
-0.4020,-0.0006670,0.0000888,0.00009570,0.00000668,-3.0816161633e+00,3.3179798722e-01,0.5653,1.2113131285e+00
-0.4010,-0.0006640,0.0000885,0.00009570,0.00000669,-3.0694947243e+00,3.3054542542e-01,0.5663,1.1991916895e+00
-0.4000,-0.0006650,0.0000884,0.00009560,0.00000668,-3.0731313229e+00,3.3018180728e-01,0.5673,1.2028282881e+00
-0.3990,-0.0006640,0.0000882,0.00009570,0.00000669,-3.0694947243e+00,3.2933333516e-01,0.5683,1.1991916895e+00
-0.3980,-0.0006630,0.0000881,0.00009560,0.00000668,-3.0650503635e+00,3.2896971703e-01,0.5693,1.1947473288e+00
-0.3970,-0.0006630,0.0000880,0.00009570,0.00000669,-3.0654544830e+00,3.2852524519e-01,0.5703,1.1951514482e+00
-0.3960,-0.0006620,0.0000878,0.00009570,0.00000668,-3.0614140034e+00,3.2775756717e-01,0.5713,1.1911109686e+00
-0.3950,-0.0006610,0.0000876,0.00009550,0.00000668,-3.0565660000e+00,3.2694950700e-01,0.5723,1.1862629652e+00
-0.3940,-0.0006600,0.0000874,0.00009550,0.00000668,-3.0525255203e+00,3.2614144683e-01,0.5733,1.1822224855e+00
-0.3930,-0.0006610,0.0000873,0.00009520,0.00000667,-3.0553538799e+00,3.2577779889e-01,0.5743,1.1850508451e+00
-0.3920,-0.0006600,0.0000871,0.00009530,0.00000667,-3.0517172813e+00,3.2496970892e-01,0.5753,1.1814142466e+00
-0.3910,-0.0006590,0.0000869,0.00009530,0.00000667,-3.0476770401e+00,3.2416161895e-01,0.5763,1.1773740053e+00
-0.3900,-0.0006570,0.0000868,0.00009530,0.00000667,-3.0395960808e+00,3.2375755906e-01,0.5773,1.1692930460e+00
-0.3890,-0.0006590,0.0000866,0.00009530,0.00000667,-3.0476770401e+00,3.2294946909e-01,0.5783,1.1773740053e+00
-0.3880,-0.0006560,0.0000863,0.00009530,0.00000667,-3.0355556011e+00,3.2173737884e-01,0.5793,1.1652525663e+00
-0.3870,-0.0006560,0.0000861,0.00009520,0.00000667,-3.0351514816e+00,3.2092928886e-01,0.5803,1.1648484468e+00
-0.3860,-0.0006550,0.0000859,0.00009530,0.00000667,-3.0315151215e+00,3.2012119889e-01,0.5813,1.1612120867e+00
-0.3850,-0.0006530,0.0000857,0.00009520,0.00000667,-3.0230302811e+00,3.1931310892e-01,0.5823,1.1527272463e+00
-0.3840,-0.0006530,0.0000855,0.00009520,0.00000667,-3.0230302811e+00,3.1850504875e-01,0.5833,1.1527272463e+00
-0.3830,-0.0006520,0.0000853,0.00009520,0.00000667,-3.0189898014e+00,3.1769695878e-01,0.5843,1.1486867666e+00
-0.3820,-0.0006510,0.0000851,0.00009510,0.00000666,-3.0145454407e+00,3.1692931056e-01,0.5853,1.1442424059e+00
-0.3810,-0.0006510,0.0000850,0.00009500,0.00000666,-3.0141415596e+00,3.1652525067e-01,0.5863,1.1438385248e+00
-0.3800,-0.0006490,0.0000847,0.00009500,0.00000665,-3.0060606003e+00,3.1535351276e-01,0.5873,1.1357575655e+00
-0.3790,-0.0006460,0.0000845,0.00009500,0.00000665,-2.9939393997e+00,3.1454548240e-01,0.5883,1.1236363649e+00
-0.3780,-0.0006500,0.0000843,0.00009500,0.00000665,-3.0101010799e+00,3.1373739243e-01,0.5893,1.1397980452e+00
-0.3770,-0.0006460,0.0000839,0.00009500,0.00000665,-2.9939393997e+00,3.1212121248e-01,0.5903,1.1236363649e+00
-0.3760,-0.0006460,0.0000838,0.00009490,0.00000665,-2.9935352802e+00,3.1171715260e-01,0.5913,1.1232322454e+00
-0.3750,-0.0006450,0.0000836,0.00009480,0.00000665,-2.9890911579e+00,3.1090912223e-01,0.5923,1.1187881231e+00
-0.3740,-0.0006440,0.0000834,0.00009480,0.00000664,-2.9850506783e+00,3.1014141440e-01,0.5933,1.1147476435e+00
-0.3730,-0.0006430,0.0000832,0.00009470,0.00000664,-2.9806060791e+00,3.0933332443e-01,0.5943,1.1103030443e+00
-0.3720,-0.0006430,0.0000829,0.00009460,0.00000665,-2.9802021980e+00,3.0808079243e-01,0.5953,1.1098991632e+00
-0.3710,-0.0006410,0.0000828,0.00009460,0.00000664,-2.9721212387e+00,3.0771714449e-01,0.5963,1.1018182039e+00
-0.3700,-0.0006420,0.0000825,0.00009460,0.00000664,-2.9761617184e+00,3.0650505424e-01,0.5973,1.1058586836e+00
-0.3690,-0.0006410,0.0000823,0.00009450,0.00000664,-2.9717171192e+00,3.0569696426e-01,0.5983,1.1014140844e+00
-0.3680,-0.0006390,0.0000821,0.00009440,0.00000664,-2.9632322788e+00,3.0488887429e-01,0.5993,1.0929292440e+00
-0.3670,-0.0006390,0.0000818,0.00009440,0.00000664,-2.9632322788e+00,3.0367675424e-01,0.6003,1.0929292440e+00
-0.3660,-0.0006390,0.0000815,0.00009440,0.00000664,-2.9632322788e+00,3.0246463418e-01,0.6013,1.0929292440e+00
-0.3650,-0.0006370,0.0000813,0.00009430,0.00000664,-2.9547476768e+00,3.0165654421e-01,0.6023,1.0844446421e+00
-0.3640,-0.0006360,0.0000810,0.00009440,0.00000664,-2.9511113167e+00,3.0044442415e-01,0.6033,1.0808082819e+00
-0.3630,-0.0006330,0.0000808,0.00009430,0.00000664,-2.9385859966e+00,2.9963633418e-01,0.6043,1.0682829618e+00
-0.3620,-0.0006350,0.0000806,0.00009430,0.00000663,-2.9466667175e+00,2.9886871576e-01,0.6053,1.0763636827e+00
-0.3610,-0.0006330,0.0000803,0.00009430,0.00000663,-2.9385859966e+00,2.9765656590e-01,0.6063,1.0682829618e+00
-0.3600,-0.0006320,0.0000799,0.00009420,0.00000664,-2.9341413975e+00,2.9599997401e-01,0.6073,1.0638383627e+00
-0.3590,-0.0006300,0.0000797,0.00009420,0.00000664,-2.9260606766e+00,2.9519191384e-01,0.6083,1.0557576418e+00
-0.3580,-0.0006300,0.0000795,0.00009420,0.00000664,-2.9260606766e+00,2.9438382387e-01,0.6093,1.0557576418e+00
-0.3570,-0.0006260,0.0000793,0.00009420,0.00000663,-2.9098989964e+00,2.9361617565e-01,0.6103,1.0395959616e+00
-0.3560,-0.0006290,0.0000791,0.00009410,0.00000663,-2.9216163158e+00,2.9280808568e-01,0.6113,1.0513132811e+00
-0.3550,-0.0006270,0.0000787,0.00009400,0.00000662,-2.9131314754e+00,2.9123231769e-01,0.6123,1.0428284407e+00
-0.3540,-0.0006260,0.0000784,0.00009400,0.00000662,-2.9090909958e+00,2.9002019763e-01,0.6133,1.0387879610e+00
-0.3530,-0.0006250,0.0000782,0.00009390,0.00000662,-2.9046463966e+00,2.8921210766e-01,0.6143,1.0343433619e+00
-0.3520,-0.0006240,0.0000780,0.00009400,0.00000662,-2.9010100365e+00,2.8840401769e-01,0.6153,1.0307070017e+00
-0.3510,-0.0006240,0.0000777,0.00009390,0.00000662,-2.9006061554e+00,2.8719192743e-01,0.6163,1.0303031206e+00
-0.3500,-0.0006210,0.0000773,0.00009380,0.00000662,-2.8880808353e+00,2.8557574749e-01,0.6173,1.0177778006e+00
-0.3490,-0.0006210,0.0000771,0.00009380,0.00000662,-2.8880808353e+00,2.8476765752e-01,0.6183,1.0177778006e+00
-0.3480,-0.0006190,0.0000768,0.00009380,0.00000662,-2.8800001144e+00,2.8355556726e-01,0.6193,1.0096970797e+00
-0.3470,-0.0006180,0.0000765,0.00009360,0.00000662,-2.8751516342e+00,2.8234344721e-01,0.6203,1.0048485994e+00
-0.3460,-0.0006170,0.0000763,0.00009360,0.00000662,-2.8711111546e+00,2.8153535724e-01,0.6213,1.0008081198e+00
-0.3450,-0.0006150,0.0000759,0.00009360,0.00000661,-2.8630304337e+00,2.7995961905e-01,0.6223,9.9272739887e-01
-0.3440,-0.0006140,0.0000756,0.00009340,0.00000662,-2.8581819534e+00,2.7870705724e-01,0.6233,9.8787891865e-01
-0.3430,-0.0006130,0.0000753,0.00009340,0.00000661,-2.8541414738e+00,2.7753534913e-01,0.6243,9.8383843899e-01
-0.3420,-0.0006130,0.0000751,0.00009340,0.00000661,-2.8541414738e+00,2.7672728896e-01,0.6253,9.8383843899e-01
-0.3410,-0.0006090,0.0000748,0.00009340,0.00000661,-2.8379797935e+00,2.7551513910e-01,0.6263,9.6767675877e-01
-0.3400,-0.0006110,0.0000745,0.00009340,0.00000661,-2.8460607529e+00,2.7430301905e-01,0.6273,9.7575771809e-01
-0.3390,-0.0006080,0.0000742,0.00009340,0.00000661,-2.8339393139e+00,2.7309089899e-01,0.6283,9.6363627911e-01
-0.3380,-0.0006070,0.0000738,0.00009330,0.00000661,-2.8294951916e+00,2.7147477865e-01,0.6293,9.5919215679e-01
-0.3370,-0.0006060,0.0000736,0.00009320,0.00000661,-2.8250505924e+00,2.7066668868e-01,0.6303,9.5474755764e-01
-0.3360,-0.0006050,0.0000733,0.00009320,0.00000661,-2.8210101128e+00,2.6945453882e-01,0.6313,9.5070707798e-01
-0.3350,-0.0006030,0.0000729,0.00009320,0.00000661,-2.8129293919e+00,2.6783838868e-01,0.6323,9.4262635708e-01
-0.3340,-0.0006030,0.0000726,0.00009300,0.00000661,-2.8121211529e+00,2.6662623882e-01,0.6333,9.4181811810e-01
-0.3330,-0.0006010,0.0000724,0.00009320,0.00000661,-2.8048484325e+00,2.6581814885e-01,0.6343,9.3454539776e-01
-0.3320,-0.0005990,0.0000720,0.00009310,0.00000660,-2.7963638306e+00,2.6424244046e-01,0.6353,9.2606079578e-01
-0.3310,-0.0005990,0.0000717,0.00009290,0.00000659,-2.7955555916e+00,2.6307070255e-01,0.6363,9.2525255680e-01
-0.3300,-0.0005970,0.0000713,0.00009290,0.00000659,-2.7874748707e+00,2.6145452261e-01,0.6373,9.1717183590e-01
-0.3290,-0.0005950,0.0000710,0.00009290,0.00000659,-2.7793939114e+00,2.6024243236e-01,0.6383,9.0909087658e-01
-0.3280,-0.0005940,0.0000708,0.00009280,0.00000660,-2.7749495506e+00,2.5939396024e-01,0.6393,9.0464651585e-01
-0.3270,-0.0005900,0.0000704,0.00009280,0.00000660,-2.7587878704e+00,2.5777778029e-01,0.6403,8.8848483562e-01
-0.3260,-0.0005920,0.0000700,0.00009270,0.00000660,-2.7664647102e+00,2.5616163015e-01,0.6413,8.9616167545e-01
-0.3250,-0.0005910,0.0000698,0.00009270,0.00000659,-2.7624244690e+00,2.5539392233e-01,0.6423,8.9212143421e-01
-0.3240,-0.0005880,0.0000694,0.00009260,0.00000659,-2.7498989105e+00,2.5377777219e-01,0.6433,8.7959587574e-01
-0.3230,-0.0005870,0.0000691,0.00009260,0.00000659,-2.7458586693e+00,2.5256565213e-01,0.6443,8.7555563450e-01
-0.3220,-0.0005860,0.0000688,0.00009250,0.00000659,-2.7414140701e+00,2.5135353208e-01,0.6453,8.7111103535e-01
-0.3210,-0.0005840,0.0000685,0.00009250,0.00000659,-2.7333333492e+00,2.5014138222e-01,0.6463,8.6303031445e-01
-0.3200,-0.0005820,0.0000681,0.00009250,0.00000658,-2.7252526283e+00,2.4856567383e-01,0.6473,8.5494959354e-01
-0.3190,-0.0005810,0.0000677,0.00009250,0.00000659,-2.7212121487e+00,2.4690908194e-01,0.6483,8.5090911388e-01
-0.3180,-0.0005790,0.0000673,0.00009240,0.00000658,-2.7127273083e+00,2.4533334374e-01,0.6493,8.4242427349e-01
-0.3170,-0.0005760,0.0000671,0.00009230,0.00000658,-2.7002022266e+00,2.4452525377e-01,0.6503,8.2989919186e-01
-0.3160,-0.0005760,0.0000668,0.00009240,0.00000658,-2.7006061077e+00,2.4331311882e-01,0.6513,8.3030307293e-01
-0.3150,-0.0005740,0.0000664,0.00009220,0.00000658,-2.6917171478e+00,2.4169698358e-01,0.6523,8.2141411304e-01
-0.3140,-0.0005720,0.0000662,0.00009230,0.00000658,-2.6840403080e+00,2.4088889360e-01,0.6533,8.1373727322e-01
-0.3130,-0.0005700,0.0000658,0.00009220,0.00000658,-2.6755554676e+00,2.3927271366e-01,0.6543,8.0525243282e-01
-0.3120,-0.0005690,0.0000655,0.00009210,0.00000658,-2.6711113453e+00,2.3806059361e-01,0.6553,8.0080831051e-01
-0.3110,-0.0005680,0.0000652,0.00009210,0.00000658,-2.6670708656e+00,2.3684848845e-01,0.6563,7.9676783085e-01
-0.3100,-0.0005670,0.0000648,0.00009210,0.00000658,-2.6630303860e+00,2.3523230851e-01,0.6573,7.9272735119e-01
-0.3090,-0.0005650,0.0000643,0.00009200,0.00000658,-2.6545455456e+00,2.3321212828e-01,0.6583,7.8424251080e-01
-0.3080,-0.0005620,0.0000639,0.00009210,0.00000657,-2.6428282261e+00,2.3163636029e-01,0.6593,7.7252519131e-01
-0.3070,-0.0005600,0.0000638,0.00009220,0.00000657,-2.6351516247e+00,2.3123231530e-01,0.6603,7.6484858990e-01
-0.3060,-0.0005590,0.0000634,0.00009200,0.00000657,-2.6303031445e+00,2.2961616516e-01,0.6613,7.6000010967e-01
-0.3050,-0.0005570,0.0000630,0.00009190,0.00000657,-2.6218180656e+00,2.2800000012e-01,0.6623,7.5151503086e-01
-0.3040,-0.0005540,0.0000627,0.00009170,0.00000656,-2.6088891029e+00,2.2682827711e-01,0.6633,7.3858606815e-01
-0.3030,-0.0005550,0.0000624,0.00009160,0.00000656,-2.6125252247e+00,2.2561617196e-01,0.6643,7.4222218990e-01
-0.3020,-0.0005520,0.0000620,0.00009160,0.00000656,-2.6004040241e+00,2.2399999201e-01,0.6653,7.3010098934e-01
-0.3010,-0.0005500,0.0000616,0.00009140,0.00000656,-2.5915150642e+00,2.2238385677e-01,0.6663,7.2121202946e-01
-0.3000,-0.0005490,0.0000613,0.00009150,0.00000656,-2.5878787041e+00,2.2117172182e-01,0.6673,7.1757566929e-01
-0.2990,-0.0005470,0.0000609,0.00009130,0.00000656,-2.5789897442e+00,2.1955555677e-01,0.6683,7.0868670940e-01
-0.2980,-0.0005440,0.0000605,0.00009140,0.00000656,-2.5672726631e+00,2.1793939173e-01,0.6693,6.9696962833e-01
-0.2970,-0.0005430,0.0000602,0.00009130,0.00000656,-2.5628283024e+00,2.1672727168e-01,0.6703,6.9252526760e-01
-0.2960,-0.0005410,0.0000599,0.00009120,0.00000656,-2.5543434620e+00,2.1551515162e-01,0.6713,6.8404042721e-01
-0.2950,-0.0005380,0.0000595,0.00009120,0.00000656,-2.5422222614e+00,2.1389898658e-01,0.6723,6.7191922665e-01
-0.2940,-0.0005370,0.0000592,0.00009120,0.00000656,-2.5381817818e+00,2.1268686652e-01,0.6733,6.6787874699e-01
-0.2930,-0.0005350,0.0000588,0.00009110,0.00000656,-2.5296969414e+00,2.1107071638e-01,0.6743,6.5939390659e-01
-0.2920,-0.0005320,0.0000584,0.00009110,0.00000656,-2.5175757408e+00,2.0945455134e-01,0.6753,6.4727270603e-01
-0.2910,-0.0005320,0.0000580,0.00009110,0.00000656,-2.5175757408e+00,2.0783838630e-01,0.6763,6.4727270603e-01
-0.2900,-0.0005280,0.0000578,0.00009110,0.00000656,-2.5014140606e+00,2.0703031123e-01,0.6773,6.3111102581e-01
-0.2890,-0.0005260,0.0000574,0.00009100,0.00000656,-2.4929292202e+00,2.0541414618e-01,0.6783,6.2262618542e-01
-0.2880,-0.0005250,0.0000572,0.00009110,0.00000656,-2.4892928600e+00,2.0460605621e-01,0.6793,6.1898982525e-01
-0.2870,-0.0005230,0.0000567,0.00009100,0.00000655,-2.4808082581e+00,2.0262625813e-01,0.6803,6.1050522327e-01
-0.2860,-0.0005210,0.0000563,0.00009090,0.00000655,-2.4723231792e+00,2.0101010799e-01,0.6813,6.0202014446e-01
-0.2850,-0.0005190,0.0000559,0.00009080,0.00000655,-2.4638383389e+00,1.9939394295e-01,0.6823,5.9353530407e-01
-0.2840,-0.0005170,0.0000556,0.00009070,0.00000655,-2.4553534985e+00,1.9818182290e-01,0.6833,5.8505046368e-01
-0.2830,-0.0005140,0.0000552,0.00009060,0.00000655,-2.4428284168e+00,1.9656565785e-01,0.6843,5.7252538204e-01
-0.2820,-0.0005110,0.0000549,0.00009070,0.00000654,-2.4311110973e+00,1.9539394975e-01,0.6853,5.6080806255e-01
-0.2810,-0.0005100,0.0000545,0.00009060,0.00000654,-2.4266664982e+00,1.9377776980e-01,0.6863,5.5636346340e-01
-0.2800,-0.0005060,0.0000541,0.00009050,0.00000654,-2.4101009369e+00,1.9216163456e-01,0.6873,5.3979790211e-01
-0.2790,-0.0005050,0.0000538,0.00009050,0.00000654,-2.4060606956e+00,1.9094949961e-01,0.6883,5.3575766087e-01
-0.2780,-0.0005020,0.0000535,0.00009050,0.00000655,-2.3939392567e+00,1.8969696760e-01,0.6893,5.2363622189e-01
-0.2770,-0.0005000,0.0000531,0.00009050,0.00000655,-2.3858585358e+00,1.8808081746e-01,0.6903,5.1555550098e-01
-0.2760,-0.0004990,0.0000527,0.00009030,0.00000654,-2.3810100555e+00,1.8650504947e-01,0.6913,5.1070702076e-01
-0.2750,-0.0004960,0.0000524,0.00009020,0.00000654,-2.3684847355e+00,1.8529291451e-01,0.6923,4.9818170071e-01
-0.2740,-0.0004930,0.0000519,0.00009020,0.00000654,-2.3563637733e+00,1.8327273428e-01,0.6933,4.8606073856e-01
-0.2730,-0.0004920,0.0000516,0.00009010,0.00000654,-2.3519191742e+00,1.8206059933e-01,0.6943,4.8161613941e-01
-0.2720,-0.0004880,0.0000512,0.00009010,0.00000654,-2.3357574940e+00,1.8044444919e-01,0.6953,4.6545445919e-01
-0.2710,-0.0004870,0.0000509,0.00009000,0.00000654,-2.3313131332e+00,1.7923232913e-01,0.6963,4.6101009846e-01
-0.2700,-0.0004840,0.0000505,0.00008990,0.00000654,-2.3187878132e+00,1.7761614919e-01,0.6973,4.4848477840e-01
-0.2690,-0.0004810,0.0000501,0.00008990,0.00000653,-2.3066666126e+00,1.7604039609e-01,0.6983,4.3636357784e-01
-0.2680,-0.0004790,0.0000498,0.00008990,0.00000654,-2.2985858917e+00,1.7478787899e-01,0.6993,4.2828285694e-01
-0.2670,-0.0004760,0.0000494,0.00008960,0.00000653,-2.2852525711e+00,1.7321212590e-01,0.7003,4.1494953632e-01
-0.2660,-0.0004750,0.0000491,0.00008970,0.00000653,-2.2816162109e+00,1.7199999094e-01,0.7013,4.1131317616e-01
-0.2650,-0.0004710,0.0000486,0.00008960,0.00000653,-2.2650506496e+00,1.6997979581e-01,0.7023,3.9474761486e-01
-0.2640,-0.0004690,0.0000482,0.00008960,0.00000653,-2.2569696903e+00,1.6836363077e-01,0.7033,3.8666665554e-01
-0.2630,-0.0004660,0.0000479,0.00008950,0.00000653,-2.2444443703e+00,1.6715151072e-01,0.7043,3.7414133549e-01
-0.2620,-0.0004630,0.0000475,0.00008960,0.00000653,-2.2327272892e+00,1.6553536057e-01,0.7053,3.6242425442e-01
-0.2610,-0.0004590,0.0000471,0.00008940,0.00000653,-2.2157576084e+00,1.6391918063e-01,0.7063,3.4545457363e-01
-0.2600,-0.0004590,0.0000468,0.00008940,0.00000653,-2.2157576084e+00,1.6270706058e-01,0.7073,3.4545457363e-01
-0.2590,-0.0004550,0.0000464,0.00008920,0.00000652,-2.1987879276e+00,1.6113130748e-01,0.7083,3.2848489285e-01
-0.2580,-0.0004520,0.0000460,0.00008900,0.00000652,-2.1858584881e+00,1.5951515734e-01,0.7093,3.1555545330e-01
-0.2570,-0.0004500,0.0000457,0.00008930,0.00000653,-2.1789898872e+00,1.5826261044e-01,0.7103,3.0868685246e-01
-0.2560,-0.0004470,0.0000452,0.00008920,0.00000652,-2.1664648056e+00,1.5628282726e-01,0.7113,2.9616177082e-01
-0.2550,-0.0004440,0.0000448,0.00008940,0.00000652,-2.1551513672e+00,1.5466666222e-01,0.7123,2.8484833241e-01
-0.2540,-0.0004410,0.0000445,0.00008890,0.00000651,-2.1410102844e+00,1.5349495411e-01,0.7133,2.7070724964e-01
-0.2530,-0.0004380,0.0000441,0.00008890,0.00000652,-2.1288888454e+00,1.5183839202e-01,0.7143,2.5858581066e-01
-0.2520,-0.0004350,0.0000437,0.00008900,0.00000652,-2.1171715260e+00,1.5022222698e-01,0.7153,2.4686849117e-01
-0.2510,-0.0004300,0.0000433,0.00008890,0.00000652,-2.0965657234e+00,1.4860606194e-01,0.7163,2.2626268864e-01
-0.2500,-0.0004300,0.0000430,0.00008880,0.00000651,-2.0961616039e+00,1.4743435383e-01,0.7173,2.2585856915e-01
-0.2490,-0.0004250,0.0000426,0.00008880,0.00000651,-2.0759596825e+00,1.4581818879e-01,0.7183,2.0565664768e-01
-0.2480,-0.0004230,0.0000422,0.00008870,0.00000651,-2.0674748421e+00,1.4420202374e-01,0.7193,1.9717180729e-01
-0.2470,-0.0004200,0.0000418,0.00008860,0.00000651,-2.0549492836e+00,1.4258587360e-01,0.7203,1.8464624882e-01
-0.2460,-0.0004160,0.0000414,0.00008870,0.00000651,-2.0391919613e+00,1.4096969366e-01,0.7213,1.6888892651e-01
-0.2450,-0.0004130,0.0000410,0.00008850,0.00000650,-2.0262625217e+00,1.3939394057e-01,0.7223,1.5595948696e-01
-0.2440,-0.0004100,0.0000406,0.00008840,0.00000651,-2.0137374401e+00,1.3773737848e-01,0.7233,1.4343440533e-01
-0.2430,-0.0004060,0.0000401,0.00008840,0.00000651,-1.9975756407e+00,1.3571716845e-01,0.7243,1.2727260590e-01
-0.2420,-0.0004030,0.0000398,0.00008840,0.00000651,-1.9854545593e+00,1.3450506330e-01,0.7253,1.1515152454e-01
-0.2410,-0.0003990,0.0000394,0.00008820,0.00000651,-1.9684848785e+00,1.3288889825e-01,0.7263,9.8181843758e-02
-0.2400,-0.0003970,0.0000390,0.00008820,0.00000650,-1.9604040384e+00,1.3131313026e-01,0.7273,9.0101003647e-02
-0.2390,-0.0003930,0.0000386,0.00008820,0.00000651,-1.9442424774e+00,1.2965656817e-01,0.7283,7.3939442635e-02
-0.2380,-0.0003900,0.0000382,0.00008800,0.00000650,-1.9313131571e+00,1.2808081508e-01,0.7293,6.1010122299e-02
-0.2370,-0.0003850,0.0000378,0.00008800,0.00000650,-1.9111111164e+00,1.2646465003e-01,0.7303,4.0808081627e-02
-0.2360,-0.0003820,0.0000373,0.00008790,0.00000650,-1.8985859156e+00,1.2444445491e-01,0.7313,2.8282880783e-02
-0.2350,-0.0003790,0.0000369,0.00008800,0.00000650,-1.8868687153e+00,1.2282828242e-01,0.7323,1.6565680504e-02
-0.2340,-0.0003750,0.0000365,0.00008790,0.00000649,-1.8703030348e+00,1.2125253677e-01,0.7333,0.0000000000e+00
-0.2330,-0.0003720,0.0000361,0.00008760,0.00000649,-1.8569697142e+00,1.1963635683e-01,0.7343,1.3333320618e-02
-0.2320,-0.0003670,0.0000356,0.00008770,0.00000649,-1.8371716738e+00,1.1761615425e-01,0.7353,3.3131361008e-02
-0.2310,-0.0003640,0.0000353,0.00008770,0.00000649,-1.8250504732e+00,1.1640404165e-01,0.7363,4.5252561569e-02
-0.2300,-0.0003600,0.0000349,0.00008760,0.00000649,-1.8084849119e+00,1.1478788406e-01,0.7373,6.1818122864e-02
-0.2290,-0.0003560,0.0000344,0.00008750,0.00000649,-1.7919192314e+00,1.1276768148e-01,0.7383,7.8383803368e-02
-0.2280,-0.0003530,0.0000340,0.00008760,0.00000649,-1.7802020311e+00,1.1115151644e-01,0.7393,9.0101003647e-02
-0.2270,-0.0003470,0.0000336,0.00008750,0.00000649,-1.7555555105e+00,1.0953535885e-01,0.7403,1.1474752426e-01
-0.2260,-0.0003440,0.0000332,0.00008740,0.00000649,-1.7430303097e+00,1.0791920125e-01,0.7413,1.2727272511e-01
-0.2250,-0.0003400,0.0000328,0.00008740,0.00000649,-1.7268686295e+00,1.0630302876e-01,0.7423,1.4343440533e-01
-0.2240,-0.0003360,0.0000323,0.00008730,0.00000648,-1.7103029490e+00,1.0432322323e-01,0.7433,1.6000008583e-01
-0.2230,-0.0003320,0.0000318,0.00008730,0.00000648,-1.6941413879e+00,1.0230302066e-01,0.7443,1.7616164684e-01
-0.2220,-0.0003280,0.0000314,0.00008710,0.00000648,-1.6771717072e+00,1.0068686306e-01,0.7453,1.9313132763e-01
-0.2210,-0.0003230,0.0000310,0.00008700,0.00000648,-1.6565655470e+00,9.9070705473e-02,0.7463,2.1373748779e-01
-0.2200,-0.0003200,0.0000306,0.00008700,0.00000648,-1.6444443464e+00,9.7454540431e-02,0.7473,2.2585868835e-01
-0.2190,-0.0003150,0.0000301,0.00008690,0.00000647,-1.6238384247e+00,9.5474749804e-02,0.7483,2.4646461010e-01
-0.2180,-0.0003110,0.0000296,0.00008690,0.00000647,-1.6076767445e+00,9.3454547226e-02,0.7493,2.6262629032e-01
-0.2170,-0.0003070,0.0000292,0.00008690,0.00000648,-1.5915151834e+00,9.1797977686e-02,0.7503,2.7878785133e-01
-0.2160,-0.0003020,0.0000288,0.00008660,0.00000648,-1.5701010227e+00,9.0181812644e-02,0.7513,3.0020201206e-01
-0.2150,-0.0002980,0.0000284,0.00008670,0.00000647,-1.5543433428e+00,8.8606059551e-02,0.7523,3.1595969200e-01
-0.2140,-0.0002930,0.0000279,0.00008670,0.00000647,-1.5341413021e+00,8.6585856974e-02,0.7533,3.3616173267e-01
-0.2130,-0.0002890,0.0000274,0.00008660,0.00000647,-1.5175756216e+00,8.4565654397e-02,0.7543,3.5272741318e-01
-0.2120,-0.0002850,0.0000270,0.00008650,0.00000647,-1.5010100603e+00,8.2949496806e-02,0.7553,3.6929297447e-01
-0.2110,-0.0002800,0.0000266,0.00008660,0.00000646,-1.4812121391e+00,8.1373736262e-02,0.7563,3.8909089565e-01
-0.2100,-0.0002760,0.0000262,0.00008640,0.00000646,-1.4642425776e+00,7.9757578671e-02,0.7573,4.0606045723e-01
-0.2090,-0.0002710,0.0000257,0.00008640,0.00000646,-1.4440402985e+00,7.7737376094e-02,0.7583,4.2626273632e-01
-0.2080,-0.0002670,0.0000252,0.00008630,0.00000646,-1.4274748564e+00,7.5717173517e-02,0.7593,4.4282817841e-01
-0.2070,-0.0002620,0.0000248,0.00008620,0.00000645,-1.4068685770e+00,7.4141412973e-02,0.7603,4.6343445778e-01
-0.2060,-0.0002580,0.0000244,0.00008600,0.00000645,-1.3898990154e+00,7.2525255382e-02,0.7613,4.8040401936e-01
-0.2050,-0.0002520,0.0000239,0.00008610,0.00000646,-1.3660606146e+00,7.0464648306e-02,0.7623,5.0424242020e-01
-0.2040,-0.0002480,0.0000235,0.00008620,0.00000646,-1.3503029346e+00,6.8848490715e-02,0.7633,5.2000010014e-01
-0.2030,-0.0002440,0.0000231,0.00008610,0.00000645,-1.3337373734e+00,6.7272722721e-02,0.7643,5.3656566143e-01
-0.2020,-0.0002390,0.0000227,0.00008610,0.00000645,-1.3135353327e+00,6.5656565130e-02,0.7653,5.5676770210e-01
-0.2010,-0.0002340,0.0000222,0.00008590,0.00000645,-1.2925251722e+00,6.3636362553e-02,0.7663,5.7777786255e-01
-0.2000,-0.0002300,0.0000218,0.00008590,0.00000645,-1.2763637304e+00,6.2020204961e-02,0.7673,5.9393930435e-01
-0.1990,-0.0002250,0.0000213,0.00008580,0.00000645,-1.2557574511e+00,6.0000002384e-02,0.7683,6.1454558372e-01
-0.1980,-0.0002200,0.0000210,0.00008570,0.00000645,-1.2351515293e+00,5.8787878603e-02,0.7693,6.3515150547e-01
-0.1970,-0.0002160,0.0000206,0.00008560,0.00000645,-1.2185858488e+00,5.7171717286e-02,0.7703,6.5171718597e-01
-0.1960,-0.0002120,0.0000201,0.00008550,0.00000645,-1.2020201683e+00,5.5151514709e-02,0.7713,6.6828286648e-01
-0.1950,-0.0002070,0.0000197,0.00008550,0.00000645,-1.1818182468e+00,5.3535357118e-02,0.7723,6.8848478794e-01
-0.1940,-0.0002020,0.0000193,0.00008540,0.00000645,-1.1612122059e+00,5.1919192076e-02,0.7733,7.0909082890e-01
-0.1930,-0.0001980,0.0000189,0.00008530,0.00000644,-1.1446465254e+00,5.0343435258e-02,0.7743,7.2565650940e-01
-0.1920,-0.0001930,0.0000185,0.00008520,0.00000643,-1.1240403652e+00,4.8767678440e-02,0.7753,7.4626266956e-01
-0.1910,-0.0001890,0.0000181,0.00008520,0.00000644,-1.1078788042e+00,4.7111108899e-02,0.7763,7.6242423058e-01
-0.1900,-0.0001850,0.0000178,0.00008510,0.00000643,-1.0913131237e+00,4.5939389616e-02,0.7773,7.7898991108e-01
-0.1890,-0.0001800,0.0000174,0.00008510,0.00000643,-1.0711112022e+00,4.4323232025e-02,0.7783,7.9919183254e-01
-0.1880,-0.0001760,0.0000170,0.00008500,0.00000643,-1.0545455217e+00,4.2707070708e-02,0.7793,8.1575751305e-01
-0.1870,-0.0001720,0.0000166,0.00008490,0.00000643,-1.0379798412e+00,4.1090913117e-02,0.7803,8.3232319355e-01
-0.1860,-0.0001670,0.0000163,0.00008490,0.00000643,-1.0177778006e+00,3.9878789335e-02,0.7813,8.5252523422e-01
-0.1850,-0.0001630,0.0000159,0.00008480,0.00000643,-1.0012121201e+00,3.8262620568e-02,0.7823,8.6909091473e-01
-0.1840,-0.0001590,0.0000156,0.00008470,0.00000643,-9.8464643955e-01,3.7050507963e-02,0.7833,8.8565659523e-01
-0.1830,-0.0001540,0.0000153,0.00008470,0.00000643,-9.6444439888e-01,3.5838384181e-02,0.7843,9.0585863590e-01
-0.1820,-0.0001500,0.0000149,0.00008460,0.00000642,-9.4787883759e-01,3.4262623638e-02,0.7853,9.2242419720e-01
-0.1810,-0.0001460,0.0000146,0.00008450,0.00000643,-9.3131315708e-01,3.3010102808e-02,0.7863,9.3898987770e-01
-0.1800,-0.0001410,0.0000143,0.00008450,0.00000643,-9.1111111641e-01,3.1797979027e-02,0.7873,9.5919191837e-01
-0.1790,-0.0001380,0.0000140,0.00008450,0.00000642,-8.9898991585e-01,3.0626263469e-02,0.7883,9.7131311893e-01
-0.1780,-0.0001340,0.0000137,0.00008440,0.00000642,-8.8242423534e-01,2.9414141551e-02,0.7893,9.8787879944e-01
-0.1770,-0.0001300,0.0000134,0.00008420,0.00000642,-8.6545455456e-01,2.8202021495e-02,0.7903,1.0048484802e+00
-0.1760,-0.0001260,0.0000131,0.00008420,0.00000642,-8.4929293394e-01,2.6989897713e-02,0.7913,1.0210101604e+00
-0.1750,-0.0001220,0.0000128,0.00008410,0.00000643,-8.3272725344e-01,2.5737373158e-02,0.7923,1.0375757217e+00
-0.1740,-0.0001180,0.0000125,0.00008400,0.00000642,-8.1616157293e-01,2.4565655738e-02,0.7933,1.0541415215e+00
-0.1730,-0.0001140,0.0000123,0.00008410,0.00000641,-8.0040401220e-01,2.3797979578e-02,0.7943,1.0698990822e+00
-0.1720,-0.0001110,0.0000120,0.00008400,0.00000641,-7.8787881136e-01,2.2585861385e-02,0.7953,1.0824241638e+00
-0.1710,-0.0001070,0.0000117,0.00008390,0.00000641,-7.7131313086e-01,2.1373737603e-02,0.7963,1.0989899635e+00
-0.1700,-0.0001040,0.0000115,0.00008390,0.00000641,-7.5919193029e-01,2.0565656945e-02,0.7973,1.1111111641e+00
-0.1690,-0.0000998,0.0000113,0.00008390,0.00000641,-7.4222224951e-01,1.9757574424e-02,0.7983,1.1280808449e+00
-0.1680,-0.0000966,0.0000110,0.00008370,0.00000641,-7.2848486900e-01,1.8545454368e-02,0.7993,1.1418181658e+00
-0.1670,-0.0000930,0.0000108,0.00008370,0.00000641,-7.1393942833e-01,1.7737375572e-02,0.8003,1.1563636065e+00
-0.1660,-0.0000894,0.0000106,0.00008360,0.00000640,-6.9898992777e-01,1.6969695687e-02,0.8013,1.1713130474e+00
-0.1650,-0.0000864,0.0000104,0.00008360,0.00000640,-6.8686872721e-01,1.6161616892e-02,0.8023,1.1834342480e+00
-0.1640,-0.0000831,0.0000102,0.00008350,0.00000640,-6.7313134670e-01,1.5353536233e-02,0.8033,1.1971716881e+00
-0.1630,-0.0000796,0.0000100,0.00008340,0.00000640,-6.5858590603e-01,1.4505049214e-02,0.8043,1.2117171288e+00
-0.1620,-0.0000767,0.0000098,0.00008330,0.00000640,-6.4646464586e-01,1.3777777553e-02,0.8053,1.2238383293e+00
-0.1610,-0.0000735,0.0000096,0.00008330,0.00000640,-6.3353538513e-01,1.3010101393e-02,0.8063,1.2367676497e+00
-0.1600,-0.0000702,0.0000095,0.00008320,0.00000639,-6.1979800463e-01,1.2404039502e-02,0.8073,1.2505049706e+00
-0.1590,-0.0000675,0.0000093,0.00008320,0.00000639,-6.0888886452e-01,1.1717170477e-02,0.8083,1.2614141703e+00
-0.1580,-0.0000645,0.0000091,0.00008290,0.00000638,-5.9555548429e-01,1.1111111380e-02,0.8093,1.2747476101e+00
-0.1570,-0.0000614,0.0000090,0.00008290,0.00000638,-5.8303028345e-01,1.0505049489e-02,0.8103,1.2872726917e+00
-0.1560,-0.0000589,0.0000088,0.00008300,0.00000637,-5.7333332300e-01,9.9393958226e-03,0.8113,1.2969696522e+00
-0.1550,-0.0000560,0.0000087,0.00008270,0.00000638,-5.6040400267e-01,9.3333339319e-03,0.8123,1.3098990917e+00
-0.1540,-0.0000532,0.0000085,0.00008290,0.00000639,-5.4989898205e-01,8.7272701785e-03,0.8133,1.3204040527e+00
-0.1530,-0.0000504,0.0000084,0.00008280,0.00000638,-5.3818178177e-01,8.2424255088e-03,0.8143,1.3321212530e+00
-0.1520,-0.0000483,0.0000083,0.00008260,0.00000638,-5.2888894081e-01,7.7575780451e-03,0.8153,1.3414140940e+00
-0.1510,-0.0000456,0.0000082,0.00008260,0.00000638,-5.1797980070e-01,7.2727273218e-03,0.8163,1.3523232937e+00
-0.1500,-0.0000429,0.0000081,0.00008260,0.00000638,-5.0707066059e-01,6.7878803238e-03,0.8173,1.3632323742e+00
-0.1490,-0.0000407,0.0000080,0.00008260,0.00000638,-4.9818184972e-01,6.3838409260e-03,0.8183,1.3721212149e+00
-0.1480,-0.0000380,0.0000078,0.00008240,0.00000638,-4.8646464944e-01,5.9393937699e-03,0.8193,1.3838384151e+00
-0.1470,-0.0000355,0.0000077,0.00008250,0.00000638,-4.7676768899e-01,5.5353539065e-03,0.8203,1.3935353756e+00
-0.1460,-0.0000335,0.0000077,0.00008240,0.00000637,-4.6828284860e-01,5.2121211775e-03,0.8213,1.4020202160e+00
-0.1450,-0.0000310,0.0000076,0.00008230,0.00000637,-4.5777779818e-01,4.8080813140e-03,0.8223,1.4125251770e+00
-0.1440,-0.0000287,0.0000075,0.00008220,0.00000637,-4.4808080792e-01,4.4848490506e-03,0.8233,1.4222222567e+00
-0.1430,-0.0000266,0.0000074,0.00008210,0.00000637,-4.3919190764e-01,4.1616163217e-03,0.8243,1.4311110973e+00
-0.1420,-0.0000245,0.0000073,0.00008200,0.00000637,-4.3030300736e-01,3.8383835927e-03,0.8253,1.4400000572e+00
-0.1410,-0.0000223,0.0000072,0.00008200,0.00000637,-4.2141413689e-01,3.5151510965e-03,0.8263,1.4488888979e+00
-0.1400,-0.0000202,0.0000072,0.00008200,0.00000637,-4.1292929649e-01,3.2323240303e-03,0.8273,1.4573737383e+00
-0.1390,-0.0000186,0.0000071,0.00008190,0.00000637,-4.0606057644e-01,2.9494951013e-03,0.8283,1.4642424583e+00
-0.1380,-0.0000165,0.0000070,0.00008190,0.00000637,-3.9757576585e-01,2.7070713695e-03,0.8293,1.4727272987e+00
-0.1370,-0.0000144,0.0000070,0.00008180,0.00000637,-3.8868686557e-01,2.4242424406e-03,0.8303,1.4816161394e+00
-0.1360,-0.0000128,0.0000069,0.00008170,0.00000637,-3.8181817532e-01,2.2222225089e-03,0.8313,1.4884848595e+00
-0.1350,-0.0000107,0.0000069,0.00008170,0.00000636,-3.7333333492e-01,2.0202028099e-03,0.8323,1.4969696999e+00
-0.1340,-0.0000089,0.0000068,0.00008160,0.00000636,-3.6545455456e-01,1.8181810156e-03,0.8333,1.5048484802e+00
-0.1330,-0.0000072,0.0000068,0.00008140,0.00000636,-3.5814142227e-01,1.6161610838e-03,0.8343,1.5121616125e+00
-0.1320,-0.0000054,0.0000067,0.00008140,0.00000636,-3.5074749589e-01,1.4141411521e-03,0.8353,1.5195555687e+00
-0.1310,-0.0000036,0.0000067,0.00008130,0.00000636,-3.4303030372e-01,1.2121212203e-03,0.8363,1.5272727013e+00
-0.1300,-0.0000020,0.0000066,0.00008130,0.00000636,-3.3672726154e-01,1.0505049722e-03,0.8373,1.5335757732e+00
-0.1290,-0.0000003,0.0000066,0.00008120,0.00000636,-3.2924443483e-01,8.8888866594e-04,0.8383,1.5410585403e+00
-0.1280,0.0000014,0.0000065,0.00008120,0.00000636,-3.2254546881e-01,7.2727235965e-04,0.8393,1.5477576256e+00
-0.1270,0.0000027,0.0000065,0.00008110,0.00000635,-3.1660604477e-01,6.0605973704e-04,0.8403,1.5536969900e+00
-0.1260,0.0000044,0.0000065,0.00008100,0.00000635,-3.0961614847e-01,4.4444343075e-04,0.8413,1.5606868267e+00
-0.1250,0.0000060,0.0000064,0.00008100,0.00000635,-3.0315148830e-01,3.2323258347e-04,0.8423,1.5671515465e+00
-0.1240,0.0000075,0.0000064,0.00008070,0.00000634,-2.9579797387e-01,2.4242534710e-04,0.8433,1.5745050907e+00
-0.1230,0.0000087,0.0000064,0.00008070,0.00000634,-2.9086869955e-01,1.2121267355e-04,0.8443,1.5794343948e+00
-0.1220,0.0000103,0.0000063,0.00008070,0.00000634,-2.8444445133e-01,0.0000000000e+00,0.8453,1.5858585835e+00
-0.1210,0.0000117,0.0000063,0.00008070,0.00000634,-2.7878788114e-01,-1.2121084001e-04,0.8463,1.5915151834e+00
-0.1200,0.0000128,0.0000063,0.00008060,0.00000634,-2.7393940091e-01,-2.0201990264e-04,0.8473,1.5963636637e+00
-0.1190,0.0000143,0.0000063,0.00008070,0.00000634,-2.6828283072e-01,-3.2323074993e-04,0.8483,1.6020202637e+00
-0.1180,0.0000157,0.0000062,0.00008050,0.00000634,-2.6181817055e-01,-4.0403980529e-04,0.8493,1.6084848642e+00
-0.1170,0.0000169,0.0000062,0.00008050,0.00000633,-2.5696972013e-01,-4.8484886065e-04,0.8503,1.6133333445e+00
-0.1160,0.0000183,0.0000062,0.00008040,0.00000633,-2.5090909004e-01,-5.6565611158e-04,0.8513,1.6193939447e+00
-0.1150,0.0000194,0.0000062,0.00008040,0.00000633,-2.4646462500e-01,-6.4646516694e-04,0.8523,1.6238384247e+00
-0.1140,0.0000206,0.0000061,0.00008020,0.00000633,-2.4080806971e-01,-7.2727235965e-04,0.8533,1.6294949055e+00
-0.1130,0.0000216,0.0000061,0.00008010,0.00000633,-2.3636361957e-01,-7.6767598512e-04,0.8543,1.6339393854e+00
-0.1120,0.0000229,0.0000061,0.00008000,0.00000633,-2.3070704937e-01,-8.4848504048e-04,0.8553,1.6395959854e+00
-0.1110,0.0000239,0.0000061,0.00008010,0.00000633,-2.2707068920e-01,-9.2929229140e-04,0.8563,1.6432323456e+00
-0.1100,0.0000252,0.0000061,0.00008000,0.00000633,-2.2141410410e-01,-1.0101014050e-03,0.8573,1.6488889456e+00
-0.1090,0.0000263,0.0000061,0.00008000,0.00000633,-2.1696966887e-01,-1.0505049722e-03,0.8583,1.6533334255e+00
-0.1080,0.0000273,0.0000061,0.00008000,0.00000633,-2.1292926371e-01,-1.1313122232e-03,0.8593,1.6573737860e+00
-0.1070,0.0000281,0.0000060,0.00007990,0.00000633,-2.0929290354e-01,-1.1717176531e-03,0.8603,1.6610101461e+00
-0.1060,0.0000293,0.0000060,0.00007980,0.00000633,-2.0404037833e-01,-1.2121212203e-03,0.8613,1.6662626266e+00
-0.1050,0.0000303,0.0000060,0.00007980,0.00000632,-1.9999997318e-01,-1.2525249040e-03,0.8623,1.6703031063e+00
-0.1040,0.0000313,0.0000060,0.00007970,0.00000632,-1.9555556774e-01,-1.2525249040e-03,0.8633,1.6747474670e+00
-0.1030,0.0000325,0.0000060,0.00007970,0.00000632,-1.9070707262e-01,-1.3737375848e-03,0.8643,1.6795959473e+00
-0.1020,0.0000334,0.0000060,0.00007970,0.00000631,-1.8707071245e-01,-1.3333339011e-03,0.8653,1.6832323074e+00
-0.1010,0.0000339,0.0000060,0.00007960,0.00000631,-1.8464645743e-01,-1.3737375848e-03,0.8663,1.6856565475e+00
-0.1000,0.0000349,0.0000060,0.00007950,0.00000631,-1.8020200729e-01,-1.4141411521e-03,0.8673,1.6901010275e+00
-0.0990,0.0000358,0.0000059,0.00007940,0.00000631,-1.7616160214e-01,-1.4545465820e-03,0.8683,1.6941413879e+00
-0.0980,0.0000365,0.0000059,0.00007930,0.00000630,-1.7292927206e-01,-1.4545465820e-03,0.8693,1.6973737478e+00
-0.0970,0.0000374,0.0000059,0.00007920,0.00000630,-1.6888886690e-01,-1.4949502656e-03,0.8703,1.7014141083e+00
-0.0960,0.0000382,0.0000059,0.00007920,0.00000631,-1.6565655172e-01,-1.5757574001e-03,0.8713,1.7046464682e+00
-0.0950,0.0000389,0.0000059,0.00007910,0.00000631,-1.6242422163e-01,-1.5757574001e-03,0.8723,1.7078788280e+00
-0.0940,0.0000397,0.0000059,0.00007900,0.00000630,-1.5878784657e-01,-1.5757592628e-03,0.8733,1.7115151882e+00
-0.0930,0.0000404,0.0000059,0.00007900,0.00000630,-1.5595957637e-01,-1.6161629464e-03,0.8743,1.7143434286e+00
-0.0920,0.0000412,0.0000059,0.00007890,0.00000630,-1.5232320130e-01,-1.6565665137e-03,0.8753,1.7179797888e+00
-0.0910,0.0000418,0.0000059,0.00007880,0.00000630,-1.4949494600e-01,-1.6969700810e-03,0.8763,1.7208080292e+00
-0.0900,0.0000426,0.0000059,0.00007880,0.00000630,-1.4626261592e-01,-1.6969700810e-03,0.8773,1.7240403891e+00
-0.0890,0.0000435,0.0000059,0.00007880,0.00000630,-1.4262625575e-01,-1.7373737646e-03,0.8783,1.7276767492e+00
-0.0880,0.0000437,0.0000059,0.00007860,0.00000630,-1.4101009071e-01,-1.7373737646e-03,0.8793,1.7292929888e+00
-0.0870,0.0000444,0.0000059,0.00007860,0.00000630,-1.3818180561e-01,-1.7777791945e-03,0.8803,1.7321212292e+00
-0.0860,0.0000453,0.0000058,0.00007860,0.00000630,-1.3454544544e-01,-1.8181827618e-03,0.8813,1.7357575893e+00
-0.0850,0.0000458,0.0000058,0.00007850,0.00000629,-1.3212120533e-01,-1.7777773319e-03,0.8823,1.7381818295e+00
-0.0840,0.0000463,0.0000058,0.00007840,0.00000629,-1.2969696522e-01,-1.7777773319e-03,0.8833,1.7406060696e+00
-0.0830,0.0000475,0.0000058,0.00007840,0.00000628,-1.2484847009e-01,-1.7777773319e-03,0.8843,1.7454545498e+00
-0.0820,0.0000476,0.0000058,0.00007820,0.00000628,-1.2363635749e-01,-1.7777773319e-03,0.8853,1.7466666698e+00
-0.0810,0.0000483,0.0000058,0.00007820,0.00000628,-1.2080806494e-01,-1.8181810156e-03,0.8863,1.7494950294e+00
-0.0800,0.0000490,0.0000058,0.00007810,0.00000628,-1.1757574975e-01,-1.8181810156e-03,0.8873,1.7527272701e+00
-0.0790,0.0000494,0.0000058,0.00007810,0.00000627,-1.1595957726e-01,-1.7777773319e-03,0.8883,1.7543435097e+00
-0.0780,0.0000499,0.0000058,0.00007800,0.00000628,-1.1353532970e-01,-1.8585864455e-03,0.8893,1.7567677498e+00
-0.0770,0.0000505,0.0000058,0.00007790,0.00000627,-1.1070705205e-01,-1.8181827618e-03,0.8903,1.7595959902e+00
-0.0760,0.0000510,0.0000058,0.00007780,0.00000627,-1.0828283429e-01,-1.8585864455e-03,0.8913,1.7620202303e+00
-0.0750,0.0000513,0.0000058,0.00007770,0.00000627,-1.0666666180e-01,-1.8989900127e-03,0.8923,1.7636363506e+00
-0.0740,0.0000519,0.0000058,0.00007770,0.00000626,-1.0424242914e-01,-1.8181827618e-03,0.8933,1.7660605907e+00
-0.0730,0.0000524,0.0000058,0.00007770,0.00000627,-1.0222222656e-01,-1.8989900127e-03,0.8943,1.7680808306e+00
-0.0720,0.0000527,0.0000058,0.00007770,0.00000627,-1.0101009905e-01,-1.8989900127e-03,0.8953,1.7692929506e+00
-0.0710,0.0000534,0.0000058,0.00007750,0.00000626,-9.7373738885e-02,-1.8989900127e-03,0.8963,1.7729293108e+00
-0.0700,0.0000538,0.0000058,0.00007760,0.00000627,-9.6161618829e-02,-1.9393936964e-03,0.8973,1.7741414309e+00
-0.0690,0.0000540,0.0000058,0.00007760,0.00000627,-9.5353536308e-02,-1.9393936964e-03,0.8983,1.7749495506e+00
-0.0680,0.0000545,0.0000058,0.00007750,0.00000626,-9.2929288745e-02,-1.9393954426e-03,0.8993,1.7773737907e+00
-0.0670,0.0000551,0.0000058,0.00007750,0.00000626,-9.0505041182e-02,-1.9393954426e-03,0.9003,1.7797980309e+00
-0.0660,0.0000554,0.0000058,0.00007740,0.00000626,-8.8888883591e-02,-1.9393954426e-03,0.9013,1.7814141512e+00
-0.0650,0.0000558,0.0000058,0.00007730,0.00000625,-8.6868681014e-02,-1.9393936964e-03,0.9023,1.7834343910e+00
-0.0640,0.0000562,0.0000058,0.00007740,0.00000626,-8.5656560957e-02,-1.9797990099e-03,0.9033,1.7846465111e+00
-0.0630,0.0000567,0.0000058,0.00007730,0.00000625,-8.3232320845e-02,-1.9393936964e-03,0.9043,1.7870707512e+00
-0.0620,0.0000568,0.0000058,0.00007700,0.00000625,-8.1616140902e-02,-1.9797971472e-03,0.9053,1.7886868715e+00
-0.0610,0.0000572,0.0000058,0.00007710,0.00000625,-8.0404028296e-02,-1.9797971472e-03,0.9063,1.7898989916e+00
-0.0600,0.0000577,0.0000058,0.00007680,0.00000624,-7.7171728015e-02,-1.9393936964e-03,0.9073,1.7931313515e+00
-0.0590,0.0000579,0.0000058,0.00007700,0.00000625,-7.7171698213e-02,-2.0202009473e-03,0.9083,1.7931313515e+00
-0.0580,0.0000584,0.0000058,0.00007700,0.00000624,-7.5151495636e-02,-1.9797971472e-03,0.9093,1.7951515913e+00
-0.0570,0.0000587,0.0000058,0.00007690,0.00000624,-7.3535360396e-02,-1.9797971472e-03,0.9103,1.7967677116e+00
-0.0560,0.0000588,0.0000058,0.00007680,0.00000624,-7.2727277875e-02,-1.9797971472e-03,0.9113,1.7975757122e+00
-0.0550,0.0000593,0.0000058,0.00007670,0.00000624,-7.0303030312e-02,-1.9797971472e-03,0.9123,1.7999999523e+00
-0.0540,0.0000597,0.0000057,0.00007660,0.00000624,-6.8282827735e-02,-2.0202028099e-03,0.9133,1.8020201921e+00
-0.0530,0.0000598,0.0000057,0.00007650,0.00000624,-6.7474737763e-02,-2.0202028099e-03,0.9143,1.8028283119e+00
-0.0520,0.0000601,0.0000057,0.00007650,0.00000623,-6.6262625158e-02,-1.9797990099e-03,0.9153,1.8040404320e+00
-0.0510,0.0000608,0.0000057,0.00007660,0.00000623,-6.3838377595e-02,-1.9797990099e-03,0.9163,1.8064646721e+00
-0.0500,0.0000606,0.0000057,0.00007640,0.00000623,-6.3838377595e-02,-1.9797990099e-03,0.9173,1.8064646721e+00
-0.0490,0.0000611,0.0000057,0.00007640,0.00000623,-6.1818171293e-02,-2.0202028099e-03,0.9183,1.8084849119e+00
-0.0480,0.0000615,0.0000057,0.00007640,0.00000623,-6.0201998800e-02,-2.0202028099e-03,0.9193,1.8101010323e+00
-0.0470,0.0000614,0.0000057,0.00007630,0.00000623,-6.0201998800e-02,-2.0202028099e-03,0.9203,1.8101010323e+00
-0.0460,0.0000620,0.0000057,0.00007620,0.00000623,-5.7373721153e-02,-2.0606063772e-03,0.9213,1.8129292727e+00
-0.0450,0.0000622,0.0000057,0.00007610,0.00000622,-5.6161593646e-02,-1.9797990099e-03,0.9223,1.8141413927e+00
-0.0440,0.0000623,0.0000057,0.00007610,0.00000622,-5.5757548660e-02,-2.0202028099e-03,0.9233,1.8145455122e+00
-0.0430,0.0000624,0.0000057,0.00007590,0.00000622,-5.4545447230e-02,-2.0202028099e-03,0.9243,1.8157576323e+00
-0.0420,0.0000625,0.0000057,0.00007590,0.00000622,-5.4141402245e-02,-2.0202028099e-03,0.9253,1.8161616325e+00
-0.0410,0.0000632,0.0000057,0.00007590,0.00000621,-5.1313128322e-02,-2.0202009473e-03,0.9263,1.8189898729e+00
-0.0400,0.0000632,0.0000057,0.00007580,0.00000621,-5.0909087062e-02,-2.0202009473e-03,0.9273,1.8193939924e+00
-0.0390,0.0000635,0.0000057,0.00007580,0.00000621,-4.9696955830e-02,-2.0202009473e-03,0.9283,1.8206061125e+00
-0.0380,0.0000637,0.0000057,0.00007590,0.00000621,-4.9292940646e-02,-2.0202009473e-03,0.9293,1.8210101128e+00
-0.0370,0.0000637,0.0000057,0.00007570,0.00000621,-4.8484854400e-02,-2.0202009473e-03,0.9303,1.8218182325e+00
-0.0360,0.0000639,0.0000057,0.00007560,0.00000621,-4.7272723168e-02,-2.0606045146e-03,0.9313,1.8230303526e+00
-0.0350,0.0000645,0.0000057,0.00007550,0.00000620,-4.4444449246e-02,-2.0202009473e-03,0.9323,1.8258585930e+00
-0.0340,0.0000644,0.0000057,0.00007540,0.00000620,-4.4444419444e-02,-2.0202009473e-03,0.9333,1.8258585930e+00
-0.0330,0.0000647,0.0000057,0.00007540,0.00000620,-4.3232318014e-02,-2.0606063772e-03,0.9343,1.8270707130e+00
-0.0320,0.0000650,0.0000057,0.00007530,0.00000619,-4.1616145521e-02,-2.0202028099e-03,0.9353,1.8286868334e+00
-0.0310,0.0000650,0.0000057,0.00007530,0.00000619,-4.1616145521e-02,-2.0202028099e-03,0.9363,1.8286868334e+00
-0.0300,0.0000653,0.0000057,0.00007520,0.00000619,-3.9999969304e-02,-2.0202028099e-03,0.9373,1.8303030729e+00
-0.0290,0.0000655,0.0000057,0.00007520,0.00000619,-3.9191912860e-02,-2.0202028099e-03,0.9383,1.8311110735e+00
-0.0280,0.0000656,0.0000057,0.00007520,0.00000619,-3.8787867874e-02,-2.0606063772e-03,0.9393,1.8315151930e+00
-0.0270,0.0000658,0.0000057,0.00007520,0.00000619,-3.7979781628e-02,-2.0606063772e-03,0.9403,1.8323233128e+00
-0.0260,0.0000661,0.0000057,0.00007510,0.00000619,-3.6363609135e-02,-2.0606063772e-03,0.9413,1.8339394331e+00
-0.0250,0.0000663,0.0000057,0.00007510,0.00000619,-3.5555522889e-02,-2.0606063772e-03,0.9423,1.8347475529e+00
-0.0240,0.0000661,0.0000057,0.00007500,0.00000618,-3.5959593952e-02,-2.0202028099e-03,0.9433,1.8343434334e+00
-0.0230,0.0000665,0.0000057,0.00007490,0.00000618,-3.3939406276e-02,-2.0202028099e-03,0.9443,1.8363636732e+00
-0.0220,0.0000666,0.0000057,0.00007490,0.00000617,-3.3535361290e-02,-1.9797971472e-03,0.9453,1.8367676735e+00
-0.0210,0.0000669,0.0000057,0.00007480,0.00000617,-3.1919188797e-02,-2.0202009473e-03,0.9463,1.8383837938e+00
-0.0200,0.0000667,0.0000057,0.00007480,0.00000617,-3.2727275044e-02,-2.0202009473e-03,0.9473,1.8375757933e+00
-0.0190,0.0000674,0.0000057,0.00007480,0.00000617,-2.9899002984e-02,-2.0202009473e-03,0.9483,1.8404040337e+00
-0.0180,0.0000671,0.0000057,0.00007470,0.00000617,-3.0707059428e-02,-2.0202009473e-03,0.9493,1.8395960331e+00
-0.0170,0.0000675,0.0000057,0.00007460,0.00000616,-2.8686871752e-02,-2.0202009473e-03,0.9503,1.8416161537e+00
-0.0160,0.0000676,0.0000057,0.00007460,0.00000616,-2.8282828629e-02,-2.0202009473e-03,0.9513,1.8420201540e+00
-0.0150,0.0000678,0.0000057,0.00007460,0.00000615,-2.7474742383e-02,-1.9797971472e-03,0.9523,1.8428282738e+00
-0.0140,0.0000679,0.0000057,0.00007450,0.00000615,-2.6666654274e-02,-1.9797971472e-03,0.9533,1.8436363935e+00
-0.0130,0.0000681,0.0000056,0.00007450,0.00000615,-2.5858568028e-02,-2.0202028099e-03,0.9543,1.8444445133e+00
-0.0120,0.0000681,0.0000056,0.00007440,0.00000615,-2.5454524904e-02,-2.0202028099e-03,0.9553,1.8448485136e+00
-0.0110,0.0000680,0.0000056,0.00007420,0.00000614,-2.5050479919e-02,-1.9797990099e-03,0.9563,1.8452525139e+00
-0.0100,0.0000683,0.0000056,0.00007420,0.00000614,-2.3838350549e-02,-1.9797990099e-03,0.9573,1.8464646339e+00
-0.0090,0.0000686,0.0000056,0.00007410,0.00000614,-2.2222205997e-02,-2.0202028099e-03,0.9583,1.8480808735e+00
-0.0080,0.0000681,0.0000056,0.00007410,0.00000613,-2.4242393672e-02,-1.9797990099e-03,0.9593,1.8460606337e+00
-0.0070,0.0000687,0.0000056,0.00007410,0.00000613,-2.1818162873e-02,-1.9393954426e-03,0.9603,1.8484848738e+00
-0.0060,0.0000690,0.0000056,0.00007410,0.00000613,-2.0606031641e-02,-1.9797990099e-03,0.9613,1.8496969938e+00
-0.0050,0.0000689,0.0000056,0.00007390,0.00000613,-2.0202018321e-02,-1.9797990099e-03,0.9623,1.8501009941e+00
-0.0040,0.0000692,0.0000056,0.00007400,0.00000613,-1.9393930212e-02,-1.9797990099e-03,0.9633,1.8509091139e+00
-0.0030,0.0000694,0.0000056,0.00007390,0.00000613,-1.8181830645e-02,-2.0202028099e-03,0.9643,1.8521212339e+00
-0.0020,0.0000694,0.0000056,0.00007400,0.00000613,-1.8585873768e-02,-2.0202028099e-03,0.9653,1.8517171144e+00
-0.0010,0.0000695,0.0000056,0.00007390,0.00000613,-1.7777785659e-02,-2.0202028099e-03,0.9663,1.8525252342e+00
0.0000,0.0000705,0.0000056,0.00007410,0.00000613,-1.4545437880e-02,-2.0202028099e-03,0.9673,1.8557575941e+00
0.0010,0.0000694,0.0000056,0.00007400,0.00000613,-1.8585873768e-02,-1.9797990099e-03,0.9683,1.8517171144e+00
0.0020,0.0000701,0.0000056,0.00007380,0.00000613,-1.4949481003e-02,-2.0202028099e-03,0.9693,1.8553535938e+00
0.0030,0.0000699,0.0000056,0.00007370,0.00000612,-1.5353524126e-02,-1.9797971472e-03,0.9703,1.8549494743e+00
0.0040,0.0000701,0.0000056,0.00007380,0.00000613,-1.4949481003e-02,-2.0202028099e-03,0.9713,1.8553535938e+00
0.0050,0.0000701,0.0000056,0.00007360,0.00000612,-1.4141393825e-02,-2.0202009473e-03,0.9723,1.8561615944e+00
0.0060,0.0000701,0.0000056,0.00007360,0.00000612,-1.4141393825e-02,-2.0202009473e-03,0.9733,1.8561615944e+00
0.0070,0.0000706,0.0000056,0.00007360,0.00000611,-1.2121206149e-02,-1.9797971472e-03,0.9743,1.8581818342e+00
0.0080,0.0000704,0.0000056,0.00007330,0.00000611,-1.1717162095e-02,-2.0202028099e-03,0.9753,1.8585858345e+00
0.0090,0.0000706,0.0000056,0.00007340,0.00000611,-1.1313118972e-02,-1.9797971472e-03,0.9763,1.8589899540e+00
0.0100,0.0000707,0.0000056,0.00007340,0.00000611,-1.0909075849e-02,-2.0202028099e-03,0.9773,1.8593939543e+00
0.0110,0.0000707,0.0000056,0.00007330,0.00000611,-1.0505031794e-02,-2.0202028099e-03,0.9783,1.8597979546e+00
0.0120,0.0000707,0.0000056,0.00007320,0.00000610,-1.0100988671e-02,-1.9797990099e-03,0.9793,1.8602020741e+00
0.0130,0.0000711,0.0000056,0.00007330,0.00000610,-8.8888583705e-03,-2.0202028099e-03,0.9803,1.8614141941e+00
0.0140,0.0000709,0.0000056,0.00007310,0.00000610,-8.8888583705e-03,-1.9797990099e-03,0.9813,1.8614141941e+00
0.0150,0.0000711,0.0000056,0.00007310,0.00000610,-8.0807711929e-03,-2.0202028099e-03,0.9823,1.8622223139e+00
0.0160,0.0000713,0.0000056,0.00007310,0.00000610,-7.2727142833e-03,-2.0202028099e-03,0.9833,1.8630303144e+00
0.0170,0.0000712,0.0000056,0.00007300,0.00000609,-7.2727436200e-03,-1.9797990099e-03,0.9843,1.8630303144e+00
0.0180,0.0000715,0.0000056,0.00007300,0.00000610,-6.0606128536e-03,-2.0606063772e-03,0.9853,1.8642424345e+00
0.0190,0.0000716,0.0000056,0.00007300,0.00000609,-5.6565697305e-03,-1.9797990099e-03,0.9863,1.8646464348e+00
0.0200,0.0000717,0.0000056,0.00007300,0.00000609,-5.2525261417e-03,-2.0202028099e-03,0.9873,1.8650505543e+00
0.0210,0.0000717,0.0000056,0.00007290,0.00000609,-4.8484825529e-03,-2.0202028099e-03,0.9883,1.8654545546e+00
0.0220,0.0000719,0.0000056,0.00007290,0.00000609,-4.0403958410e-03,-2.0202028099e-03,0.9893,1.8662626743e+00
0.0230,0.0000720,0.0000056,0.00007280,0.00000609,-3.2323084306e-03,-2.0606063772e-03,0.9903,1.8670706749e+00
0.0240,0.0000717,0.0000056,0.00007280,0.00000608,-4.4444389641e-03,-2.0202009473e-03,0.9913,1.8658585548e+00
0.0250,0.0000720,0.0000056,0.00007280,0.00000608,-3.2323084306e-03,-2.0202009473e-03,0.9923,1.8670706749e+00
0.0260,0.0000723,0.0000056,0.00007280,0.00000607,-2.0202074666e-03,-1.9797971472e-03,0.9933,1.8682827950e+00
0.0270,0.0000722,0.0000056,0.00007270,0.00000608,-2.0202074666e-03,-2.0202009473e-03,0.9943,1.8682827950e+00
0.0280,0.0000725,0.0000056,0.00007270,0.00000607,-8.0807693303e-04,-2.0202009473e-03,0.9953,1.8694949150e+00
0.0290,0.0000725,0.0000056,0.00007260,0.00000607,-4.0403346065e-04,-2.0202009473e-03,0.9963,1.8698990345e+00
0.0300,0.0000725,0.0000056,0.00007260,0.00000607,-4.0403346065e-04,-2.0202009473e-03,0.9973,1.8698990345e+00
0.0310,0.0000726,0.0000056,0.00007250,0.00000606,4.0405348409e-04,-1.9797971472e-03,0.9983,1.8707070351e+00
0.0320,0.0000728,0.0000056,0.00007260,0.00000606,8.0809695646e-04,-1.9797971472e-03,0.9993,1.8711111546e+00
0.0330,0.0000727,0.0000056,0.00007240,0.00000607,1.2121404288e-03,-2.0606063772e-03,1.0003,1.8715151548e+00
0.0340,0.0000728,0.0000056,0.00007240,0.00000606,1.6161839012e-03,-2.0202028099e-03,1.0013,1.8719192743e+00
0.0350,0.0000729,0.0000056,0.00007240,0.00000606,2.0202274900e-03,-2.0202028099e-03,1.0023,1.8723232746e+00
0.0360,0.0000727,0.0000056,0.00007240,0.00000605,1.2121404288e-03,-1.9797990099e-03,1.0033,1.8715151548e+00
0.0370,0.0000733,0.0000055,0.00007230,0.00000605,4.0404153988e-03,-2.0202028099e-03,1.0043,1.8743433952e+00
0.0380,0.0000731,0.0000055,0.00007220,0.00000605,3.6363720428e-03,-2.0202028099e-03,1.0053,1.8739393950e+00
0.0390,0.0000733,0.0000055,0.00007230,0.00000604,4.0404153988e-03,-1.9797971472e-03,1.0063,1.8743433952e+00
0.0400,0.0000731,0.0000055,0.00007220,0.00000604,3.6363720428e-03,-1.9797971472e-03,1.0073,1.8739393950e+00
0.0410,0.0000734,0.0000055,0.00007220,0.00000605,4.8485021107e-03,-2.0202028099e-03,1.0083,1.8751515150e+00
0.0420,0.0000735,0.0000055,0.00007220,0.00000604,5.2525456995e-03,-2.0202009473e-03,1.0093,1.8755556345e+00
0.0430,0.0000735,0.0000055,0.00007210,0.00000604,5.6565599516e-03,-2.0202009473e-03,1.0103,1.8759596348e+00
0.0440,0.0000736,0.0000055,0.00007200,0.00000604,6.4646466635e-03,-2.0202009473e-03,1.0113,1.8767676353e+00
0.0450,0.0000739,0.0000055,0.00007220,0.00000603,6.8687195890e-03,-2.0202009473e-03,1.0123,1.8771717548e+00
0.0460,0.0000737,0.0000055,0.00007210,0.00000603,6.4646466635e-03,-1.9797971472e-03,1.0133,1.8767676353e+00
0.0470,0.0000739,0.0000055,0.00007210,0.00000603,7.2727338411e-03,-1.9797971472e-03,1.0143,1.8775757551e+00
0.0480,0.0000740,0.0000055,0.00007210,0.00000603,7.6767769642e-03,-2.0202009473e-03,1.0153,1.8779797554e+00
0.0490,0.0000741,0.0000055,0.00007200,0.00000603,8.4848348051e-03,-1.9797971472e-03,1.0163,1.8787878752e+00
0.0500,0.0000742,0.0000055,0.00007200,0.00000602,8.8888788596e-03,-1.9797971472e-03,1.0173,1.8791918755e+00
0.0510,0.0000744,0.0000055,0.00007190,0.00000602,1.0101009160e-02,-1.9797971472e-03,1.0183,1.8804039955e+00
0.0520,0.0000745,0.0000055,0.00007190,0.00000603,1.0505052283e-02,-2.0202009473e-03,1.0193,1.8808081150e+00
0.0530,0.0000742,0.0000055,0.00007180,0.00000602,9.6969660372e-03,-1.9797971472e-03,1.0203,1.8799999952e+00
0.0540,0.0000744,0.0000055,0.00007160,0.00000602,1.1313139461e-02,-1.9797971472e-03,1.0213,1.8816161156e+00
0.0550,0.0000746,0.0000055,0.00007190,0.00000602,1.0909096338e-02,-2.0202028099e-03,1.0223,1.8812121153e+00
0.0560,0.0000744,0.0000055,0.00007180,0.00000601,1.0505052283e-02,-1.9797990099e-03,1.0233,1.8808081150e+00
0.0570,0.0000746,0.0000055,0.00007170,0.00000601,1.1717182584e-02,-1.9797990099e-03,1.0243,1.8820202351e+00
0.0580,0.0000748,0.0000055,0.00007170,0.00000601,1.2525269762e-02,-1.9797990099e-03,1.0253,1.8828283548e+00
0.0590,0.0000746,0.0000055,0.00007170,0.00000601,1.1717182584e-02,-1.9797990099e-03,1.0263,1.8820202351e+00
0.0600,0.0000747,0.0000055,0.00007170,0.00000601,1.2121226639e-02,-2.0202028099e-03,1.0273,1.8824242353e+00
0.0610,0.0000747,0.0000055,0.00007170,0.00000600,1.2121226639e-02,-1.9797990099e-03,1.0283,1.8824242353e+00
0.0620,0.0000746,0.0000055,0.00007170,0.00000600,1.1717182584e-02,-1.9797990099e-03,1.0293,1.8820202351e+00
0.0630,0.0000751,0.0000055,0.00007160,0.00000600,1.4141414315e-02,-1.9797990099e-03,1.0303,1.8844444752e+00
0.0640,0.0000752,0.0000055,0.00007160,0.00000600,1.4545458369e-02,-1.9797990099e-03,1.0313,1.8848484755e+00
0.0650,0.0000751,0.0000055,0.00007160,0.00000600,1.4141414315e-02,-1.9797990099e-03,1.0323,1.8844444752e+00
0.0660,0.0000752,0.0000055,0.00007150,0.00000599,1.4949501492e-02,-1.9797971472e-03,1.0333,1.8852525949e+00
0.0670,0.0000754,0.0000055,0.00007160,0.00000599,1.5353544615e-02,-1.9393936964e-03,1.0343,1.8856565952e+00
0.0680,0.0000755,0.0000055,0.00007150,0.00000598,1.6161631793e-02,-1.9393936964e-03,1.0353,1.8864647150e+00
0.0690,0.0000754,0.0000055,0.00007150,0.00000598,1.5757586807e-02,-1.9393936964e-03,1.0363,1.8860605955e+00
0.0700,0.0000757,0.0000055,0.00007150,0.00000598,1.6969718039e-02,-1.9393936964e-03,1.0373,1.8872727156e+00
0.0710,0.0000758,0.0000055,0.00007150,0.00000599,1.7373761162e-02,-1.9797971472e-03,1.0383,1.8876768351e+00
0.0720,0.0000756,0.0000055,0.00007150,0.00000599,1.6565674916e-02,-1.9797971472e-03,1.0393,1.8868687153e+00
0.0730,0.0000758,0.0000055,0.00007150,0.00000598,1.7373761162e-02,-1.9797971472e-03,1.0403,1.8876768351e+00
0.0740,0.0000759,0.0000055,0.00007140,0.00000598,1.8181849271e-02,-1.9797971472e-03,1.0413,1.8884848356e+00
0.0750,0.0000760,0.0000055,0.00007130,0.00000598,1.8989905715e-02,-1.9797971472e-03,1.0423,1.8892929554e+00
0.0760,0.0000760,0.0000055,0.00007140,0.00000598,1.8585862592e-02,-1.9797971472e-03,1.0433,1.8888889551e+00
0.0770,0.0000761,0.0000055,0.00007130,0.00000597,1.9393948838e-02,-1.9797990099e-03,1.0443,1.8896969557e+00
0.0780,0.0000759,0.0000055,0.00007130,0.00000597,1.8585892394e-02,-1.9797990099e-03,1.0453,1.8888889551e+00
0.0790,0.0000762,0.0000055,0.00007130,0.00000597,1.9797993824e-02,-1.9797990099e-03,1.0463,1.8901010752e+00
0.0800,0.0000761,0.0000055,0.00007120,0.00000597,1.9797993824e-02,-1.9797990099e-03,1.0473,1.8901010752e+00
0.0810,0.0000763,0.0000055,0.00007120,0.00000597,2.0606080070e-02,-1.9797990099e-03,1.0483,1.8909090757e+00
0.0820,0.0000764,0.0000055,0.00007100,0.00000596,2.1818181500e-02,-1.9797990099e-03,1.0493,1.8921211958e+00
0.0830,0.0000765,0.0000055,0.00007140,0.00000597,2.0606080070e-02,-1.9797990099e-03,1.0503,1.8909090757e+00
0.0840,0.0000768,0.0000055,0.00007130,0.00000596,2.2222254425e-02,-1.9797990099e-03,1.0513,1.8925253153e+00
0.0850,0.0000765,0.0000055,0.00007120,0.00000596,2.1414166316e-02,-1.9797990099e-03,1.0523,1.8917171955e+00
0.0860,0.0000765,0.0000055,0.00007120,0.00000596,2.1414166316e-02,-1.9797990099e-03,1.0533,1.8917171955e+00
0.0870,0.0000768,0.0000055,0.00007130,0.00000596,2.2222254425e-02,-1.9797990099e-03,1.0543,1.8925253153e+00
0.0880,0.0000765,0.0000055,0.00007120,0.00000596,2.1414166316e-02,-2.0202028099e-03,1.0553,1.8917171955e+00
0.0890,0.0000769,0.0000055,0.00007130,0.00000596,2.2626297548e-02,-2.0202028099e-03,1.0563,1.8929293156e+00
0.0900,0.0000769,0.0000055,0.00007130,0.00000595,2.2626297548e-02,-1.9797971472e-03,1.0573,1.8929293156e+00
0.0910,0.0000769,0.0000055,0.00007120,0.00000595,2.3030340672e-02,-1.9797971472e-03,1.0583,1.8933334351e+00
0.0920,0.0000771,0.0000055,0.00007120,0.00000595,2.3838398978e-02,-2.0202009473e-03,1.0593,1.8941414356e+00
0.0930,0.0000771,0.0000055,0.00007110,0.00000595,2.4242412299e-02,-2.0202009473e-03,1.0603,1.8945454359e+00
0.0940,0.0000770,0.0000055,0.00007110,0.00000595,2.3838369176e-02,-2.0202009473e-03,1.0613,1.8941414356e+00
0.0950,0.0000772,0.0000055,0.00007120,0.00000595,2.4242442101e-02,-2.0202009473e-03,1.0623,1.8945454359e+00
0.0960,0.0000774,0.0000055,0.00007120,0.00000594,2.5050528347e-02,-1.9797971472e-03,1.0633,1.8953535557e+00
0.0970,0.0000774,0.0000055,0.00007120,0.00000594,2.5050528347e-02,-1.9797971472e-03,1.0643,1.8953535557e+00
0.0980,0.0000775,0.0000054,0.00007120,0.00000594,2.5454571471e-02,-2.0202009473e-03,1.0653,1.8957575560e+00
0.0990,0.0000775,0.0000055,0.00007110,0.00000594,2.5858586654e-02,-1.9797971472e-03,1.0663,1.8961616755e+00
0.1000,0.0000777,0.0000055,0.00007110,0.00000593,2.6666672900e-02,-1.9393936964e-03,1.0673,1.8969696760e+00
0.1010,0.0000778,0.0000054,0.00007110,0.00000593,2.7070716023e-02,-1.9797971472e-03,1.0683,1.8973737955e+00
0.1020,0.0000780,0.0000054,0.00007120,0.00000593,2.7474761009e-02,-1.9797971472e-03,1.0693,1.8977777958e+00
0.1030,0.0000781,0.0000054,0.00007130,0.00000593,2.7474761009e-02,-1.9797971472e-03,1.0703,1.8977777958e+00
0.1040,0.0000778,0.0000054,0.00007120,0.00000594,2.6666702703e-02,-2.0202009473e-03,1.0713,1.8969697952e+00
0.1050,0.0000779,0.0000054,0.00007110,0.00000593,2.7474731207e-02,-1.9797971472e-03,1.0723,1.8977777958e+00
0.1060,0.0000781,0.0000054,0.00007120,0.00000593,2.7878804132e-02,-1.9797971472e-03,1.0733,1.8981817961e+00
0.1070,0.0000782,0.0000054,0.00007110,0.00000593,2.8686860576e-02,-1.9797971472e-03,1.0743,1.8989899158e+00
0.1080,0.0000783,0.0000054,0.00007110,0.00000593,2.9090905562e-02,-1.9797971472e-03,1.0753,1.8993939161e+00
0.1090,0.0000784,0.0000054,0.00007120,0.00000592,2.9090933502e-02,-1.9797990099e-03,1.0763,1.8993939161e+00
0.1100,0.0000783,0.0000054,0.00007100,0.00000592,2.9494948685e-02,-1.9393936964e-03,1.0773,1.8997980356e+00
0.1110,0.0000784,0.0000054,0.00007110,0.00000593,2.9494948685e-02,-1.9797971472e-03,1.0783,1.8997980356e+00
0.1120,0.0000786,0.0000054,0.00007110,0.00000593,3.0303034931e-02,-1.9797971472e-03,1.0793,1.9006060362e+00
0.1130,0.0000785,0.0000054,0.00007120,0.00000592,2.9494978487e-02,-1.9797990099e-03,1.0803,1.8997980356e+00
0.1140,0.0000786,0.0000054,0.00007120,0.00000592,2.9899021611e-02,-1.9797990099e-03,1.0813,1.9002020359e+00
0.1150,0.0000789,0.0000054,0.00007130,0.00000592,3.0707078055e-02,-1.9797990099e-03,1.0823,1.9010101557e+00
0.1160,0.0000790,0.0000054,0.00007130,0.00000591,3.1111123040e-02,-1.9393936964e-03,1.0833,1.9014141560e+00
0.1170,0.0000788,0.0000054,0.00007130,0.00000591,3.0303064734e-02,-1.9393936964e-03,1.0843,1.9006061554e+00
0.1180,0.0000790,0.0000054,0.00007130,0.00000591,3.1111123040e-02,-1.9393936964e-03,1.0853,1.9014141560e+00
0.1190,0.0000792,0.0000054,0.00007130,0.00000591,3.1919211149e-02,-1.9393936964e-03,1.0863,1.9022222757e+00
0.1200,0.0000791,0.0000054,0.00007120,0.00000591,3.1919211149e-02,-1.9393936964e-03,1.0873,1.9022222757e+00
0.1210,0.0000794,0.0000054,0.00007130,0.00000591,3.2727297395e-02,-1.9797971472e-03,1.0883,1.9030302763e+00
0.1220,0.0000794,0.0000054,0.00007140,0.00000590,3.2323256135e-02,-1.9393936964e-03,1.0893,1.9026262760e+00
0.1230,0.0000793,0.0000054,0.00007130,0.00000590,3.2323256135e-02,-1.9393936964e-03,1.0903,1.9026262760e+00
0.1240,0.0000796,0.0000054,0.00007120,0.00000590,3.3939428627e-02,-1.9393936964e-03,1.0913,1.9042425156e+00
0.1250,0.0000797,0.0000054,0.00007130,0.00000590,3.3939428627e-02,-1.9393936964e-03,1.0923,1.9042425156e+00
0.1260,0.0000796,0.0000054,0.00007130,0.00000590,3.3535383642e-02,-1.9393936964e-03,1.0933,1.9038383961e+00
0.1270,0.0000798,0.0000054,0.00007140,0.00000589,3.3939398825e-02,-1.8989900127e-03,1.0943,1.9042423964e+00
0.1280,0.0000800,0.0000054,0.00007140,0.00000589,3.4747485071e-02,-1.9393936964e-03,1.0953,1.9050505161e+00
0.1290,0.0000798,0.0000054,0.00007140,0.00000589,3.3939398825e-02,-1.8989900127e-03,1.0963,1.9042423964e+00
0.1300,0.0000801,0.0000054,0.00007140,0.00000589,3.5151530057e-02,-1.9393936964e-03,1.0973,1.9054545164e+00
0.1310,0.0000802,0.0000054,0.00007150,0.00000589,3.5151530057e-02,-1.9393936964e-03,1.0983,1.9054545164e+00
0.1320,0.0000801,0.0000054,0.00007140,0.00000589,3.5151530057e-02,-1.9393936964e-03,1.0993,1.9054545164e+00
0.1330,0.0000803,0.0000054,0.00007140,0.00000588,3.5959616303e-02,-1.8989900127e-03,1.1003,1.9062626362e+00
0.1340,0.0000804,0.0000054,0.00007150,0.00000588,3.5959616303e-02,-1.8989900127e-03,1.1013,1.9062626362e+00
0.1350,0.0000804,0.0000054,0.00007160,0.00000589,3.5555571318e-02,-1.9393936964e-03,1.1023,1.9058586359e+00
0.1360,0.0000803,0.0000054,0.00007150,0.00000589,3.5555571318e-02,-1.9393936964e-03,1.1033,1.9058586359e+00
0.1370,0.0000806,0.0000054,0.00007160,0.00000588,3.6363661289e-02,-1.8989900127e-03,1.1043,1.9066667557e+00
0.1380,0.0000807,0.0000054,0.00007160,0.00000588,3.6767702550e-02,-1.9393936964e-03,1.1053,1.9070707560e+00
0.1390,0.0000808,0.0000054,0.00007140,0.00000588,3.7979803979e-02,-1.9393936964e-03,1.1063,1.9082828760e+00
0.1400,0.0000810,0.0000054,0.00007170,0.00000588,3.7575762719e-02,-1.9393936964e-03,1.1073,1.9078787565e+00
0.1410,0.0000811,0.0000054,0.00007170,0.00000588,3.7979803979e-02,-1.9797990099e-03,1.1083,1.9082828760e+00
0.1420,0.0000809,0.0000054,0.00007170,0.00000587,3.7171717733e-02,-1.8989900127e-03,1.1093,1.9074747562e+00
0.1430,0.0000812,0.0000054,0.00007170,0.00000587,3.8383848965e-02,-1.8989900127e-03,1.1103,1.9086868763e+00
0.1440,0.0000811,0.0000054,0.00007180,0.00000587,3.7575762719e-02,-1.8989900127e-03,1.1113,1.9078787565e+00
0.1450,0.0000814,0.0000054,0.00007180,0.00000587,3.8787890226e-02,-1.8989900127e-03,1.1123,1.9090908766e+00
0.1460,0.0000815,0.0000054,0.00007190,0.00000587,3.8787890226e-02,-1.9393954426e-03,1.1133,1.9090908766e+00
0.1470,0.0000817,0.0000054,0.00007190,0.00000587,3.9595950395e-02,-1.9393954426e-03,1.1143,1.9098989964e+00
0.1480,0.0000818,0.0000054,0.00007200,0.00000587,3.9595950395e-02,-1.9393954426e-03,1.1153,1.9098989964e+00
0.1490,0.0000817,0.0000054,0.00007190,0.00000586,3.9595950395e-02,-1.8989900127e-03,1.1163,1.9098989964e+00
0.1500,0.0000820,0.0000054,0.00007200,0.00000586,4.0404036641e-02,-1.8989900127e-03,1.1173,1.9107071161e+00
0.1510,0.0000820,0.0000054,0.00007210,0.00000586,3.9999991655e-02,-1.8989900127e-03,1.1183,1.9103029966e+00
0.1520,0.0000819,0.0000054,0.00007210,0.00000586,3.9595950395e-02,-1.8989900127e-03,1.1193,1.9098989964e+00
0.1530,0.0000823,0.0000054,0.00007210,0.00000585,4.1212122887e-02,-1.8585864455e-03,1.1203,1.9115151167e+00
0.1540,0.0000824,0.0000054,0.00007230,0.00000586,4.0808107704e-02,-1.8989900127e-03,1.1213,1.9111111164e+00
0.1550,0.0000823,0.0000054,0.00007220,0.00000586,4.0808107704e-02,-1.8989900127e-03,1.1223,1.9111111164e+00
0.1560,0.0000825,0.0000054,0.00007220,0.00000586,4.1616197675e-02,-1.8989900127e-03,1.1233,1.9119192362e+00
0.1570,0.0000825,0.0000054,0.00007230,0.00000586,4.1212152690e-02,-1.9393936964e-03,1.1243,1.9115152359e+00
0.1580,0.0000824,0.0000054,0.00007230,0.00000586,4.0808107704e-02,-1.9393936964e-03,1.1253,1.9111111164e+00
0.1590,0.0000831,0.0000054,0.00007240,0.00000585,4.3232340366e-02,-1.8989900127e-03,1.1263,1.9135353565e+00
0.1600,0.0000830,0.0000054,0.00007250,0.00000585,4.2424254119e-02,-1.8989900127e-03,1.1273,1.9127272367e+00
0.1610,0.0000829,0.0000054,0.00007250,0.00000585,4.2020209134e-02,-1.8989900127e-03,1.1283,1.9123232365e+00
0.1620,0.0000832,0.0000054,0.00007260,0.00000585,4.2828295380e-02,-1.8989900127e-03,1.1293,1.9131313562e+00
0.1630,0.0000833,0.0000054,0.00007260,0.00000585,4.3232340366e-02,-1.8989900127e-03,1.1303,1.9135353565e+00
0.1640,0.0000834,0.0000054,0.00007270,0.00000585,4.3232340366e-02,-1.9393936964e-03,1.1313,1.9135353565e+00
0.1650,0.0000834,0.0000054,0.00007270,0.00000585,4.3232340366e-02,-1.9393936964e-03,1.1323,1.9135353565e+00
0.1660,0.0000837,0.0000054,0.00007280,0.00000585,4.4040396810e-02,-1.8989900127e-03,1.1333,1.9143434763e+00
0.1670,0.0000837,0.0000054,0.00007290,0.00000585,4.3636355549e-02,-1.9393936964e-03,1.1343,1.9139393568e+00
0.1680,0.0000835,0.0000054,0.00007290,0.00000585,4.2828295380e-02,-1.9393936964e-03,1.1353,1.9131313562e+00
0.1690,0.0000841,0.0000054,0.00007300,0.00000585,4.4848483056e-02,-1.9393936964e-03,1.1363,1.9151514769e+00
0.1700,0.0000842,0.0000054,0.00007310,0.00000584,4.4848512858e-02,-1.9393936964e-03,1.1373,1.9151515961e+00
0.1710,0.0000842,0.0000054,0.00007310,0.00000584,4.4848512858e-02,-1.9393936964e-03,1.1383,1.9151515961e+00
0.1720,0.0000844,0.0000054,0.00007320,0.00000584,4.5252557844e-02,-1.9393936964e-03,1.1393,1.9155555964e+00
0.1730,0.0000846,0.0000054,0.00007330,0.00000584,4.5656573027e-02,-1.9393936964e-03,1.1403,1.9159595966e+00
0.1740,0.0000846,0.0000054,0.00007330,0.00000584,4.5656573027e-02,-1.9393936964e-03,1.1413,1.9159595966e+00
0.1750,0.0000848,0.0000054,0.00007340,0.00000584,4.6060614288e-02,-1.9393936964e-03,1.1423,1.9163635969e+00
0.1760,0.0000847,0.0000054,0.00007360,0.00000583,4.4848483056e-02,-1.8989900127e-03,1.1433,1.9151514769e+00
0.1770,0.0000848,0.0000054,0.00007360,0.00000583,4.5252528042e-02,-1.8989900127e-03,1.1443,1.9155555964e+00
0.1780,0.0000851,0.0000054,0.00007370,0.00000583,4.6060614288e-02,-1.8989900127e-03,1.1453,1.9163635969e+00
0.1790,0.0000853,0.0000054,0.00007380,0.00000583,4.6464659274e-02,-1.8989900127e-03,1.1463,1.9167677164e+00
0.1800,0.0000854,0.0000054,0.00007390,0.00000583,4.6464659274e-02,-1.8989900127e-03,1.1473,1.9167677164e+00
0.1810,0.0000854,0.0000054,0.00007390,0.00000582,4.6464659274e-02,-1.8585845828e-03,1.1483,1.9167677164e+00
0.1820,0.0000857,0.0000053,0.00007400,0.00000582,4.7272715718e-02,-1.8989900127e-03,1.1493,1.9175757170e+00
0.1830,0.0000858,0.0000053,0.00007410,0.00000582,4.7272745520e-02,-1.8989900127e-03,1.1503,1.9175758362e+00
0.1840,0.0000860,0.0000053,0.00007420,0.00000582,4.7676790506e-02,-1.8989900127e-03,1.1513,1.9179798365e+00
0.1850,0.0000859,0.0000053,0.00007430,0.00000582,4.6868700534e-02,-1.8989900127e-03,1.1523,1.9171717167e+00
0.1860,0.0000864,0.0000053,0.00007450,0.00000582,4.8080831766e-02,-1.8989900127e-03,1.1533,1.9183838367e+00
0.1870,0.0000862,0.0000053,0.00007450,0.00000581,4.7272745520e-02,-1.8585864455e-03,1.1543,1.9175758362e+00
0.1880,0.0000863,0.0000053,0.00007470,0.00000581,4.6868700534e-02,-1.8989900127e-03,1.1553,1.9171717167e+00
0.1890,0.0000867,0.0000053,0.00007470,0.00000581,4.8484846950e-02,-1.8585864455e-03,1.1563,1.9187878370e+00
0.1900,0.0000867,0.0000053,0.00007490,0.00000581,4.7676760703e-02,-1.8585864455e-03,1.1573,1.9179798365e+00
0.1910,0.0000870,0.0000053,0.00007500,0.00000581,4.8484846950e-02,-1.8989900127e-03,1.1583,1.9187878370e+00
0.1920,0.0000871,0.0000053,0.00007520,0.00000580,4.8080831766e-02,-1.8585864455e-03,1.1593,1.9183838367e+00
0.1930,0.0000872,0.0000053,0.00007520,0.00000580,4.8484876752e-02,-1.8585864455e-03,1.1603,1.9187879562e+00
0.1940,0.0000874,0.0000053,0.00007530,0.00000580,4.8888918012e-02,-1.8989900127e-03,1.1613,1.9191919565e+00
0.1950,0.0000875,0.0000053,0.00007540,0.00000580,4.8888891935e-02,-1.8585864455e-03,1.1623,1.9191919565e+00
0.1960,0.0000879,0.0000053,0.00007560,0.00000580,4.9696978182e-02,-1.8989900127e-03,1.1633,1.9199999571e+00
0.1970,0.0000875,0.0000053,0.00007560,0.00000580,4.8080801964e-02,-1.8989900127e-03,1.1643,1.9183838367e+00
0.1980,0.0000877,0.0000053,0.00007580,0.00000580,4.8080801964e-02,-1.8585864455e-03,1.1653,1.9183838367e+00
0.1990,0.0000881,0.0000053,0.00007600,0.00000580,4.8888918012e-02,-1.8989900127e-03,1.1663,1.9191919565e+00
