Potential,Disk-O2,Ring-O2,Disk-N2,Ring-N2,Disk-Density,Ring-Density,Potential_RHE,ABS
-0.9000,-0.0015400,0.0000820,-0.00086600,0.00001270,-2.7232320309e+00,2.8000000119e-01,0.0673,4.7272706032e-01
-0.8990,-0.0014500,0.0000819,-0.00077200,0.00001250,-2.7393939495e+00,2.8040403128e-01,0.0683,4.8888897896e-01
-0.8980,-0.0013900,0.0000819,-0.00068800,0.00001240,-2.8363635540e+00,2.8080806136e-01,0.0693,5.8585858345e-01
-0.8970,-0.0013700,0.0000817,-0.00061700,0.00001230,-3.0424242020e+00,2.8040403128e-01,0.0703,7.9191923141e-01
-0.8960,-0.0013400,0.0000819,-0.00055300,0.00001210,-3.1797976494e+00,2.8202021122e-01,0.0713,9.2929267883e-01
-0.8950,-0.0013000,0.0000816,-0.00049500,0.00001200,-3.2525253296e+00,2.8121215105e-01,0.0723,1.0020203590e+00
-0.8940,-0.0012900,0.0000813,-0.00044400,0.00001190,-3.4181818962e+00,2.8040406108e-01,0.0733,1.1676769257e+00
-0.8930,-0.0012700,0.0000814,-0.00039800,0.00001180,-3.5232324600e+00,2.8121212125e-01,0.0743,1.2727274895e+00
-0.8920,-0.0012500,0.0000813,-0.00035700,0.00001170,-3.6080806255e+00,2.8121212125e-01,0.0753,1.3575756550e+00
-0.8910,-0.0012400,0.0000812,-0.00031900,0.00001160,-3.7212121487e+00,2.8121212125e-01,0.0763,1.4707071781e+00
-0.8900,-0.0012300,0.0000811,-0.00028400,0.00001150,-3.8222224712e+00,2.8121212125e-01,0.0773,1.5717175007e+00
-0.8890,-0.0012200,0.0000810,-0.00025500,0.00001140,-3.8989899158e+00,2.8121212125e-01,0.0783,1.6484849453e+00
-0.8880,-0.0012000,0.0000810,-0.00022700,0.00001140,-3.9313135147e+00,2.8121212125e-01,0.0793,1.6808085442e+00
-0.8870,-0.0012000,0.0000808,-0.00020200,0.00001130,-4.0323233604e+00,2.8080806136e-01,0.0803,1.7818183899e+00
-0.8860,-0.0011900,0.0000810,-0.00018000,0.00001120,-4.0808081627e+00,2.8202021122e-01,0.0813,1.8303031921e+00
-0.8850,-0.0011800,0.0000805,-0.00016000,0.00001110,-4.1212124825e+00,2.8040406108e-01,0.0823,1.8707075119e+00
-0.8840,-0.0011700,0.0000805,-0.00014000,0.00001110,-4.1616158485e+00,2.8040406108e-01,0.0833,1.9111108780e+00
-0.8830,-0.0011600,0.0000806,-0.00012400,0.00001100,-4.1858582497e+00,2.8121215105e-01,0.0843,1.9353532791e+00
-0.8820,-0.0011600,0.0000803,-0.00010800,0.00001090,-4.2505049706e+00,2.8040403128e-01,0.0853,2.0000000000e+00
-0.8810,-0.0011600,0.0000803,-0.00009290,0.00001090,-4.3115148544e+00,2.8040403128e-01,0.0863,2.0610098839e+00
-0.8800,-0.0011500,0.0000803,-0.00008050,0.00001080,-4.3212122917e+00,2.8080806136e-01,0.0873,2.0707073212e+00
-0.8790,-0.0011400,0.0000801,-0.00006780,0.00001070,-4.3321208954e+00,2.8040403128e-01,0.0883,2.0816159248e+00
-0.8780,-0.0011400,0.0000799,-0.00005720,0.00001070,-4.3749494553e+00,2.7959594131e-01,0.0893,2.1244444847e+00
-0.8770,-0.0011300,0.0000802,-0.00004710,0.00001060,-4.3753533363e+00,2.8121212125e-01,0.0903,2.1248483658e+00
-0.8760,-0.0011300,0.0000800,-0.00003770,0.00001050,-4.4133329391e+00,2.8080806136e-01,0.0913,2.1628279686e+00
-0.8750,-0.0011300,0.0000798,-0.00002860,0.00001050,-4.4501008987e+00,2.8000000119e-01,0.0923,2.1995959282e+00
-0.8740,-0.0011300,0.0000799,-0.00002040,0.00001040,-4.4832320213e+00,2.8080806136e-01,0.0933,2.2327270508e+00
-0.8730,-0.0011200,0.0000799,-0.00001320,0.00001040,-4.4719195366e+00,2.8080806136e-01,0.0943,2.2214145660e+00
-0.8720,-0.0011200,0.0000798,-0.00000624,0.00001030,-4.5000405312e+00,2.8080806136e-01,0.0953,2.2495355606e+00
-0.8710,-0.0011100,0.0000797,-0.00000011,0.00001030,-4.4843878746e+00,2.8040406108e-01,0.0963,2.2338829041e+00
-0.8700,-0.0011100,0.0000798,0.00000555,0.00001020,-4.5072727203e+00,2.8121212125e-01,0.0973,2.2567677498e+00
-0.8690,-0.0011200,0.0000797,0.00001110,0.00001020,-4.5701007843e+00,2.8080809116e-01,0.0983,2.3195958138e+00
-0.8680,-0.0011000,0.0000796,0.00001620,0.00001010,-4.5098991394e+00,2.8080809116e-01,0.0993,2.2593941689e+00
-0.8670,-0.0011000,0.0000795,0.00002130,0.00001010,-4.5305051804e+00,2.8040406108e-01,0.1003,2.2800002098e+00
-0.8660,-0.0011000,0.0000795,0.00002570,0.00001000,-4.5482826233e+00,2.8080809116e-01,0.1013,2.2977776527e+00
-0.8650,-0.0010900,0.0000795,0.00002980,0.00000997,-4.5244445801e+00,2.8092929721e-01,0.1023,2.2739396095e+00
-0.8640,-0.0011000,0.0000794,0.00003370,0.00000993,-4.5806059837e+00,2.8068685532e-01,0.1033,2.3301010132e+00
-0.8630,-0.0010900,0.0000794,0.00003730,0.00000989,-4.5547480583e+00,2.8084850311e-01,0.1043,2.3042430878e+00
-0.8620,-0.0010900,0.0000793,0.00004070,0.00000985,-4.5684847832e+00,2.8060606122e-01,0.1053,2.3179798126e+00
-0.8610,-0.0010900,0.0000793,0.00004420,0.00000981,-4.5826263428e+00,2.8076767921e-01,0.1063,2.3321213722e+00
-0.8600,-0.0010900,0.0000792,0.00004720,0.00000977,-4.5947475433e+00,2.8052523732e-01,0.1073,2.3442425728e+00
-0.8590,-0.0010900,0.0000794,0.00005020,0.00000973,-4.6068687439e+00,2.8149494529e-01,0.1083,2.3563637733e+00
-0.8580,-0.0010800,0.0000792,0.00005300,0.00000969,-4.5777778625e+00,2.8084850311e-01,0.1093,2.3272728920e+00
-0.8570,-0.0010800,0.0000793,0.00005550,0.00000965,-4.5878782272e+00,2.8141415119e-01,0.1103,2.3373732567e+00
-0.8560,-0.0010800,0.0000792,0.00005780,0.00000963,-4.5971713066e+00,2.8109091520e-01,0.1113,2.3466663361e+00
-0.8550,-0.0010800,0.0000792,0.00006030,0.00000959,-4.6072726250e+00,2.8125250340e-01,0.1123,2.3567676544e+00
-0.8540,-0.0010800,0.0000794,0.00006220,0.00000955,-4.6149492264e+00,2.8222221136e-01,0.1133,2.3644442558e+00
-0.8530,-0.0010700,0.0000792,0.00006420,0.00000952,-4.5826263428e+00,2.8153535724e-01,0.1143,2.3321213722e+00
-0.8520,-0.0010700,0.0000792,0.00006650,0.00000949,-4.5919194221e+00,2.8165656328e-01,0.1153,2.3414144516e+00
-0.8510,-0.0010700,0.0000792,0.00006830,0.00000946,-4.5991921425e+00,2.8177776933e-01,0.1163,2.3486871719e+00
-0.8500,-0.0010800,0.0000792,0.00007000,0.00000943,-4.6464643478e+00,2.8189900517e-01,0.1173,2.3959593773e+00
-0.8490,-0.0010700,0.0000792,0.00007160,0.00000940,-4.6125249863e+00,2.8202021122e-01,0.1183,2.3620200157e+00
-0.8480,-0.0010700,0.0000792,0.00007330,0.00000938,-4.6193938255e+00,2.8210100532e-01,0.1193,2.3688888550e+00
-0.8470,-0.0010700,0.0000789,0.00007480,0.00000934,-4.6254544258e+00,2.8105047345e-01,0.1203,2.3749494553e+00
-0.8460,-0.0010600,0.0000790,0.00007640,0.00000932,-4.5915155411e+00,2.8153535724e-01,0.1213,2.3410105705e+00
-0.8450,-0.0010600,0.0000789,0.00007790,0.00000929,-4.5975761414e+00,2.8125250340e-01,0.1223,2.3470711708e+00
-0.8440,-0.0010600,0.0000790,0.00007930,0.00000926,-4.6032323837e+00,2.8177776933e-01,0.1233,2.3527274132e+00
-0.8430,-0.0010600,0.0000791,0.00008030,0.00000923,-4.6072731018e+00,2.8230303526e-01,0.1243,2.3567681313e+00
-0.8420,-0.0010600,0.0000789,0.00008170,0.00000921,-4.6129298210e+00,2.8157573938e-01,0.1253,2.3624248505e+00
-0.8410,-0.0010600,0.0000790,0.00008300,0.00000919,-4.6181821823e+00,2.8206059337e-01,0.1263,2.3676772118e+00
-0.8400,-0.0010600,0.0000791,0.00008410,0.00000916,-4.6226263046e+00,2.8258585930e-01,0.1273,2.3721213341e+00
-0.8390,-0.0010600,0.0000790,0.00008520,0.00000913,-4.6270709038e+00,2.8230300546e-01,0.1283,2.3765659332e+00
-0.8380,-0.0010600,0.0000793,0.00008620,0.00000911,-4.6311111450e+00,2.8359594941e-01,0.1293,2.3806061745e+00
-0.8370,-0.0010500,0.0000791,0.00008720,0.00000908,-4.5947470665e+00,2.8290906549e-01,0.1303,2.3442420959e+00
-0.8360,-0.0010500,0.0000791,0.00008810,0.00000905,-4.5983834267e+00,2.8303027153e-01,0.1313,2.3478784561e+00
-0.8350,-0.0010600,0.0000795,0.00008900,0.00000903,-4.6424241066e+00,2.8472727537e-01,0.1323,2.3919191360e+00
-0.8340,-0.0010500,0.0000794,0.00008990,0.00000901,-4.6056561470e+00,2.8440403938e-01,0.1333,2.3551511765e+00
-0.8330,-0.0010500,0.0000793,0.00009070,0.00000898,-4.6088886261e+00,2.8412121534e-01,0.1343,2.3583836555e+00
-0.8320,-0.0010600,0.0000793,0.00009160,0.00000896,-4.6529293060e+00,2.8420200944e-01,0.1353,2.4024243355e+00
-0.8310,-0.0010500,0.0000794,0.00009250,0.00000894,-4.6161613464e+00,2.8468689322e-01,0.1363,2.3656563759e+00
-0.8300,-0.0010500,0.0000795,0.00009320,0.00000891,-4.6189899445e+00,2.8521212935e-01,0.1373,2.3684849739e+00
-0.8290,-0.0010500,0.0000793,0.00009390,0.00000889,-4.6218180656e+00,2.8448486328e-01,0.1383,2.3713130951e+00
-0.8280,-0.0010500,0.0000795,0.00009470,0.00000888,-4.6250505447e+00,2.8533333540e-01,0.1393,2.3745455742e+00
-0.8270,-0.0010400,0.0000794,0.00009530,0.00000886,-4.5870709419e+00,2.8501009941e-01,0.1403,2.3365659714e+00
-0.8260,-0.0010500,0.0000795,0.00009600,0.00000884,-4.6303029060e+00,2.8549495339e-01,0.1413,2.3797979355e+00
-0.8250,-0.0010400,0.0000794,0.00009680,0.00000882,-4.5931315422e+00,2.8517171741e-01,0.1423,2.3426265717e+00
-0.8240,-0.0010400,0.0000794,0.00009750,0.00000880,-4.5959596634e+00,2.8525251150e-01,0.1433,2.3454546928e+00
-0.8230,-0.0010400,0.0000794,0.00009820,0.00000879,-4.5987882614e+00,2.8529295325e-01,0.1443,2.3482832909e+00
-0.8220,-0.0010400,0.0000797,0.00009850,0.00000877,-4.6000003815e+00,2.8658586740e-01,0.1453,2.3494954109e+00
-0.8210,-0.0010400,0.0000796,0.00009910,0.00000875,-4.6024241447e+00,2.8626263142e-01,0.1463,2.3519191742e+00
-0.8200,-0.0010400,0.0000795,0.00009970,0.00000873,-4.6048483849e+00,2.8593939543e-01,0.1473,2.3543434143e+00
-0.8190,-0.0010300,0.0000798,0.00010100,0.00000871,-4.5696969032e+00,2.8723230958e-01,0.1483,2.3191919327e+00
-0.8180,-0.0010400,0.0000798,0.00010100,0.00000870,-4.6101007462e+00,2.8727272153e-01,0.1493,2.3595957756e+00
-0.8170,-0.0010300,0.0000797,0.00010200,0.00000868,-4.5737376213e+00,2.8694951534e-01,0.1503,2.3232326508e+00
-0.8160,-0.0010400,0.0000798,0.00010200,0.00000867,-4.6141414642e+00,2.8739392757e-01,0.1513,2.3636364937e+00
-0.8150,-0.0010400,0.0000799,0.00010300,0.00000866,-4.6181817055e+00,2.8783836961e-01,0.1523,2.3676767349e+00
-0.8140,-0.0010300,0.0000798,0.00010300,0.00000864,-4.5777778625e+00,2.8751516342e-01,0.1533,2.3272728920e+00
-0.8130,-0.0010200,0.0000799,0.00010300,0.00000863,-4.5373735428e+00,2.8795957565e-01,0.1543,2.2868685722e+00
-0.8120,-0.0010400,0.0000800,0.00010400,0.00000861,-4.6222219467e+00,2.8844445944e-01,0.1553,2.3717169762e+00
-0.8110,-0.0010300,0.0000802,0.00010400,0.00000859,-4.5818181038e+00,2.8933331370e-01,0.1563,2.3313131332e+00
-0.8100,-0.0010300,0.0000800,0.00010500,0.00000858,-4.5858588219e+00,2.8856566548e-01,0.1573,2.3353538513e+00
-0.8090,-0.0010300,0.0000801,0.00010500,0.00000856,-4.5858588219e+00,2.8905048966e-01,0.1583,2.3353538513e+00
-0.8080,-0.0010300,0.0000803,0.00010500,0.00000855,-4.5858588219e+00,2.8989899158e-01,0.1593,2.3353538513e+00
-0.8070,-0.0010300,0.0000802,0.00010600,0.00000853,-4.5898990631e+00,2.8957575560e-01,0.1603,2.3393940926e+00
-0.8060,-0.0010300,0.0000803,0.00010600,0.00000852,-4.5898990631e+00,2.9002019763e-01,0.1613,2.3393940926e+00
-0.8050,-0.0010200,0.0000804,0.00010700,0.00000850,-4.5535354614e+00,2.9050505161e-01,0.1623,2.3030304909e+00
-0.8040,-0.0010300,0.0000803,0.00010700,0.00000849,-4.5939397812e+00,2.9014140368e-01,0.1633,2.3434348106e+00
-0.8030,-0.0010200,0.0000804,0.00010700,0.00000848,-4.5535354614e+00,2.9058587551e-01,0.1643,2.3030304909e+00
-0.8020,-0.0010200,0.0000805,0.00010800,0.00000847,-4.5575757027e+00,2.9103031754e-01,0.1653,2.3070707321e+00
-0.8010,-0.0010200,0.0000804,0.00010800,0.00000845,-4.5575757027e+00,2.9070708156e-01,0.1663,2.3070707321e+00
-0.8000,-0.0010200,0.0000806,0.00010800,0.00000844,-4.5575757027e+00,2.9155555367e-01,0.1673,2.3070707321e+00
-0.7990,-0.0010200,0.0000807,0.00010800,0.00000843,-4.5575757027e+00,2.9200002551e-01,0.1683,2.3070707321e+00
-0.7980,-0.0010200,0.0000806,0.00010900,0.00000841,-4.5616159439e+00,2.9167675972e-01,0.1693,2.3111109734e+00
-0.7970,-0.0010200,0.0000808,0.00010900,0.00000840,-4.5616159439e+00,2.9252523184e-01,0.1703,2.3111109734e+00
-0.7960,-0.0010200,0.0000807,0.00010900,0.00000839,-4.5616159439e+00,2.9216161370e-01,0.1713,2.3111109734e+00
-0.7950,-0.0010200,0.0000807,0.00011000,0.00000837,-4.5656566620e+00,2.9224243760e-01,0.1723,2.3151516914e+00
-0.7940,-0.0010200,0.0000809,0.00011000,0.00000837,-4.5656566620e+00,2.9305049777e-01,0.1733,2.3151516914e+00
-0.7930,-0.0010100,0.0000808,0.00011000,0.00000835,-4.5252528191e+00,2.9272726178e-01,0.1743,2.2747478485e+00
-0.7920,-0.0010200,0.0000808,0.00011100,0.00000834,-4.5696969032e+00,2.9276767373e-01,0.1753,2.3191919327e+00
-0.7910,-0.0010100,0.0000810,0.00011100,0.00000833,-4.5292930603e+00,2.9361614585e-01,0.1763,2.2787880898e+00
-0.7900,-0.0010100,0.0000810,0.00011100,0.00000831,-4.5292930603e+00,2.9369696975e-01,0.1773,2.2787880898e+00
-0.7890,-0.0010200,0.0000809,0.00011100,0.00000830,-4.5696969032e+00,2.9333332181e-01,0.1783,2.3191919327e+00
-0.7880,-0.0010100,0.0000811,0.00011200,0.00000829,-4.5333333015e+00,2.9418182373e-01,0.1793,2.2828283310e+00
-0.7870,-0.0010100,0.0000810,0.00011200,0.00000828,-4.5333333015e+00,2.9381817579e-01,0.1803,2.2828283310e+00
-0.7860,-0.0010100,0.0000811,0.00011200,0.00000827,-4.5333333015e+00,2.9426261783e-01,0.1813,2.2828283310e+00
-0.7850,-0.0010100,0.0000813,0.00011300,0.00000826,-4.5373740196e+00,2.9511111975e-01,0.1823,2.2868690491e+00
-0.7840,-0.0010100,0.0000813,0.00011300,0.00000825,-4.5373740196e+00,2.9515153170e-01,0.1833,2.2868690491e+00
-0.7830,-0.0010100,0.0000814,0.00011300,0.00000823,-4.5373740196e+00,2.9563635588e-01,0.1843,2.2868690491e+00
-0.7820,-0.0010100,0.0000815,0.00011300,0.00000822,-4.5373740196e+00,2.9608082771e-01,0.1853,2.2868690491e+00
-0.7810,-0.0010100,0.0000815,0.00011300,0.00000821,-4.5373740196e+00,2.9612120986e-01,0.1863,2.2868690491e+00
-0.7800,-0.0009950,0.0000815,0.00011400,0.00000821,-4.4808082581e+00,2.9612120986e-01,0.1873,2.2303032875e+00
-0.7790,-0.0010200,0.0000817,0.00011400,0.00000820,-4.5818181038e+00,2.9696968198e-01,0.1883,2.3313131332e+00
-0.7780,-0.0010000,0.0000817,0.00011400,0.00000819,-4.5010104179e+00,2.9701009393e-01,0.1893,2.2505054474e+00
-0.7770,-0.0010000,0.0000818,0.00011400,0.00000818,-4.5010104179e+00,2.9745453596e-01,0.1903,2.2505054474e+00
-0.7760,-0.0010100,0.0000818,0.00011400,0.00000817,-4.5414142609e+00,2.9749494791e-01,0.1913,2.2909092903e+00
-0.7750,-0.0010000,0.0000819,0.00011500,0.00000816,-4.5050511360e+00,2.9793938994e-01,0.1923,2.2545461655e+00
-0.7740,-0.0010000,0.0000819,0.00011500,0.00000814,-4.5050511360e+00,2.9802018404e-01,0.1933,2.2545461655e+00
-0.7730,-0.0010000,0.0000819,0.00011500,0.00000814,-4.5050511360e+00,2.9802018404e-01,0.1943,2.2545461655e+00
-0.7720,-0.0010000,0.0000819,0.00011500,0.00000813,-4.5050511360e+00,2.9806059599e-01,0.1953,2.2545461655e+00
-0.7710,-0.0009980,0.0000819,0.00011500,0.00000812,-4.4969701767e+00,2.9810100794e-01,0.1963,2.2464652061e+00
-0.7700,-0.0010000,0.0000820,0.00011600,0.00000812,-4.5090909004e+00,2.9850506783e-01,0.1973,2.2585859299e+00
-0.7690,-0.0009980,0.0000822,0.00011600,0.00000811,-4.5010099411e+00,2.9935353994e-01,0.1983,2.2505049706e+00
-0.7680,-0.0009970,0.0000822,0.00011600,0.00000810,-4.4969696999e+00,2.9939392209e-01,0.1993,2.2464647293e+00
-0.7670,-0.0009980,0.0000823,0.00011600,0.00000809,-4.5010099411e+00,2.9983839393e-01,0.2003,2.2505049706e+00
-0.7660,-0.0009960,0.0000824,0.00011600,0.00000808,-4.4929289818e+00,3.0028283596e-01,0.2013,2.2424240112e+00
-0.7650,-0.0010000,0.0000825,0.00011700,0.00000808,-4.5131311417e+00,3.0068686604e-01,0.2023,2.2626261711e+00
-0.7640,-0.0009880,0.0000826,0.00011700,0.00000807,-4.4646463394e+00,3.0113133788e-01,0.2033,2.2141413689e+00
-0.7630,-0.0009940,0.0000825,0.00011700,0.00000806,-4.4888887405e+00,3.0076768994e-01,0.2043,2.2383837700e+00
-0.7620,-0.0009970,0.0000827,0.00011700,0.00000805,-4.5010099411e+00,3.0161613226e-01,0.2053,2.2505049706e+00
-0.7610,-0.0009920,0.0000827,0.00011700,0.00000804,-4.4808077812e+00,3.0165654421e-01,0.2063,2.2303028107e+00
-0.7600,-0.0009920,0.0000825,0.00011700,0.00000804,-4.4808077812e+00,3.0084851384e-01,0.2073,2.2303028107e+00
-0.7590,-0.0009930,0.0000828,0.00011700,0.00000802,-4.4848484993e+00,3.0214142799e-01,0.2083,2.2343435287e+00
-0.7580,-0.0009880,0.0000828,0.00011700,0.00000802,-4.4646463394e+00,3.0214142799e-01,0.2093,2.2141413689e+00
-0.7570,-0.0009860,0.0000828,0.00011700,0.00000801,-4.4565658569e+00,3.0218181014e-01,0.2103,2.2060608864e+00
-0.7560,-0.0009950,0.0000830,0.00011800,0.00000800,-4.4969696999e+00,3.0303028226e-01,0.2113,2.2464647293e+00
-0.7550,-0.0009860,0.0000831,0.00011800,0.00000799,-4.4606060982e+00,3.0347475410e-01,0.2123,2.2101011276e+00
-0.7540,-0.0009900,0.0000831,0.00011800,0.00000799,-4.4767675400e+00,3.0347475410e-01,0.2133,2.2262625694e+00
-0.7530,-0.0009880,0.0000831,0.00011800,0.00000798,-4.4686865807e+00,3.0351513624e-01,0.2143,2.2181816101e+00
-0.7520,-0.0009890,0.0000832,0.00011800,0.00000798,-4.4727268219e+00,3.0391919613e-01,0.2153,2.2222218513e+00
-0.7510,-0.0009860,0.0000832,0.00011800,0.00000797,-4.4606060982e+00,3.0395957828e-01,0.2163,2.2101011276e+00
-0.7500,-0.0009870,0.0000833,0.00011900,0.00000797,-4.4686865807e+00,3.0436363816e-01,0.2173,2.2181816101e+00
-0.7490,-0.0009800,0.0000833,0.00011900,0.00000796,-4.4404039383e+00,3.0440405011e-01,0.2183,2.1898989677e+00
-0.7480,-0.0009910,0.0000836,0.00011900,0.00000795,-4.4848484993e+00,3.0565658212e-01,0.2193,2.2343435287e+00
-0.7470,-0.0009880,0.0000835,0.00011900,0.00000795,-4.4727268219e+00,3.0525252223e-01,0.2203,2.2222218513e+00
-0.7460,-0.0009850,0.0000833,0.00011900,0.00000794,-4.4606060982e+00,3.0448487401e-01,0.2213,2.2101011276e+00
-0.7450,-0.0009850,0.0000835,0.00011900,0.00000794,-4.4606060982e+00,3.0529296398e-01,0.2223,2.2101011276e+00
-0.7440,-0.0009840,0.0000835,0.00011900,0.00000793,-4.4565658569e+00,3.0533334613e-01,0.2233,2.2060608864e+00
-0.7430,-0.0009800,0.0000834,0.00012000,0.00000793,-4.4444446564e+00,3.0492928624e-01,0.2243,2.1939396858e+00
-0.7420,-0.0009870,0.0000838,0.00012000,0.00000791,-4.4727268219e+00,3.0662626028e-01,0.2253,2.2222218513e+00
-0.7410,-0.0009810,0.0000837,0.00012000,0.00000791,-4.4484848976e+00,3.0622220039e-01,0.2263,2.1979799271e+00
-0.7400,-0.0009800,0.0000837,0.00012000,0.00000790,-4.4444446564e+00,3.0626261234e-01,0.2273,2.1939396858e+00
-0.7390,-0.0009830,0.0000840,0.00012000,0.00000789,-4.4565658569e+00,3.0751517415e-01,0.2283,2.2060608864e+00
-0.7380,-0.0009810,0.0000840,0.00012000,0.00000789,-4.4484848976e+00,3.0751517415e-01,0.2293,2.1979799271e+00
-0.7370,-0.0009850,0.0000839,0.00012000,0.00000789,-4.4646468163e+00,3.0711111426e-01,0.2303,2.2141418457e+00
-0.7360,-0.0009780,0.0000843,0.00012000,0.00000788,-4.4363636971e+00,3.0876767635e-01,0.2313,2.1858587265e+00
-0.7350,-0.0009800,0.0000841,0.00012000,0.00000788,-4.4444446564e+00,3.0795958638e-01,0.2323,2.1939396858e+00
-0.7340,-0.0009840,0.0000842,0.00012000,0.00000787,-4.4606060982e+00,3.0840402842e-01,0.2333,2.2101011276e+00
-0.7330,-0.0009790,0.0000844,0.00012100,0.00000786,-4.4444446564e+00,3.0925253034e-01,0.2343,2.1939396858e+00
-0.7320,-0.0009800,0.0000843,0.00012100,0.00000784,-4.4484848976e+00,3.0892932415e-01,0.2353,2.1979799271e+00
-0.7310,-0.0009770,0.0000843,0.00012100,0.00000784,-4.4363636971e+00,3.0892932415e-01,0.2363,2.1858587265e+00
-0.7300,-0.0009790,0.0000845,0.00012100,0.00000783,-4.4444446564e+00,3.0977779627e-01,0.2373,2.1939396858e+00
-0.7290,-0.0009740,0.0000845,0.00012100,0.00000783,-4.4242424965e+00,3.0977779627e-01,0.2383,2.1737375259e+00
-0.7280,-0.0009770,0.0000846,0.00012100,0.00000783,-4.4363636971e+00,3.1018179655e-01,0.2393,2.1858587265e+00
-0.7270,-0.0009740,0.0000845,0.00012100,0.00000783,-4.4242424965e+00,3.0977779627e-01,0.2403,2.1737375259e+00
-0.7260,-0.0009770,0.0000846,0.00012100,0.00000782,-4.4363636971e+00,3.1022220850e-01,0.2413,2.1858587265e+00
-0.7250,-0.0009700,0.0000848,0.00012100,0.00000781,-4.4080810547e+00,3.1107071042e-01,0.2423,2.1575760841e+00
-0.7240,-0.0009680,0.0000847,0.00012200,0.00000781,-4.4040398598e+00,3.1066665053e-01,0.2433,2.1535348892e+00
-0.7230,-0.0009770,0.0000849,0.00012200,0.00000780,-4.4404039383e+00,3.1151515245e-01,0.2443,2.1898989677e+00
-0.7220,-0.0009700,0.0000849,0.00012200,0.00000780,-4.4121208191e+00,3.1151515245e-01,0.2453,2.1616158485e+00
-0.7210,-0.0009760,0.0000850,0.00012200,0.00000780,-4.4363636971e+00,3.1191918254e-01,0.2463,2.1858587265e+00
-0.7200,-0.0009700,0.0000850,0.00012200,0.00000780,-4.4121208191e+00,3.1191918254e-01,0.2473,2.1616158485e+00
-0.7190,-0.0009720,0.0000850,0.00012200,0.00000778,-4.4202017784e+00,3.1200000644e-01,0.2483,2.1696968079e+00
-0.7180,-0.0009730,0.0000851,0.00012200,0.00000778,-4.4242424965e+00,3.1240403652e-01,0.2493,2.1737375259e+00
-0.7170,-0.0009680,0.0000850,0.00012200,0.00000777,-4.4040398598e+00,3.1204038858e-01,0.2503,2.1535348892e+00
-0.7160,-0.0009650,0.0000850,0.00012300,0.00000777,-4.3959598541e+00,3.1204038858e-01,0.2513,2.1454548836e+00
-0.7150,-0.0009680,0.0000852,0.00012300,0.00000777,-4.4080805779e+00,3.1284847856e-01,0.2523,2.1575756073e+00
-0.7140,-0.0009630,0.0000852,0.00012300,0.00000776,-4.3878788948e+00,3.1288889050e-01,0.2533,2.1373739243e+00
-0.7130,-0.0009680,0.0000854,0.00012300,0.00000776,-4.4080805779e+00,3.1369698048e-01,0.2543,2.1575756073e+00
-0.7120,-0.0009660,0.0000854,0.00012300,0.00000776,-4.4000000954e+00,3.1369698048e-01,0.2553,2.1494951248e+00
-0.7110,-0.0009700,0.0000855,0.00012300,0.00000775,-4.4161615372e+00,3.1414142251e-01,0.2563,2.1656565666e+00
-0.7100,-0.0009630,0.0000857,0.00012300,0.00000774,-4.3878788948e+00,3.1498986483e-01,0.2573,2.1373739243e+00
-0.7090,-0.0009640,0.0000856,0.00012300,0.00000774,-4.3919191360e+00,3.1458583474e-01,0.2583,2.1414141655e+00
-0.7080,-0.0009670,0.0000858,0.00012300,0.00000773,-4.4040403366e+00,3.1543433666e-01,0.2593,2.1535353661e+00
-0.7070,-0.0009630,0.0000859,0.00012300,0.00000773,-4.3878788948e+00,3.1583839655e-01,0.2603,2.1373739243e+00
-0.7060,-0.0009630,0.0000858,0.00012300,0.00000772,-4.3878788948e+00,3.1547474861e-01,0.2613,2.1373739243e+00
-0.7050,-0.0009640,0.0000858,0.00012300,0.00000772,-4.3919191360e+00,3.1547474861e-01,0.2623,2.1414141655e+00
-0.7040,-0.0009660,0.0000859,0.00012300,0.00000771,-4.4000000954e+00,3.1591919065e-01,0.2633,2.1494951248e+00
-0.7030,-0.0009620,0.0000859,0.00012300,0.00000771,-4.3838381767e+00,3.1591919065e-01,0.2643,2.1333332062e+00
-0.7020,-0.0009610,0.0000859,0.00012300,0.00000771,-4.3797979355e+00,3.1591919065e-01,0.2653,2.1292929649e+00
-0.7010,-0.0009620,0.0000861,0.00012300,0.00000770,-4.3838381767e+00,3.1676769257e-01,0.2663,2.1333332062e+00
-0.7000,-0.0009590,0.0000863,0.00012400,0.00000770,-4.3757576942e+00,3.1757575274e-01,0.2673,2.1252527237e+00
-0.6990,-0.0009610,0.0000862,0.00012400,0.00000769,-4.3838381767e+00,3.1721210480e-01,0.2683,2.1333332062e+00
-0.6980,-0.0009610,0.0000863,0.00012400,0.00000768,-4.3838381767e+00,3.1765657663e-01,0.2693,2.1333332062e+00
-0.6970,-0.0009550,0.0000863,0.00012400,0.00000767,-4.3595957756e+00,3.1769695878e-01,0.2703,2.1090908051e+00
-0.6960,-0.0009590,0.0000863,0.00012400,0.00000767,-4.3757576942e+00,3.1769695878e-01,0.2713,2.1252527237e+00
-0.6950,-0.0009590,0.0000864,0.00012400,0.00000767,-4.3757576942e+00,3.1810101867e-01,0.2723,2.1252527237e+00
-0.6940,-0.0009440,0.0000865,0.00012400,0.00000767,-4.3151516914e+00,3.1850501895e-01,0.2733,2.0646467209e+00
-0.6930,-0.0009640,0.0000864,0.00012400,0.00000767,-4.3959598541e+00,3.1810101867e-01,0.2743,2.1454548836e+00
-0.6920,-0.0009530,0.0000866,0.00012400,0.00000766,-4.3515148163e+00,3.1894949079e-01,0.2753,2.1010098457e+00
-0.6910,-0.0009550,0.0000867,0.00012400,0.00000766,-4.3595957756e+00,3.1935355067e-01,0.2763,2.1090908051e+00
-0.6900,-0.0009540,0.0000864,0.00012400,0.00000766,-4.3555555344e+00,3.1814143062e-01,0.2773,2.1050505638e+00
-0.6890,-0.0009500,0.0000866,0.00012400,0.00000766,-4.3393940926e+00,3.1894949079e-01,0.2783,2.0888891220e+00
-0.6880,-0.0009510,0.0000867,0.00012400,0.00000765,-4.3434343338e+00,3.1939393282e-01,0.2793,2.0929293633e+00
-0.6870,-0.0009510,0.0000867,0.00012400,0.00000764,-4.3434343338e+00,3.1943431497e-01,0.2803,2.0929293633e+00
-0.6860,-0.0009500,0.0000867,0.00012400,0.00000764,-4.3393940926e+00,3.1943431497e-01,0.2813,2.0888891220e+00
-0.6850,-0.0009510,0.0000868,0.00012400,0.00000763,-4.3434343338e+00,3.1987878680e-01,0.2823,2.0929293633e+00
-0.6840,-0.0009510,0.0000869,0.00012500,0.00000764,-4.3474750519e+00,3.2024240494e-01,0.2833,2.0969700813e+00
-0.6830,-0.0009460,0.0000869,0.00012500,0.00000763,-4.3272728920e+00,3.2028284669e-01,0.2843,2.0767679214e+00
-0.6820,-0.0009500,0.0000871,0.00012500,0.00000763,-4.3434343338e+00,3.2109090686e-01,0.2853,2.0929293633e+00
-0.6810,-0.0009480,0.0000871,0.00012500,0.00000763,-4.3353538513e+00,3.2109090686e-01,0.2863,2.0848488808e+00
-0.6800,-0.0009420,0.0000870,0.00012500,0.00000763,-4.3111109734e+00,3.2068687677e-01,0.2873,2.0606060028e+00
-0.6790,-0.0009500,0.0000873,0.00012500,0.00000762,-4.3434343338e+00,3.2193940878e-01,0.2883,2.0929293633e+00
-0.6780,-0.0009420,0.0000873,0.00012500,0.00000761,-4.3111109734e+00,3.2197982073e-01,0.2893,2.0606060028e+00
-0.6770,-0.0009470,0.0000873,0.00012500,0.00000761,-4.3313131332e+00,3.2197982073e-01,0.2903,2.0808081627e+00
-0.6760,-0.0009470,0.0000874,0.00012500,0.00000760,-4.3313131332e+00,3.2242426276e-01,0.2913,2.0808081627e+00
-0.6750,-0.0009450,0.0000875,0.00012500,0.00000759,-4.3232321739e+00,3.2286867499e-01,0.2923,2.0727272034e+00
-0.6740,-0.0009450,0.0000874,0.00012500,0.00000760,-4.3232321739e+00,3.2242426276e-01,0.2933,2.0727272034e+00
-0.6730,-0.0009400,0.0000876,0.00012500,0.00000759,-4.3030300140e+00,3.2327270508e-01,0.2943,2.0525250435e+00
-0.6720,-0.0009450,0.0000877,0.00012500,0.00000759,-4.3232321739e+00,3.2367676497e-01,0.2953,2.0727272034e+00
-0.6710,-0.0009410,0.0000876,0.00012500,0.00000759,-4.3070707321e+00,3.2327270508e-01,0.2963,2.0565657616e+00
-0.6700,-0.0009440,0.0000877,0.00012500,0.00000759,-4.3191919327e+00,3.2367676497e-01,0.2973,2.0686869621e+00
-0.6690,-0.0009380,0.0000878,0.00012500,0.00000759,-4.2949490547e+00,3.2408079505e-01,0.2983,2.0444440842e+00
-0.6680,-0.0009450,0.0000878,0.00012500,0.00000758,-4.3232321739e+00,3.2412120700e-01,0.2993,2.0727272034e+00
-0.6670,-0.0009400,0.0000880,0.00012500,0.00000758,-4.3030300140e+00,3.2492929697e-01,0.3003,2.0525250435e+00
-0.6660,-0.0009410,0.0000880,0.00012500,0.00000757,-4.3070707321e+00,3.2496970892e-01,0.3013,2.0565657616e+00
-0.6650,-0.0009400,0.0000881,0.00012600,0.00000756,-4.3070707321e+00,3.2541415095e-01,0.3023,2.0565657616e+00
-0.6640,-0.0009390,0.0000881,0.00012500,0.00000755,-4.2989897728e+00,3.2545456290e-01,0.3033,2.0484848022e+00
-0.6630,-0.0009400,0.0000882,0.00012600,0.00000755,-4.3070707321e+00,3.2585859299e-01,0.3043,2.0565657616e+00
-0.6620,-0.0009400,0.0000882,0.00012600,0.00000755,-4.3070707321e+00,3.2585859299e-01,0.3053,2.0565657616e+00
-0.6610,-0.0009390,0.0000882,0.00012600,0.00000755,-4.3030300140e+00,3.2585859299e-01,0.3063,2.0525250435e+00
-0.6600,-0.0009330,0.0000883,0.00012600,0.00000754,-4.2787880898e+00,3.2630303502e-01,0.3073,2.0282831192e+00
-0.6590,-0.0009380,0.0000883,0.00012600,0.00000754,-4.2989897728e+00,3.2630303502e-01,0.3083,2.0484848022e+00
-0.6580,-0.0009350,0.0000884,0.00012600,0.00000754,-4.2868690491e+00,3.2670703530e-01,0.3093,2.0363640785e+00
-0.6570,-0.0009320,0.0000884,0.00012600,0.00000753,-4.2747473717e+00,3.2674747705e-01,0.3103,2.0242424011e+00
-0.6560,-0.0009350,0.0000886,0.00012600,0.00000753,-4.2868690491e+00,3.2755556703e-01,0.3113,2.0363640785e+00
-0.6550,-0.0009330,0.0000886,0.00012600,0.00000752,-4.2787880898e+00,3.2759594917e-01,0.3123,2.0282831192e+00
-0.6540,-0.0009350,0.0000887,0.00012600,0.00000752,-4.2868690491e+00,3.2799997926e-01,0.3133,2.0363640785e+00
-0.6530,-0.0009290,0.0000887,0.00012600,0.00000752,-4.2626261711e+00,3.2799997926e-01,0.3143,2.0121212006e+00
-0.6520,-0.0009310,0.0000887,0.00012600,0.00000751,-4.2707071304e+00,3.2804039121e-01,0.3153,2.0202021599e+00
-0.6510,-0.0009360,0.0000888,0.00012600,0.00000751,-4.2909092903e+00,3.2844442129e-01,0.3163,2.0404043198e+00
-0.6500,-0.0009290,0.0000888,0.00012600,0.00000751,-4.2626261711e+00,3.2844442129e-01,0.3173,2.0121212006e+00
-0.6490,-0.0009310,0.0000889,0.00012600,0.00000752,-4.2707071304e+00,3.2880806923e-01,0.3183,2.0202021599e+00
-0.6480,-0.0009300,0.0000891,0.00012600,0.00000751,-4.2666668892e+00,3.2965657115e-01,0.3193,2.0161619186e+00
-0.6470,-0.0009280,0.0000891,0.00012600,0.00000751,-4.2585859299e+00,3.2965657115e-01,0.3203,2.0080809593e+00
-0.6460,-0.0009320,0.0000891,0.00012700,0.00000750,-4.2787880898e+00,3.2969698310e-01,0.3213,2.0282831192e+00
-0.6450,-0.0009290,0.0000893,0.00012700,0.00000750,-4.2666668892e+00,3.3050507307e-01,0.3223,2.0161619186e+00
-0.6440,-0.0009280,0.0000892,0.00012600,0.00000749,-4.2585859299e+00,3.3014142513e-01,0.3233,2.0080809593e+00
-0.6430,-0.0009280,0.0000893,0.00012700,0.00000749,-4.2626261711e+00,3.3054545522e-01,0.3243,2.0121212006e+00
-0.6420,-0.0009240,0.0000894,0.00012700,0.00000749,-4.2464647293e+00,3.3094948530e-01,0.3253,1.9959597588e+00
-0.6410,-0.0009270,0.0000894,0.00012700,0.00000749,-4.2585859299e+00,3.3094948530e-01,0.3263,2.0080809593e+00
-0.6400,-0.0009240,0.0000893,0.00012700,0.00000749,-4.2464647293e+00,3.3054545522e-01,0.3273,1.9959597588e+00
-0.6390,-0.0009270,0.0000895,0.00012700,0.00000749,-4.2585859299e+00,3.3135351539e-01,0.3283,2.0080809593e+00
-0.6380,-0.0009260,0.0000895,0.00012700,0.00000749,-4.2545452118e+00,3.3135351539e-01,0.3293,2.0040402412e+00
-0.6370,-0.0009200,0.0000895,0.00012700,0.00000749,-4.2303032875e+00,3.3135351539e-01,0.3303,1.9797983170e+00
-0.6360,-0.0009230,0.0000897,0.00012700,0.00000747,-4.2424240112e+00,3.3224242926e-01,0.3313,1.9919190407e+00
-0.6350,-0.0009250,0.0000899,0.00012700,0.00000747,-4.2505049706e+00,3.3305051923e-01,0.3323,2.0000000000e+00
-0.6340,-0.0009220,0.0000898,0.00012700,0.00000747,-4.2383837700e+00,3.3264645934e-01,0.3333,1.9878787994e+00
-0.6330,-0.0009240,0.0000900,0.00012700,0.00000746,-4.2464647293e+00,3.3349493146e-01,0.3343,1.9959597588e+00
-0.6320,-0.0009240,0.0000900,0.00012700,0.00000746,-4.2464647293e+00,3.3349493146e-01,0.3353,1.9959597588e+00
-0.6310,-0.0009200,0.0000900,0.00012700,0.00000746,-4.2303032875e+00,3.3349493146e-01,0.3363,1.9797983170e+00
-0.6300,-0.0009200,0.0000901,0.00012700,0.00000746,-4.2303032875e+00,3.3389899135e-01,0.3373,1.9797983170e+00
-0.6290,-0.0009220,0.0000902,0.00012700,0.00000746,-4.2383837700e+00,3.3430302143e-01,0.3383,1.9878787994e+00
-0.6280,-0.0009190,0.0000902,0.00012700,0.00000746,-4.2262630463e+00,3.3430302143e-01,0.3393,1.9757580757e+00
-0.6270,-0.0009170,0.0000901,0.00012700,0.00000746,-4.2181820869e+00,3.3389899135e-01,0.3403,1.9676771164e+00
-0.6260,-0.0009190,0.0000904,0.00012700,0.00000745,-4.2262630463e+00,3.3515152335e-01,0.3413,1.9757580757e+00
-0.6250,-0.0009110,0.0000901,0.00012700,0.00000745,-4.1939392090e+00,3.3393940330e-01,0.3423,1.9434342384e+00
-0.6240,-0.0009190,0.0000904,0.00012700,0.00000744,-4.2262630463e+00,3.3519190550e-01,0.3433,1.9757580757e+00
-0.6230,-0.0009110,0.0000903,0.00012700,0.00000744,-4.1939392090e+00,3.3478784561e-01,0.3443,1.9434342384e+00
-0.6220,-0.0009140,0.0000905,0.00012800,0.00000744,-4.2101011276e+00,3.3559593558e-01,0.3453,1.9595961571e+00
-0.6210,-0.0009120,0.0000905,0.00012700,0.00000744,-4.1979799271e+00,3.3559593558e-01,0.3463,1.9474749565e+00
-0.6200,-0.0009150,0.0000906,0.00012800,0.00000745,-4.2141413689e+00,3.3595958352e-01,0.3473,1.9636363983e+00
-0.6190,-0.0009120,0.0000907,0.00012700,0.00000744,-4.1979799271e+00,3.3640402555e-01,0.3483,1.9474749565e+00
-0.6180,-0.0009130,0.0000906,0.00012800,0.00000744,-4.2060608864e+00,3.3599999547e-01,0.3493,1.9555559158e+00
-0.6170,-0.0009120,0.0000908,0.00012700,0.00000744,-4.1979799271e+00,3.3680808544e-01,0.3503,1.9474749565e+00
-0.6160,-0.0009070,0.0000909,0.00012800,0.00000743,-4.1818180084e+00,3.3725255728e-01,0.3513,1.9313130379e+00
-0.6150,-0.0009150,0.0000909,0.00012800,0.00000743,-4.2141413689e+00,3.3725255728e-01,0.3523,1.9636363983e+00
-0.6140,-0.0009070,0.0000909,0.00012800,0.00000742,-4.1818180084e+00,3.3729293942e-01,0.3533,1.9313130379e+00
-0.6130,-0.0009100,0.0000910,0.00012800,0.00000743,-4.1939392090e+00,3.3765658736e-01,0.3543,1.9434342384e+00
-0.6120,-0.0009090,0.0000911,0.00012800,0.00000742,-4.1898989677e+00,3.3810102940e-01,0.3553,1.9393939972e+00
-0.6110,-0.0009070,0.0000912,0.00012800,0.00000742,-4.1818180084e+00,3.3850505948e-01,0.3563,1.9313130379e+00
-0.6100,-0.0009100,0.0000912,0.00012800,0.00000742,-4.1939392090e+00,3.3850505948e-01,0.3573,1.9434342384e+00
-0.6090,-0.0009080,0.0000914,0.00012800,0.00000741,-4.1858582497e+00,3.3935350180e-01,0.3583,1.9353532791e+00
-0.6080,-0.0009070,0.0000913,0.00012800,0.00000741,-4.1818180084e+00,3.3894947171e-01,0.3593,1.9313130379e+00
-0.6070,-0.0009080,0.0000914,0.00012800,0.00000741,-4.1858582497e+00,3.3935350180e-01,0.3603,1.9353532791e+00
-0.6060,-0.0009080,0.0000917,0.00012800,0.00000741,-4.1858582497e+00,3.4056565166e-01,0.3613,1.9353532791e+00
-0.6050,-0.0009050,0.0000916,0.00012800,0.00000741,-4.1737375259e+00,3.4016159177e-01,0.3623,1.9232325554e+00
-0.6040,-0.0009060,0.0000917,0.00012800,0.00000741,-4.1777777672e+00,3.4056565166e-01,0.3633,1.9272727966e+00
-0.6030,-0.0009010,0.0000920,0.00012800,0.00000740,-4.1575760841e+00,3.4181821346e-01,0.3643,1.9070711136e+00
-0.6020,-0.0009050,0.0000919,0.00012800,0.00000740,-4.1737375259e+00,3.4141415358e-01,0.3653,1.9232325554e+00
-0.6010,-0.0009080,0.0000920,0.00012800,0.00000740,-4.1858582497e+00,3.4181821346e-01,0.3663,1.9353532791e+00
-0.6000,-0.0009050,0.0000919,0.00012800,0.00000740,-4.1737375259e+00,3.4141415358e-01,0.3673,1.9232325554e+00
-0.5990,-0.0009010,0.0000920,0.00012800,0.00000740,-4.1575760841e+00,3.4181821346e-01,0.3683,1.9070711136e+00
-0.5980,-0.0008990,0.0000921,0.00012800,0.00000739,-4.1494951248e+00,3.4226262569e-01,0.3693,1.8989901543e+00
-0.5970,-0.0009020,0.0000922,0.00012800,0.00000739,-4.1616163254e+00,3.4266668558e-01,0.3703,1.9111113548e+00
-0.5960,-0.0009040,0.0000925,0.00012800,0.00000740,-4.1696972847e+00,3.4383839369e-01,0.3713,1.9191923141e+00
-0.5950,-0.0009010,0.0000925,0.00012800,0.00000739,-4.1575760841e+00,3.4387877584e-01,0.3723,1.9070711136e+00
-0.5940,-0.0009000,0.0000923,0.00012800,0.00000739,-4.1535353661e+00,3.4307068586e-01,0.3733,1.9030303955e+00
-0.5930,-0.0009040,0.0000926,0.00012800,0.00000739,-4.1696972847e+00,3.4428283572e-01,0.3743,1.9191923141e+00
-0.5920,-0.0008990,0.0000926,0.00012800,0.00000739,-4.1494951248e+00,3.4428283572e-01,0.3753,1.8989901543e+00
-0.5910,-0.0008950,0.0000926,0.00012800,0.00000739,-4.1333332062e+00,3.4428283572e-01,0.3763,1.8828282356e+00
-0.5900,-0.0009000,0.0000927,0.00012800,0.00000738,-4.1535353661e+00,3.4472727776e-01,0.3773,1.9030303955e+00
-0.5890,-0.0008950,0.0000927,0.00012800,0.00000738,-4.1333332062e+00,3.4472727776e-01,0.3783,1.8828282356e+00
-0.5880,-0.0008970,0.0000927,0.00012800,0.00000738,-4.1414141655e+00,3.4472727776e-01,0.3793,1.8909091949e+00
-0.5870,-0.0008990,0.0000929,0.00012800,0.00000738,-4.1494951248e+00,3.4553536773e-01,0.3803,1.8989901543e+00
-0.5860,-0.0008920,0.0000930,0.00012800,0.00000738,-4.1212120056e+00,3.4593942761e-01,0.3813,1.8707070351e+00
-0.5850,-0.0008920,0.0000930,0.00012800,0.00000737,-4.1212120056e+00,3.4597980976e-01,0.3823,1.8707070351e+00
-0.5840,-0.0008960,0.0000931,0.00012800,0.00000737,-4.1373739243e+00,3.4638383985e-01,0.3833,1.8868689537e+00
-0.5830,-0.0008940,0.0000933,0.00012800,0.00000737,-4.1292929649e+00,3.4719190001e-01,0.3843,1.8787879944e+00
-0.5820,-0.0008940,0.0000933,0.00012800,0.00000737,-4.1292929649e+00,3.4719190001e-01,0.3853,1.8787879944e+00
-0.5810,-0.0008930,0.0000933,0.00012800,0.00000736,-4.1252522469e+00,3.4723231196e-01,0.3863,1.8747472763e+00
-0.5800,-0.0008920,0.0000935,0.00012800,0.00000735,-4.1212120056e+00,3.4808081388e-01,0.3873,1.8707070351e+00
-0.5790,-0.0008900,0.0000936,0.00012800,0.00000736,-4.1131315231e+00,3.4844443202e-01,0.3883,1.8626265526e+00
-0.5780,-0.0008910,0.0000935,0.00012800,0.00000736,-4.1171717644e+00,3.4804040194e-01,0.3893,1.8666667938e+00
-0.5770,-0.0008960,0.0000937,0.00012800,0.00000735,-4.1373739243e+00,3.4888890386e-01,0.3903,1.8868689537e+00
-0.5760,-0.0008880,0.0000939,0.00012800,0.00000736,-4.1050505638e+00,3.4965655208e-01,0.3913,1.8545455933e+00
-0.5750,-0.0008910,0.0000938,0.00012800,0.00000736,-4.1171717644e+00,3.4925252199e-01,0.3923,1.8666667938e+00
-0.5740,-0.0008920,0.0000939,0.00012800,0.00000735,-4.1212120056e+00,3.4969699383e-01,0.3933,1.8707070351e+00
-0.5730,-0.0008860,0.0000940,0.00012800,0.00000735,-4.0969700813e+00,3.5010102391e-01,0.3943,1.8464651108e+00
-0.5720,-0.0008880,0.0000940,0.00012800,0.00000734,-4.1050505638e+00,3.5014143586e-01,0.3953,1.8545455933e+00
-0.5710,-0.0008880,0.0000942,0.00012800,0.00000734,-4.1050505638e+00,3.5094949603e-01,0.3963,1.8545455933e+00
-0.5700,-0.0008880,0.0000943,0.00012800,0.00000734,-4.1050505638e+00,3.5135352612e-01,0.3973,1.8545455933e+00
-0.5690,-0.0008860,0.0000944,0.00012800,0.00000734,-4.0969700813e+00,3.5175755620e-01,0.3983,1.8464651108e+00
-0.5680,-0.0008890,0.0000944,0.00012800,0.00000735,-4.1090912819e+00,3.5171717405e-01,0.3993,1.8585863113e+00
-0.5670,-0.0008840,0.0000944,0.00012800,0.00000734,-4.0888891220e+00,3.5175755620e-01,0.4003,1.8383841515e+00
-0.5660,-0.0008840,0.0000945,0.00012800,0.00000734,-4.0888891220e+00,3.5216161609e-01,0.4013,1.8383841515e+00
-0.5650,-0.0008860,0.0000948,0.00012800,0.00000734,-4.0969700813e+00,3.5337373614e-01,0.4023,1.8464651108e+00
-0.5640,-0.0008840,0.0000947,0.00012800,0.00000734,-4.0888891220e+00,3.5296970606e-01,0.4033,1.8383841515e+00
-0.5630,-0.0008850,0.0000948,0.00012900,0.00000734,-4.0969700813e+00,3.5337373614e-01,0.4043,1.8464651108e+00
-0.5620,-0.0008820,0.0000950,0.00012800,0.00000734,-4.0808081627e+00,3.5418182611e-01,0.4053,1.8303031921e+00
-0.5610,-0.0008830,0.0000950,0.00012800,0.00000734,-4.0848484039e+00,3.5418182611e-01,0.4063,1.8343434334e+00
-0.5600,-0.0008840,0.0000952,0.00012800,0.00000734,-4.0888891220e+00,3.5498988628e-01,0.4073,1.8383841515e+00
-0.5590,-0.0008810,0.0000952,0.00012800,0.00000734,-4.0767679214e+00,3.5498988628e-01,0.4083,1.8262629509e+00
-0.5580,-0.0008820,0.0000952,0.00012800,0.00000733,-4.0808081627e+00,3.5503026843e-01,0.4093,1.8303031921e+00
-0.5570,-0.0008820,0.0000955,0.00012800,0.00000733,-4.0808081627e+00,3.5624241829e-01,0.4103,1.8303031921e+00
-0.5560,-0.0008790,0.0000954,0.00012800,0.00000733,-4.0686869621e+00,3.5583835840e-01,0.4113,1.8181819916e+00
-0.5550,-0.0008790,0.0000953,0.00012800,0.00000733,-4.0686869621e+00,3.5543432832e-01,0.4123,1.8181819916e+00
-0.5540,-0.0008770,0.0000955,0.00012800,0.00000732,-4.0606060028e+00,3.5628283024e-01,0.4133,1.8101010323e+00
-0.5530,-0.0008770,0.0000954,0.00012800,0.00000732,-4.0606060028e+00,3.5587880015e-01,0.4143,1.8101010323e+00
-0.5520,-0.0008790,0.0000957,0.00012800,0.00000732,-4.0686869621e+00,3.5709092021e-01,0.4153,1.8181819916e+00
-0.5510,-0.0008760,0.0000958,0.00012800,0.00000732,-4.0565652847e+00,3.5749495029e-01,0.4163,1.8060603142e+00
-0.5500,-0.0008780,0.0000957,0.00012800,0.00000731,-4.0646462440e+00,3.5713130236e-01,0.4173,1.8141412735e+00
-0.5490,-0.0008690,0.0000957,0.00012800,0.00000731,-4.0282831192e+00,3.5713130236e-01,0.4183,1.7777781487e+00
-0.5480,-0.0008800,0.0000962,0.00012800,0.00000730,-4.0727272034e+00,3.5919192433e-01,0.4193,1.8222222328e+00
-0.5470,-0.0008720,0.0000962,0.00012800,0.00000730,-4.0404043198e+00,3.5919192433e-01,0.4203,1.7898993492e+00
-0.5460,-0.0008730,0.0000962,0.00012800,0.00000730,-4.0444445610e+00,3.5919192433e-01,0.4213,1.7939395905e+00
-0.5450,-0.0008780,0.0000965,0.00012800,0.00000729,-4.0646462440e+00,3.6044445634e-01,0.4223,1.8141412735e+00
-0.5440,-0.0008730,0.0000965,0.00012800,0.00000729,-4.0444445610e+00,3.6044445634e-01,0.4233,1.7939395905e+00
-0.5430,-0.0008720,0.0000964,0.00012800,0.00000730,-4.0404043198e+00,3.6000001431e-01,0.4243,1.7898993492e+00
-0.5420,-0.0008760,0.0000967,0.00012800,0.00000730,-4.0565652847e+00,3.6121213436e-01,0.4253,1.8060603142e+00
-0.5410,-0.0008710,0.0000968,0.00012800,0.00000730,-4.0363636017e+00,3.6161619425e-01,0.4263,1.7858586311e+00
-0.5400,-0.0008700,0.0000968,0.00012800,0.00000730,-4.0323233604e+00,3.6161619425e-01,0.4273,1.7818183899e+00
-0.5390,-0.0008740,0.0000969,0.00012800,0.00000729,-4.0484852791e+00,3.6206060648e-01,0.4283,1.7979803085e+00
-0.5380,-0.0008720,0.0000971,0.00012800,0.00000729,-4.0404043198e+00,3.6286866665e-01,0.4293,1.7898993492e+00
-0.5370,-0.0008710,0.0000970,0.00012800,0.00000729,-4.0363636017e+00,3.6246463656e-01,0.4303,1.7858586311e+00
-0.5360,-0.0008700,0.0000970,0.00012800,0.00000730,-4.0323233604e+00,3.6242425442e-01,0.4313,1.7818183899e+00
-0.5350,-0.0008680,0.0000972,0.00012800,0.00000730,-4.0242424011e+00,3.6323231459e-01,0.4323,1.7737374306e+00
-0.5340,-0.0008680,0.0000973,0.00012800,0.00000729,-4.0242424011e+00,3.6367675662e-01,0.4333,1.7737374306e+00
-0.5330,-0.0008670,0.0000973,0.00012800,0.00000729,-4.0202021599e+00,3.6367675662e-01,0.4343,1.7696971893e+00
-0.5320,-0.0008660,0.0000974,0.00012800,0.00000729,-4.0161614418e+00,3.6408081651e-01,0.4353,1.7656564713e+00
-0.5310,-0.0008660,0.0000973,0.00012800,0.00000729,-4.0161614418e+00,3.6367675662e-01,0.4363,1.7656564713e+00
-0.5300,-0.0008680,0.0000977,0.00012800,0.00000729,-4.0242424011e+00,3.6529293656e-01,0.4373,1.7737374306e+00
-0.5290,-0.0008660,0.0000976,0.00012800,0.00000730,-4.0161614418e+00,3.6484849453e-01,0.4383,1.7656564713e+00
-0.5280,-0.0008570,0.0000976,0.00012800,0.00000729,-3.9797980785e+00,3.6488890648e-01,0.4393,1.7292931080e+00
-0.5270,-0.0008660,0.0000978,0.00012800,0.00000729,-4.0161614418e+00,3.6569696665e-01,0.4403,1.7656564713e+00
-0.5260,-0.0008650,0.0000980,0.00012800,0.00000730,-4.0121212006e+00,3.6646464467e-01,0.4413,1.7616162300e+00
-0.5250,-0.0008620,0.0000979,0.00012800,0.00000729,-4.0000000000e+00,3.6610102654e-01,0.4423,1.7494950294e+00
-0.5240,-0.0008620,0.0000980,0.00012800,0.00000728,-4.0000000000e+00,3.6654543877e-01,0.4433,1.7494950294e+00
-0.5230,-0.0008620,0.0000981,0.00012800,0.00000729,-4.0000000000e+00,3.6690908670e-01,0.4443,1.7494950294e+00
-0.5220,-0.0008600,0.0000981,0.00012800,0.00000728,-3.9919190407e+00,3.6694946885e-01,0.4453,1.7414140701e+00
-0.5210,-0.0008620,0.0000982,0.00012800,0.00000728,-4.0000000000e+00,3.6735352874e-01,0.4463,1.7494950294e+00
-0.5200,-0.0008620,0.0000984,0.00012800,0.00000729,-4.0000000000e+00,3.6812120676e-01,0.4473,1.7494950294e+00
-0.5190,-0.0008590,0.0000985,0.00012800,0.00000728,-3.9878790379e+00,3.6856564879e-01,0.4483,1.7373740673e+00
-0.5180,-0.0008600,0.0000985,0.00012800,0.00000728,-3.9919190407e+00,3.6856564879e-01,0.4493,1.7414140701e+00
-0.5170,-0.0008600,0.0000987,0.00012800,0.00000728,-3.9919190407e+00,3.6937373877e-01,0.4503,1.7414140701e+00
-0.5160,-0.0008590,0.0000989,0.00012800,0.00000728,-3.9878790379e+00,3.7018179893e-01,0.4513,1.7373740673e+00
-0.5150,-0.0008560,0.0000989,0.00012800,0.00000727,-3.9757578373e+00,3.7022221088e-01,0.4523,1.7252528667e+00
-0.5140,-0.0008590,0.0000989,0.00012800,0.00000728,-3.9878790379e+00,3.7018179893e-01,0.4533,1.7373740673e+00
-0.5130,-0.0008560,0.0000990,0.00012800,0.00000727,-3.9757578373e+00,3.7062627077e-01,0.4543,1.7252528667e+00
-0.5120,-0.0008560,0.0000992,0.00012800,0.00000728,-3.9757578373e+00,3.7139391899e-01,0.4553,1.7252528667e+00
-0.5110,-0.0008570,0.0000993,0.00012800,0.00000728,-3.9797980785e+00,3.7179797888e-01,0.4563,1.7292931080e+00
-0.5100,-0.0008560,0.0000993,0.00012800,0.00000727,-3.9757578373e+00,3.7183839083e-01,0.4573,1.7252528667e+00
-0.5090,-0.0008580,0.0000994,0.00012800,0.00000727,-3.9838385582e+00,3.7224242091e-01,0.4583,1.7333335876e+00
-0.5080,-0.0008500,0.0000994,0.00012800,0.00000727,-3.9515151978e+00,3.7224242091e-01,0.4593,1.7010102272e+00
-0.5070,-0.0008570,0.0000995,0.00012800,0.00000727,-3.9797980785e+00,3.7264648080e-01,0.4603,1.7292931080e+00
-0.5060,-0.0008590,0.0000999,0.00012800,0.00000727,-3.9878790379e+00,3.7426263094e-01,0.4613,1.7373740673e+00
-0.5050,-0.0008540,0.0000997,0.00012700,0.00000726,-3.9636363983e+00,3.7349495292e-01,0.4623,1.7131314278e+00
-0.5040,-0.0008540,0.0000996,0.00012800,0.00000726,-3.9676768780e+00,3.7309092283e-01,0.4633,1.7171719074e+00
-0.5030,-0.0008530,0.0000997,0.00012800,0.00000726,-3.9636363983e+00,3.7349495292e-01,0.4643,1.7131314278e+00
-0.5020,-0.0008500,0.0001000,0.00012700,0.00000726,-3.9474747181e+00,3.7470704317e-01,0.4653,1.6969697475e+00
-0.5010,-0.0008520,0.0000999,0.00012800,0.00000726,-3.9595959187e+00,3.7430301309e-01,0.4663,1.7090909481e+00
-0.5000,-0.0008430,0.0000998,0.00012800,0.00000726,-3.9232323170e+00,3.7389901280e-01,0.4673,1.6727273464e+00
-0.4990,-0.0008550,0.0001000,0.00012800,0.00000726,-3.9717173576e+00,3.7470704317e-01,0.4683,1.7212123871e+00
-0.4980,-0.0008450,0.0001000,0.00012800,0.00000726,-3.9313130379e+00,3.7470704317e-01,0.4693,1.6808080673e+00
-0.4970,-0.0008470,0.0000999,0.00012800,0.00000726,-3.9393937588e+00,3.7430301309e-01,0.4703,1.6888887882e+00
-0.4960,-0.0008480,0.0001000,0.00012800,0.00000726,-3.9434342384e+00,3.7470704317e-01,0.4713,1.6929292679e+00
-0.4950,-0.0008430,0.0001000,0.00012800,0.00000726,-3.9232323170e+00,3.7470704317e-01,0.4723,1.6727273464e+00
-0.4940,-0.0008440,0.0001000,0.00012800,0.00000726,-3.9272727966e+00,3.7470704317e-01,0.4733,1.6767678261e+00
-0.4930,-0.0008440,0.0001000,0.00012800,0.00000726,-3.9272727966e+00,3.7470704317e-01,0.4743,1.6767678261e+00
-0.4920,-0.0008430,0.0001000,0.00012800,0.00000725,-3.9232323170e+00,3.7474748492e-01,0.4753,1.6727273464e+00
-0.4910,-0.0008450,0.0001010,0.00012800,0.00000726,-3.9313130379e+00,3.7874746323e-01,0.4763,1.6808080673e+00
-0.4900,-0.0008420,0.0001010,0.00012700,0.00000726,-3.9151515961e+00,3.7874746323e-01,0.4773,1.6646466255e+00
-0.4890,-0.0008440,0.0001010,0.00012700,0.00000725,-3.9232325554e+00,3.7878787518e-01,0.4783,1.6727275848e+00
-0.4880,-0.0008440,0.0001010,0.00012700,0.00000726,-3.9232325554e+00,3.7874746323e-01,0.4793,1.6727275848e+00
-0.4870,-0.0008440,0.0001010,0.00012700,0.00000726,-3.9232325554e+00,3.7874746323e-01,0.4803,1.6727275848e+00
-0.4860,-0.0008430,0.0001010,0.00012700,0.00000725,-3.9191920757e+00,3.7878787518e-01,0.4813,1.6686871052e+00
-0.4850,-0.0008360,0.0001010,0.00012700,0.00000725,-3.8909091949e+00,3.7878787518e-01,0.4823,1.6404042244e+00
-0.4840,-0.0008460,0.0001010,0.00012700,0.00000725,-3.9313130379e+00,3.7878787518e-01,0.4833,1.6808080673e+00
-0.4830,-0.0008440,0.0001020,0.00012700,0.00000724,-3.9232325554e+00,3.8286867738e-01,0.4843,1.6727275848e+00
-0.4820,-0.0008400,0.0001020,0.00012700,0.00000724,-3.9070708752e+00,3.8286867738e-01,0.4853,1.6565659046e+00
-0.4810,-0.0008430,0.0001010,0.00012700,0.00000724,-3.9191920757e+00,3.7882828712e-01,0.4863,1.6686871052e+00
-0.4800,-0.0008420,0.0001020,0.00012700,0.00000724,-3.9151515961e+00,3.8286867738e-01,0.4873,1.6646466255e+00
-0.4790,-0.0008390,0.0001020,0.00012700,0.00000724,-3.9030303955e+00,3.8286867738e-01,0.4883,1.6525254250e+00
-0.4780,-0.0008390,0.0001020,0.00012700,0.00000725,-3.9030303955e+00,3.8282829523e-01,0.4893,1.6525254250e+00
-0.4770,-0.0008400,0.0001020,0.00012700,0.00000724,-3.9070708752e+00,3.8286867738e-01,0.4903,1.6565659046e+00
-0.4760,-0.0008390,0.0001020,0.00012700,0.00000723,-3.9030303955e+00,3.8290905952e-01,0.4913,1.6525254250e+00
-0.4750,-0.0008400,0.0001020,0.00012700,0.00000723,-3.9070708752e+00,3.8290905952e-01,0.4923,1.6565659046e+00
-0.4740,-0.0008410,0.0001020,0.00012700,0.00000723,-3.9111113548e+00,3.8290905952e-01,0.4933,1.6606063843e+00
-0.4730,-0.0008380,0.0001020,0.00012700,0.00000723,-3.8989899158e+00,3.8290905952e-01,0.4943,1.6484849453e+00
-0.4720,-0.0008390,0.0001020,0.00012700,0.00000723,-3.9030303955e+00,3.8290905952e-01,0.4953,1.6525254250e+00
-0.4710,-0.0008390,0.0001020,0.00012700,0.00000723,-3.9030303955e+00,3.8290905952e-01,0.4963,1.6525254250e+00
-0.4700,-0.0008370,0.0001020,0.00012700,0.00000724,-3.8949494362e+00,3.8286867738e-01,0.4973,1.6444444656e+00
-0.4690,-0.0008320,0.0001020,0.00012700,0.00000724,-3.8747472763e+00,3.8286867738e-01,0.4983,1.6242423058e+00
-0.4680,-0.0008380,0.0001020,0.00012700,0.00000724,-3.8989899158e+00,3.8286867738e-01,0.4993,1.6484849453e+00
-0.4670,-0.0008390,0.0001030,0.00012700,0.00000724,-3.9030303955e+00,3.8690909743e-01,0.5003,1.6525254250e+00
-0.4660,-0.0008350,0.0001030,0.00012700,0.00000723,-3.8868687153e+00,3.8694947958e-01,0.5013,1.6363637447e+00
-0.4650,-0.0008370,0.0001030,0.00012700,0.00000723,-3.8949494362e+00,3.8694947958e-01,0.5023,1.6444444656e+00
-0.4640,-0.0008330,0.0001030,0.00012600,0.00000723,-3.8747472763e+00,3.8694947958e-01,0.5033,1.6242423058e+00
-0.4630,-0.0008370,0.0001030,0.00012700,0.00000724,-3.8949494362e+00,3.8690909743e-01,0.5043,1.6444444656e+00
-0.4620,-0.0008370,0.0001030,0.00012700,0.00000724,-3.8949494362e+00,3.8690909743e-01,0.5053,1.6444444656e+00
-0.4610,-0.0008330,0.0001030,0.00012700,0.00000723,-3.8787877560e+00,3.8694947958e-01,0.5063,1.6282827854e+00
-0.4600,-0.0008340,0.0001030,0.00012700,0.00000723,-3.8828282356e+00,3.8694947958e-01,0.5073,1.6323232651e+00
-0.4590,-0.0008350,0.0001030,0.00012600,0.00000723,-3.8828282356e+00,3.8694947958e-01,0.5083,1.6323232651e+00
-0.4580,-0.0008330,0.0001030,0.00012600,0.00000723,-3.8747472763e+00,3.8694947958e-01,0.5093,1.6242423058e+00
-0.4570,-0.0008310,0.0001030,0.00012600,0.00000723,-3.8666665554e+00,3.8694947958e-01,0.5103,1.6161615849e+00
-0.4560,-0.0008340,0.0001030,0.00012600,0.00000723,-3.8787877560e+00,3.8694947958e-01,0.5113,1.6282827854e+00
-0.4550,-0.0008300,0.0001030,0.00012600,0.00000722,-3.8626260757e+00,3.8698989153e-01,0.5123,1.6121211052e+00
-0.4540,-0.0008320,0.0001030,0.00012600,0.00000722,-3.8707070351e+00,3.8698989153e-01,0.5133,1.6202020645e+00
-0.4530,-0.0008330,0.0001030,0.00012600,0.00000723,-3.8747472763e+00,3.8694947958e-01,0.5143,1.6242423058e+00
-0.4520,-0.0008300,0.0001030,0.00012600,0.00000723,-3.8626260757e+00,3.8694947958e-01,0.5153,1.6121211052e+00
-0.4510,-0.0008280,0.0001030,0.00012600,0.00000722,-3.8545455933e+00,3.8698989153e-01,0.5163,1.6040406227e+00
-0.4500,-0.0008270,0.0001030,0.00012600,0.00000722,-3.8505051136e+00,3.8698989153e-01,0.5173,1.6000001431e+00
-0.4490,-0.0008320,0.0001040,0.00012600,0.00000722,-3.8707070351e+00,3.9103031158e-01,0.5183,1.6202020645e+00
-0.4480,-0.0008290,0.0001030,0.00012600,0.00000722,-3.8585860729e+00,3.8698989153e-01,0.5193,1.6080811024e+00
-0.4470,-0.0008280,0.0001040,0.00012600,0.00000721,-3.8545455933e+00,3.9107069373e-01,0.5203,1.6040406227e+00
-0.4460,-0.0008290,0.0001040,0.00012600,0.00000720,-3.8585860729e+00,3.9111113548e-01,0.5213,1.6080811024e+00
-0.4450,-0.0008270,0.0001040,0.00012600,0.00000720,-3.8505051136e+00,3.9111113548e-01,0.5223,1.6000001431e+00
-0.4440,-0.0008260,0.0001040,0.00012500,0.00000720,-3.8424243927e+00,3.9111113548e-01,0.5233,1.5919194221e+00
-0.4430,-0.0008290,0.0001040,0.00012600,0.00000720,-3.8585860729e+00,3.9111113548e-01,0.5243,1.6080811024e+00
-0.4420,-0.0008260,0.0001040,0.00012500,0.00000720,-3.8424243927e+00,3.9111113548e-01,0.5253,1.5919194221e+00
-0.4410,-0.0008260,0.0001040,0.00012600,0.00000720,-3.8464648724e+00,3.9111113548e-01,0.5263,1.5959599018e+00
-0.4400,-0.0008270,0.0001040,0.00012500,0.00000720,-3.8464648724e+00,3.9111113548e-01,0.5273,1.5959599018e+00
-0.4390,-0.0008250,0.0001040,0.00012500,0.00000719,-3.8383839130e+00,3.9115151763e-01,0.5283,1.5878789425e+00
-0.4380,-0.0008240,0.0001040,0.00012500,0.00000719,-3.8343434334e+00,3.9115151763e-01,0.5293,1.5838384628e+00
-0.4370,-0.0008220,0.0001040,0.00012500,0.00000720,-3.8262627125e+00,3.9111113548e-01,0.5303,1.5757577419e+00
-0.4360,-0.0008220,0.0001040,0.00012500,0.00000720,-3.8262627125e+00,3.9111113548e-01,0.5313,1.5757577419e+00
-0.4350,-0.0008180,0.0001040,0.00012500,0.00000720,-3.8101010323e+00,3.9111113548e-01,0.5323,1.5595960617e+00
-0.4340,-0.0008200,0.0001040,0.00012500,0.00000720,-3.8181819916e+00,3.9111113548e-01,0.5333,1.5676770210e+00
-0.4330,-0.0008180,0.0001040,0.00012500,0.00000720,-3.8101010323e+00,3.9111113548e-01,0.5343,1.5595960617e+00
-0.4320,-0.0008190,0.0001040,0.00012500,0.00000720,-3.8141415119e+00,3.9111113548e-01,0.5353,1.5636365414e+00
-0.4310,-0.0008190,0.0001040,0.00012500,0.00000720,-3.8141415119e+00,3.9111113548e-01,0.5363,1.5636365414e+00
-0.4300,-0.0008160,0.0001040,0.00012500,0.00000720,-3.8020203114e+00,3.9111113548e-01,0.5373,1.5515153408e+00
-0.4290,-0.0008150,0.0001040,0.00012500,0.00000720,-3.7979798317e+00,3.9111113548e-01,0.5383,1.5474748611e+00
-0.4280,-0.0008200,0.0001040,0.00012500,0.00000721,-3.8181819916e+00,3.9107069373e-01,0.5393,1.5676770210e+00
-0.4270,-0.0008160,0.0001040,0.00012500,0.00000720,-3.8020203114e+00,3.9111113548e-01,0.5403,1.5515153408e+00
-0.4260,-0.0008140,0.0001040,0.00012500,0.00000720,-3.7939395905e+00,3.9111113548e-01,0.5413,1.5434346199e+00
-0.4250,-0.0008160,0.0001040,0.00012500,0.00000721,-3.8020203114e+00,3.9107069373e-01,0.5423,1.5515153408e+00
-0.4240,-0.0008160,0.0001040,0.00012500,0.00000720,-3.8020203114e+00,3.9111113548e-01,0.5433,1.5515153408e+00
-0.4230,-0.0008150,0.0001040,0.00012400,0.00000721,-3.7939393520e+00,3.9107069373e-01,0.5443,1.5434343815e+00
-0.4220,-0.0008150,0.0001040,0.00012500,0.00000721,-3.7979798317e+00,3.9107069373e-01,0.5453,1.5474748611e+00
-0.4210,-0.0008160,0.0001040,0.00012400,0.00000721,-3.7979798317e+00,3.9107069373e-01,0.5463,1.5474748611e+00
-0.4200,-0.0008120,0.0001040,0.00012400,0.00000720,-3.7818183899e+00,3.9111113548e-01,0.5473,1.5313134193e+00
-0.4190,-0.0008160,0.0001040,0.00012500,0.00000720,-3.8020203114e+00,3.9111113548e-01,0.5483,1.5515153408e+00
-0.4180,-0.0008120,0.0001040,0.00012400,0.00000720,-3.7818183899e+00,3.9111113548e-01,0.5493,1.5313134193e+00
-0.4170,-0.0008110,0.0001040,0.00012400,0.00000720,-3.7777779102e+00,3.9111113548e-01,0.5503,1.5272729397e+00
-0.4160,-0.0008130,0.0001040,0.00012400,0.00000719,-3.7858586311e+00,3.9115151763e-01,0.5513,1.5353536606e+00
-0.4150,-0.0008090,0.0001040,0.00012400,0.00000720,-3.7696969509e+00,3.9111113548e-01,0.5523,1.5191919804e+00
-0.4140,-0.0008130,0.0001040,0.00012400,0.00000719,-3.7858586311e+00,3.9115151763e-01,0.5533,1.5353536606e+00
-0.4130,-0.0008130,0.0001040,0.00012400,0.00000719,-3.7858586311e+00,3.9115151763e-01,0.5543,1.5353536606e+00
-0.4120,-0.0008110,0.0001040,0.00012400,0.00000720,-3.7777779102e+00,3.9111113548e-01,0.5553,1.5272729397e+00
-0.4110,-0.0008120,0.0001040,0.00012400,0.00000719,-3.7818183899e+00,3.9115151763e-01,0.5563,1.5313134193e+00
-0.4100,-0.0008090,0.0001040,0.00012400,0.00000719,-3.7696969509e+00,3.9115151763e-01,0.5573,1.5191919804e+00
-0.4090,-0.0008090,0.0001040,0.00012400,0.00000720,-3.7696969509e+00,3.9111113548e-01,0.5583,1.5191919804e+00
-0.4080,-0.0008120,0.0001040,0.00012400,0.00000720,-3.7818183899e+00,3.9111113548e-01,0.5593,1.5313134193e+00
-0.4070,-0.0008110,0.0001040,0.00012400,0.00000719,-3.7777779102e+00,3.9115151763e-01,0.5603,1.5272729397e+00
-0.4060,-0.0008100,0.0001040,0.00012400,0.00000719,-3.7737374306e+00,3.9115151763e-01,0.5613,1.5232324600e+00
-0.4050,-0.0008060,0.0001040,0.00012400,0.00000720,-3.7575759888e+00,3.9111113548e-01,0.5623,1.5070710182e+00
-0.4040,-0.0008060,0.0001040,0.00012400,0.00000719,-3.7575759888e+00,3.9115151763e-01,0.5633,1.5070710182e+00
-0.4030,-0.0008110,0.0001040,0.00012400,0.00000719,-3.7777779102e+00,3.9115151763e-01,0.5643,1.5272729397e+00
-0.4020,-0.0008060,0.0001040,0.00012400,0.00000719,-3.7575759888e+00,3.9115151763e-01,0.5653,1.5070710182e+00
-0.4010,-0.0008070,0.0001040,0.00012400,0.00000718,-3.7616162300e+00,3.9119189978e-01,0.5663,1.5111112595e+00
-0.4000,-0.0008080,0.0001040,0.00012300,0.00000718,-3.7616162300e+00,3.9119189978e-01,0.5673,1.5111112595e+00
-0.3990,-0.0008060,0.0001040,0.00012300,0.00000718,-3.7535355091e+00,3.9119189978e-01,0.5683,1.5030305386e+00
-0.3980,-0.0008080,0.0001030,0.00012300,0.00000719,-3.7616162300e+00,3.8711109757e-01,0.5693,1.5111112595e+00
-0.3970,-0.0008040,0.0001030,0.00012300,0.00000718,-3.7454545498e+00,3.8715150952e-01,0.5703,1.4949495792e+00
-0.3960,-0.0008030,0.0001030,0.00012300,0.00000719,-3.7414140701e+00,3.8711109757e-01,0.5713,1.4909090996e+00
-0.3950,-0.0008040,0.0001030,0.00012300,0.00000719,-3.7454545498e+00,3.8711109757e-01,0.5723,1.4949495792e+00
-0.3940,-0.0008080,0.0001030,0.00012300,0.00000719,-3.7616162300e+00,3.8711109757e-01,0.5733,1.5111112595e+00
-0.3930,-0.0008040,0.0001030,0.00012300,0.00000720,-3.7454545498e+00,3.8707071543e-01,0.5743,1.4949495792e+00
-0.3920,-0.0008030,0.0001030,0.00012300,0.00000719,-3.7414140701e+00,3.8711109757e-01,0.5753,1.4909090996e+00
-0.3910,-0.0008060,0.0001030,0.00012300,0.00000718,-3.7535355091e+00,3.8715150952e-01,0.5763,1.5030305386e+00
-0.3900,-0.0008030,0.0001030,0.00012300,0.00000718,-3.7414140701e+00,3.8715150952e-01,0.5773,1.4909090996e+00
-0.3890,-0.0008020,0.0001030,0.00012300,0.00000718,-3.7373738289e+00,3.8715150952e-01,0.5783,1.4868688583e+00
-0.3880,-0.0008040,0.0001030,0.00012300,0.00000718,-3.7454545498e+00,3.8715150952e-01,0.5793,1.4949495792e+00
-0.3870,-0.0008030,0.0001030,0.00012300,0.00000718,-3.7414140701e+00,3.8715150952e-01,0.5803,1.4909090996e+00
-0.3860,-0.0008040,0.0001030,0.00012300,0.00000719,-3.7454545498e+00,3.8711109757e-01,0.5813,1.4949495792e+00
-0.3850,-0.0008050,0.0001030,0.00012300,0.00000719,-3.7494950294e+00,3.8711109757e-01,0.5823,1.4989900589e+00
-0.3840,-0.0008030,0.0001030,0.00012300,0.00000719,-3.7414140701e+00,3.8711109757e-01,0.5833,1.4909090996e+00
-0.3830,-0.0008010,0.0001030,0.00012200,0.00000719,-3.7292928696e+00,3.8711109757e-01,0.5843,1.4787878990e+00
-0.3820,-0.0008020,0.0001030,0.00012200,0.00000719,-3.7333333492e+00,3.8711109757e-01,0.5853,1.4828283787e+00
-0.3810,-0.0008050,0.0001020,0.00012200,0.00000718,-3.7454545498e+00,3.8311108947e-01,0.5863,1.4949495792e+00
-0.3800,-0.0007990,0.0001030,0.00012200,0.00000717,-3.7212119102e+00,3.8719192147e-01,0.5873,1.4707069397e+00
-0.3790,-0.0007980,0.0001020,0.00012200,0.00000717,-3.7171719074e+00,3.8315153122e-01,0.5883,1.4666669369e+00
-0.3780,-0.0008060,0.0001020,0.00012200,0.00000718,-3.7494950294e+00,3.8311108947e-01,0.5893,1.4989900589e+00
-0.3770,-0.0008000,0.0001020,0.00012200,0.00000717,-3.7252523899e+00,3.8315153122e-01,0.5903,1.4747474194e+00
-0.3760,-0.0008020,0.0001020,0.00012200,0.00000717,-3.7333333492e+00,3.8315153122e-01,0.5913,1.4828283787e+00
-0.3750,-0.0008010,0.0001020,0.00012200,0.00000717,-3.7292928696e+00,3.8315153122e-01,0.5923,1.4787878990e+00
-0.3740,-0.0007980,0.0001020,0.00012200,0.00000716,-3.7171719074e+00,3.8319191337e-01,0.5933,1.4666669369e+00
-0.3730,-0.0007980,0.0001010,0.00012200,0.00000716,-3.7171719074e+00,3.7915149331e-01,0.5943,1.4666669369e+00
-0.3720,-0.0008010,0.0001020,0.00012200,0.00000716,-3.7292928696e+00,3.8319191337e-01,0.5953,1.4787878990e+00
-0.3710,-0.0007980,0.0001020,0.00012200,0.00000717,-3.7171719074e+00,3.8315153122e-01,0.5963,1.4666669369e+00
-0.3700,-0.0008010,0.0001010,0.00012200,0.00000717,-3.7292928696e+00,3.7911111116e-01,0.5973,1.4787878990e+00
-0.3690,-0.0007990,0.0001010,0.00012200,0.00000716,-3.7212119102e+00,3.7915149331e-01,0.5983,1.4707069397e+00
-0.3680,-0.0008010,0.0001010,0.00012200,0.00000716,-3.7292928696e+00,3.7915149331e-01,0.5993,1.4787878990e+00
-0.3670,-0.0008000,0.0001010,0.00012100,0.00000716,-3.7212119102e+00,3.7915149331e-01,0.6003,1.4707069397e+00
-0.3660,-0.0007970,0.0001010,0.00012200,0.00000716,-3.7131314278e+00,3.7915149331e-01,0.6013,1.4626264572e+00
-0.3650,-0.0008000,0.0001010,0.00012200,0.00000717,-3.7252523899e+00,3.7911111116e-01,0.6023,1.4747474194e+00
-0.3640,-0.0007950,0.0001010,0.00012100,0.00000716,-3.7010099888e+00,3.7915149331e-01,0.6033,1.4505050182e+00
-0.3630,-0.0008000,0.0001000,0.00012100,0.00000717,-3.7212119102e+00,3.7507072091e-01,0.6043,1.4707069397e+00
-0.3620,-0.0007970,0.0001000,0.00012100,0.00000717,-3.7090909481e+00,3.7507072091e-01,0.6053,1.4585859776e+00
-0.3610,-0.0007960,0.0000998,0.00012100,0.00000717,-3.7050504684e+00,3.7426266074e-01,0.6063,1.4545454979e+00
-0.3600,-0.0007960,0.0001000,0.00012100,0.00000716,-3.7050504684e+00,3.7511110306e-01,0.6073,1.4545454979e+00
-0.3590,-0.0007970,0.0000998,0.00012100,0.00000716,-3.7090909481e+00,3.7430304289e-01,0.6083,1.4585859776e+00
-0.3580,-0.0007970,0.0000996,0.00012100,0.00000717,-3.7090909481e+00,3.7345457077e-01,0.6093,1.4585859776e+00
-0.3570,-0.0007970,0.0000995,0.00012100,0.00000716,-3.7090909481e+00,3.7309092283e-01,0.6103,1.4585859776e+00
-0.3560,-0.0007970,0.0000994,0.00012100,0.00000716,-3.7090909481e+00,3.7268686295e-01,0.6113,1.4585859776e+00
-0.3550,-0.0007970,0.0000992,0.00012100,0.00000716,-3.7090909481e+00,3.7187877297e-01,0.6123,1.4585859776e+00
-0.3540,-0.0007920,0.0000992,0.00012100,0.00000717,-3.6888887882e+00,3.7183839083e-01,0.6133,1.4383838177e+00
-0.3530,-0.0007950,0.0000986,0.00012100,0.00000716,-3.7010099888e+00,3.6945456266e-01,0.6143,1.4505050182e+00
-0.3520,-0.0007990,0.0000987,0.00012100,0.00000717,-3.7171716690e+00,3.6981821060e-01,0.6153,1.4666666985e+00
-0.3510,-0.0007960,0.0000986,0.00012100,0.00000716,-3.7050504684e+00,3.6945456266e-01,0.6163,1.4545454979e+00
-0.3500,-0.0007960,0.0000982,0.00012100,0.00000716,-3.7050504684e+00,3.6783838272e-01,0.6173,1.4545454979e+00
-0.3490,-0.0007960,0.0000980,0.00012000,0.00000715,-3.7010099888e+00,3.6707067490e-01,0.6183,1.4505050182e+00
-0.3480,-0.0007910,0.0000979,0.00012100,0.00000716,-3.6848485470e+00,3.6662626266e-01,0.6193,1.4343435764e+00
-0.3470,-0.0007970,0.0000978,0.00012000,0.00000715,-3.7050504684e+00,3.6626264453e-01,0.6203,1.4545454979e+00
-0.3460,-0.0007930,0.0000975,0.00012000,0.00000715,-3.6888887882e+00,3.6505052447e-01,0.6213,1.4383838177e+00
-0.3450,-0.0007940,0.0000974,0.00012000,0.00000715,-3.6929292679e+00,3.6464646459e-01,0.6223,1.4424242973e+00
-0.3440,-0.0007960,0.0000971,0.00012000,0.00000716,-3.7010099888e+00,3.6339393258e-01,0.6233,1.4505050182e+00
-0.3430,-0.0007930,0.0000968,0.00012000,0.00000715,-3.6888887882e+00,3.6222222447e-01,0.6243,1.4383838177e+00
-0.3420,-0.0007960,0.0000968,0.00012000,0.00000714,-3.7010099888e+00,3.6226263642e-01,0.6253,1.4505050182e+00
-0.3410,-0.0007940,0.0000964,0.00012000,0.00000715,-3.6929292679e+00,3.6060604453e-01,0.6263,1.4424242973e+00
-0.3400,-0.0007920,0.0000960,0.00012000,0.00000715,-3.6848483086e+00,3.5898992419e-01,0.6273,1.4343433380e+00
-0.3390,-0.0007950,0.0000961,0.00012000,0.00000715,-3.6969697475e+00,3.5939392447e-01,0.6283,1.4464647770e+00
-0.3380,-0.0007920,0.0000956,0.00012000,0.00000714,-3.6848483086e+00,3.5741415620e-01,0.6293,1.4343433380e+00
-0.3370,-0.0007920,0.0000954,0.00012000,0.00000714,-3.6848483086e+00,3.5660606623e-01,0.6303,1.4343433380e+00
-0.3360,-0.0007940,0.0000952,0.00012000,0.00000713,-3.6929292679e+00,3.5583835840e-01,0.6313,1.4424242973e+00
-0.3350,-0.0007930,0.0000951,0.00012000,0.00000713,-3.6888887882e+00,3.5543432832e-01,0.6323,1.4383838177e+00
-0.3340,-0.0007870,0.0000949,0.00011900,0.00000714,-3.6606059074e+00,3.5458588600e-01,0.6333,1.4101009369e+00
-0.3330,-0.0007930,0.0000946,0.00011900,0.00000714,-3.6848483086e+00,3.5337373614e-01,0.6343,1.4343433380e+00
-0.3320,-0.0007950,0.0000942,0.00011900,0.00000714,-3.6929292679e+00,3.5175755620e-01,0.6353,1.4424242973e+00
-0.3310,-0.0007920,0.0000940,0.00011900,0.00000715,-3.6808078289e+00,3.5090911388e-01,0.6363,1.4303028584e+00
-0.3300,-0.0007920,0.0000939,0.00011900,0.00000714,-3.6808078289e+00,3.5054546595e-01,0.6373,1.4303028584e+00
-0.3290,-0.0007910,0.0000936,0.00011900,0.00000714,-3.6767675877e+00,3.4933334589e-01,0.6383,1.4262626171e+00
-0.3280,-0.0007950,0.0000933,0.00011900,0.00000713,-3.6929292679e+00,3.4816160798e-01,0.6393,1.4424242973e+00
-0.3270,-0.0007880,0.0000930,0.00011900,0.00000713,-3.6646463871e+00,3.4694948792e-01,0.6403,1.4141414165e+00
-0.3260,-0.0007920,0.0000928,0.00011900,0.00000713,-3.6808078289e+00,3.4614139795e-01,0.6413,1.4303028584e+00
-0.3250,-0.0007910,0.0000925,0.00011900,0.00000714,-3.6767675877e+00,3.4488889575e-01,0.6423,1.4262626171e+00
-0.3240,-0.0007900,0.0000921,0.00011900,0.00000713,-3.6727273464e+00,3.4331312776e-01,0.6433,1.4222223759e+00
-0.3230,-0.0007920,0.0000918,0.00011900,0.00000713,-3.6808078289e+00,3.4210100770e-01,0.6443,1.4303028584e+00
-0.3220,-0.0007890,0.0000916,0.00011900,0.00000713,-3.6686868668e+00,3.4129291773e-01,0.6453,1.4181818962e+00
-0.3210,-0.0007910,0.0000914,0.00011900,0.00000713,-3.6767675877e+00,3.4048482776e-01,0.6463,1.4262626171e+00
-0.3200,-0.0007920,0.0000910,0.00011800,0.00000712,-3.6767675877e+00,3.3890911937e-01,0.6473,1.4262626171e+00
-0.3190,-0.0007920,0.0000908,0.00011800,0.00000713,-3.6767675877e+00,3.3806058764e-01,0.6483,1.4262626171e+00
-0.3180,-0.0007920,0.0000904,0.00011800,0.00000712,-3.6767675877e+00,3.3648484945e-01,0.6493,1.4262626171e+00
-0.3170,-0.0007910,0.0000903,0.00011800,0.00000712,-3.6727275848e+00,3.3608081937e-01,0.6503,1.4222226143e+00
-0.3160,-0.0007920,0.0000900,0.00011800,0.00000712,-3.6767675877e+00,3.3486869931e-01,0.6513,1.4262626171e+00
-0.3150,-0.0007910,0.0000897,0.00011800,0.00000712,-3.6727275848e+00,3.3365657926e-01,0.6523,1.4222226143e+00
-0.3140,-0.0007900,0.0000893,0.00011800,0.00000712,-3.6686871052e+00,3.3204042912e-01,0.6533,1.4181821346e+00
-0.3130,-0.0007910,0.0000892,0.00011800,0.00000712,-3.6727275848e+00,3.3163639903e-01,0.6543,1.4222226143e+00
-0.3120,-0.0007920,0.0000888,0.00011800,0.00000711,-3.6767675877e+00,3.3006060123e-01,0.6553,1.4262626171e+00
-0.3110,-0.0007920,0.0000884,0.00011800,0.00000711,-3.6767675877e+00,3.2844442129e-01,0.6563,1.4262626171e+00
-0.3100,-0.0007880,0.0000881,0.00011700,0.00000711,-3.6565656662e+00,3.2723233104e-01,0.6573,1.4060606956e+00
-0.3090,-0.0007850,0.0000877,0.00011800,0.00000712,-3.6484849453e+00,3.2557576895e-01,0.6583,1.3979799747e+00
-0.3080,-0.0007940,0.0000875,0.00011800,0.00000712,-3.6848485470e+00,3.2476767898e-01,0.6593,1.4343435764e+00
-0.3070,-0.0007850,0.0000872,0.00011800,0.00000711,-3.6484849453e+00,3.2359597087e-01,0.6603,1.3979799747e+00
-0.3060,-0.0007900,0.0000868,0.00011800,0.00000711,-3.6686871052e+00,3.2197979093e-01,0.6613,1.4181821346e+00
-0.3050,-0.0007910,0.0000864,0.00011800,0.00000711,-3.6727275848e+00,3.2036364079e-01,0.6623,1.4222226143e+00
-0.3040,-0.0007890,0.0000859,0.00011700,0.00000711,-3.6606061459e+00,3.1834343076e-01,0.6633,1.4101011753e+00
-0.3030,-0.0007870,0.0000857,0.00011700,0.00000710,-3.6525254250e+00,3.1757572293e-01,0.6643,1.4020204544e+00
-0.3020,-0.0007890,0.0000854,0.00011700,0.00000710,-3.6606061459e+00,3.1636363268e-01,0.6653,1.4101011753e+00
-0.3010,-0.0007820,0.0000848,0.00011700,0.00000710,-3.6323235035e+00,3.1393936276e-01,0.6663,1.3818185329e+00
-0.3000,-0.0007910,0.0000847,0.00011700,0.00000710,-3.6686871052e+00,3.1353533268e-01,0.6673,1.4181821346e+00
-0.2990,-0.0007870,0.0000843,0.00011700,0.00000710,-3.6525254250e+00,3.1191918254e-01,0.6683,1.4020204544e+00
-0.2980,-0.0007860,0.0000838,0.00011700,0.00000709,-3.6484849453e+00,3.0993938446e-01,0.6693,1.3979799747e+00
-0.2970,-0.0007890,0.0000835,0.00011700,0.00000709,-3.6606061459e+00,3.0872729421e-01,0.6703,1.4101011753e+00
-0.2960,-0.0007860,0.0000833,0.00011700,0.00000709,-3.6484849453e+00,3.0791920424e-01,0.6713,1.3979799747e+00
-0.2950,-0.0007880,0.0000831,0.00011700,0.00000709,-3.6565656662e+00,3.0711111426e-01,0.6723,1.4060606956e+00
-0.2940,-0.0007880,0.0000827,0.00011700,0.00000708,-3.6565656662e+00,3.0553534627e-01,0.6733,1.4060606956e+00
-0.2930,-0.0007900,0.0000822,0.00011700,0.00000709,-3.6646466255e+00,3.0347475410e-01,0.6743,1.4141416550e+00
-0.2920,-0.0007880,0.0000819,0.00011600,0.00000708,-3.6525254250e+00,3.0230301619e-01,0.6753,1.4020204544e+00
-0.2910,-0.0007880,0.0000815,0.00011600,0.00000707,-3.6525254250e+00,3.0072730780e-01,0.6763,1.4020204544e+00
-0.2900,-0.0007860,0.0000811,0.00011600,0.00000708,-3.6444444656e+00,2.9907068610e-01,0.6773,1.3939394951e+00
-0.2890,-0.0007890,0.0000808,0.00011600,0.00000708,-3.6565656662e+00,2.9785856605e-01,0.6783,1.4060606956e+00
-0.2880,-0.0007880,0.0000805,0.00011600,0.00000708,-3.6525254250e+00,2.9664647579e-01,0.6793,1.4020204544e+00
-0.2870,-0.0007870,0.0000801,0.00011600,0.00000707,-3.6484849453e+00,2.9507070780e-01,0.6803,1.3979799747e+00
-0.2860,-0.0007890,0.0000797,0.00011600,0.00000707,-3.6565656662e+00,2.9345455766e-01,0.6813,1.4060606956e+00
-0.2850,-0.0007850,0.0000793,0.00011600,0.00000707,-3.6404039860e+00,2.9183840752e-01,0.6823,1.3898990154e+00
-0.2840,-0.0007850,0.0000791,0.00011600,0.00000706,-3.6404039860e+00,2.9107069969e-01,0.6833,1.3898990154e+00
-0.2830,-0.0007870,0.0000786,0.00011600,0.00000706,-3.6484849453e+00,2.8905051947e-01,0.6843,1.3979799747e+00
-0.2820,-0.0007850,0.0000783,0.00011600,0.00000706,-3.6404039860e+00,2.8783836961e-01,0.6853,1.3898990154e+00
-0.2810,-0.0007800,0.0000777,0.00011600,0.00000706,-3.6202020645e+00,2.8541415930e-01,0.6863,1.3696970940e+00
-0.2800,-0.0007900,0.0000778,0.00011500,0.00000707,-3.6565656662e+00,2.8577780724e-01,0.6873,1.4060606956e+00
-0.2790,-0.0007840,0.0000773,0.00011500,0.00000706,-3.6323232651e+00,2.8379797935e-01,0.6883,1.3818182945e+00
-0.2780,-0.0007850,0.0000768,0.00011500,0.00000707,-3.6363635063e+00,2.8173738718e-01,0.6893,1.3858585358e+00
-0.2770,-0.0007860,0.0000764,0.00011500,0.00000707,-3.6404039860e+00,2.8012123704e-01,0.6903,1.3898990154e+00
-0.2760,-0.0007850,0.0000760,0.00011500,0.00000706,-3.6363635063e+00,2.7854543924e-01,0.6913,1.3858585358e+00
-0.2750,-0.0007840,0.0000757,0.00011500,0.00000706,-3.6323232651e+00,2.7733334899e-01,0.6923,1.3818182945e+00
-0.2740,-0.0007820,0.0000753,0.00011500,0.00000706,-3.6242425442e+00,2.7571716905e-01,0.6933,1.3737375736e+00
-0.2730,-0.0007840,0.0000748,0.00011500,0.00000706,-3.6323232651e+00,2.7369698882e-01,0.6943,1.3818182945e+00
-0.2720,-0.0007840,0.0000744,0.00011400,0.00000706,-3.6282827854e+00,2.7208080888e-01,0.6953,1.3777778149e+00
-0.2710,-0.0007840,0.0000742,0.00011500,0.00000705,-3.6323232651e+00,2.7131310105e-01,0.6963,1.3818182945e+00
-0.2700,-0.0007820,0.0000737,0.00011400,0.00000705,-3.6202020645e+00,2.6929292083e-01,0.6973,1.3696970940e+00
-0.2690,-0.0007840,0.0000733,0.00011500,0.00000705,-3.6323232651e+00,2.6767674088e-01,0.6983,1.3818182945e+00
-0.2680,-0.0007800,0.0000729,0.00011500,0.00000705,-3.6161615849e+00,2.6606059074e-01,0.6993,1.3656566143e+00
-0.2670,-0.0007780,0.0000724,0.00011400,0.00000705,-3.6040403843e+00,2.6404038072e-01,0.7003,1.3535354137e+00
-0.2660,-0.0007850,0.0000722,0.00011400,0.00000706,-3.6323232651e+00,2.6319190860e-01,0.7013,1.3818182945e+00
-0.2650,-0.0007780,0.0000719,0.00011400,0.00000705,-3.6040403843e+00,2.6202020049e-01,0.7023,1.3535354137e+00
-0.2640,-0.0007830,0.0000713,0.00011400,0.00000705,-3.6242425442e+00,2.5959593058e-01,0.7033,1.3737375736e+00
-0.2630,-0.0007780,0.0000709,0.00011400,0.00000705,-3.6040403843e+00,2.5797978044e-01,0.7043,1.3535354137e+00
-0.2620,-0.0007800,0.0000706,0.00011400,0.00000704,-3.6121211052e+00,2.5680807233e-01,0.7053,1.3616161346e+00
-0.2610,-0.0007780,0.0000702,0.00011400,0.00000704,-3.6040403843e+00,2.5519195199e-01,0.7063,1.3535354137e+00
-0.2600,-0.0007770,0.0000699,0.00011400,0.00000704,-3.5999999046e+00,2.5397980213e-01,0.7073,1.3494949341e+00
-0.2590,-0.0007780,0.0000694,0.00011400,0.00000704,-3.6040403843e+00,2.5195959210e-01,0.7083,1.3535354137e+00
-0.2580,-0.0007770,0.0000690,0.00011400,0.00000704,-3.5999999046e+00,2.5034344196e-01,0.7093,1.3494949341e+00
-0.2570,-0.0007770,0.0000688,0.00011300,0.00000703,-3.5959594250e+00,2.4957574904e-01,0.7103,1.3454544544e+00
-0.2560,-0.0007750,0.0000683,0.00011400,0.00000704,-3.5919191837e+00,2.4751517177e-01,0.7113,1.3414142132e+00
-0.2550,-0.0007780,0.0000678,0.00011300,0.00000704,-3.5999999046e+00,2.4549496174e-01,0.7123,1.3494949341e+00
-0.2540,-0.0007750,0.0000674,0.00011300,0.00000704,-3.5878789425e+00,2.4387878180e-01,0.7133,1.3373739719e+00
-0.2530,-0.0007740,0.0000670,0.00011300,0.00000703,-3.5838384628e+00,2.4230302870e-01,0.7143,1.3333334923e+00
-0.2520,-0.0007740,0.0000666,0.00011300,0.00000703,-3.5838384628e+00,2.4068684876e-01,0.7153,1.3333334923e+00
-0.2510,-0.0007710,0.0000662,0.00011300,0.00000703,-3.5717170238e+00,2.3907071352e-01,0.7163,1.3212120533e+00
-0.2500,-0.0007730,0.0000657,0.00011300,0.00000703,-3.5797979832e+00,2.3705048859e-01,0.7173,1.3292930126e+00
-0.2490,-0.0007720,0.0000655,0.00011300,0.00000703,-3.5757575035e+00,2.3624241352e-01,0.7183,1.3252525330e+00
-0.2480,-0.0007700,0.0000650,0.00011300,0.00000703,-3.5676767826e+00,2.3422221839e-01,0.7193,1.3171718121e+00
-0.2470,-0.0007720,0.0000645,0.00011300,0.00000702,-3.5757575035e+00,2.3224240541e-01,0.7203,1.3252525330e+00
-0.2460,-0.0007710,0.0000642,0.00011300,0.00000702,-3.5717170238e+00,2.3103031516e-01,0.7213,1.3212120533e+00
-0.2450,-0.0007700,0.0000638,0.00011200,0.00000702,-3.5636363029e+00,2.2941413522e-01,0.7223,1.3131313324e+00
-0.2440,-0.0007670,0.0000633,0.00011200,0.00000702,-3.5515151024e+00,2.2739394009e-01,0.7233,1.3010101318e+00
-0.2430,-0.0007680,0.0000629,0.00011200,0.00000701,-3.5555555820e+00,2.2581817210e-01,0.7243,1.3050506115e+00
-0.2420,-0.0007660,0.0000625,0.00011200,0.00000702,-3.5474746227e+00,2.2416162491e-01,0.7253,1.2969696522e+00
-0.2410,-0.0007630,0.0000621,0.00011200,0.00000702,-3.5353534222e+00,2.2254545987e-01,0.7263,1.2848484516e+00
-0.2400,-0.0007620,0.0000616,0.00011200,0.00000701,-3.5313129425e+00,2.2056567669e-01,0.7273,1.2808079720e+00
-0.2390,-0.0007630,0.0000612,0.00011200,0.00000701,-3.5353534222e+00,2.1894949675e-01,0.7283,1.2848484516e+00
-0.2380,-0.0007630,0.0000607,0.00011200,0.00000701,-3.5353534222e+00,2.1692930162e-01,0.7293,1.2848484516e+00
-0.2370,-0.0007600,0.0000603,0.00011200,0.00000701,-3.5232324600e+00,2.1531313658e-01,0.7303,1.2727274895e+00
-0.2360,-0.0007610,0.0000599,0.00011100,0.00000700,-3.5232324600e+00,2.1373738348e-01,0.7313,1.2727274895e+00
-0.2350,-0.0007570,0.0000594,0.00011100,0.00000700,-3.5070705414e+00,2.1171718836e-01,0.7323,1.2565655708e+00
-0.2340,-0.0007570,0.0000590,0.00011100,0.00000700,-3.5070705414e+00,2.1010102332e-01,0.7333,1.2565655708e+00
-0.2330,-0.0007560,0.0000585,0.00011100,0.00000699,-3.5030300617e+00,2.0812121034e-01,0.7343,1.2525250912e+00
-0.2320,-0.0007540,0.0000579,0.00011100,0.00000699,-3.4949493408e+00,2.0569697022e-01,0.7353,1.2444443703e+00
-0.2310,-0.0007520,0.0000575,0.00011100,0.00000700,-3.4868688583e+00,2.0404040813e-01,0.7363,1.2363638878e+00
-0.2300,-0.0007520,0.0000571,0.00011100,0.00000699,-3.4868688583e+00,2.0246464014e-01,0.7373,1.2363638878e+00
-0.2290,-0.0007490,0.0000567,0.00011100,0.00000699,-3.4747476578e+00,2.0084847510e-01,0.7383,1.2242426872e+00
-0.2280,-0.0007460,0.0000559,0.00011100,0.00000699,-3.4626262188e+00,1.9761615992e-01,0.7393,1.2121212482e+00
-0.2270,-0.0007470,0.0000555,0.00011100,0.00000698,-3.4666666985e+00,1.9604040682e-01,0.7403,1.2161617279e+00
-0.2260,-0.0007450,0.0000552,0.00011100,0.00000699,-3.4585859776e+00,1.9478785992e-01,0.7413,1.2080810070e+00
-0.2250,-0.0007420,0.0000545,0.00011100,0.00000698,-3.4464645386e+00,1.9200000167e-01,0.7423,1.1959595680e+00
-0.2240,-0.0007420,0.0000540,0.00011100,0.00000698,-3.4464645386e+00,1.8997979164e-01,0.7433,1.1959595680e+00
-0.2230,-0.0007390,0.0000535,0.00011000,0.00000698,-3.4303030968e+00,1.8795959651e-01,0.7443,1.1797981262e+00
-0.2220,-0.0007350,0.0000530,0.00011000,0.00000698,-3.4141416550e+00,1.8593938649e-01,0.7453,1.1636366844e+00
-0.2210,-0.0007370,0.0000525,0.00011000,0.00000697,-3.4222223759e+00,1.8395958841e-01,0.7463,1.1717174053e+00
-0.2200,-0.0007350,0.0000519,0.00011000,0.00000697,-3.4141416550e+00,1.8153534830e-01,0.7473,1.1636366844e+00
-0.2190,-0.0007300,0.0000514,0.00011000,0.00000697,-3.3939394951e+00,1.7951515317e-01,0.7483,1.1434345245e+00
-0.2180,-0.0007290,0.0000508,0.00011000,0.00000697,-3.3898992538e+00,1.7709091306e-01,0.7493,1.1393942833e+00
-0.2170,-0.0007280,0.0000503,0.00011000,0.00000697,-3.3858587742e+00,1.7507071793e-01,0.7503,1.1353538036e+00
-0.2160,-0.0007240,0.0000498,0.00011000,0.00000697,-3.3696970940e+00,1.7305050790e-01,0.7513,1.1191921234e+00
-0.2150,-0.0007210,0.0000491,0.00011000,0.00000696,-3.3575758934e+00,1.7026261985e-01,0.7523,1.1070709229e+00
-0.2140,-0.0007170,0.0000485,0.00011000,0.00000696,-3.3414142132e+00,1.6783837974e-01,0.7533,1.0909092426e+00
-0.2130,-0.0007170,0.0000479,0.00011000,0.00000696,-3.3414142132e+00,1.6541415453e-01,0.7543,1.0909092426e+00
-0.2120,-0.0007130,0.0000473,0.00010900,0.00000694,-3.3212122917e+00,1.6307070851e-01,0.7553,1.0707073212e+00
-0.2110,-0.0007120,0.0000468,0.00010900,0.00000694,-3.3171718121e+00,1.6105049849e-01,0.7563,1.0666668415e+00
-0.2100,-0.0007040,0.0000461,0.00010900,0.00000694,-3.2848486900e+00,1.5822222829e-01,0.7573,1.0343437195e+00
-0.2090,-0.0007040,0.0000455,0.00010900,0.00000693,-3.2848486900e+00,1.5583838522e-01,0.7583,1.0343437195e+00
-0.2080,-0.0007000,0.0000448,0.00010900,0.00000694,-3.2686867714e+00,1.5296968818e-01,0.7593,1.0181818008e+00
-0.2070,-0.0006970,0.0000442,0.00010900,0.00000693,-3.2565658092e+00,1.5058584511e-01,0.7603,1.0060608387e+00
-0.2060,-0.0006940,0.0000436,0.00010900,0.00000693,-3.2444443703e+00,1.4816161990e-01,0.7613,9.9393939972e-01
-0.2050,-0.0006870,0.0000429,0.00010900,0.00000693,-3.2161617279e+00,1.4533333480e-01,0.7623,9.6565675735e-01
-0.2040,-0.0006870,0.0000423,0.00010900,0.00000692,-3.2161617279e+00,1.4294949174e-01,0.7633,9.6565675735e-01
-0.2030,-0.0006830,0.0000416,0.00010900,0.00000692,-3.2000000477e+00,1.4012122154e-01,0.7643,9.4949507713e-01
-0.2020,-0.0006760,0.0000409,0.00010800,0.00000692,-3.1676769257e+00,1.3729292154e-01,0.7653,9.1717195511e-01
-0.2010,-0.0006730,0.0000402,0.00010800,0.00000692,-3.1555554867e+00,1.3446465135e-01,0.7663,9.0505051613e-01
-0.2000,-0.0006700,0.0000396,0.00010800,0.00000692,-3.1434342861e+00,1.3204041123e-01,0.7673,8.9292931557e-01
-0.1990,-0.0006620,0.0000389,0.00010800,0.00000692,-3.1111111641e+00,1.2921212614e-01,0.7683,8.6060619354e-01
-0.1980,-0.0006580,0.0000382,0.00010800,0.00000691,-3.0949494839e+00,1.2642425299e-01,0.7693,8.4444451332e-01
-0.1970,-0.0006570,0.0000376,0.00010800,0.00000691,-3.0909090042e+00,1.2399999797e-01,0.7703,8.4040403366e-01
-0.1960,-0.0006490,0.0000369,0.00010800,0.00000690,-3.0585858822e+00,1.2121212482e-01,0.7713,8.0808091164e-01
-0.1950,-0.0006470,0.0000362,0.00010800,0.00000690,-3.0505049229e+00,1.1838383973e-01,0.7723,7.9999995232e-01
-0.1940,-0.0006410,0.0000355,0.00010800,0.00000690,-3.0262625217e+00,1.1555556208e-01,0.7733,7.7575755119e-01
-0.1930,-0.0006340,0.0000348,0.00010800,0.00000690,-2.9979798794e+00,1.1272726953e-01,0.7743,7.4747490883e-01
-0.1920,-0.0006290,0.0000340,0.00010800,0.00000689,-2.9777779579e+00,1.0953535140e-01,0.7753,7.2727298737e-01
-0.1910,-0.0006240,0.0000334,0.00010800,0.00000689,-2.9575757980e+00,1.0711110383e-01,0.7763,7.0707082748e-01
-0.1900,-0.0006170,0.0000328,0.00010700,0.00000688,-2.9252524376e+00,1.0472726822e-01,0.7773,6.7474746704e-01
-0.1890,-0.0006120,0.0000320,0.00010700,0.00000688,-2.9050505161e+00,1.0149495304e-01,0.7783,6.5454554558e-01
-0.1880,-0.0006070,0.0000313,0.00010700,0.00000687,-2.8848485947e+00,9.8707064986e-02,0.7793,6.3434362411e-01
-0.1870,-0.0005990,0.0000307,0.00010700,0.00000687,-2.8525252342e+00,9.6282832325e-02,0.7803,6.0202026367e-01
-0.1860,-0.0005930,0.0000299,0.00010700,0.00000687,-2.8282828331e+00,9.3050502241e-02,0.7813,5.7777786255e-01
-0.1850,-0.0005850,0.0000292,0.00010700,0.00000687,-2.7959594727e+00,9.0222224593e-02,0.7823,5.4545450211e-01
-0.1840,-0.0005830,0.0000286,0.00010700,0.00000687,-2.7878787518e+00,8.7797984481e-02,0.7833,5.3737378120e-01
-0.1830,-0.0005720,0.0000280,0.00010700,0.00000686,-2.7434344292e+00,8.5414141417e-02,0.7843,4.9292945862e-01
-0.1820,-0.0005660,0.0000273,0.00010700,0.00000685,-2.7191920280e+00,8.2626268268e-02,0.7853,4.6868705750e-01
-0.1810,-0.0005600,0.0000266,0.00010700,0.00000685,-2.6949496269e+00,7.9797983170e-02,0.7863,4.4444465637e-01
-0.1800,-0.0005510,0.0000260,0.00010700,0.00000685,-2.6585857868e+00,7.7373735607e-02,0.7873,4.0808081627e-01
-0.1790,-0.0005440,0.0000252,0.00010700,0.00000685,-2.6303031445e+00,7.4141420424e-02,0.7883,3.7979817390e-01
-0.1780,-0.0005370,0.0000247,0.00010700,0.00000684,-2.6020202637e+00,7.2161614895e-02,0.7893,3.5151529312e-01
-0.1770,-0.0005290,0.0000241,0.00010600,0.00000683,-2.5656566620e+00,6.9777779281e-02,0.7903,3.1515169144e-01
-0.1760,-0.0005220,0.0000235,0.00010600,0.00000682,-2.5373737812e+00,6.7393936217e-02,0.7913,2.8686881065e-01
-0.1750,-0.0005110,0.0000228,0.00010600,0.00000682,-2.4929292202e+00,6.4565658569e-02,0.7923,2.4242424965e-01
-0.1740,-0.0005070,0.0000223,0.00010600,0.00000682,-2.4767677784e+00,6.2545455992e-02,0.7933,2.2626280785e-01
-0.1730,-0.0004960,0.0000217,0.00010600,0.00000682,-2.4323232174e+00,6.0121208429e-02,0.7943,1.8181824684e-01
-0.1720,-0.0004890,0.0000211,0.00010600,0.00000681,-2.4040403366e+00,5.7737376541e-02,0.7953,1.5353536606e-01
-0.1710,-0.0004820,0.0000206,0.00010600,0.00000681,-2.3757574558e+00,5.5717173964e-02,0.7963,1.2525248528e-01
-0.1700,-0.0004730,0.0000201,0.00010600,0.00000681,-2.3393938541e+00,5.3696971387e-02,0.7973,8.8888883591e-02
-0.1690,-0.0004650,0.0000195,0.00010600,0.00000681,-2.3070707321e+00,5.1272723824e-02,0.7983,5.6565761566e-02
-0.1680,-0.0004560,0.0000190,0.00010600,0.00000681,-2.2707071304e+00,4.9252521247e-02,0.7993,2.0202159882e-02
-0.1670,-0.0004480,0.0000185,0.00010600,0.00000680,-2.2383840084e+00,4.7272730619e-02,0.8003,1.2120962143e-02
-0.1660,-0.0004390,0.0000180,0.00010600,0.00000680,-2.2020201683e+00,4.5252528042e-02,0.8013,4.8484802246e-02
-0.1650,-0.0004300,0.0000176,0.00010600,0.00000680,-2.1656565666e+00,4.3636363000e-02,0.8023,8.4848403931e-02
-0.1640,-0.0004210,0.0000171,0.00010600,0.00000679,-2.1292929649e+00,4.1656561196e-02,0.8033,1.2121200562e-01
-0.1630,-0.0004130,0.0000167,0.00010600,0.00000679,-2.0969696045e+00,4.0040403605e-02,0.8043,1.5353536606e-01
-0.1620,-0.0004040,0.0000163,0.00010600,0.00000678,-2.0606060028e+00,3.8464646786e-02,0.8053,1.8989896774e-01
-0.1610,-0.0003960,0.0000158,0.00010500,0.00000678,-2.0242424011e+00,3.6444444209e-02,0.8063,2.2626256943e-01
-0.1600,-0.0003880,0.0000154,0.00010500,0.00000678,-1.9919190407e+00,3.4828286618e-02,0.8073,2.5858592987e-01
-0.1590,-0.0003780,0.0000150,0.00010500,0.00000678,-1.9515151978e+00,3.3212117851e-02,0.8083,2.9898977280e-01
-0.1580,-0.0003690,0.0000146,0.00010500,0.00000678,-1.9151514769e+00,3.1595960259e-02,0.8093,3.3535349369e-01
-0.1570,-0.0003630,0.0000143,0.00010500,0.00000677,-1.8909091949e+00,3.0424242839e-02,0.8103,3.5959577560e-01
-0.1560,-0.0003520,0.0000139,0.00010500,0.00000677,-1.8464646339e+00,2.8808083385e-02,0.8113,4.0404033661e-01
-0.1550,-0.0003450,0.0000136,0.00010500,0.00000677,-1.8181817532e+00,2.7595959604e-02,0.8123,4.3232321739e-01
-0.1540,-0.0003350,0.0000133,0.00010500,0.00000676,-1.7777776718e+00,2.6424244046e-02,0.8133,4.7272729874e-01
-0.1530,-0.0003260,0.0000130,0.00010500,0.00000676,-1.7414141893e+00,2.5212120265e-02,0.8143,5.0909078121e-01
-0.1520,-0.0003190,0.0000127,0.00010500,0.00000676,-1.7131314278e+00,2.4000002071e-02,0.8153,5.3737354279e-01
-0.1510,-0.0003100,0.0000124,0.00010500,0.00000676,-1.6767677069e+00,2.2787878290e-02,0.8163,5.7373726368e-01
-0.1500,-0.0003010,0.0000121,0.00010500,0.00000675,-1.6404041052e+00,2.1616162732e-02,0.8173,6.1010086536e-01
-0.1490,-0.0002930,0.0000118,0.00010500,0.00000675,-1.6080808640e+00,2.0404038951e-02,0.8183,6.4242410660e-01
-0.1480,-0.0002850,0.0000116,0.00010500,0.00000675,-1.5757576227e+00,1.9595960155e-02,0.8193,6.7474734783e-01
-0.1470,-0.0002760,0.0000113,0.00010500,0.00000674,-1.5393939018e+00,1.8424240872e-02,0.8203,7.1111106873e-01
-0.1460,-0.0002680,0.0000111,0.00010500,0.00000674,-1.5070706606e+00,1.7616160214e-02,0.8213,7.4343430996e-01
-0.1450,-0.0002610,0.0000109,0.00010500,0.00000674,-1.4787878990e+00,1.6808081418e-02,0.8223,7.7171707153e-01
-0.1440,-0.0002510,0.0000107,0.00010500,0.00000673,-1.4383836985e+00,1.6040401533e-02,0.8233,8.1212127209e-01
-0.1430,-0.0002440,0.0000105,0.00010500,0.00000673,-1.4101009369e+00,1.5232321806e-02,0.8243,8.4040403366e-01
-0.1420,-0.0002360,0.0000103,0.00010500,0.00000673,-1.3777778149e+00,1.4424242079e-02,0.8253,8.7272715569e-01
-0.1410,-0.0002270,0.0000101,0.00010500,0.00000672,-1.3414140940e+00,1.3656564988e-02,0.8263,9.0909087658e-01
-0.1400,-0.0002200,0.0000099,0.00010400,0.00000672,-1.3090908527e+00,1.2888888828e-02,0.8273,9.4141411781e-01
-0.1390,-0.0002120,0.0000098,0.00010400,0.00000671,-1.2767676115e+00,1.2323230505e-02,0.8283,9.7373735905e-01
-0.1380,-0.0002040,0.0000096,0.00010400,0.00000671,-1.2444443703e+00,1.1595957913e-02,0.8293,1.0060606003e+00
-0.1370,-0.0001970,0.0000094,0.00010400,0.00000670,-1.2161616087e+00,1.1070707813e-02,0.8303,1.0343433619e+00
-0.1360,-0.0001900,0.0000093,0.00010400,0.00000671,-1.1878787279e+00,1.0424242355e-02,0.8313,1.0626262426e+00
-0.1350,-0.0001820,0.0000091,0.00010400,0.00000670,-1.1555554867e+00,9.8989885300e-03,0.8323,1.0949494839e+00
-0.1340,-0.0001750,0.0000090,0.00010400,0.00000670,-1.1272727251e+00,9.4545446336e-03,0.8333,1.1232322454e+00
-0.1330,-0.0001680,0.0000089,0.00010400,0.00000670,-1.0989899635e+00,8.9292945340e-03,0.8343,1.1515150070e+00
-0.1320,-0.0001610,0.0000088,0.00010400,0.00000669,-1.0707070827e+00,8.4848469123e-03,0.8353,1.1797978878e+00
-0.1310,-0.0001540,0.0000087,0.00010400,0.00000669,-1.0424242020e+00,8.0404039472e-03,0.8363,1.2080807686e+00
-0.1300,-0.0001470,0.0000086,0.00010400,0.00000669,-1.0141413212e+00,7.6363636181e-03,0.8373,1.2363636494e+00
-0.1290,-0.0001390,0.0000085,0.00010400,0.00000669,-9.8181813955e-01,7.1515128948e-03,0.8383,1.2686867714e+00
-0.1280,-0.0001340,0.0000084,0.00010400,0.00000668,-9.6161621809e-01,6.7878784612e-03,0.8393,1.2888886929e+00
-0.1270,-0.0001270,0.0000083,0.00010400,0.00000668,-9.3333339691e-01,6.5050497651e-03,0.8403,1.3171715736e+00
-0.1260,-0.0001200,0.0000082,0.00010400,0.00000668,-9.0505045652e-01,6.0606063344e-03,0.8413,1.3454544544e+00
-0.1250,-0.0001140,0.0000081,0.00010400,0.00000668,-8.8080811501e-01,5.7373736054e-03,0.8423,1.3696968555e+00
-0.1240,-0.0001080,0.0000080,0.00010400,0.00000668,-8.5656565428e-01,5.4949484766e-03,0.8433,1.3939392567e+00
-0.1230,-0.0001020,0.0000079,0.00010400,0.00000667,-8.3232319355e-01,5.1717157476e-03,0.8443,1.4181817770e+00
-0.1220,-0.0000961,0.0000079,0.00010400,0.00000667,-8.0848485231e-01,4.8888903111e-03,0.8453,1.4420201778e+00
-0.1210,-0.0000900,0.0000078,0.00010400,0.00000667,-7.8383833170e-01,4.6464651823e-03,0.8463,1.4666666985e+00
-0.1200,-0.0000839,0.0000077,0.00010400,0.00000667,-7.5919193029e-01,4.3636360206e-03,0.8473,1.4913129807e+00
-0.1190,-0.0000789,0.0000077,0.00010300,0.00000666,-7.3494946957e-01,4.1616144590e-03,0.8483,1.5155555010e+00
-0.1180,-0.0000729,0.0000077,0.00010400,0.00000666,-7.1474748850e-01,4.0000001900e-03,0.8493,1.5357575417e+00
-0.1170,-0.0000676,0.0000076,0.00010400,0.00000665,-6.9333332777e-01,3.7979800254e-03,0.8503,1.5571715832e+00
-0.1160,-0.0000621,0.0000075,0.00010400,0.00000665,-6.7111110687e-01,3.5555546638e-03,0.8513,1.5793938637e+00
-0.1150,-0.0000570,0.0000075,0.00010300,0.00000665,-6.4646464586e-01,3.3939385321e-03,0.8523,1.6040403843e+00
-0.1140,-0.0000521,0.0000074,0.00010400,0.00000665,-6.3070702553e-01,3.2323221676e-03,0.8533,1.6197979450e+00
-0.1130,-0.0000472,0.0000074,0.00010300,0.00000665,-6.0686868429e-01,2.9898986686e-03,0.8543,1.6436362267e+00
-0.1120,-0.0000424,0.0000074,0.00010300,0.00000664,-5.8747476339e-01,2.9090913013e-03,0.8553,1.6630301476e+00
-0.1110,-0.0000375,0.0000073,0.00010300,0.00000664,-5.6767672300e-01,2.7474751696e-03,0.8563,1.6828281879e+00
-0.1100,-0.0000330,0.0000073,0.00010300,0.00000664,-5.4949498177e-01,2.5858588051e-03,0.8573,1.7010099888e+00
-0.1090,-0.0000283,0.0000072,0.00010400,0.00000663,-5.3454548120e-01,2.4646462407e-03,0.8583,1.7159595490e+00
-0.1080,-0.0000241,0.0000072,0.00010300,0.00000663,-5.1353532076e-01,2.3030298762e-03,0.8593,1.7369697094e+00
-0.1070,-0.0000200,0.0000072,0.00010300,0.00000663,-4.9696972966e-01,2.1818189416e-03,0.8603,1.7535352707e+00
-0.1060,-0.0000157,0.0000071,0.00010300,0.00000662,-4.7959595919e-01,2.1414135117e-03,0.8613,1.7709090710e+00
-0.1050,-0.0000115,0.0000071,0.00010300,0.00000662,-4.6262624860e-01,2.0202028099e-03,0.8623,1.7878787518e+00
-0.1040,-0.0000076,0.0000071,0.00010300,0.00000662,-4.4703030586e-01,1.8989900127e-03,0.8633,1.8034746647e+00
-0.1030,-0.0000034,0.0000071,0.00010300,0.00000662,-4.2977777123e-01,1.7777773319e-03,0.8643,1.8207272291e+00
-0.1020,0.0000005,0.0000071,0.00010300,0.00000661,-4.1413736343e-01,1.7777773319e-03,0.8653,1.8363676071e+00
-0.1010,0.0000037,0.0000070,0.00010300,0.00000662,-4.0133333206e-01,1.6161610838e-03,0.8663,1.8491716385e+00
-0.1000,0.0000072,0.0000070,0.00010300,0.00000662,-3.8703030348e-01,1.5757574001e-03,0.8673,1.8634746075e+00
-0.0990,0.0000106,0.0000070,0.00010300,0.00000661,-3.7333333492e-01,1.5353538329e-03,0.8683,1.8771716356e+00
-0.0980,0.0000137,0.0000070,0.00010300,0.00000661,-3.6080807447e-01,1.4141411521e-03,0.8693,1.8896968365e+00
-0.0970,0.0000171,0.0000070,0.00010300,0.00000660,-3.4707069397e-01,1.4141430147e-03,0.8703,1.9034342766e+00
-0.0960,0.0000204,0.0000069,0.00010300,0.00000660,-3.3373734355e-01,1.3333339011e-03,0.8713,1.9167675972e+00
-0.0950,0.0000232,0.0000069,0.00010300,0.00000659,-3.2242423296e-01,1.3333339011e-03,0.8723,1.9280807972e+00
-0.0940,0.0000262,0.0000069,0.00010300,0.00000659,-3.1030303240e-01,1.2525249040e-03,0.8733,1.9402019978e+00
-0.0930,0.0000289,0.0000069,0.00010300,0.00000659,-2.9939392209e-01,1.2121212203e-03,0.8743,1.9511110783e+00
-0.0920,0.0000320,0.0000069,0.00010300,0.00000659,-2.8686869144e-01,1.1313140858e-03,0.8753,1.9636362791e+00
-0.0910,0.0000344,0.0000069,0.00010300,0.00000658,-2.7717170119e-01,1.1313140858e-03,0.8763,1.9733332396e+00
-0.0900,0.0000368,0.0000068,0.00010300,0.00000658,-2.6747474074e-01,1.0505049722e-03,0.8773,1.9830302000e+00
-0.0890,0.0000394,0.0000068,0.00010300,0.00000658,-2.5696969032e-01,1.0909085395e-03,0.8783,1.9935352802e+00
-0.0880,0.0000416,0.0000068,0.00010300,0.00000658,-2.4808080494e-01,1.0101014050e-03,0.8793,2.0024242401e+00
-0.0870,0.0000439,0.0000068,0.00010300,0.00000657,-2.3878785968e-01,1.0101014050e-03,0.8803,2.0117170811e+00
-0.0860,0.0000464,0.0000068,0.00010300,0.00000656,-2.2868683934e-01,1.0100995423e-03,0.8813,2.0218181610e+00
-0.0850,0.0000486,0.0000068,0.00010300,0.00000656,-2.1979796886e-01,9.6969591687e-04,0.8823,2.0307068825e+00
-0.0840,0.0000506,0.0000068,0.00010300,0.00000656,-2.1171715856e-01,9.2929229140e-04,0.8833,2.0387878418e+00
-0.0830,0.0000530,0.0000068,0.00010300,0.00000655,-2.0202018321e-01,9.6969772130e-04,0.8843,2.0484848022e+00
-0.0820,0.0000546,0.0000068,0.00010300,0.00000655,-1.9555553794e-01,9.2929415405e-04,0.8853,2.0549495220e+00
-0.0810,0.0000565,0.0000068,0.00010300,0.00000654,-1.8787875772e-01,9.2929229140e-04,0.8863,2.0626261234e+00
-0.0800,0.0000584,0.0000068,0.00010300,0.00000655,-1.8020199239e-01,8.4848504048e-04,0.8873,2.0703029633e+00
-0.0790,0.0000599,0.0000068,0.00010300,0.00000654,-1.7414139211e-01,8.8888866594e-04,0.8883,2.0763635635e+00
-0.0780,0.0000619,0.0000067,0.00010300,0.00000654,-1.6606059670e-01,8.0808147322e-04,0.8893,2.0844442844e+00
-0.0770,0.0000633,0.0000068,0.00010300,0.00000654,-1.6040401161e-01,8.4848504048e-04,0.8903,2.0901010036e+00
-0.0760,0.0000651,0.0000067,0.00010300,0.00000654,-1.5313129127e-01,8.0808147322e-04,0.8913,2.0973737240e+00
-0.0750,0.0000665,0.0000067,0.00010300,0.00000654,-1.4747473598e-01,7.2727235965e-04,0.8923,2.1030302048e+00
-0.0740,0.0000678,0.0000067,0.00010300,0.00000653,-1.4222219586e-01,8.0808147322e-04,0.8933,2.1082828045e+00
-0.0730,0.0000694,0.0000067,0.00010300,0.00000653,-1.3575756550e-01,7.6767598512e-04,0.8943,2.1147475243e+00
-0.0720,0.0000706,0.0000067,0.00010300,0.00000652,-1.3090907037e-01,8.0807961058e-04,0.8953,2.1195960045e+00
-0.0710,0.0000720,0.0000067,0.00010300,0.00000652,-1.2525250018e-01,7.6767598512e-04,0.8963,2.1252524853e+00
-0.0700,0.0000734,0.0000067,0.00010300,0.00000652,-1.1959595233e-01,7.6767598512e-04,0.8973,2.1309089661e+00
-0.0690,0.0000744,0.0000067,0.00010300,0.00000652,-1.1555554718e-01,7.2727235965e-04,0.8983,2.1349494457e+00
-0.0680,0.0000761,0.0000067,0.00010300,0.00000652,-1.0868686438e-01,6.8686879240e-04,0.8993,2.1418180466e+00
-0.0670,0.0000767,0.0000067,0.00010300,0.00000651,-1.0626260191e-01,7.6767784776e-04,0.9003,2.1442422867e+00
-0.0660,0.0000777,0.0000067,0.00010300,0.00000651,-1.0222219676e-01,7.2727422230e-04,0.9013,2.1482827663e+00
-0.0650,0.0000781,0.0000067,0.00010300,0.00000650,-1.0060605407e-01,6.8686879240e-04,0.9023,2.1498990059e+00
-0.0640,0.0000802,0.0000067,0.00010300,0.00000650,-9.2121198773e-02,7.2727235965e-04,0.9033,2.1583838463e+00
-0.0630,0.0000805,0.0000067,0.00010300,0.00000650,-9.0909071267e-02,7.2727235965e-04,0.9043,2.1595959663e+00
-0.0620,0.0000816,0.0000067,0.00010300,0.00000650,-8.6464621127e-02,6.8686879240e-04,0.9053,2.1640403271e+00
-0.0610,0.0000827,0.0000067,0.00010300,0.00000649,-8.2020200789e-02,6.8686879240e-04,0.9063,2.1684846878e+00
-0.0600,0.0000836,0.0000067,0.00010300,0.00000649,-7.8383810818e-02,6.8686879240e-04,0.9073,2.1721210480e+00
-0.0590,0.0000839,0.0000067,0.00010300,0.00000649,-7.7171713114e-02,7.2727235965e-04,0.9083,2.1733331680e+00
-0.0580,0.0000854,0.0000067,0.00010300,0.00000649,-7.1111090481e-02,6.4646516694e-04,0.9093,2.1793937683e+00
-0.0570,0.0000858,0.0000067,0.00010300,0.00000648,-6.9494940341e-02,6.8686879240e-04,0.9103,2.1810100079e+00
-0.0560,0.0000862,0.0000067,0.00010300,0.00000648,-6.7878767848e-02,6.8686879240e-04,0.9113,2.1826262474e+00
-0.0550,0.0000871,0.0000066,0.00010300,0.00000648,-6.4242407680e-02,6.4646330429e-04,0.9123,2.1862626076e+00
-0.0540,0.0000871,0.0000066,0.00010300,0.00000647,-6.4242407680e-02,6.4646516694e-04,0.9133,2.1862626076e+00
-0.0530,0.0000887,0.0000067,0.00010300,0.00000647,-5.7777766138e-02,7.2727422230e-04,0.9143,2.1927270889e+00
-0.0520,0.0000890,0.0000066,0.00010300,0.00000647,-5.6565634906e-02,6.4646516694e-04,0.9153,2.1939394474e+00
-0.0510,0.0000897,0.0000066,0.00010300,0.00000647,-5.3737360984e-02,6.0606154148e-04,0.9163,2.1967675686e+00
-0.0500,0.0000899,0.0000066,0.00010300,0.00000647,-5.2929274738e-02,6.8686879240e-04,0.9173,2.1975758076e+00
-0.0490,0.0000908,0.0000066,0.00010300,0.00000646,-4.9292910844e-02,6.4646516694e-04,0.9183,2.2012121677e+00
-0.0480,0.0000908,0.0000066,0.00010300,0.00000646,-4.9292910844e-02,6.4646516694e-04,0.9193,2.2012121677e+00
-0.0470,0.0000916,0.0000066,0.00010300,0.00000645,-4.6060591936e-02,7.2727235965e-04,0.9203,2.2044444084e+00
-0.0460,0.0000921,0.0000066,0.00010300,0.00000645,-4.4040374458e-02,6.0605973704e-04,0.9213,2.2064645290e+00
-0.0450,0.0000923,0.0000066,0.00010300,0.00000645,-4.3232318014e-02,6.4646516694e-04,0.9223,2.2072727680e+00
-0.0440,0.0000933,0.0000066,0.00010300,0.00000645,-3.9191912860e-02,6.4646516694e-04,0.9233,2.2113130093e+00
-0.0430,0.0000932,0.0000066,0.00010300,0.00000645,-3.9595957845e-02,6.0605973704e-04,0.9243,2.2109091282e+00
-0.0420,0.0000936,0.0000066,0.00010300,0.00000644,-3.7979781628e-02,6.4646330429e-04,0.9253,2.2125251293e+00
-0.0410,0.0000944,0.0000066,0.00010300,0.00000643,-3.4747462720e-02,6.8686692975e-04,0.9263,2.2157576084e+00
-0.0400,0.0000943,0.0000066,0.00010300,0.00000643,-3.5151507705e-02,6.4646330429e-04,0.9273,2.2153534889e+00
-0.0390,0.0000949,0.0000066,0.00010300,0.00000643,-3.2727245241e-02,6.4646330429e-04,0.9283,2.2177777290e+00
-0.0380,0.0000953,0.0000066,0.00010300,0.00000643,-3.1111104414e-02,6.4646330429e-04,0.9293,2.2193939686e+00
-0.0370,0.0000953,0.0000066,0.00010300,0.00000643,-3.1111104414e-02,6.8686692975e-04,0.9303,2.2193939686e+00
-0.0360,0.0000959,0.0000066,0.00010300,0.00000642,-2.8686841950e-02,6.4646516694e-04,0.9313,2.2218182087e+00
-0.0350,0.0000964,0.0000066,0.00010300,0.00000642,-2.6666654274e-02,6.8686879240e-04,0.9323,2.2238383293e+00
-0.0340,0.0000965,0.0000066,0.00010300,0.00000642,-2.6262611151e-02,6.4646516694e-04,0.9333,2.2242424488e+00
-0.0330,0.0000967,0.0000066,0.00010300,0.00000641,-2.5454524904e-02,6.8686879240e-04,0.9343,2.2250504494e+00
-0.0320,0.0000974,0.0000066,0.00010300,0.00000641,-2.2626249120e-02,6.4646516694e-04,0.9353,2.2278788090e+00
-0.0310,0.0000971,0.0000066,0.00010300,0.00000641,-2.3838380352e-02,6.8686879240e-04,0.9363,2.2266666889e+00
-0.0300,0.0000975,0.0000066,0.00010300,0.00000641,-2.2222205997e-02,6.4646516694e-04,0.9373,2.2282826900e+00
-0.0290,0.0000978,0.0000066,0.00010300,0.00000640,-2.1010074764e-02,6.4646516694e-04,0.9383,2.2294948101e+00
-0.0280,0.0000980,0.0000066,0.00010300,0.00000641,-2.0202018321e-02,6.4646516694e-04,0.9393,2.2303030491e+00
-0.0270,0.0000981,0.0000066,0.00010300,0.00000640,-1.9797975197e-02,6.4646516694e-04,0.9403,2.2307069302e+00
-0.0260,0.0000987,0.0000066,0.00010300,0.00000640,-1.7373712733e-02,6.4646516694e-04,0.9413,2.2331311703e+00
-0.0250,0.0000987,0.0000066,0.00010300,0.00000639,-1.7373712733e-02,6.8686879240e-04,0.9423,2.2331311703e+00
-0.0240,0.0000976,0.0000066,0.00010300,0.00000639,-2.1818162873e-02,6.8686879240e-04,0.9433,2.2286868095e+00
-0.0230,0.0000995,0.0000066,0.00010300,0.00000639,-1.4141393825e-02,7.2727235965e-04,0.9443,2.2363636494e+00
-0.0220,0.0000995,0.0000065,0.00010300,0.00000639,-1.4141393825e-02,6.4646330429e-04,0.9453,2.2363636494e+00
-0.0210,0.0000992,0.0000065,0.00010300,0.00000638,-1.5353524126e-02,6.8686879240e-04,0.9463,2.2351515293e+00
-0.0200,0.0000997,0.0000065,0.00010300,0.00000638,-1.3333306648e-02,6.4646516694e-04,0.9473,2.2371716499e+00
-0.0190,0.0001000,0.0000065,0.00010300,0.00000638,-1.2121206149e-02,6.4646516694e-04,0.9483,2.2383837700e+00
-0.0180,0.0000997,0.0000065,0.00010300,0.00000638,-1.3333306648e-02,6.4646516694e-04,0.9493,2.2371716499e+00
-0.0170,0.0001000,0.0000065,0.00010300,0.00000637,-1.2121206149e-02,6.4646516694e-04,0.9503,2.2383837700e+00
-0.0160,0.0001000,0.0000065,0.00010300,0.00000638,-1.2121206149e-02,6.0606154148e-04,0.9513,2.2383837700e+00
-0.0150,0.0001010,0.0000065,0.00010400,0.00000637,-1.2121206149e-02,6.8686879240e-04,0.9523,2.2383837700e+00
-0.0140,0.0001010,0.0000065,0.00010400,0.00000637,-1.2121206149e-02,6.4646516694e-04,0.9533,2.2383837700e+00
-0.0130,0.0001010,0.0000065,0.00010300,0.00000636,-8.0808009952e-03,6.8686879240e-04,0.9543,2.2424242496e+00
-0.0120,0.0001010,0.0000065,0.00010400,0.00000636,-1.2121206149e-02,6.4646516694e-04,0.9553,2.2383837700e+00
-0.0110,0.0001010,0.0000065,0.00010400,0.00000636,-1.2121206149e-02,6.4646516694e-04,0.9563,2.2383837700e+00
-0.0100,0.0001020,0.0000065,0.00010400,0.00000636,-8.0808009952e-03,6.4646516694e-04,0.9573,2.2424242496e+00
-0.0090,0.0001010,0.0000065,0.00010400,0.00000636,-1.2121206149e-02,6.4646516694e-04,0.9583,2.2383837700e+00
-0.0080,0.0001010,0.0000065,0.00010300,0.00000635,-8.0808009952e-03,6.8686879240e-04,0.9593,2.2424242496e+00
-0.0070,0.0001020,0.0000065,0.00010400,0.00000635,-8.0808009952e-03,6.4646330429e-04,0.9603,2.2424242496e+00
-0.0060,0.0001020,0.0000065,0.00010400,0.00000634,-8.0808009952e-03,6.8686879240e-04,0.9613,2.2424242496e+00
-0.0050,0.0001020,0.0000065,0.00010400,0.00000634,-8.0808009952e-03,6.8686879240e-04,0.9623,2.2424242496e+00
-0.0040,0.0001020,0.0000065,0.00010400,0.00000634,-8.0808009952e-03,6.4646516694e-04,0.9633,2.2424242496e+00
-0.0030,0.0001020,0.0000065,0.00010400,0.00000633,-8.0808009952e-03,6.4646516694e-04,0.9643,2.2424242496e+00
-0.0020,0.0001020,0.0000065,0.00010400,0.00000633,-8.0808009952e-03,6.0606154148e-04,0.9653,2.2424242496e+00
-0.0010,0.0001030,0.0000065,0.00010400,0.00000633,-4.0403958410e-03,6.8686879240e-04,0.9663,2.2464644909e+00
0.0000,0.0001040,0.0000065,0.00010400,0.00000633,9.9999999392e-09,5.6565611158e-04,0.9673,2.2505049706e+00
0.0010,0.0001030,0.0000065,0.00010400,0.00000633,-4.0403958410e-03,6.4646516694e-04,0.9683,2.2464644909e+00
0.0020,0.0001030,0.0000065,0.00010400,0.00000634,-4.0403958410e-03,6.0606154148e-04,0.9693,2.2464644909e+00
0.0030,0.0001030,0.0000065,0.00010400,0.00000633,-4.0403958410e-03,6.0606154148e-04,0.9703,2.2464644909e+00
0.0040,0.0001030,0.0000065,0.00010400,0.00000633,-4.0403958410e-03,6.0606154148e-04,0.9713,2.2464644909e+00
0.0050,0.0001030,0.0000065,0.00010400,0.00000632,-4.0403958410e-03,6.0605973704e-04,0.9723,2.2464644909e+00
0.0060,0.0001040,0.0000065,0.00010400,0.00000632,9.9999999392e-09,6.0605973704e-04,0.9733,2.2505049706e+00
0.0070,0.0001030,0.0000065,0.00010400,0.00000632,-4.0403958410e-03,6.4646516694e-04,0.9743,2.2464644909e+00
0.0080,0.0001030,0.0000065,0.00010400,0.00000632,-4.0403958410e-03,6.4646516694e-04,0.9753,2.2464644909e+00
0.0090,0.0001040,0.0000065,0.00010400,0.00000632,9.9999999392e-09,6.4646516694e-04,0.9763,2.2505049706e+00
0.0100,0.0001040,0.0000065,0.00010400,0.00000632,9.9999999392e-09,6.0605973704e-04,0.9773,2.2505049706e+00
0.0110,0.0001030,0.0000065,0.00010400,0.00000631,-4.0403958410e-03,6.8686879240e-04,0.9783,2.2464644909e+00
0.0120,0.0001040,0.0000065,0.00010400,0.00000631,9.9999999392e-09,6.4646330429e-04,0.9793,2.2505049706e+00
0.0130,0.0001040,0.0000065,0.00010400,0.00000631,9.9999999392e-09,6.0605973704e-04,0.9803,2.2505049706e+00
0.0140,0.0001040,0.0000065,0.00010400,0.00000630,9.9999999392e-09,6.8686692975e-04,0.9813,2.2505049706e+00
0.0150,0.0001040,0.0000065,0.00010400,0.00000630,9.9999999392e-09,6.4646330429e-04,0.9823,2.2505049706e+00
0.0160,0.0001040,0.0000065,0.00010400,0.00000630,9.9999999392e-09,6.4646330429e-04,0.9833,2.2505049706e+00
0.0170,0.0001040,0.0000065,0.00010400,0.00000630,9.9999999392e-09,6.4646330429e-04,0.9843,2.2505049706e+00
0.0180,0.0001040,0.0000065,0.00010400,0.00000630,9.9999999392e-09,6.0605973704e-04,0.9853,2.2505049706e+00
0.0190,0.0001050,0.0000065,0.00010500,0.00000630,9.9999999392e-09,6.4646330429e-04,0.9863,2.2505049706e+00
0.0200,0.0001050,0.0000065,0.00010500,0.00000630,9.9999999392e-09,6.4646330429e-04,0.9873,2.2505049706e+00
0.0210,0.0001040,0.0000064,0.00010500,0.00000628,-4.0403958410e-03,6.4646516694e-04,0.9883,2.2464644909e+00
0.0220,0.0001050,0.0000064,0.00010500,0.00000629,9.9999999392e-09,6.0606154148e-04,0.9893,2.2505049706e+00
0.0230,0.0001050,0.0000064,0.00010500,0.00000628,9.9999999392e-09,6.4646516694e-04,0.9903,2.2505049706e+00
0.0240,0.0001050,0.0000064,0.00010500,0.00000628,9.9999999392e-09,6.0606154148e-04,0.9913,2.2505049706e+00
0.0250,0.0001050,0.0000064,0.00010500,0.00000627,9.9999999392e-09,6.8686879240e-04,0.9923,2.2505049706e+00
0.0260,0.0001060,0.0000064,0.00010500,0.00000627,4.0404153988e-03,6.8686879240e-04,0.9933,2.2545454502e+00
0.0270,0.0001050,0.0000064,0.00010500,0.00000626,9.9999999392e-09,7.2727235965e-04,0.9943,2.2505049706e+00
0.0280,0.0001060,0.0000064,0.00010500,0.00000627,4.0404153988e-03,6.0605973704e-04,0.9953,2.2545454502e+00
0.0290,0.0001050,0.0000064,0.00010500,0.00000627,9.9999999392e-09,6.4646516694e-04,0.9963,2.2505049706e+00
0.0300,0.0001060,0.0000064,0.00010500,0.00000626,4.0404153988e-03,6.8686879240e-04,0.9973,2.2545454502e+00
0.0310,0.0001060,0.0000064,0.00010500,0.00000626,4.0404153988e-03,6.8686879240e-04,0.9983,2.2545454502e+00
0.0320,0.0001060,0.0000064,0.00010500,0.00000625,4.0404153988e-03,7.2727422230e-04,0.9993,2.2545454502e+00
0.0330,0.0001060,0.0000064,0.00010500,0.00000625,4.0404153988e-03,7.2727422230e-04,1.0003,2.2545454502e+00
0.0340,0.0001060,0.0000064,0.00010500,0.00000625,4.0404153988e-03,6.0606154148e-04,1.0013,2.2545454502e+00
0.0350,0.0001060,0.0000064,0.00010500,0.00000624,4.0404153988e-03,7.2727235965e-04,1.0023,2.2545454502e+00
0.0360,0.0001070,0.0000064,0.00010500,0.00000624,8.0808214843e-03,6.8686879240e-04,1.0033,2.2585856915e+00
0.0370,0.0001070,0.0000064,0.00010500,0.00000624,8.0808214843e-03,6.4646516694e-04,1.0043,2.2585856915e+00
0.0380,0.0001070,0.0000064,0.00010500,0.00000624,8.0808214843e-03,6.8686879240e-04,1.0053,2.2585856915e+00
0.0390,0.0001070,0.0000064,0.00010600,0.00000624,4.0404153988e-03,6.4646516694e-04,1.0063,2.2545454502e+00
0.0400,0.0001070,0.0000064,0.00010600,0.00000624,4.0404153988e-03,6.8686879240e-04,1.0073,2.2545454502e+00
0.0410,0.0001070,0.0000064,0.00010600,0.00000624,4.0404153988e-03,6.8686879240e-04,1.0083,2.2545454502e+00
0.0420,0.0001070,0.0000064,0.00010600,0.00000623,4.0404153988e-03,6.8686879240e-04,1.0093,2.2545454502e+00
0.0430,0.0001070,0.0000064,0.00010600,0.00000623,4.0404153988e-03,6.4646516694e-04,1.0103,2.2545454502e+00
0.0440,0.0001070,0.0000064,0.00010600,0.00000623,4.0404153988e-03,6.8686879240e-04,1.0113,2.2545454502e+00
0.0450,0.0001070,0.0000064,0.00010600,0.00000623,4.0404153988e-03,6.8686879240e-04,1.0123,2.2545454502e+00
0.0460,0.0001070,0.0000064,0.00010600,0.00000623,4.0404153988e-03,6.8686879240e-04,1.0133,2.2545454502e+00
0.0470,0.0001080,0.0000064,0.00010600,0.00000622,8.0808214843e-03,6.8686879240e-04,1.0143,2.2585856915e+00
0.0480,0.0001070,0.0000064,0.00010600,0.00000622,4.0404153988e-03,7.6767598512e-04,1.0153,2.2545454502e+00
0.0490,0.0001080,0.0000064,0.00010600,0.00000622,8.0808214843e-03,6.0605973704e-04,1.0163,2.2585856915e+00
0.0500,0.0001080,0.0000064,0.00010600,0.00000622,8.0808214843e-03,6.4646330429e-04,1.0173,2.2585856915e+00
0.0510,0.0001080,0.0000064,0.00010600,0.00000622,8.0808214843e-03,6.8686879240e-04,1.0183,2.2585856915e+00
0.0520,0.0001080,0.0000064,0.00010600,0.00000621,8.0808214843e-03,6.8686879240e-04,1.0193,2.2585856915e+00
0.0530,0.0001080,0.0000064,0.00010600,0.00000621,8.0808214843e-03,6.4646516694e-04,1.0203,2.2585856915e+00
0.0540,0.0001080,0.0000064,0.00010600,0.00000621,8.0808214843e-03,7.2727422230e-04,1.0213,2.2585856915e+00
0.0550,0.0001090,0.0000064,0.00010700,0.00000621,8.0808214843e-03,6.4646516694e-04,1.0223,2.2585856915e+00
0.0560,0.0001080,0.0000064,0.00010600,0.00000620,8.0808214843e-03,6.8686879240e-04,1.0233,2.2585856915e+00
0.0570,0.0001090,0.0000064,0.00010700,0.00000620,8.0808214843e-03,7.2727235965e-04,1.0243,2.2585856915e+00
0.0580,0.0001090,0.0000064,0.00010700,0.00000621,8.0808214843e-03,6.4646516694e-04,1.0253,2.2585856915e+00
0.0590,0.0001090,0.0000064,0.00010700,0.00000620,8.0808214843e-03,6.8686879240e-04,1.0263,2.2585856915e+00
0.0600,0.0001090,0.0000064,0.00010700,0.00000620,8.0808214843e-03,6.4646516694e-04,1.0273,2.2585856915e+00
0.0610,0.0001090,0.0000064,0.00010700,0.00000619,8.0808214843e-03,7.2727235965e-04,1.0283,2.2585856915e+00
0.0620,0.0001100,0.0000064,0.00010700,0.00000619,1.2121226639e-02,7.2727235965e-04,1.0293,2.2626261711e+00
0.0630,0.0001100,0.0000064,0.00010700,0.00000619,1.2121226639e-02,6.4646516694e-04,1.0303,2.2626261711e+00
0.0640,0.0001090,0.0000064,0.00010700,0.00000618,8.0808214843e-03,7.6767598512e-04,1.0313,2.2585856915e+00
0.0650,0.0001100,0.0000064,0.00010700,0.00000619,1.2121226639e-02,7.2727235965e-04,1.0323,2.2626261711e+00
0.0660,0.0001100,0.0000064,0.00010700,0.00000618,1.2121226639e-02,6.8686879240e-04,1.0333,2.2626261711e+00
0.0670,0.0001100,0.0000064,0.00010700,0.00000619,1.2121226639e-02,6.8686879240e-04,1.0343,2.2626261711e+00
0.0680,0.0001100,0.0000064,0.00010700,0.00000619,1.2121226639e-02,6.4646516694e-04,1.0353,2.2626261711e+00
0.0690,0.0001100,0.0000064,0.00010800,0.00000618,8.0808214843e-03,6.8686879240e-04,1.0363,2.2585856915e+00
0.0700,0.0001110,0.0000064,0.00010800,0.00000618,1.2121226639e-02,6.8686879240e-04,1.0373,2.2626261711e+00
0.0710,0.0001110,0.0000063,0.00010800,0.00000617,1.2121226639e-02,6.8686879240e-04,1.0383,2.2626261711e+00
0.0720,0.0001110,0.0000064,0.00010800,0.00000617,1.2121226639e-02,7.2727422230e-04,1.0393,2.2626261711e+00
0.0730,0.0001110,0.0000064,0.00010800,0.00000616,1.2121226639e-02,7.6767784776e-04,1.0403,2.2626261711e+00
0.0740,0.0001110,0.0000063,0.00010800,0.00000617,1.2121226639e-02,6.8686879240e-04,1.0413,2.2626261711e+00
0.0750,0.0001110,0.0000063,0.00010800,0.00000617,1.2121226639e-02,6.8686879240e-04,1.0423,2.2626261711e+00
0.0760,0.0001110,0.0000064,0.00010800,0.00000617,1.2121226639e-02,7.2727422230e-04,1.0433,2.2626261711e+00
0.0770,0.0001110,0.0000063,0.00010800,0.00000617,1.2121226639e-02,6.4646516694e-04,1.0443,2.2626261711e+00
0.0780,0.0001120,0.0000063,0.00010800,0.00000616,1.6161631793e-02,6.8686879240e-04,1.0453,2.2666666508e+00
0.0790,0.0001110,0.0000063,0.00010800,0.00000615,1.2121226639e-02,7.2727235965e-04,1.0463,2.2626261711e+00
0.0800,0.0001120,0.0000063,0.00010900,0.00000615,1.2121226639e-02,7.2727235965e-04,1.0473,2.2626261711e+00
0.0810,0.0001110,0.0000063,0.00010900,0.00000615,8.0808214843e-03,7.6767598512e-04,1.0483,2.2585856915e+00
0.0820,0.0001130,0.0000063,0.00010900,0.00000615,1.6161631793e-02,6.4646516694e-04,1.0493,2.2666666508e+00
0.0830,0.0001120,0.0000063,0.00010900,0.00000615,1.2121226639e-02,7.2727235965e-04,1.0503,2.2626261711e+00
0.0840,0.0001130,0.0000063,0.00010900,0.00000615,1.6161631793e-02,7.2727235965e-04,1.0513,2.2666666508e+00
0.0850,0.0001120,0.0000063,0.00010900,0.00000615,1.2121226639e-02,6.8686879240e-04,1.0523,2.2626261711e+00
0.0860,0.0001130,0.0000063,0.00010900,0.00000615,1.6161631793e-02,6.4646516694e-04,1.0533,2.2666666508e+00
0.0870,0.0001130,0.0000063,0.00010900,0.00000614,1.6161631793e-02,7.2727235965e-04,1.0543,2.2666666508e+00
0.0880,0.0001130,0.0000063,0.00010900,0.00000614,1.6161631793e-02,7.2727235965e-04,1.0553,2.2666666508e+00
0.0890,0.0001130,0.0000063,0.00010900,0.00000614,1.6161631793e-02,6.8686879240e-04,1.0563,2.2666666508e+00
0.0900,0.0001130,0.0000063,0.00011000,0.00000614,1.2121226639e-02,6.8686879240e-04,1.0573,2.2626261711e+00
0.0910,0.0001130,0.0000063,0.00011000,0.00000614,1.2121226639e-02,6.8686879240e-04,1.0583,2.2626261711e+00
0.0920,0.0001140,0.0000063,0.00011000,0.00000614,1.6161631793e-02,6.8686879240e-04,1.0593,2.2666666508e+00
0.0930,0.0001130,0.0000063,0.00011000,0.00000613,1.2121226639e-02,7.2727235965e-04,1.0603,2.2626261711e+00
0.0940,0.0001140,0.0000063,0.00011000,0.00000613,1.6161631793e-02,6.8686879240e-04,1.0613,2.2666666508e+00
0.0950,0.0001140,0.0000063,0.00011000,0.00000613,1.6161631793e-02,6.4646330429e-04,1.0623,2.2666666508e+00
0.0960,0.0001140,0.0000063,0.00011000,0.00000612,1.6161631793e-02,7.2727422230e-04,1.0633,2.2666666508e+00
0.0970,0.0001140,0.0000063,0.00011000,0.00000612,1.6161631793e-02,7.2727422230e-04,1.0643,2.2666666508e+00
0.0980,0.0001150,0.0000063,0.00011000,0.00000612,2.0202036947e-02,6.8686879240e-04,1.0653,2.2707068920e+00
0.0990,0.0001150,0.0000063,0.00011100,0.00000612,1.6161631793e-02,6.8686879240e-04,1.0663,2.2666666508e+00
0.1000,0.0001150,0.0000063,0.00011100,0.00000612,1.6161631793e-02,6.8686879240e-04,1.0673,2.2666666508e+00
0.1010,0.0001150,0.0000063,0.00011100,0.00000611,1.6161631793e-02,6.8686879240e-04,1.0683,2.2666666508e+00
0.1020,0.0001160,0.0000063,0.00011100,0.00000611,2.0202036947e-02,7.6767784776e-04,1.0693,2.2707068920e+00
0.1030,0.0001150,0.0000063,0.00011100,0.00000612,1.6161631793e-02,7.2727422230e-04,1.0703,2.2666666508e+00
0.1040,0.0001160,0.0000063,0.00011100,0.00000612,2.0202036947e-02,7.2727422230e-04,1.0713,2.2707068920e+00
0.1050,0.0001160,0.0000063,0.00011100,0.00000612,2.0202036947e-02,6.8686879240e-04,1.0723,2.2707068920e+00
0.1060,0.0001160,0.0000063,0.00011100,0.00000611,2.0202036947e-02,7.2727235965e-04,1.0733,2.2707068920e+00
0.1070,0.0001160,0.0000063,0.00011200,0.00000611,1.6161631793e-02,7.2727235965e-04,1.0743,2.2666666508e+00
0.1080,0.0001160,0.0000063,0.00011200,0.00000611,1.6161631793e-02,6.8686879240e-04,1.0753,2.2666666508e+00
0.1090,0.0001170,0.0000063,0.00011200,0.00000610,2.0202036947e-02,7.2727235965e-04,1.0763,2.2707068920e+00
0.1100,0.0001170,0.0000063,0.00011200,0.00000611,2.0202036947e-02,6.4646516694e-04,1.0773,2.2707068920e+00
0.1110,0.0001170,0.0000063,0.00011200,0.00000610,2.0202036947e-02,6.8686879240e-04,1.0783,2.2707068920e+00
0.1120,0.0001170,0.0000063,0.00011200,0.00000611,2.0202036947e-02,6.8686879240e-04,1.0793,2.2707068920e+00
0.1130,0.0001180,0.0000063,0.00011300,0.00000610,2.0202036947e-02,6.8686879240e-04,1.0803,2.2707068920e+00
0.1140,0.0001170,0.0000063,0.00011300,0.00000610,1.6161631793e-02,6.8686879240e-04,1.0813,2.2666666508e+00
0.1150,0.0001180,0.0000063,0.00011300,0.00000610,2.0202036947e-02,6.8686879240e-04,1.0823,2.2707068920e+00
0.1160,0.0001180,0.0000063,0.00011300,0.00000609,2.0202036947e-02,6.8686879240e-04,1.0833,2.2707068920e+00
0.1170,0.0001180,0.0000062,0.00011300,0.00000608,2.0202036947e-02,6.8686879240e-04,1.0843,2.2707068920e+00
0.1180,0.0001180,0.0000063,0.00011300,0.00000608,2.0202036947e-02,7.6767784776e-04,1.0853,2.2707068920e+00
0.1190,0.0001190,0.0000063,0.00011300,0.00000607,2.4242412299e-02,8.0808147322e-04,1.0863,2.2747473717e+00
0.1200,0.0001190,0.0000063,0.00011400,0.00000608,2.0202007145e-02,7.2727422230e-04,1.0873,2.2707068920e+00
0.1210,0.0001190,0.0000062,0.00011400,0.00000608,2.0202007145e-02,6.8686879240e-04,1.0883,2.2707068920e+00
0.1220,0.0001190,0.0000063,0.00011400,0.00000607,2.0202007145e-02,7.6767784776e-04,1.0893,2.2707068920e+00
0.1230,0.0001200,0.0000062,0.00011400,0.00000607,2.4242412299e-02,6.8686879240e-04,1.0903,2.2747473717e+00
0.1240,0.0001190,0.0000063,0.00011400,0.00000607,2.0202007145e-02,7.6767784776e-04,1.0913,2.2707068920e+00
0.1250,0.0001200,0.0000063,0.00011500,0.00000606,2.0202007145e-02,8.0808147322e-04,1.0923,2.2707068920e+00
0.1260,0.0001200,0.0000062,0.00011500,0.00000607,2.0202007145e-02,6.8686879240e-04,1.0933,2.2707068920e+00
0.1270,0.0001210,0.0000062,0.00011500,0.00000607,2.4242412299e-02,7.2727235965e-04,1.0943,2.2747473717e+00
0.1280,0.0001210,0.0000062,0.00011500,0.00000606,2.4242412299e-02,7.2727235965e-04,1.0953,2.2747473717e+00
0.1290,0.0001210,0.0000062,0.00011500,0.00000606,2.4242412299e-02,7.2727235965e-04,1.0963,2.2747473717e+00
0.1300,0.0001220,0.0000062,0.00011600,0.00000605,2.4242412299e-02,7.6767598512e-04,1.0973,2.2747473717e+00
0.1310,0.0001220,0.0000062,0.00011600,0.00000605,2.4242412299e-02,8.0807961058e-04,1.0983,2.2747473717e+00
0.1320,0.0001220,0.0000062,0.00011600,0.00000605,2.4242412299e-02,7.6767598512e-04,1.0993,2.2747473717e+00
0.1330,0.0001220,0.0000062,0.00011600,0.00000605,2.4242412299e-02,7.2727235965e-04,1.1003,2.2747473717e+00
0.1340,0.0001230,0.0000062,0.00011600,0.00000605,2.8282847255e-02,7.6767598512e-04,1.1013,2.2787878513e+00
0.1350,0.0001220,0.0000062,0.00011700,0.00000605,2.0202007145e-02,7.2727235965e-04,1.1023,2.2707068920e+00
0.1360,0.0001230,0.0000062,0.00011600,0.00000604,2.8282847255e-02,7.6767784776e-04,1.1033,2.2787878513e+00
0.1370,0.0001240,0.0000062,0.00011700,0.00000605,2.8282817453e-02,7.2727235965e-04,1.1043,2.2787878513e+00
0.1380,0.0001230,0.0000062,0.00011700,0.00000605,2.4242442101e-02,6.8686879240e-04,1.1053,2.2747473717e+00
0.1390,0.0001240,0.0000062,0.00011800,0.00000605,2.4242412299e-02,7.2727235965e-04,1.1063,2.2747473717e+00
0.1400,0.0001240,0.0000062,0.00011800,0.00000605,2.4242412299e-02,6.8686879240e-04,1.1073,2.2747473717e+00
0.1410,0.0001240,0.0000062,0.00011800,0.00000605,2.4242412299e-02,6.8686879240e-04,1.1083,2.2747473717e+00
0.1420,0.0001250,0.0000062,0.00011800,0.00000605,2.8282847255e-02,7.2727235965e-04,1.1093,2.2787878513e+00
0.1430,0.0001250,0.0000062,0.00011800,0.00000604,2.8282847255e-02,6.8686879240e-04,1.1103,2.2787878513e+00
0.1440,0.0001250,0.0000062,0.00011900,0.00000604,2.4242471904e-02,7.2727422230e-04,1.1113,2.2747473717e+00
0.1450,0.0001250,0.0000062,0.00011900,0.00000605,2.4242471904e-02,7.2727235965e-04,1.1123,2.2747473717e+00
0.1460,0.0001260,0.0000062,0.00011900,0.00000604,2.8282847255e-02,6.8686879240e-04,1.1133,2.2787878513e+00
0.1470,0.0001260,0.0000062,0.00011900,0.00000604,2.8282847255e-02,7.2727422230e-04,1.1143,2.2787878513e+00
0.1480,0.0001270,0.0000062,0.00012000,0.00000603,2.8282877058e-02,7.6767784776e-04,1.1153,2.2787878513e+00
0.1490,0.0001270,0.0000062,0.00012000,0.00000603,2.8282877058e-02,6.4646516694e-04,1.1163,2.2787878513e+00
0.1500,0.0001270,0.0000062,0.00012000,0.00000603,2.8282877058e-02,7.2727235965e-04,1.1173,2.2787878513e+00
0.1510,0.0001280,0.0000062,0.00012000,0.00000603,3.2323256135e-02,7.2727235965e-04,1.1183,2.2828283310e+00
0.1520,0.0001280,0.0000062,0.00012100,0.00000602,2.8282847255e-02,7.2727235965e-04,1.1193,2.2787878513e+00
0.1530,0.0001280,0.0000062,0.00012100,0.00000603,2.8282847255e-02,6.8686879240e-04,1.1203,2.2787878513e+00
0.1540,0.0001290,0.0000062,0.00012100,0.00000602,3.2323226333e-02,7.2727235965e-04,1.1213,2.2828280926e+00
0.1550,0.0001290,0.0000062,0.00012200,0.00000602,2.8282817453e-02,6.8686879240e-04,1.1223,2.2787878513e+00
0.1560,0.0001290,0.0000062,0.00012200,0.00000601,2.8282817453e-02,7.6767598512e-04,1.1233,2.2787878513e+00
0.1570,0.0001300,0.0000062,0.00012200,0.00000602,3.2323256135e-02,7.2727235965e-04,1.1243,2.2828283310e+00
0.1580,0.0001300,0.0000062,0.00012200,0.00000602,3.2323256135e-02,6.4646516694e-04,1.1253,2.2828283310e+00
0.1590,0.0001300,0.0000062,0.00012300,0.00000602,2.8282817453e-02,6.4646516694e-04,1.1263,2.2787878513e+00
0.1600,0.0001310,0.0000062,0.00012300,0.00000601,3.2323196530e-02,7.2727235965e-04,1.1273,2.2828280926e+00
0.1610,0.0001310,0.0000062,0.00012300,0.00000601,3.2323196530e-02,6.8686879240e-04,1.1283,2.2828280926e+00
0.1620,0.0001320,0.0000062,0.00012400,0.00000601,3.2323256135e-02,6.4646330429e-04,1.1293,2.2828283310e+00
0.1630,0.0001320,0.0000062,0.00012400,0.00000601,3.2323256135e-02,6.8686879240e-04,1.1303,2.2828283310e+00
0.1640,0.0001330,0.0000062,0.00012400,0.00000601,3.6363631487e-02,6.8686879240e-04,1.1313,2.2868685722e+00
0.1650,0.0001330,0.0000062,0.00012500,0.00000601,3.2323196530e-02,6.8686879240e-04,1.1323,2.2828280926e+00
0.1660,0.0001340,0.0000062,0.00012500,0.00000601,3.6363631487e-02,6.8686879240e-04,1.1333,2.2868685722e+00
0.1670,0.0001340,0.0000062,0.00012600,0.00000600,3.2323256135e-02,7.2727235965e-04,1.1343,2.2828283310e+00
0.1680,0.0001340,0.0000062,0.00012600,0.00000601,3.2323256135e-02,6.0605973704e-04,1.1353,2.2828283310e+00
0.1690,0.0001350,0.0000062,0.00012600,0.00000600,3.6363631487e-02,7.2727235965e-04,1.1363,2.2868685722e+00
0.1700,0.0001350,0.0000062,0.00012700,0.00000599,3.2323196530e-02,6.8686879240e-04,1.1373,2.2828280926e+00
0.1710,0.0001360,0.0000062,0.00012700,0.00000599,3.6363631487e-02,7.2727235965e-04,1.1383,2.2868685722e+00
0.1720,0.0001370,0.0000062,0.00012700,0.00000598,4.0404006839e-02,7.6767598512e-04,1.1393,2.2909090519e+00
0.1730,0.0001370,0.0000061,0.00012800,0.00000598,3.6363631487e-02,6.8686879240e-04,1.1403,2.2868685722e+00
0.1740,0.0001370,0.0000062,0.00012800,0.00000598,3.6363631487e-02,7.2727235965e-04,1.1413,2.2868685722e+00
0.1750,0.0001380,0.0000062,0.00012900,0.00000598,3.6363691092e-02,7.2727235965e-04,1.1423,2.2868685722e+00
0.1760,0.0001390,0.0000061,0.00012900,0.00000597,4.0404066443e-02,7.2727235965e-04,1.1433,2.2909090519e+00
0.1770,0.0001390,0.0000062,0.00012900,0.00000598,4.0404066443e-02,7.2727235965e-04,1.1443,2.2909090519e+00
0.1780,0.0001400,0.0000061,0.00013000,0.00000598,4.0404066443e-02,6.0606154148e-04,1.1453,2.2909090519e+00
0.1790,0.0001400,0.0000061,0.00013000,0.00000597,4.0404066443e-02,6.8686879240e-04,1.1463,2.2909090519e+00
0.1800,0.0001410,0.0000061,0.00013100,0.00000597,4.0404066443e-02,7.2727235965e-04,1.1473,2.2909090519e+00
0.1810,0.0001410,0.0000061,0.00013100,0.00000597,4.0404066443e-02,6.8686879240e-04,1.1483,2.2909090519e+00
0.1820,0.0001420,0.0000061,0.00013100,0.00000596,4.4444501400e-02,6.8686879240e-04,1.1493,2.2949495316e+00
0.1830,0.0001420,0.0000061,0.00013200,0.00000596,4.0404066443e-02,6.8686879240e-04,1.1503,2.2909090519e+00
0.1840,0.0001430,0.0000061,0.00013200,0.00000596,4.4444441795e-02,6.4646330429e-04,1.1513,2.2949495316e+00
0.1850,0.0001440,0.0000061,0.00013300,0.00000596,4.4444501400e-02,6.8686879240e-04,1.1523,2.2949495316e+00
0.1860,0.0001440,0.0000061,0.00013300,0.00000596,4.4444501400e-02,6.4646330429e-04,1.1533,2.2949495316e+00
0.1870,0.0001450,0.0000061,0.00013400,0.00000596,4.4444441795e-02,6.4646330429e-04,1.1543,2.2949495316e+00
0.1880,0.0001460,0.0000061,0.00013400,0.00000596,4.8484876752e-02,6.4646330429e-04,1.1553,2.2989897728e+00
0.1890,0.0001460,0.0000061,0.00013500,0.00000596,4.4444501400e-02,6.4646330429e-04,1.1563,2.2949495316e+00
0.1900,0.0001470,0.0000061,0.00013500,0.00000595,4.8484876752e-02,6.8686879240e-04,1.1573,2.2989897728e+00
0.1910,0.0001480,0.0000061,0.00013600,0.00000595,4.8484876752e-02,6.8686879240e-04,1.1583,2.2989897728e+00
0.1920,0.0001490,0.0000061,0.00013600,0.00000594,5.2525252104e-02,7.2727235965e-04,1.1593,2.3030302525e+00
0.1930,0.0001500,0.0000061,0.00013700,0.00000594,5.2525311708e-02,6.8686879240e-04,1.1603,2.3030302525e+00
0.1940,0.0001500,0.0000061,0.00013800,0.00000595,4.8484876752e-02,6.4646516694e-04,1.1613,2.2989897728e+00
0.1950,0.0001510,0.0000061,0.00013800,0.00000594,5.2525252104e-02,6.8686879240e-04,1.1623,2.3030302525e+00
0.1960,0.0001520,0.0000061,0.00013900,0.00000594,5.2525252104e-02,6.8686879240e-04,1.1633,2.3030302525e+00
0.1970,0.0001530,0.0000061,0.00013900,0.00000593,5.6565687060e-02,7.2727235965e-04,1.1643,2.3070707321e+00
0.1980,0.0001530,0.0000061,0.00014000,0.00000594,5.2525252104e-02,6.8686879240e-04,1.1653,2.3030302525e+00
0.1990,0.0001540,0.0000061,0.00014100,0.00000593,5.2525252104e-02,6.8686879240e-04,1.1663,2.3030302525e+00
