Potential,Disk-O2,Ring-O2,Disk-N2,Ring-N2,Disk-Density,Ring-Density,Potential_RHE,ABS
-0.9000,-0.0015100,0.0000886,-0.00099900,0.00001600,-2.0646462440e+00,2.9333332181e-01,0.0673,2.0808100700e-01
-0.8990,-0.0014200,0.0000887,-0.00089600,0.00001580,-2.1171715260e+00,2.9454547167e-01,0.0683,1.5555572510e-01
-0.8980,-0.0013700,0.0000888,-0.00080000,0.00001550,-2.3030302525e+00,2.9616162181e-01,0.0693,3.0303001404e-02
-0.8970,-0.0013400,0.0000886,-0.00071400,0.00001560,-2.5292925835e+00,2.9494947195e-01,0.0703,2.5656533241e-01
-0.8960,-0.0013200,0.0000886,-0.00064500,0.00001530,-2.7272727489e+00,2.9616162181e-01,0.0713,4.5454549789e-01
-0.8950,-0.0012900,0.0000884,-0.00057700,0.00001520,-2.8808081150e+00,2.9575756192e-01,0.0723,6.0808086395e-01
-0.8940,-0.0012700,0.0000884,-0.00051300,0.00001520,-3.0585858822e+00,2.9575756192e-01,0.0733,7.8585863113e-01
-0.8930,-0.0012600,0.0000884,-0.00046400,0.00001500,-3.2161617279e+00,2.9656565189e-01,0.0743,9.4343447685e-01
-0.8920,-0.0012400,0.0000881,-0.00041400,0.00001490,-3.3373737335e+00,2.9575759172e-01,0.0753,1.0646464825e+00
-0.8910,-0.0012300,0.0000881,-0.00037500,0.00001490,-3.4545457363e+00,2.9575759172e-01,0.0763,1.1818184853e+00
-0.8900,-0.0012100,0.0000879,-0.00033500,0.00001460,-3.5353536606e+00,2.9616162181e-01,0.0773,1.2626264095e+00
-0.8890,-0.0012100,0.0000877,-0.00030000,0.00001460,-3.6767675877e+00,2.9535353184e-01,0.0783,1.4040403366e+00
-0.8880,-0.0012000,0.0000878,-0.00026800,0.00001450,-3.7656567097e+00,2.9616162181e-01,0.0793,1.4929294586e+00
-0.8870,-0.0011900,0.0000874,-0.00024000,0.00001440,-3.8383839130e+00,2.9494950175e-01,0.0803,1.5656566620e+00
-0.8860,-0.0011800,0.0000874,-0.00021400,0.00001440,-3.9030303955e+00,2.9494950175e-01,0.0813,1.6303031445e+00
-0.8850,-0.0011700,0.0000874,-0.00019100,0.00001420,-3.9555556774e+00,2.9575759172e-01,0.0823,1.6828284264e+00
-0.8840,-0.0011600,0.0000872,-0.00016800,0.00001420,-4.0080809593e+00,2.9494950175e-01,0.0833,1.7353537083e+00
-0.8830,-0.0011600,0.0000872,-0.00014900,0.00001410,-4.0848484039e+00,2.9535356164e-01,0.0843,1.8121211529e+00
-0.8820,-0.0011500,0.0000871,-0.00013200,0.00001400,-4.1131315231e+00,2.9535356164e-01,0.0853,1.8404042721e+00
-0.8810,-0.0011400,0.0000868,-0.00011800,0.00001390,-4.1292929649e+00,2.9454547167e-01,0.0863,1.8565657139e+00
-0.8800,-0.0011400,0.0000869,-0.00010200,0.00001390,-4.1939392090e+00,2.9494950175e-01,0.0873,1.9212119579e+00
-0.8790,-0.0011300,0.0000867,-0.00008850,0.00001380,-4.2080807686e+00,2.9454547167e-01,0.0883,1.9353535175e+00
-0.8780,-0.0011300,0.0000864,-0.00007530,0.00001370,-4.2614140511e+00,2.9373738170e-01,0.0893,1.9886868000e+00
-0.8770,-0.0011300,0.0000865,-0.00006350,0.00001370,-4.3090906143e+00,2.9414138198e-01,0.0903,2.0363633633e+00
-0.8760,-0.0011200,0.0000864,-0.00005160,0.00001370,-4.3167676926e+00,2.9373738170e-01,0.0913,2.0440404415e+00
-0.8750,-0.0011200,0.0000863,-0.00004230,0.00001360,-4.3543438911e+00,2.9373738170e-01,0.0923,2.0816166401e+00
-0.8740,-0.0011100,0.0000863,-0.00003300,0.00001350,-4.3515148163e+00,2.9414141178e-01,0.0933,2.0787875652e+00
-0.8730,-0.0011100,0.0000863,-0.00002510,0.00001350,-4.3834342957e+00,2.9414141178e-01,0.0943,2.1107070446e+00
-0.8720,-0.0011100,0.0000861,-0.00001760,0.00001330,-4.4137372971e+00,2.9414141178e-01,0.0953,2.1410100460e+00
-0.8710,-0.0011000,0.0000861,-0.00001010,0.00001330,-4.4036364555e+00,2.9414141178e-01,0.0963,2.1309092045e+00
-0.8700,-0.0011000,0.0000860,-0.00000311,0.00001330,-4.4318785667e+00,2.9373738170e-01,0.0973,2.1591513157e+00
-0.8690,-0.0011000,0.0000859,0.00000343,0.00001320,-4.4583029747e+00,2.9373738170e-01,0.0983,2.1855757236e+00
-0.8680,-0.0010900,0.0000858,0.00000959,0.00001320,-4.4427876472e+00,2.9333332181e-01,0.0993,2.1700603962e+00
-0.8670,-0.0010900,0.0000858,0.00001530,0.00001300,-4.4658589363e+00,2.9414141178e-01,0.1003,2.1931316853e+00
-0.8660,-0.0010900,0.0000858,0.00001990,0.00001300,-4.4844446182e+00,2.9414141178e-01,0.1013,2.2117173672e+00
-0.8650,-0.0010900,0.0000857,0.00002560,0.00001300,-4.5074748993e+00,2.9373738170e-01,0.1023,2.2347476482e+00
-0.8640,-0.0010900,0.0000857,0.00002970,0.00001280,-4.5240406990e+00,2.9454544187e-01,0.1033,2.2513134480e+00
-0.8630,-0.0010800,0.0000855,0.00003440,0.00001280,-4.5026264191e+00,2.9373738170e-01,0.1043,2.2298991680e+00
-0.8620,-0.0010800,0.0000856,0.00003880,0.00001280,-4.5204038620e+00,2.9414138198e-01,0.1053,2.2476766109e+00
-0.8610,-0.0010800,0.0000856,0.00004200,0.00001270,-4.5333328247e+00,2.9454544187e-01,0.1063,2.2606055737e+00
-0.8600,-0.0010700,0.0000854,0.00004510,0.00001260,-4.5054545403e+00,2.9414141178e-01,0.1073,2.2327272892e+00
-0.8590,-0.0010800,0.0000855,0.00004870,0.00001260,-4.5604038239e+00,2.9454547167e-01,0.1083,2.2876765728e+00
-0.8580,-0.0010700,0.0000854,0.00005210,0.00001260,-4.5337376595e+00,2.9414141178e-01,0.1093,2.2610104084e+00
-0.8570,-0.0010700,0.0000853,0.00005500,0.00001260,-4.5454545021e+00,2.9373738170e-01,0.1103,2.2727272511e+00
-0.8560,-0.0010700,0.0000853,0.00005870,0.00001250,-4.5604038239e+00,2.9414141178e-01,0.1113,2.2876765728e+00
-0.8550,-0.0010600,0.0000851,0.00006080,0.00001240,-4.5284848213e+00,2.9373738170e-01,0.1123,2.2557575703e+00
-0.8540,-0.0010700,0.0000852,0.00006410,0.00001240,-4.5822224617e+00,2.9414141178e-01,0.1133,2.3094952106e+00
-0.8530,-0.0010600,0.0000851,0.00006640,0.00001230,-4.5511112213e+00,2.9414141178e-01,0.1143,2.2783839703e+00
-0.8520,-0.0010600,0.0000852,0.00006850,0.00001230,-4.5595965385e+00,2.9454547167e-01,0.1153,2.2868692875e+00
-0.8510,-0.0010600,0.0000852,0.00007120,0.00001230,-4.5705051422e+00,2.9454547167e-01,0.1163,2.2977778912e+00
-0.8500,-0.0010600,0.0000850,0.00007340,0.00001220,-4.5793938637e+00,2.9414141178e-01,0.1173,2.3066666126e+00
-0.8490,-0.0010600,0.0000851,0.00007430,0.00001220,-4.5830302238e+00,2.9454547167e-01,0.1183,2.3103029728e+00
-0.8480,-0.0010600,0.0000849,0.00007770,0.00001210,-4.5967679024e+00,2.9414141178e-01,0.1193,2.3240406513e+00
-0.8470,-0.0010500,0.0000848,0.00007880,0.00001210,-4.5608081818e+00,2.9373738170e-01,0.1203,2.2880809307e+00
-0.8460,-0.0010500,0.0000849,0.00008110,0.00001210,-4.5701007843e+00,2.9414141178e-01,0.1213,2.2973735332e+00
-0.8450,-0.0010500,0.0000848,0.00008270,0.00001200,-4.5765657425e+00,2.9414141178e-01,0.1223,2.3038384914e+00
-0.8440,-0.0010500,0.0000849,0.00008420,0.00001200,-4.5826263428e+00,2.9454547167e-01,0.1233,2.3098990917e+00
-0.8430,-0.0010500,0.0000848,0.00008580,0.00001190,-4.5890908241e+00,2.9454547167e-01,0.1243,2.3163635731e+00
-0.8420,-0.0010500,0.0000848,0.00008750,0.00001190,-4.5959591866e+00,2.9454547167e-01,0.1253,2.3232319355e+00
-0.8410,-0.0010500,0.0000848,0.00008930,0.00001190,-4.6032319069e+00,2.9454547167e-01,0.1263,2.3305046558e+00
-0.8400,-0.0010500,0.0000847,0.00009010,0.00001180,-4.6064643860e+00,2.9454544187e-01,0.1273,2.3337371349e+00
-0.8390,-0.0010500,0.0000847,0.00009080,0.00001180,-4.6092929840e+00,2.9454544187e-01,0.1283,2.3365657330e+00
-0.8380,-0.0010400,0.0000846,0.00009360,0.00001180,-4.5802021027e+00,2.9414138198e-01,0.1293,2.3074748516e+00
-0.8370,-0.0010400,0.0000847,0.00009490,0.00001180,-4.5854544640e+00,2.9454544187e-01,0.1303,2.3127272129e+00
-0.8360,-0.0010400,0.0000847,0.00009550,0.00001170,-4.5878787041e+00,2.9494947195e-01,0.1313,2.3151514530e+00
-0.8350,-0.0010400,0.0000846,0.00009680,0.00001160,-4.5931315422e+00,2.9494947195e-01,0.1323,2.3204042912e+00
-0.8340,-0.0010400,0.0000847,0.00009730,0.00001170,-4.5951519012e+00,2.9494947195e-01,0.1333,2.3224246502e+00
-0.8330,-0.0010400,0.0000846,0.00010000,0.00001170,-4.6060605049e+00,2.9454544187e-01,0.1343,2.3333332539e+00
-0.8320,-0.0010400,0.0000847,0.00009950,0.00001160,-4.6040401459e+00,2.9535353184e-01,0.1353,2.3313128948e+00
-0.8310,-0.0010400,0.0000847,0.00010100,0.00001160,-4.6101007462e+00,2.9535353184e-01,0.1363,2.3373734951e+00
-0.8300,-0.0010400,0.0000846,0.00010200,0.00001150,-4.6141414642e+00,2.9535353184e-01,0.1373,2.3414142132e+00
-0.8290,-0.0010400,0.0000846,0.00010200,0.00001150,-4.6141414642e+00,2.9535353184e-01,0.1383,2.3414142132e+00
-0.8280,-0.0010300,0.0000845,0.00010400,0.00001150,-4.5818181038e+00,2.9494950175e-01,0.1393,2.3090908527e+00
-0.8270,-0.0010400,0.0000847,0.00010500,0.00001140,-4.6262626648e+00,2.9616162181e-01,0.1403,2.3535354137e+00
-0.8260,-0.0010300,0.0000846,0.00010400,0.00001140,-4.5818181038e+00,2.9575756192e-01,0.1413,2.3090908527e+00
-0.8250,-0.0010300,0.0000847,0.00010800,0.00001140,-4.5979800224e+00,2.9616162181e-01,0.1423,2.3252527714e+00
-0.8240,-0.0010300,0.0000846,0.00010800,0.00001140,-4.5979800224e+00,2.9575756192e-01,0.1433,2.3252527714e+00
-0.8230,-0.0010300,0.0000844,0.00010700,0.00001130,-4.5939397812e+00,2.9535356164e-01,0.1443,2.3212125301e+00
-0.8220,-0.0010300,0.0000844,0.00011000,0.00001140,-4.6060609818e+00,2.9494950175e-01,0.1453,2.3333337307e+00
-0.8210,-0.0010300,0.0000846,0.00010900,0.00001130,-4.6020202637e+00,2.9616162181e-01,0.1463,2.3292930126e+00
-0.8200,-0.0010200,0.0000845,0.00011000,0.00001130,-4.5656566620e+00,2.9575759172e-01,0.1473,2.2929294109e+00
-0.8190,-0.0010300,0.0000847,0.00011100,0.00001120,-4.6101012230e+00,2.9696968198e-01,0.1483,2.3373739719e+00
-0.8180,-0.0010200,0.0000847,0.00011200,0.00001120,-4.5737376213e+00,2.9696968198e-01,0.1493,2.3010103703e+00
-0.8170,-0.0010300,0.0000847,0.00011300,0.00001120,-4.6181821823e+00,2.9696968198e-01,0.1503,2.3454549313e+00
-0.8160,-0.0010300,0.0000846,0.00011300,0.00001120,-4.6181821823e+00,2.9656565189e-01,0.1513,2.3454549313e+00
-0.8150,-0.0010200,0.0000845,0.00011300,0.00001120,-4.5777778625e+00,2.9616165161e-01,0.1523,2.3050506115e+00
-0.8140,-0.0010200,0.0000846,0.00011400,0.00001120,-4.5818181038e+00,2.9656565189e-01,0.1533,2.3090908527e+00
-0.8130,-0.0010200,0.0000846,0.00011500,0.00001110,-4.5858588219e+00,2.9696968198e-01,0.1543,2.3131315708e+00
-0.8120,-0.0010200,0.0000846,0.00011300,0.00001100,-4.5777778625e+00,2.9737371206e-01,0.1553,2.3050506115e+00
-0.8110,-0.0010200,0.0000849,0.00011500,0.00001100,-4.5858588219e+00,2.9858583212e-01,0.1563,2.3131315708e+00
-0.8100,-0.0010200,0.0000847,0.00011600,0.00001100,-4.5898985863e+00,2.9777774215e-01,0.1573,2.3171713352e+00
-0.8090,-0.0010200,0.0000848,0.00011700,0.00001100,-4.5939393044e+00,2.9818180203e-01,0.1583,2.3212120533e+00
-0.8080,-0.0010200,0.0000849,0.00011600,0.00001100,-4.5898985863e+00,2.9858583212e-01,0.1593,2.3171713352e+00
-0.8070,-0.0010200,0.0000848,0.00011800,0.00001090,-4.5979795456e+00,2.9858583212e-01,0.1603,2.3252522945e+00
-0.8060,-0.0010200,0.0000849,0.00011900,0.00001100,-4.6020197868e+00,2.9858583212e-01,0.1613,2.3292925358e+00
-0.8050,-0.0010100,0.0000848,0.00011600,0.00001090,-4.5494947433e+00,2.9858583212e-01,0.1623,2.2767674923e+00
-0.8040,-0.0010200,0.0000849,0.00012000,0.00001090,-4.6060605049e+00,2.9898989201e-01,0.1633,2.3333332539e+00
-0.8030,-0.0010200,0.0000851,0.00011800,0.00001090,-4.5979795456e+00,2.9979798198e-01,0.1643,2.3252522945e+00
-0.8020,-0.0010200,0.0000850,0.00011900,0.00001080,-4.6020197868e+00,2.9979798198e-01,0.1653,2.3292925358e+00
-0.8010,-0.0010200,0.0000849,0.00012000,0.00001080,-4.6060605049e+00,2.9939392209e-01,0.1663,2.3333332539e+00
-0.8000,-0.0010100,0.0000850,0.00011900,0.00001080,-4.5616159439e+00,2.9979798198e-01,0.1673,2.2888886929e+00
-0.7990,-0.0010100,0.0000849,0.00012300,0.00001090,-4.5777778625e+00,2.9898989201e-01,0.1683,2.3050506115e+00
-0.7980,-0.0010100,0.0000850,0.00012200,0.00001080,-4.5737376213e+00,2.9979798198e-01,0.1693,2.3010103703e+00
-0.7970,-0.0010100,0.0000849,0.00012100,0.00001080,-4.5696969032e+00,2.9939392209e-01,0.1703,2.2969696522e+00
-0.7960,-0.0010100,0.0000852,0.00012300,0.00001080,-4.5777778625e+00,3.0060607195e-01,0.1713,2.3050506115e+00
-0.7950,-0.0010100,0.0000852,0.00012200,0.00001080,-4.5737376213e+00,3.0060607195e-01,0.1723,2.3010103703e+00
-0.7940,-0.0010100,0.0000853,0.00012300,0.00001070,-4.5777778625e+00,3.0141413212e-01,0.1733,2.3050506115e+00
-0.7930,-0.0010100,0.0000851,0.00012300,0.00001070,-4.5777778625e+00,3.0060607195e-01,0.1743,2.3050506115e+00
-0.7920,-0.0010100,0.0000853,0.00012300,0.00001070,-4.5777778625e+00,3.0141413212e-01,0.1753,2.3050506115e+00
-0.7910,-0.0010100,0.0000852,0.00013200,0.00001100,-4.6141414642e+00,2.9979798198e-01,0.1763,2.3414142132e+00
-0.7900,-0.0010100,0.0000853,0.00013800,0.00001130,-4.6383838654e+00,2.9898992181e-01,0.1773,2.3656566143e+00
-0.7890,-0.0010000,0.0000852,0.00013600,0.00001120,-4.5898990631e+00,2.9898992181e-01,0.1783,2.3171718121e+00
-0.7880,-0.0010100,0.0000854,0.00013500,0.00001120,-4.6262626648e+00,2.9979801178e-01,0.1793,2.3535354137e+00
-0.7870,-0.0010100,0.0000855,0.00013400,0.00001120,-4.6222219467e+00,3.0020204186e-01,0.1803,2.3494946957e+00
-0.7860,-0.0010000,0.0000854,0.00013300,0.00001120,-4.5777778625e+00,2.9979801178e-01,0.1813,2.3050506115e+00
-0.7850,-0.0010100,0.0000855,0.00013200,0.00001120,-4.6141414642e+00,3.0020204186e-01,0.1823,2.3414142132e+00
-0.7840,-0.0009980,0.0000854,0.00013200,0.00001110,-4.5656566620e+00,3.0020204186e-01,0.1833,2.2929294109e+00
-0.7830,-0.0010000,0.0000854,0.00013100,0.00001110,-4.5696969032e+00,3.0020204186e-01,0.1843,2.2969696522e+00
-0.7820,-0.0010000,0.0000855,0.00013100,0.00001110,-4.5696969032e+00,3.0060610175e-01,0.1853,2.2969696522e+00
-0.7810,-0.0009990,0.0000856,0.00013100,0.00001110,-4.5656566620e+00,3.0101010203e-01,0.1863,2.2929294109e+00
-0.7800,-0.0009980,0.0000856,0.00013100,0.00001110,-4.5616159439e+00,3.0101010203e-01,0.1873,2.2888886929e+00
-0.7790,-0.0010000,0.0000857,0.00013000,0.00001100,-4.5656566620e+00,3.0181819201e-01,0.1883,2.2929294109e+00
-0.7780,-0.0009970,0.0000856,0.00013100,0.00001100,-4.5575757027e+00,3.0141413212e-01,0.1893,2.2848484516e+00
-0.7770,-0.0009970,0.0000856,0.00013000,0.00001100,-4.5535354614e+00,3.0141413212e-01,0.1903,2.2808082104e+00
-0.7760,-0.0009970,0.0000857,0.00013000,0.00001100,-4.5535354614e+00,3.0181819201e-01,0.1913,2.2808082104e+00
-0.7750,-0.0009940,0.0000857,0.00013100,0.00001100,-4.5454545021e+00,3.0181819201e-01,0.1923,2.2727272511e+00
-0.7740,-0.0009950,0.0000857,0.00013100,0.00001100,-4.5494947433e+00,3.0181819201e-01,0.1933,2.2767674923e+00
-0.7730,-0.0009950,0.0000859,0.00013100,0.00001100,-4.5494947433e+00,3.0262628198e-01,0.1943,2.2767674923e+00
-0.7720,-0.0009920,0.0000859,0.00013100,0.00001100,-4.5373735428e+00,3.0262628198e-01,0.1953,2.2646462917e+00
-0.7710,-0.0009950,0.0000859,0.00013100,0.00001090,-4.5494947433e+00,3.0303028226e-01,0.1963,2.2767674923e+00
-0.7700,-0.0009960,0.0000860,0.00013100,0.00001090,-4.5535354614e+00,3.0343434215e-01,0.1973,2.2808082104e+00
-0.7690,-0.0009890,0.0000858,0.00013100,0.00001090,-4.5252523422e+00,3.0262625217e-01,0.1983,2.2525250912e+00
-0.7680,-0.0009900,0.0000859,0.00013200,0.00001090,-4.5333328247e+00,3.0303028226e-01,0.1993,2.2606055737e+00
-0.7670,-0.0009930,0.0000861,0.00013200,0.00001090,-4.5454545021e+00,3.0383837223e-01,0.2003,2.2727272511e+00
-0.7660,-0.0009860,0.0000858,0.00013200,0.00001090,-4.5171718597e+00,3.0262625217e-01,0.2013,2.2444446087e+00
-0.7650,-0.0009940,0.0000863,0.00013200,0.00001090,-4.5494947433e+00,3.0464646220e-01,0.2023,2.2767674923e+00
-0.7640,-0.0009880,0.0000862,0.00013200,0.00001090,-4.5252523422e+00,3.0424243212e-01,0.2033,2.2525250912e+00
-0.7630,-0.0009910,0.0000863,0.00013200,0.00001090,-4.5373735428e+00,3.0464646220e-01,0.2043,2.2646462917e+00
-0.7620,-0.0009900,0.0000864,0.00013300,0.00001090,-4.5373735428e+00,3.0505049229e-01,0.2053,2.2646462917e+00
-0.7610,-0.0009890,0.0000864,0.00013300,0.00001080,-4.5333328247e+00,3.0545455217e-01,0.2063,2.2606055737e+00
-0.7600,-0.0009920,0.0000865,0.00013300,0.00001080,-4.5454545021e+00,3.0585855246e-01,0.2073,2.2727272511e+00
-0.7590,-0.0009890,0.0000865,0.00013300,0.00001080,-4.5333328247e+00,3.0585855246e-01,0.2083,2.2606055737e+00
-0.7580,-0.0009900,0.0000865,0.00013300,0.00001080,-4.5373735428e+00,3.0585855246e-01,0.2093,2.2646462917e+00
-0.7570,-0.0009900,0.0000866,0.00013400,0.00001080,-4.5414137840e+00,3.0626261234e-01,0.2103,2.2686865330e+00
-0.7560,-0.0009860,0.0000865,0.00013400,0.00001080,-4.5252528191e+00,3.0585855246e-01,0.2113,2.2525255680e+00
-0.7550,-0.0009850,0.0000866,0.00013400,0.00001080,-4.5212121010e+00,3.0626261234e-01,0.2123,2.2484848499e+00
-0.7540,-0.0009870,0.0000867,0.00013400,0.00001080,-4.5292925835e+00,3.0666664243e-01,0.2133,2.2565653324e+00
-0.7530,-0.0009840,0.0000866,0.00013400,0.00001080,-4.5171718597e+00,3.0626261234e-01,0.2143,2.2444446087e+00
-0.7520,-0.0009870,0.0000868,0.00013400,0.00001080,-4.5292925835e+00,3.0707070231e-01,0.2153,2.2565653324e+00
-0.7510,-0.0009820,0.0000869,0.00013500,0.00001080,-4.5131311417e+00,3.0747473240e-01,0.2163,2.2404038906e+00
-0.7500,-0.0009850,0.0000868,0.00013500,0.00001070,-4.5252528191e+00,3.0747473240e-01,0.2173,2.2525255680e+00
-0.7490,-0.0009850,0.0000869,0.00013500,0.00001070,-4.5252528191e+00,3.0787879229e-01,0.2183,2.2525255680e+00
-0.7480,-0.0009810,0.0000869,0.00013500,0.00001070,-4.5090909004e+00,3.0787879229e-01,0.2193,2.2363636494e+00
-0.7470,-0.0009850,0.0000869,0.00013500,0.00001070,-4.5252528191e+00,3.0787879229e-01,0.2203,2.2525255680e+00
-0.7460,-0.0009830,0.0000870,0.00013500,0.00001070,-4.5171718597e+00,3.0828282237e-01,0.2213,2.2444446087e+00
-0.7450,-0.0009780,0.0000869,0.00013600,0.00001070,-4.5010099411e+00,3.0787879229e-01,0.2223,2.2282826900e+00
-0.7440,-0.0009840,0.0000870,0.00013600,0.00001070,-4.5252528191e+00,3.0828282237e-01,0.2233,2.2525255680e+00
-0.7430,-0.0009810,0.0000871,0.00013600,0.00001070,-4.5131311417e+00,3.0868688226e-01,0.2243,2.2404038906e+00
-0.7420,-0.0009780,0.0000870,0.00013600,0.00001070,-4.5010099411e+00,3.0828282237e-01,0.2253,2.2282826900e+00
-0.7410,-0.0009820,0.0000872,0.00013600,0.00001070,-4.5171718597e+00,3.0909091234e-01,0.2263,2.2444446087e+00
-0.7400,-0.0009770,0.0000871,0.00013600,0.00001070,-4.4969696999e+00,3.0868688226e-01,0.2273,2.2242424488e+00
-0.7390,-0.0009780,0.0000871,0.00013700,0.00001070,-4.5050506592e+00,3.0868688226e-01,0.2283,2.2323234081e+00
-0.7380,-0.0009810,0.0000872,0.00013700,0.00001060,-4.5171718597e+00,3.0949494243e-01,0.2293,2.2444446087e+00
-0.7370,-0.0009740,0.0000871,0.00013700,0.00001060,-4.4888892174e+00,3.0909091234e-01,0.2303,2.2161619663e+00
-0.7360,-0.0009800,0.0000873,0.00013700,0.00001060,-4.5131311417e+00,3.0989900231e-01,0.2313,2.2404038906e+00
-0.7350,-0.0009780,0.0000874,0.00013700,0.00001060,-4.5050506592e+00,3.1030303240e-01,0.2323,2.2323234081e+00
-0.7340,-0.0009730,0.0000873,0.00013700,0.00001060,-4.4848489761e+00,3.0989900231e-01,0.2333,2.2121217251e+00
-0.7330,-0.0009800,0.0000875,0.00013700,0.00001060,-4.5131311417e+00,3.1070706248e-01,0.2343,2.2404038906e+00
-0.7320,-0.0009780,0.0000875,0.00013700,0.00001060,-4.5050506592e+00,3.1070706248e-01,0.2353,2.2323234081e+00
-0.7310,-0.0009760,0.0000873,0.00013800,0.00001060,-4.5010099411e+00,3.0989900231e-01,0.2363,2.2282826900e+00
-0.7300,-0.0009730,0.0000875,0.00013800,0.00001060,-4.4888892174e+00,3.1070706248e-01,0.2373,2.2161619663e+00
-0.7290,-0.0009720,0.0000874,0.00013800,0.00001060,-4.4848489761e+00,3.1030303240e-01,0.2383,2.2121217251e+00
-0.7280,-0.0009740,0.0000874,0.00013800,0.00001060,-4.4929294586e+00,3.1030303240e-01,0.2393,2.2202022076e+00
-0.7270,-0.0009730,0.0000875,0.00013800,0.00001060,-4.4888892174e+00,3.1070706248e-01,0.2403,2.2161619663e+00
-0.7260,-0.0009720,0.0000874,0.00013800,0.00001060,-4.4848489761e+00,3.1030303240e-01,0.2413,2.2121217251e+00
-0.7250,-0.0009710,0.0000876,0.00013800,0.00001060,-4.4808082581e+00,3.1111109257e-01,0.2423,2.2080810070e+00
-0.7240,-0.0009720,0.0000875,0.00013900,0.00001050,-4.4888887405e+00,3.1111109257e-01,0.2433,2.2161614895e+00
-0.7230,-0.0009740,0.0000876,0.00013900,0.00001050,-4.4969696999e+00,3.1151515245e-01,0.2443,2.2242424488e+00
-0.7220,-0.0009680,0.0000875,0.00013900,0.00001050,-4.4727268219e+00,3.1111109257e-01,0.2453,2.1999995708e+00
-0.7210,-0.0009710,0.0000875,0.00013900,0.00001050,-4.4848484993e+00,3.1111109257e-01,0.2463,2.2121212482e+00
-0.7200,-0.0009690,0.0000877,0.00013900,0.00001050,-4.4767675400e+00,3.1191918254e-01,0.2473,2.2040402889e+00
-0.7190,-0.0009670,0.0000875,0.00013900,0.00001050,-4.4686870575e+00,3.1111109257e-01,0.2483,2.1959598064e+00
-0.7180,-0.0009690,0.0000876,0.00013900,0.00001050,-4.4767675400e+00,3.1151515245e-01,0.2493,2.2040402889e+00
-0.7170,-0.0009680,0.0000877,0.00014000,0.00001050,-4.4767675400e+00,3.1191918254e-01,0.2503,2.2040402889e+00
-0.7160,-0.0009640,0.0000875,0.00014000,0.00001050,-4.4606060982e+00,3.1111109257e-01,0.2513,2.1878788471e+00
-0.7150,-0.0009680,0.0000877,0.00014000,0.00001050,-4.4767675400e+00,3.1191918254e-01,0.2523,2.2040402889e+00
-0.7140,-0.0009670,0.0000877,0.00014000,0.00001050,-4.4727272987e+00,3.1191918254e-01,0.2533,2.2000000477e+00
-0.7130,-0.0009640,0.0000877,0.00014000,0.00001050,-4.4606060982e+00,3.1191918254e-01,0.2543,2.1878788471e+00
-0.7120,-0.0009680,0.0000878,0.00014000,0.00001050,-4.4767675400e+00,3.1232324243e-01,0.2553,2.2040402889e+00
-0.7110,-0.0009640,0.0000879,0.00014000,0.00001050,-4.4606060982e+00,3.1272727251e-01,0.2563,2.1878788471e+00
-0.7100,-0.0009640,0.0000879,0.00014000,0.00001050,-4.4606060982e+00,3.1272727251e-01,0.2573,2.1878788471e+00
-0.7090,-0.0009650,0.0000879,0.00014100,0.00001050,-4.4686870575e+00,3.1272727251e-01,0.2583,2.1959598064e+00
-0.7080,-0.0009660,0.0000880,0.00014100,0.00001050,-4.4727272987e+00,3.1313130260e-01,0.2593,2.2000000477e+00
-0.7070,-0.0009650,0.0000880,0.00014100,0.00001040,-4.4686870575e+00,3.1353536248e-01,0.2603,2.1959598064e+00
-0.7060,-0.0009670,0.0000880,0.00014100,0.00001040,-4.4767680168e+00,3.1353536248e-01,0.2613,2.2040407658e+00
-0.7050,-0.0009620,0.0000880,0.00014100,0.00001040,-4.4565658569e+00,3.1353536248e-01,0.2623,2.1838386059e+00
-0.7040,-0.0009670,0.0000880,0.00014100,0.00001040,-4.4767680168e+00,3.1353536248e-01,0.2633,2.2040407658e+00
-0.7030,-0.0009620,0.0000880,0.00014100,0.00001040,-4.4565658569e+00,3.1353536248e-01,0.2643,2.1838386059e+00
-0.7020,-0.0009620,0.0000879,0.00014100,0.00001040,-4.4565658569e+00,3.1313130260e-01,0.2653,2.1838386059e+00
-0.7010,-0.0009650,0.0000881,0.00014100,0.00001040,-4.4686870575e+00,3.1393939257e-01,0.2663,2.1959598064e+00
-0.7000,-0.0009610,0.0000879,0.00014200,0.00001040,-4.4565658569e+00,3.1313130260e-01,0.2673,2.1838386059e+00
-0.6990,-0.0009620,0.0000881,0.00014200,0.00001040,-4.4606060982e+00,3.1393939257e-01,0.2683,2.1878788471e+00
-0.6980,-0.0009630,0.0000882,0.00014200,0.00001040,-4.4646468163e+00,3.1434345245e-01,0.2693,2.1919195652e+00
-0.6970,-0.0009620,0.0000881,0.00014200,0.00001040,-4.4606060982e+00,3.1393939257e-01,0.2703,2.1878788471e+00
-0.6960,-0.0009650,0.0000880,0.00014200,0.00001040,-4.4727272987e+00,3.1353536248e-01,0.2713,2.2000000477e+00
-0.6950,-0.0009570,0.0000881,0.00014200,0.00001040,-4.4404039383e+00,3.1393939257e-01,0.2723,2.1676766872e+00
-0.6940,-0.0009590,0.0000879,0.00014200,0.00001040,-4.4484848976e+00,3.1313130260e-01,0.2733,2.1757576466e+00
-0.6930,-0.0009590,0.0000880,0.00014200,0.00001040,-4.4484848976e+00,3.1353536248e-01,0.2743,2.1757576466e+00
-0.6920,-0.0009580,0.0000880,0.00014200,0.00001040,-4.4444446564e+00,3.1353536248e-01,0.2753,2.1717174053e+00
-0.6910,-0.0009550,0.0000881,0.00014200,0.00001040,-4.4323229790e+00,3.1393939257e-01,0.2763,2.1595957279e+00
-0.6900,-0.0009620,0.0000883,0.00014200,0.00001040,-4.4606060982e+00,3.1474748254e-01,0.2773,2.1878788471e+00
-0.6890,-0.0009580,0.0000883,0.00014200,0.00001040,-4.4444446564e+00,3.1474748254e-01,0.2783,2.1717174053e+00
-0.6880,-0.0009600,0.0000882,0.00014300,0.00001030,-4.4565658569e+00,3.1474748254e-01,0.2793,2.1838386059e+00
-0.6870,-0.0009600,0.0000884,0.00014200,0.00001030,-4.4525251389e+00,3.1555554271e-01,0.2803,2.1797978878e+00
-0.6860,-0.0009540,0.0000884,0.00014300,0.00001030,-4.4323229790e+00,3.1555554271e-01,0.2813,2.1595957279e+00
-0.6850,-0.0009570,0.0000882,0.00014300,0.00001030,-4.4444446564e+00,3.1474748254e-01,0.2823,2.1717174053e+00
-0.6840,-0.0009590,0.0000885,0.00014300,0.00001030,-4.4525251389e+00,3.1595960259e-01,0.2833,2.1797978878e+00
-0.6830,-0.0009560,0.0000883,0.00014300,0.00001030,-4.4404039383e+00,3.1515154243e-01,0.2843,2.1676766872e+00
-0.6820,-0.0009550,0.0000882,0.00014300,0.00001030,-4.4363636971e+00,3.1474748254e-01,0.2853,2.1636364460e+00
-0.6810,-0.0009570,0.0000884,0.00014300,0.00001030,-4.4444446564e+00,3.1555554271e-01,0.2863,2.1717174053e+00
-0.6800,-0.0009550,0.0000883,0.00014300,0.00001030,-4.4363636971e+00,3.1515154243e-01,0.2873,2.1636364460e+00
-0.6790,-0.0009560,0.0000884,0.00014300,0.00001030,-4.4404039383e+00,3.1555554271e-01,0.2883,2.1676766872e+00
-0.6780,-0.0009560,0.0000883,0.00014400,0.00001030,-4.4444446564e+00,3.1515154243e-01,0.2893,2.1717174053e+00
-0.6770,-0.0009520,0.0000882,0.00014400,0.00001030,-4.4282827377e+00,3.1474748254e-01,0.2903,2.1555554867e+00
-0.6760,-0.0009540,0.0000882,0.00014400,0.00001030,-4.4363636971e+00,3.1474748254e-01,0.2913,2.1636364460e+00
-0.6750,-0.0009520,0.0000883,0.00014400,0.00001030,-4.4282827377e+00,3.1515154243e-01,0.2923,2.1555554867e+00
-0.6740,-0.0009540,0.0000884,0.00014400,0.00001020,-4.4363636971e+00,3.1595960259e-01,0.2933,2.1636364460e+00
-0.6730,-0.0009540,0.0000884,0.00014400,0.00001030,-4.4363636971e+00,3.1555554271e-01,0.2943,2.1636364460e+00
-0.6720,-0.0009530,0.0000884,0.00014400,0.00001030,-4.4323229790e+00,3.1555554271e-01,0.2953,2.1595957279e+00
-0.6710,-0.0009530,0.0000885,0.00014400,0.00001020,-4.4323229790e+00,3.1636363268e-01,0.2963,2.1595957279e+00
-0.6700,-0.0009510,0.0000885,0.00014400,0.00001030,-4.4242424965e+00,3.1595960259e-01,0.2973,2.1515152454e+00
-0.6690,-0.0009530,0.0000885,0.00014400,0.00001030,-4.4323229790e+00,3.1595960259e-01,0.2983,2.1595957279e+00
-0.6680,-0.0009540,0.0000885,0.00014400,0.00001020,-4.4363636971e+00,3.1636363268e-01,0.2993,2.1636364460e+00
-0.6670,-0.0009500,0.0000885,0.00014500,0.00001020,-4.4242424965e+00,3.1636363268e-01,0.3003,2.1515152454e+00
-0.6660,-0.0009530,0.0000885,0.00014500,0.00001020,-4.4363636971e+00,3.1636363268e-01,0.3013,2.1636364460e+00
-0.6650,-0.0009510,0.0000886,0.00014500,0.00001020,-4.4282827377e+00,3.1676769257e-01,0.3023,2.1555554867e+00
-0.6640,-0.0009510,0.0000884,0.00014500,0.00001020,-4.4282827377e+00,3.1595960259e-01,0.3033,2.1555554867e+00
-0.6630,-0.0009520,0.0000886,0.00014500,0.00001020,-4.4323229790e+00,3.1676769257e-01,0.3043,2.1595957279e+00
-0.6620,-0.0009490,0.0000885,0.00014500,0.00001020,-4.4202017784e+00,3.1636363268e-01,0.3053,2.1474745274e+00
-0.6610,-0.0009520,0.0000884,0.00014500,0.00001020,-4.4323229790e+00,3.1595960259e-01,0.3063,2.1595957279e+00
-0.6600,-0.0009490,0.0000886,0.00014500,0.00001020,-4.4202017784e+00,3.1676769257e-01,0.3073,2.1474745274e+00
-0.6590,-0.0009490,0.0000885,0.00014500,0.00001020,-4.4202017784e+00,3.1636363268e-01,0.3083,2.1474745274e+00
-0.6580,-0.0009430,0.0000886,0.00014500,0.00001020,-4.3959598541e+00,3.1676769257e-01,0.3093,2.1232326031e+00
-0.6570,-0.0009520,0.0000885,0.00014500,0.00001020,-4.4323229790e+00,3.1636363268e-01,0.3103,2.1595957279e+00
-0.6560,-0.0009490,0.0000886,0.00014500,0.00001020,-4.4202017784e+00,3.1676769257e-01,0.3113,2.1474745274e+00
-0.6550,-0.0009490,0.0000885,0.00014600,0.00001020,-4.4242424965e+00,3.1636363268e-01,0.3123,2.1515152454e+00
-0.6540,-0.0009460,0.0000886,0.00014600,0.00001020,-4.4121208191e+00,3.1676769257e-01,0.3133,2.1393935680e+00
-0.6530,-0.0009500,0.0000886,0.00014600,0.00001020,-4.4282827377e+00,3.1676769257e-01,0.3143,2.1555554867e+00
-0.6520,-0.0009440,0.0000886,0.00014600,0.00001020,-4.4040403366e+00,3.1676769257e-01,0.3153,2.1313130856e+00
-0.6510,-0.0009480,0.0000885,0.00014600,0.00001020,-4.4202017784e+00,3.1636363268e-01,0.3163,2.1474745274e+00
-0.6500,-0.0009490,0.0000886,0.00014600,0.00001020,-4.4242424965e+00,3.1676769257e-01,0.3173,2.1515152454e+00
-0.6490,-0.0009420,0.0000886,0.00014600,0.00001020,-4.3959598541e+00,3.1676769257e-01,0.3183,2.1232326031e+00
-0.6480,-0.0009490,0.0000886,0.00014600,0.00001020,-4.4242424965e+00,3.1676769257e-01,0.3193,2.1515152454e+00
-0.6470,-0.0009430,0.0000887,0.00014600,0.00001020,-4.4000000954e+00,3.1717172265e-01,0.3203,2.1272728443e+00
-0.6460,-0.0009420,0.0000885,0.00014600,0.00001020,-4.3959598541e+00,3.1636363268e-01,0.3213,2.1232326031e+00
-0.6450,-0.0009470,0.0000886,0.00014600,0.00001020,-4.4161615372e+00,3.1676769257e-01,0.3223,2.1434342861e+00
-0.6440,-0.0009430,0.0000888,0.00014600,0.00001020,-4.4000000954e+00,3.1757575274e-01,0.3233,2.1272728443e+00
-0.6430,-0.0009440,0.0000887,0.00014600,0.00001010,-4.4040403366e+00,3.1757575274e-01,0.3243,2.1313130856e+00
-0.6420,-0.0009450,0.0000888,0.00014600,0.00001010,-4.4080805779e+00,3.1797981262e-01,0.3253,2.1353533268e+00
-0.6410,-0.0009430,0.0000888,0.00014700,0.00001020,-4.4040403366e+00,3.1757575274e-01,0.3263,2.1313130856e+00
-0.6400,-0.0009430,0.0000888,0.00014700,0.00001010,-4.4040403366e+00,3.1797981262e-01,0.3273,2.1313130856e+00
-0.6390,-0.0009450,0.0000888,0.00014700,0.00001010,-4.4121208191e+00,3.1797981262e-01,0.3283,2.1393935680e+00
-0.6380,-0.0009420,0.0000888,0.00014700,0.00001010,-4.4000000954e+00,3.1797981262e-01,0.3293,2.1272728443e+00
-0.6370,-0.0009450,0.0000889,0.00014700,0.00001010,-4.4121208191e+00,3.1838384271e-01,0.3303,2.1393935680e+00
-0.6360,-0.0009420,0.0000889,0.00014700,0.00001010,-4.4000000954e+00,3.1838384271e-01,0.3313,2.1272728443e+00
-0.6350,-0.0009450,0.0000889,0.00014700,0.00001010,-4.4121208191e+00,3.1838384271e-01,0.3323,2.1393935680e+00
-0.6340,-0.0009440,0.0000890,0.00014700,0.00001010,-4.4080810547e+00,3.1878790259e-01,0.3333,2.1353538036e+00
-0.6330,-0.0009390,0.0000888,0.00014700,0.00001010,-4.3878788948e+00,3.1797981262e-01,0.3343,2.1151516438e+00
-0.6320,-0.0009430,0.0000889,0.00014700,0.00001010,-4.4040403366e+00,3.1838384271e-01,0.3353,2.1313130856e+00
-0.6310,-0.0009420,0.0000890,0.00014700,0.00001010,-4.4000000954e+00,3.1878790259e-01,0.3363,2.1272728443e+00
-0.6300,-0.0009380,0.0000889,0.00014700,0.00001010,-4.3838381767e+00,3.1838384271e-01,0.3373,2.1111109257e+00
-0.6290,-0.0009440,0.0000890,0.00014800,0.00001010,-4.4121212959e+00,3.1878790259e-01,0.3383,2.1393940449e+00
-0.6280,-0.0009410,0.0000890,0.00014700,0.00001010,-4.3959598541e+00,3.1878790259e-01,0.3393,2.1232326031e+00
-0.6270,-0.0009400,0.0000889,0.00014800,0.00001010,-4.3959598541e+00,3.1838384271e-01,0.3403,2.1232326031e+00
-0.6260,-0.0009410,0.0000890,0.00014800,0.00001010,-4.4000000954e+00,3.1878790259e-01,0.3413,2.1272728443e+00
-0.6250,-0.0009360,0.0000890,0.00014700,0.00001010,-4.3757576942e+00,3.1878790259e-01,0.3423,2.1030304432e+00
-0.6240,-0.0009400,0.0000891,0.00014800,0.00001010,-4.3959598541e+00,3.1919193268e-01,0.3433,2.1232326031e+00
-0.6230,-0.0009400,0.0000891,0.00014800,0.00001010,-4.3959598541e+00,3.1919193268e-01,0.3443,2.1232326031e+00
-0.6220,-0.0009390,0.0000891,0.00014800,0.00001010,-4.3919191360e+00,3.1919193268e-01,0.3453,2.1191918850e+00
-0.6210,-0.0009380,0.0000893,0.00014800,0.00001010,-4.3878788948e+00,3.2000002265e-01,0.3463,2.1151516438e+00
-0.6200,-0.0009380,0.0000892,0.00014800,0.00001010,-4.3878788948e+00,3.1959599257e-01,0.3473,2.1151516438e+00
-0.6190,-0.0009400,0.0000893,0.00014800,0.00001010,-4.3959598541e+00,3.2000002265e-01,0.3483,2.1232326031e+00
-0.6180,-0.0009350,0.0000892,0.00014800,0.00001010,-4.3757576942e+00,3.1959599257e-01,0.3493,2.1030304432e+00
-0.6170,-0.0009400,0.0000892,0.00014800,0.00001000,-4.3959598541e+00,3.2000002265e-01,0.3503,2.1232326031e+00
-0.6160,-0.0009370,0.0000892,0.00014800,0.00001010,-4.3838381767e+00,3.1959599257e-01,0.3513,2.1111109257e+00
-0.6150,-0.0009350,0.0000893,0.00014800,0.00001010,-4.3757576942e+00,3.2000002265e-01,0.3523,2.1030304432e+00
-0.6140,-0.0009360,0.0000892,0.00014900,0.00001010,-4.3838381767e+00,3.1959599257e-01,0.3533,2.1111109257e+00
-0.6130,-0.0009380,0.0000895,0.00014900,0.00001010,-4.3919191360e+00,3.2080808282e-01,0.3543,2.1191918850e+00
-0.6120,-0.0009330,0.0000893,0.00014900,0.00001010,-4.3717169762e+00,3.2000002265e-01,0.3553,2.0989897251e+00
-0.6110,-0.0009400,0.0000895,0.00014900,0.00001000,-4.4000000954e+00,3.2121211290e-01,0.3563,2.1272728443e+00
-0.6100,-0.0009350,0.0000895,0.00014900,0.00001000,-4.3797979355e+00,3.2121211290e-01,0.3573,2.1070706844e+00
-0.6090,-0.0009350,0.0000894,0.00014900,0.00001000,-4.3797979355e+00,3.2080805302e-01,0.3583,2.1070706844e+00
-0.6080,-0.0009360,0.0000895,0.00014900,0.00001000,-4.3838381767e+00,3.2121211290e-01,0.3593,2.1111109257e+00
-0.6070,-0.0009340,0.0000895,0.00014900,0.00001000,-4.3757576942e+00,3.2121211290e-01,0.3603,2.1030304432e+00
-0.6060,-0.0009360,0.0000895,0.00014900,0.00001000,-4.3838381767e+00,3.2121211290e-01,0.3613,2.1111109257e+00
-0.6050,-0.0009350,0.0000897,0.00014900,0.00001000,-4.3797979355e+00,3.2202017307e-01,0.3623,2.1070706844e+00
-0.6040,-0.0009330,0.0000896,0.00014900,0.00001000,-4.3717169762e+00,3.2161614299e-01,0.3633,2.0989897251e+00
-0.6030,-0.0009350,0.0000897,0.00014900,0.00001000,-4.3797979355e+00,3.2202017307e-01,0.3643,2.1070706844e+00
-0.6020,-0.0009340,0.0000897,0.00014900,0.00001000,-4.3757576942e+00,3.2202017307e-01,0.3653,2.1030304432e+00
-0.6010,-0.0009320,0.0000897,0.00014900,0.00001000,-4.3676767349e+00,3.2202017307e-01,0.3663,2.0949494839e+00
-0.6000,-0.0009350,0.0000898,0.00015000,0.00001000,-4.3838381767e+00,3.2242423296e-01,0.3673,2.1111109257e+00
-0.5990,-0.0009330,0.0000898,0.00014900,0.00001000,-4.3717169762e+00,3.2242423296e-01,0.3683,2.0989897251e+00
-0.5980,-0.0009310,0.0000898,0.00014900,0.00001000,-4.3636360168e+00,3.2242423296e-01,0.3693,2.0909087658e+00
-0.5970,-0.0009340,0.0000899,0.00014900,0.00001000,-4.3757576942e+00,3.2282826304e-01,0.3703,2.1030304432e+00
-0.5960,-0.0009290,0.0000899,0.00015000,0.00001000,-4.3595957756e+00,3.2282826304e-01,0.3713,2.0868685246e+00
-0.5950,-0.0009290,0.0000899,0.00015000,0.00000999,-4.3595957756e+00,3.2286870480e-01,0.3723,2.0868685246e+00
-0.5940,-0.0009330,0.0000901,0.00014900,0.00000997,-4.3717169762e+00,3.2375758886e-01,0.3733,2.0989897251e+00
-0.5930,-0.0009280,0.0000899,0.00014900,0.00000996,-4.3515152931e+00,3.2298991084e-01,0.3743,2.0787880421e+00
-0.5920,-0.0009330,0.0000902,0.00015000,0.00001000,-4.3757576942e+00,3.2404041290e-01,0.3753,2.1030304432e+00
-0.5910,-0.0009300,0.0000902,0.00015000,0.00001000,-4.3636360168e+00,3.2404041290e-01,0.3763,2.0909087658e+00
-0.5900,-0.0009290,0.0000901,0.00015000,0.00001000,-4.3595957756e+00,3.2363635302e-01,0.3773,2.0868685246e+00
-0.5890,-0.0009300,0.0000902,0.00015000,0.00001000,-4.3636360168e+00,3.2404041290e-01,0.3783,2.0909087658e+00
-0.5880,-0.0009270,0.0000902,0.00015000,0.00000999,-4.3515152931e+00,3.2408082485e-01,0.3793,2.0787880421e+00
-0.5870,-0.0009300,0.0000902,0.00015000,0.00000999,-4.3636360168e+00,3.2408082485e-01,0.3803,2.0909087658e+00
-0.5860,-0.0009290,0.0000904,0.00015000,0.00000998,-4.3595957756e+00,3.2492926717e-01,0.3813,2.0868685246e+00
-0.5850,-0.0009250,0.0000904,0.00015000,0.00000997,-4.3434343338e+00,3.2496970892e-01,0.3823,2.0707070827e+00
-0.5840,-0.0009280,0.0000904,0.00015000,0.00000997,-4.3555560112e+00,3.2496970892e-01,0.3833,2.0828287601e+00
-0.5830,-0.0009280,0.0000905,0.00015000,0.00000995,-4.3555560112e+00,3.2545453310e-01,0.3843,2.0828287601e+00
-0.5820,-0.0009270,0.0000906,0.00015000,0.00000996,-4.3515152931e+00,3.2581818104e-01,0.3853,2.0787880421e+00
-0.5810,-0.0009300,0.0000906,0.00015000,0.00000995,-4.3636360168e+00,3.2585856318e-01,0.3863,2.0909087658e+00
-0.5800,-0.0009260,0.0000907,0.00015000,0.00000996,-4.3474750519e+00,3.2622221112e-01,0.3873,2.0747478008e+00
-0.5790,-0.0009280,0.0000908,0.00015000,0.00000996,-4.3555560112e+00,3.2662627101e-01,0.3883,2.0828287601e+00
-0.5780,-0.0009250,0.0000909,0.00015000,0.00000996,-4.3434343338e+00,3.2703030109e-01,0.3893,2.0707070827e+00
-0.5770,-0.0009260,0.0000909,0.00015000,0.00000996,-4.3474750519e+00,3.2703030109e-01,0.3903,2.0747478008e+00
-0.5760,-0.0009270,0.0000909,0.00015000,0.00000995,-4.3515152931e+00,3.2707071304e-01,0.3913,2.0787880421e+00
-0.5750,-0.0009230,0.0000908,0.00015100,0.00000996,-4.3393940926e+00,3.2662627101e-01,0.3923,2.0666668415e+00
-0.5740,-0.0009240,0.0000909,0.00015000,0.00000994,-4.3393940926e+00,3.2711112499e-01,0.3933,2.0666668415e+00
-0.5730,-0.0009230,0.0000910,0.00015000,0.00000995,-4.3353538513e+00,3.2747474313e-01,0.3943,2.0626266003e+00
-0.5720,-0.0009210,0.0000910,0.00015000,0.00000995,-4.3272728920e+00,3.2747474313e-01,0.3953,2.0545456409e+00
-0.5710,-0.0009270,0.0000913,0.00015000,0.00000995,-4.3515152931e+00,3.2868683338e-01,0.3963,2.0787880421e+00
-0.5700,-0.0009210,0.0000912,0.00015000,0.00000995,-4.3272728920e+00,3.2828283310e-01,0.3973,2.0545456409e+00
-0.5690,-0.0009240,0.0000912,0.00015100,0.00000996,-4.3434343338e+00,3.2824245095e-01,0.3983,2.0707070827e+00
-0.5680,-0.0009220,0.0000914,0.00015100,0.00000996,-4.3353538513e+00,3.2905048132e-01,0.3993,2.0626266003e+00
-0.5670,-0.0009190,0.0000913,0.00015100,0.00000994,-4.3232321739e+00,3.2872727513e-01,0.4003,2.0505049229e+00
-0.5660,-0.0009230,0.0000914,0.00015100,0.00000994,-4.3393940926e+00,3.2913130522e-01,0.4013,2.0666668415e+00
-0.5650,-0.0009180,0.0000915,0.00015100,0.00000993,-4.3191919327e+00,3.2957574725e-01,0.4023,2.0464646816e+00
-0.5640,-0.0009210,0.0000915,0.00015100,0.00000994,-4.3313131332e+00,3.2953536510e-01,0.4033,2.0585858822e+00
-0.5630,-0.0009200,0.0000917,0.00015100,0.00000992,-4.3272728920e+00,3.3042424917e-01,0.4043,2.0545456409e+00
-0.5620,-0.0009190,0.0000917,0.00015100,0.00000994,-4.3232321739e+00,3.3034345508e-01,0.4053,2.0505049229e+00
-0.5610,-0.0009200,0.0000918,0.00015100,0.00000993,-4.3272728920e+00,3.3078786731e-01,0.4063,2.0545456409e+00
-0.5600,-0.0009220,0.0000920,0.00015100,0.00000992,-4.3353538513e+00,3.3163639903e-01,0.4073,2.0626266003e+00
-0.5590,-0.0009180,0.0000919,0.00015100,0.00000992,-4.3191919327e+00,3.3123233914e-01,0.4083,2.0464646816e+00
-0.5580,-0.0009210,0.0000920,0.00015100,0.00000991,-4.3313131332e+00,3.3167678118e-01,0.4093,2.0585858822e+00
-0.5570,-0.0009180,0.0000922,0.00015100,0.00000990,-4.3191919327e+00,3.3252525330e-01,0.4103,2.0464646816e+00
-0.5560,-0.0009170,0.0000921,0.00015100,0.00000989,-4.3151516914e+00,3.3216163516e-01,0.4113,2.0424244404e+00
-0.5550,-0.0009190,0.0000922,0.00015100,0.00000988,-4.3232321739e+00,3.3260607719e-01,0.4123,2.0505049229e+00
-0.5540,-0.0009150,0.0000922,0.00015100,0.00000989,-4.3070707321e+00,3.3256566525e-01,0.4133,2.0343434811e+00
-0.5530,-0.0009200,0.0000924,0.00015100,0.00000990,-4.3272728920e+00,3.3333331347e-01,0.4143,2.0545456409e+00
-0.5520,-0.0009170,0.0000925,0.00015100,0.00000991,-4.3151516914e+00,3.3369696140e-01,0.4153,2.0424244404e+00
-0.5510,-0.0009170,0.0000925,0.00015100,0.00000991,-4.3151516914e+00,3.3369696140e-01,0.4163,2.0424244404e+00
-0.5500,-0.0009170,0.0000926,0.00015100,0.00000988,-4.3151516914e+00,3.3422222733e-01,0.4173,2.0424244404e+00
-0.5490,-0.0009140,0.0000925,0.00015100,0.00000988,-4.3030300140e+00,3.3381816745e-01,0.4183,2.0303027630e+00
-0.5480,-0.0009170,0.0000927,0.00015100,0.00000990,-4.3151516914e+00,3.3454543352e-01,0.4193,2.0424244404e+00
-0.5470,-0.0009130,0.0000927,0.00015100,0.00000990,-4.2989902496e+00,3.3454543352e-01,0.4203,2.0262629986e+00
-0.5460,-0.0009110,0.0000927,0.00015100,0.00000991,-4.2909092903e+00,3.3450505137e-01,0.4213,2.0181820393e+00
-0.5450,-0.0009150,0.0000928,0.00015100,0.00000990,-4.3070707321e+00,3.3494949341e-01,0.4223,2.0343434811e+00
-0.5440,-0.0009090,0.0000928,0.00015100,0.00000989,-4.2828283310e+00,3.3498990536e-01,0.4233,2.0101010799e+00
-0.5430,-0.0009130,0.0000930,0.00015100,0.00000989,-4.2989902496e+00,3.3579799533e-01,0.4243,2.0262629986e+00
-0.5420,-0.0009140,0.0000936,0.00015100,0.00000989,-4.3030300140e+00,3.3822223544e-01,0.4253,2.0303027630e+00
-0.5410,-0.0009130,0.0000934,0.00015100,0.00000988,-4.2989902496e+00,3.3745452762e-01,0.4263,2.0262629986e+00
-0.5400,-0.0009150,0.0000934,0.00015100,0.00000988,-4.3070707321e+00,3.3745452762e-01,0.4273,2.0343434811e+00
-0.5390,-0.0009140,0.0000936,0.00015100,0.00000989,-4.3030300140e+00,3.3822223544e-01,0.4283,2.0303027630e+00
-0.5380,-0.0009100,0.0000934,0.00015100,0.00000989,-4.2868690491e+00,3.3741414547e-01,0.4293,2.0141417980e+00
-0.5370,-0.0009130,0.0000936,0.00015100,0.00000987,-4.2989902496e+00,3.3830302954e-01,0.4303,2.0262629986e+00
-0.5360,-0.0009110,0.0000938,0.00015100,0.00000988,-4.2909092903e+00,3.3907070756e-01,0.4313,2.0181820393e+00
-0.5350,-0.0009090,0.0000937,0.00015100,0.00000986,-4.2828283310e+00,3.3874747157e-01,0.4323,2.0101010799e+00
-0.5340,-0.0009120,0.0000939,0.00015100,0.00000988,-4.2949495316e+00,3.3947473764e-01,0.4333,2.0222222805e+00
-0.5330,-0.0009070,0.0000939,0.00015100,0.00000986,-4.2747473717e+00,3.3955556154e-01,0.4343,2.0020201206e+00
-0.5320,-0.0009120,0.0000942,0.00015100,0.00000985,-4.2949495316e+00,3.4080806375e-01,0.4353,2.0222222805e+00
-0.5310,-0.0009100,0.0000942,0.00015100,0.00000986,-4.2868690491e+00,3.4076768160e-01,0.4363,2.0141417980e+00
-0.5300,-0.0009080,0.0000941,0.00015100,0.00000986,-4.2787880898e+00,3.4036365151e-01,0.4373,2.0060608387e+00
-0.5290,-0.0009090,0.0000943,0.00015100,0.00000986,-4.2828283310e+00,3.4117171168e-01,0.4383,2.0101010799e+00
-0.5280,-0.0009060,0.0000943,0.00015100,0.00000986,-4.2707071304e+00,3.4117171168e-01,0.4393,1.9979798794e+00
-0.5270,-0.0009110,0.0000946,0.00015200,0.00000986,-4.2949490547e+00,3.4238383174e-01,0.4403,2.0222218037e+00
-0.5260,-0.0009060,0.0000944,0.00015100,0.00000986,-4.2707071304e+00,3.4157574177e-01,0.4413,1.9979798794e+00
-0.5250,-0.0009060,0.0000945,0.00015100,0.00000985,-4.2707071304e+00,3.4202018380e-01,0.4423,1.9979798794e+00
-0.5240,-0.0009080,0.0000948,0.00015100,0.00000984,-4.2787880898e+00,3.4327274561e-01,0.4433,2.0060608387e+00
-0.5230,-0.0009030,0.0000948,0.00015200,0.00000984,-4.2626261711e+00,3.4327274561e-01,0.4443,1.9898989201e+00
-0.5220,-0.0009060,0.0000946,0.00015200,0.00000984,-4.2747468948e+00,3.4246465564e-01,0.4453,2.0020196438e+00
-0.5210,-0.0009060,0.0000951,0.00015100,0.00000983,-4.2707071304e+00,3.4452524781e-01,0.4463,1.9979798794e+00
-0.5200,-0.0009010,0.0000949,0.00015100,0.00000984,-4.2505049706e+00,3.4367677569e-01,0.4473,1.9777777195e+00
-0.5190,-0.0009080,0.0000952,0.00015100,0.00000983,-4.2787880898e+00,3.4492927790e-01,0.4483,2.0060608387e+00
-0.5180,-0.0009040,0.0000953,0.00015100,0.00000984,-4.2626261711e+00,3.4529292583e-01,0.4493,1.9898989201e+00
-0.5170,-0.0009050,0.0000953,0.00015100,0.00000983,-4.2666668892e+00,3.4533333778e-01,0.4503,1.9939396381e+00
-0.5160,-0.0009050,0.0000954,0.00015100,0.00000982,-4.2666668892e+00,3.4577777982e-01,0.4513,1.9939396381e+00
-0.5150,-0.0009030,0.0000955,0.00015100,0.00000980,-4.2585859299e+00,3.4626260400e-01,0.4523,1.9858586788e+00
-0.5140,-0.0009030,0.0000955,0.00015100,0.00000982,-4.2585859299e+00,3.4618183970e-01,0.4533,1.9858586788e+00
-0.5130,-0.0009030,0.0000958,0.00015100,0.00000981,-4.2585859299e+00,3.4743434191e-01,0.4543,1.9858586788e+00
-0.5120,-0.0009010,0.0000957,0.00015000,0.00000977,-4.2464647293e+00,3.4719190001e-01,0.4553,1.9737374783e+00
-0.5110,-0.0009040,0.0000958,0.00015100,0.00000979,-4.2626261711e+00,3.4751516581e-01,0.4563,1.9898989201e+00
-0.5100,-0.0009010,0.0000959,0.00015100,0.00000979,-4.2505049706e+00,3.4791922569e-01,0.4573,1.9777777195e+00
-0.5090,-0.0008990,0.0000958,0.00015000,0.00000978,-4.2383837700e+00,3.4755557775e-01,0.4583,1.9656565189e+00
-0.5080,-0.0009030,0.0000961,0.00015100,0.00000980,-4.2585859299e+00,3.4868684411e-01,0.4593,1.9858586788e+00
-0.5070,-0.0008990,0.0000961,0.00015100,0.00000975,-4.2424240112e+00,3.4888887405e-01,0.4603,1.9696967602e+00
-0.5060,-0.0009010,0.0000962,0.00015100,0.00000979,-4.2505049706e+00,3.4913131595e-01,0.4613,1.9777777195e+00
-0.5050,-0.0009010,0.0000964,0.00015100,0.00000978,-4.2505049706e+00,3.4997978806e-01,0.4623,1.9777777195e+00
-0.5040,-0.0009000,0.0000963,0.00015100,0.00000979,-4.2464647293e+00,3.4953534603e-01,0.4633,1.9737374783e+00
-0.5030,-0.0009000,0.0000965,0.00015000,0.00000979,-4.2424240112e+00,3.5034343600e-01,0.4643,1.9696967602e+00
-0.5020,-0.0009000,0.0000966,0.00015100,0.00000977,-4.2464647293e+00,3.5082826018e-01,0.4653,1.9737374783e+00
-0.5010,-0.0008980,0.0000966,0.00015100,0.00000978,-4.2383842468e+00,3.5078787804e-01,0.4663,1.9656569958e+00
-0.5000,-0.0009010,0.0000966,0.00015100,0.00000978,-4.2505049706e+00,3.5078787804e-01,0.4673,1.9777777195e+00
-0.4990,-0.0008940,0.0000967,0.00015100,0.00000978,-4.2222223282e+00,3.5119193792e-01,0.4683,1.9494950771e+00
-0.4980,-0.0008970,0.0000966,0.00015000,0.00000973,-4.2303032875e+00,3.5098990798e-01,0.4693,1.9575760365e+00
-0.4970,-0.0008970,0.0000968,0.00015100,0.00000977,-4.2343435287e+00,3.5163635015e-01,0.4703,1.9616162777e+00
-0.4960,-0.0008940,0.0000969,0.00015100,0.00000976,-4.2222223282e+00,3.5208082199e-01,0.4713,1.9494950771e+00
-0.4950,-0.0009000,0.0000971,0.00015100,0.00000974,-4.2464647293e+00,3.5296970606e-01,0.4723,1.9737374783e+00
-0.4940,-0.0008950,0.0000971,0.00015100,0.00000977,-4.2262630463e+00,3.5284847021e-01,0.4733,1.9535357952e+00
-0.4930,-0.0008960,0.0000971,0.00015100,0.00000974,-4.2303032875e+00,3.5296970606e-01,0.4743,1.9575760365e+00
-0.4920,-0.0008960,0.0000972,0.00015200,0.00000975,-4.2343435287e+00,3.5333332419e-01,0.4753,1.9616162777e+00
-0.4910,-0.0008960,0.0000973,0.00015200,0.00000975,-4.2343435287e+00,3.5373735428e-01,0.4763,1.9616162777e+00
-0.4900,-0.0008980,0.0000974,0.00015100,0.00000974,-4.2383842468e+00,3.5418182611e-01,0.4773,1.9656569958e+00
-0.4890,-0.0008940,0.0000974,0.00015100,0.00000976,-4.2222223282e+00,3.5410100222e-01,0.4783,1.9494950771e+00
-0.4880,-0.0008950,0.0000974,0.00015100,0.00000974,-4.2262630463e+00,3.5418182611e-01,0.4793,1.9535357952e+00
-0.4870,-0.0008960,0.0000976,0.00015100,0.00000973,-4.2303032875e+00,3.5503029823e-01,0.4803,1.9575760365e+00
-0.4860,-0.0008910,0.0000975,0.00015100,0.00000973,-4.2101011276e+00,3.5462626815e-01,0.4813,1.9373738766e+00
-0.4850,-0.0008950,0.0000974,0.00015100,0.00000974,-4.2262630463e+00,3.5418182611e-01,0.4823,1.9535357952e+00
-0.4840,-0.0008930,0.0000977,0.00015100,0.00000972,-4.2181820869e+00,3.5547474027e-01,0.4833,1.9454548359e+00
-0.4830,-0.0008920,0.0000978,0.00015100,0.00000975,-4.2141413689e+00,3.5575759411e-01,0.4843,1.9414141178e+00
-0.4820,-0.0008950,0.0000979,0.00014900,0.00000969,-4.2181820869e+00,3.5640403628e-01,0.4853,1.9454548359e+00
-0.4810,-0.0008920,0.0000979,0.00015100,0.00000968,-4.2141413689e+00,3.5644444823e-01,0.4863,1.9414141178e+00
-0.4800,-0.0008930,0.0000980,0.00015000,0.00000971,-4.2141413689e+00,3.5672727227e-01,0.4873,1.9414141178e+00
-0.4790,-0.0008940,0.0000981,0.00015000,0.00000971,-4.2181820869e+00,3.5713130236e-01,0.4883,1.9454548359e+00
-0.4780,-0.0008920,0.0000981,0.00015100,0.00000971,-4.2141413689e+00,3.5713130236e-01,0.4893,1.9414141178e+00
-0.4770,-0.0008960,0.0000980,0.00015000,0.00000971,-4.2262630463e+00,3.5672727227e-01,0.4903,1.9535357952e+00
-0.4760,-0.0008900,0.0000981,0.00015000,0.00000971,-4.2020201683e+00,3.5713130236e-01,0.4913,1.9292929173e+00
-0.4750,-0.0008930,0.0000981,0.00015100,0.00000970,-4.2181820869e+00,3.5717171431e-01,0.4923,1.9454548359e+00
-0.4740,-0.0008940,0.0000983,0.00015000,0.00000972,-4.2181820869e+00,3.5789898038e-01,0.4933,1.9454548359e+00
-0.4730,-0.0008910,0.0000983,0.00015100,0.00000970,-4.2101011276e+00,3.5797980428e-01,0.4943,1.9373738766e+00
-0.4720,-0.0008950,0.0000985,0.00015000,0.00000970,-4.2222223282e+00,3.5878786445e-01,0.4953,1.9494950771e+00
-0.4710,-0.0008910,0.0000984,0.00015000,0.00000969,-4.2060608864e+00,3.5842424631e-01,0.4963,1.9333336353e+00
-0.4700,-0.0008940,0.0000984,0.00015000,0.00000968,-4.2181820869e+00,3.5846465826e-01,0.4973,1.9454548359e+00
-0.4690,-0.0008930,0.0000984,0.00015100,0.00000969,-4.2181820869e+00,3.5842424631e-01,0.4983,1.9454548359e+00
-0.4680,-0.0008910,0.0000984,0.00014900,0.00000967,-4.2020201683e+00,3.5850504041e-01,0.4993,1.9292929173e+00
-0.4670,-0.0008910,0.0000983,0.00015000,0.00000968,-4.2060608864e+00,3.5806059837e-01,0.5003,1.9333336353e+00
-0.4660,-0.0008900,0.0000984,0.00015100,0.00000969,-4.2060608864e+00,3.5842424631e-01,0.5013,1.9333336353e+00
-0.4650,-0.0008910,0.0000984,0.00015000,0.00000967,-4.2060608864e+00,3.5850504041e-01,0.5023,1.9333336353e+00
-0.4640,-0.0008910,0.0000985,0.00015000,0.00000969,-4.2060608864e+00,3.5882830620e-01,0.5033,1.9333336353e+00
-0.4630,-0.0008890,0.0000984,0.00015000,0.00000965,-4.1979799271e+00,3.5858586431e-01,0.5043,1.9252526760e+00
-0.4620,-0.0008930,0.0000984,0.00015000,0.00000968,-4.2141413689e+00,3.5846465826e-01,0.5053,1.9414141178e+00
-0.4610,-0.0008900,0.0000985,0.00015100,0.00000967,-4.2060608864e+00,3.5890907049e-01,0.5063,1.9333336353e+00
-0.4600,-0.0008900,0.0000985,0.00015000,0.00000965,-4.2020201683e+00,3.5898989439e-01,0.5073,1.9292929173e+00
-0.4590,-0.0008930,0.0000985,0.00015000,0.00000964,-4.2141413689e+00,3.5903033614e-01,0.5083,1.9414141178e+00
-0.4580,-0.0008880,0.0000985,0.00015000,0.00000960,-4.1939392090e+00,3.5919192433e-01,0.5093,1.9212119579e+00
-0.4570,-0.0008920,0.0000986,0.00014900,0.00000967,-4.2060608864e+00,3.5931313038e-01,0.5103,1.9333336353e+00
-0.4560,-0.0008910,0.0000986,0.00015000,0.00000961,-4.2060608864e+00,3.5955557227e-01,0.5113,1.9333336353e+00
-0.4550,-0.0008890,0.0000984,0.00015000,0.00000966,-4.1979799271e+00,3.5854545236e-01,0.5123,1.9252526760e+00
-0.4540,-0.0008910,0.0000984,0.00015000,0.00000964,-4.2060608864e+00,3.5862627625e-01,0.5133,1.9333336353e+00
-0.4530,-0.0008900,0.0000986,0.00015000,0.00000964,-4.2020201683e+00,3.5943436623e-01,0.5143,1.9292929173e+00
-0.4520,-0.0008900,0.0000984,0.00015000,0.00000966,-4.2020201683e+00,3.5854545236e-01,0.5153,1.9292929173e+00
-0.4510,-0.0008920,0.0000985,0.00015000,0.00000965,-4.2101011276e+00,3.5898989439e-01,0.5163,1.9373738766e+00
-0.4500,-0.0008890,0.0000984,0.00015000,0.00000965,-4.1979799271e+00,3.5858586431e-01,0.5173,1.9252526760e+00
-0.4490,-0.0008920,0.0000983,0.00015000,0.00000966,-4.2101011276e+00,3.5814142227e-01,0.5183,1.9373738766e+00
-0.4480,-0.0008880,0.0000984,0.00015000,0.00000969,-4.1939392090e+00,3.5842424631e-01,0.5193,1.9212119579e+00
-0.4470,-0.0008900,0.0000983,0.00015000,0.00000964,-4.2020201683e+00,3.5822224617e-01,0.5203,1.9292929173e+00
-0.4460,-0.0008920,0.0000985,0.00014900,0.00000964,-4.2060608864e+00,3.5903033614e-01,0.5213,1.9333336353e+00
-0.4450,-0.0008880,0.0000982,0.00015500,0.00000991,-4.2141413689e+00,3.5672727227e-01,0.5223,1.9414141178e+00
-0.4440,-0.0008910,0.0000982,0.00015600,0.00000991,-4.2303028107e+00,3.5672727227e-01,0.5233,1.9575755596e+00
-0.4430,-0.0008920,0.0000983,0.00015500,0.00000992,-4.2303028107e+00,3.5709092021e-01,0.5243,1.9575755596e+00
-0.4420,-0.0008890,0.0000983,0.00015400,0.00000992,-4.2141413689e+00,3.5709092021e-01,0.5253,1.9414141178e+00
-0.4410,-0.0008930,0.0000982,0.00015300,0.00000989,-4.2262630463e+00,3.5680809617e-01,0.5263,1.9535357952e+00
-0.4400,-0.0008920,0.0000981,0.00015300,0.00000990,-4.2222223282e+00,3.5636362433e-01,0.5273,1.9494950771e+00
-0.4390,-0.0008900,0.0000981,0.00015200,0.00000990,-4.2101011276e+00,3.5636362433e-01,0.5283,1.9373738766e+00
-0.4380,-0.0008930,0.0000980,0.00015200,0.00000991,-4.2222223282e+00,3.5591918230e-01,0.5293,1.9494950771e+00
-0.4370,-0.0008900,0.0000980,0.00015100,0.00000991,-4.2060608864e+00,3.5591918230e-01,0.5303,1.9333336353e+00
-0.4360,-0.0008940,0.0000979,0.00015100,0.00000990,-4.2222223282e+00,3.5555556417e-01,0.5313,1.9494950771e+00
-0.4350,-0.0008920,0.0000979,0.00015100,0.00000990,-4.2141413689e+00,3.5555556417e-01,0.5323,1.9414141178e+00
-0.4340,-0.0008920,0.0000977,0.00015000,0.00000989,-4.2101011276e+00,3.5478788614e-01,0.5333,1.9373738766e+00
-0.4330,-0.0008940,0.0000977,0.00015000,0.00000987,-4.2181820869e+00,3.5486871004e-01,0.5343,1.9454548359e+00
-0.4320,-0.0008920,0.0000976,0.00015000,0.00000987,-4.2101011276e+00,3.5446467996e-01,0.5353,1.9373738766e+00
-0.4310,-0.0008930,0.0000975,0.00015000,0.00000989,-4.2141413689e+00,3.5397979617e-01,0.5363,1.9414141178e+00
-0.4300,-0.0008940,0.0000975,0.00015000,0.00000989,-4.2181820869e+00,3.5397979617e-01,0.5373,1.9454548359e+00
-0.4290,-0.0008930,0.0000974,0.00014900,0.00000989,-4.2101011276e+00,3.5357576609e-01,0.5383,1.9373738766e+00
-0.4280,-0.0008940,0.0000973,0.00014800,0.00000987,-4.2101011276e+00,3.5325253010e-01,0.5393,1.9373738766e+00
-0.4270,-0.0008940,0.0000971,0.00014900,0.00000989,-4.2141413689e+00,3.5236364603e-01,0.5403,1.9414141178e+00
-0.4260,-0.0008930,0.0000969,0.00014900,0.00000989,-4.2101011276e+00,3.5155558586e-01,0.5413,1.9373738766e+00
-0.4250,-0.0008940,0.0000969,0.00014900,0.00000988,-4.2141413689e+00,3.5159596801e-01,0.5423,1.9414141178e+00
-0.4240,-0.0008880,0.0000968,0.00014800,0.00000987,-4.1858582497e+00,3.5123232007e-01,0.5433,1.9131309986e+00
-0.4230,-0.0008980,0.0000966,0.00014900,0.00000987,-4.2303032875e+00,3.5042423010e-01,0.5443,1.9575760365e+00
-0.4220,-0.0008960,0.0000967,0.00014900,0.00000988,-4.2222223282e+00,3.5078787804e-01,0.5453,1.9494950771e+00
-0.4210,-0.0008930,0.0000965,0.00014800,0.00000987,-4.2060608864e+00,3.5002020001e-01,0.5463,1.9333336353e+00
-0.4200,-0.0008970,0.0000965,0.00014900,0.00000988,-4.2262630463e+00,3.4997978806e-01,0.5473,1.9535357952e+00
-0.4190,-0.0008960,0.0000964,0.00014800,0.00000987,-4.2181820869e+00,3.4961614013e-01,0.5483,1.9454548359e+00
-0.4180,-0.0008970,0.0000961,0.00014800,0.00000988,-4.2222223282e+00,3.4836360812e-01,0.5493,1.9494950771e+00
-0.4170,-0.0008970,0.0000960,0.00014800,0.00000986,-4.2222223282e+00,3.4804043174e-01,0.5503,1.9494950771e+00
-0.4160,-0.0008970,0.0000958,0.00014800,0.00000986,-4.2222223282e+00,3.4723234177e-01,0.5513,1.9494950771e+00
-0.4150,-0.0008980,0.0000958,0.00014800,0.00000986,-4.2262630463e+00,3.4723234177e-01,0.5523,1.9535357952e+00
-0.4140,-0.0008990,0.0000957,0.00014800,0.00000987,-4.2303028107e+00,3.4678789973e-01,0.5533,1.9575755596e+00
-0.4130,-0.0008970,0.0000954,0.00014800,0.00000987,-4.2222223282e+00,3.4557577968e-01,0.5543,1.9494950771e+00
-0.4120,-0.0009000,0.0000953,0.00014800,0.00000986,-4.2343430519e+00,3.4521210194e-01,0.5553,1.9616158009e+00
-0.4110,-0.0008970,0.0000951,0.00014800,0.00000987,-4.2222223282e+00,3.4436362982e-01,0.5563,1.9494950771e+00
-0.4100,-0.0009000,0.0000950,0.00014800,0.00000987,-4.2343430519e+00,3.4395959973e-01,0.5573,1.9616158009e+00
-0.4090,-0.0008990,0.0000949,0.00014900,0.00000988,-4.2343430519e+00,3.4351515770e-01,0.5583,1.9616158009e+00
-0.4080,-0.0008990,0.0000945,0.00014800,0.00000987,-4.2303028107e+00,3.4193938971e-01,0.5593,1.9575755596e+00
-0.4070,-0.0009020,0.0000945,0.00014800,0.00000986,-4.2424240112e+00,3.4197980165e-01,0.5603,1.9696967602e+00
-0.4060,-0.0009010,0.0000944,0.00014800,0.00000987,-4.2383837700e+00,3.4153532982e-01,0.5613,1.9656565189e+00
-0.4050,-0.0009010,0.0000941,0.00014800,0.00000987,-4.2383837700e+00,3.4032326937e-01,0.5623,1.9656565189e+00
-0.4040,-0.0009040,0.0000940,0.00014800,0.00000986,-4.2505049706e+00,3.3995962143e-01,0.5633,1.9777777195e+00
-0.4030,-0.0009000,0.0000939,0.00014800,0.00000986,-4.2343430519e+00,3.3955556154e-01,0.5643,1.9616158009e+00
-0.4020,-0.0009030,0.0000935,0.00014700,0.00000986,-4.2424240112e+00,3.3793938160e-01,0.5653,1.9696967602e+00
-0.4010,-0.0009050,0.0000933,0.00014700,0.00000986,-4.2505049706e+00,3.3713129163e-01,0.5663,1.9777777195e+00
-0.4000,-0.0009040,0.0000932,0.00014700,0.00000985,-4.2464647293e+00,3.3676764369e-01,0.5673,1.9737374783e+00
-0.3990,-0.0009070,0.0000930,0.00014700,0.00000984,-4.2585859299e+00,3.3600002527e-01,0.5683,1.9858586788e+00
-0.3980,-0.0009050,0.0000928,0.00014700,0.00000984,-4.2505049706e+00,3.3519193530e-01,0.5693,1.9777777195e+00
-0.3970,-0.0009060,0.0000925,0.00014700,0.00000983,-4.2545452118e+00,3.3402019739e-01,0.5703,1.9818179607e+00
-0.3960,-0.0009100,0.0000925,0.00014700,0.00000984,-4.2707071304e+00,3.3397981524e-01,0.5713,1.9979798794e+00
-0.3950,-0.0009050,0.0000922,0.00014700,0.00000984,-4.2505049706e+00,3.3276769519e-01,0.5723,1.9777777195e+00
-0.3940,-0.0009110,0.0000919,0.00014700,0.00000983,-4.2747473717e+00,3.3159595728e-01,0.5733,2.0020201206e+00
-0.3930,-0.0009090,0.0000918,0.00014600,0.00000982,-4.2626261711e+00,3.3123233914e-01,0.5743,1.9898989201e+00
-0.3920,-0.0009080,0.0000915,0.00014600,0.00000982,-4.2585859299e+00,3.3002021909e-01,0.5753,1.9858586788e+00
-0.3910,-0.0009120,0.0000914,0.00014600,0.00000984,-4.2747473717e+00,3.2953536510e-01,0.5763,2.0020201206e+00
-0.3900,-0.0009110,0.0000911,0.00014600,0.00000984,-4.2707071304e+00,3.2832324505e-01,0.5773,1.9979798794e+00
-0.3890,-0.0009120,0.0000909,0.00014600,0.00000983,-4.2747473717e+00,3.2755556703e-01,0.5783,2.0020201206e+00
-0.3880,-0.0009160,0.0000906,0.00014600,0.00000982,-4.2909088135e+00,3.2638382912e-01,0.5793,2.0181815624e+00
-0.3870,-0.0009110,0.0000903,0.00014600,0.00000984,-4.2707071304e+00,3.2509091496e-01,0.5803,1.9979798794e+00
-0.3860,-0.0009140,0.0000900,0.00014600,0.00000985,-4.2828278542e+00,3.2383838296e-01,0.5813,2.0101006031e+00
-0.3850,-0.0009160,0.0000900,0.00014600,0.00000985,-4.2909088135e+00,3.2383838296e-01,0.5823,2.0181815624e+00
-0.3840,-0.0009150,0.0000896,0.00014500,0.00000982,-4.2828278542e+00,3.2234343886e-01,0.5833,2.0101006031e+00
-0.3830,-0.0009160,0.0000894,0.00014500,0.00000983,-4.2868685722e+00,3.2149493694e-01,0.5843,2.0141413212e+00
-0.3820,-0.0009190,0.0000892,0.00014600,0.00000984,-4.3030300140e+00,3.2064649463e-01,0.5853,2.0303027630e+00
-0.3810,-0.0009160,0.0000887,0.00014600,0.00000985,-4.2909088135e+00,3.1858584285e-01,0.5863,2.0181815624e+00
-0.3800,-0.0009210,0.0000886,0.00014600,0.00000983,-4.3111109734e+00,3.1826260686e-01,0.5873,2.0383837223e+00
-0.3790,-0.0009200,0.0000884,0.00014500,0.00000984,-4.3030300140e+00,3.1741413474e-01,0.5883,2.0303027630e+00
-0.3780,-0.0009190,0.0000880,0.00014500,0.00000984,-4.2989897728e+00,3.1579798460e-01,0.5893,2.0262625217e+00
-0.3770,-0.0009220,0.0000877,0.00014600,0.00000984,-4.3151516914e+00,3.1458586454e-01,0.5903,2.0424244404e+00
-0.3760,-0.0009210,0.0000874,0.00014500,0.00000985,-4.3070707321e+00,3.1333333254e-01,0.5913,2.0343434811e+00
-0.3750,-0.0009230,0.0000871,0.00014500,0.00000983,-4.3151516914e+00,3.1220203638e-01,0.5923,2.0424244404e+00
-0.3740,-0.0009240,0.0000870,0.00014500,0.00000983,-4.3191919327e+00,3.1179797649e-01,0.5933,2.0464646816e+00
-0.3730,-0.0009240,0.0000866,0.00014500,0.00000985,-4.3191919327e+00,3.1010100245e-01,0.5943,2.0464646816e+00
-0.3720,-0.0009270,0.0000864,0.00014500,0.00000985,-4.3313131332e+00,3.0929294229e-01,0.5953,2.0585858822e+00
-0.3710,-0.0009270,0.0000860,0.00014500,0.00000984,-4.3313131332e+00,3.0771717429e-01,0.5963,2.0585858822e+00
-0.3700,-0.0009250,0.0000856,0.00014500,0.00000985,-4.3232321739e+00,3.0606058240e-01,0.5973,2.0505049229e+00
-0.3690,-0.0009310,0.0000854,0.00014500,0.00000984,-4.3474750519e+00,3.0529296398e-01,0.5983,2.0747478008e+00
-0.3680,-0.0009270,0.0000851,0.00014500,0.00000985,-4.3313131332e+00,3.0404040217e-01,0.5993,2.0585858822e+00
-0.3670,-0.0009300,0.0000848,0.00014500,0.00000985,-4.3434343338e+00,3.0282825232e-01,0.6003,2.0707070827e+00
-0.3660,-0.0009340,0.0000846,0.00014500,0.00000985,-4.3595962524e+00,3.0202019215e-01,0.6013,2.0868690014e+00
-0.3650,-0.0009290,0.0000842,0.00014500,0.00000985,-4.3393940926e+00,3.0040404201e-01,0.6023,2.0666668415e+00
-0.3640,-0.0009350,0.0000839,0.00014400,0.00000984,-4.3595962524e+00,2.9923233390e-01,0.6033,2.0868690014e+00
-0.3630,-0.0009330,0.0000836,0.00014400,0.00000984,-4.3515152931e+00,2.9802021384e-01,0.6043,2.0787880421e+00
-0.3620,-0.0009350,0.0000832,0.00014400,0.00000985,-4.3595962524e+00,2.9636362195e-01,0.6053,2.0868690014e+00
-0.3610,-0.0009360,0.0000829,0.00014400,0.00000984,-4.3636364937e+00,2.9519191384e-01,0.6063,2.0909092426e+00
-0.3600,-0.0009360,0.0000826,0.00014400,0.00000984,-4.3636364937e+00,2.9397982359e-01,0.6073,2.0909092426e+00
-0.3590,-0.0009400,0.0000822,0.00014400,0.00000984,-4.3797979355e+00,2.9236364365e-01,0.6083,2.1070706844e+00
-0.3580,-0.0009380,0.0000821,0.00014400,0.00000983,-4.3717169762e+00,2.9199999571e-01,0.6093,2.0989897251e+00
-0.3570,-0.0009410,0.0000816,0.00014400,0.00000982,-4.3838381767e+00,2.9002019763e-01,0.6103,2.1111109257e+00
-0.3560,-0.0009410,0.0000813,0.00014400,0.00000984,-4.3838381767e+00,2.8872728348e-01,0.6113,2.1111109257e+00
-0.3550,-0.0009410,0.0000808,0.00014400,0.00000985,-4.3838381767e+00,2.8666663170e-01,0.6123,2.1111109257e+00
-0.3540,-0.0009420,0.0000805,0.00014400,0.00000983,-4.3878788948e+00,2.8553536534e-01,0.6133,2.1151516438e+00
-0.3530,-0.0009430,0.0000802,0.00014300,0.00000984,-4.3878788948e+00,2.8428283334e-01,0.6143,2.1151516438e+00
-0.3520,-0.0009410,0.0000797,0.00014200,0.00000979,-4.3757576942e+00,2.8246468306e-01,0.6153,2.1030304432e+00
-0.3510,-0.0009430,0.0000795,0.00014300,0.00000981,-4.3878788948e+00,2.8157576919e-01,0.6163,2.1151516438e+00
-0.3500,-0.0009440,0.0000791,0.00014200,0.00000980,-4.3878788948e+00,2.8000000119e-01,0.6173,2.1151516438e+00
-0.3490,-0.0009420,0.0000788,0.00014200,0.00000981,-4.3797979355e+00,2.7874749899e-01,0.6183,2.1070706844e+00
-0.3480,-0.0009490,0.0000785,0.00014200,0.00000977,-4.4080810547e+00,2.7769696712e-01,0.6193,2.1353538036e+00
-0.3470,-0.0009440,0.0000782,0.00014200,0.00000976,-4.3878788948e+00,2.7652525902e-01,0.6203,2.1151516438e+00
-0.3460,-0.0009510,0.0000778,0.00014200,0.00000976,-4.4161620140e+00,2.7490910888e-01,0.6213,2.1434347630e+00
-0.3450,-0.0009490,0.0000776,0.00014200,0.00000977,-4.4080810547e+00,2.7406060696e-01,0.6223,2.1353538036e+00
-0.3440,-0.0009530,0.0000773,0.00014100,0.00000979,-4.4202017784e+00,2.7276769280e-01,0.6233,2.1474745274e+00
-0.3430,-0.0009550,0.0000768,0.00014200,0.00000979,-4.4323229790e+00,2.7074748278e-01,0.6243,2.1595957279e+00
-0.3420,-0.0009540,0.0000765,0.00014200,0.00000977,-4.4282827377e+00,2.6961615682e-01,0.6253,2.1555554867e+00
-0.3410,-0.0009550,0.0000760,0.00014200,0.00000979,-4.4323229790e+00,2.6751515269e-01,0.6263,2.1595957279e+00
-0.3400,-0.0009570,0.0000760,0.00014200,0.00000980,-4.4404039383e+00,2.6747474074e-01,0.6273,2.1676766872e+00
-0.3390,-0.0009560,0.0000754,0.00014200,0.00000979,-4.4363636971e+00,2.6509091258e-01,0.6283,2.1636364460e+00
-0.3380,-0.0009640,0.0000752,0.00014200,0.00000976,-4.4686870575e+00,2.6440402865e-01,0.6293,2.1959598064e+00
-0.3370,-0.0009610,0.0000748,0.00014200,0.00000976,-4.4565658569e+00,2.6278787851e-01,0.6303,2.1838386059e+00
-0.3360,-0.0009620,0.0000744,0.00014100,0.00000976,-4.4565658569e+00,2.6117172837e-01,0.6313,2.1838386059e+00
-0.3350,-0.0009630,0.0000741,0.00014100,0.00000976,-4.4606060982e+00,2.5995957851e-01,0.6323,2.1878788471e+00
-0.3340,-0.0009590,0.0000737,0.00014100,0.00000978,-4.4444446564e+00,2.5826263428e-01,0.6333,2.1717174053e+00
-0.3330,-0.0009670,0.0000733,0.00014100,0.00000977,-4.4767680168e+00,2.5668683648e-01,0.6343,2.2040407658e+00
-0.3320,-0.0009640,0.0000730,0.00014100,0.00000978,-4.4646468163e+00,2.5543436408e-01,0.6353,2.1919195652e+00
-0.3310,-0.0009660,0.0000725,0.00014100,0.00000976,-4.4727272987e+00,2.5349494815e-01,0.6363,2.2000000477e+00
-0.3300,-0.0009660,0.0000723,0.00014100,0.00000976,-4.4727272987e+00,2.5268685818e-01,0.6373,2.2000000477e+00
-0.3290,-0.0009680,0.0000719,0.00014100,0.00000978,-4.4808077812e+00,2.5098991394e-01,0.6383,2.2080805302e+00
-0.3280,-0.0009690,0.0000717,0.00014100,0.00000977,-4.4848484993e+00,2.5022220612e-01,0.6393,2.2121212482e+00
-0.3270,-0.0009690,0.0000711,0.00014100,0.00000976,-4.4848484993e+00,2.4783840775e-01,0.6403,2.2121212482e+00
-0.3260,-0.0009700,0.0000709,0.00014100,0.00000976,-4.4888887405e+00,2.4703031778e-01,0.6413,2.2161614895e+00
-0.3250,-0.0009720,0.0000706,0.00014100,0.00000976,-4.4969696999e+00,2.4581818283e-01,0.6423,2.2242424488e+00
-0.3240,-0.0009640,0.0000701,0.00014100,0.00000976,-4.4646468163e+00,2.4379800260e-01,0.6433,2.1919195652e+00
-0.3230,-0.0009780,0.0000698,0.00014000,0.00000975,-4.5171718597e+00,2.4262626469e-01,0.6443,2.2444446087e+00
-0.3220,-0.0009780,0.0000696,0.00014000,0.00000975,-4.5171718597e+00,2.4181817472e-01,0.6453,2.2444446087e+00
-0.3210,-0.0009750,0.0000691,0.00014000,0.00000976,-4.5050506592e+00,2.3975759745e-01,0.6463,2.2323234081e+00
-0.3200,-0.0009800,0.0000687,0.00014000,0.00000975,-4.5252528191e+00,2.3818181455e-01,0.6473,2.2525255680e+00
-0.3190,-0.0009800,0.0000684,0.00014000,0.00000976,-4.5252528191e+00,2.3692928255e-01,0.6483,2.2525255680e+00
-0.3180,-0.0009760,0.0000680,0.00014000,0.00000976,-4.5090909004e+00,2.3531314731e-01,0.6493,2.2363636494e+00
-0.3170,-0.0009820,0.0000677,0.00014000,0.00000976,-4.5333333015e+00,2.3410101235e-01,0.6503,2.2606060505e+00
-0.3160,-0.0009810,0.0000674,0.00014000,0.00000974,-4.5292930603e+00,2.3296968639e-01,0.6513,2.2565658092e+00
-0.3150,-0.0009790,0.0000669,0.00014000,0.00000976,-4.5212121010e+00,2.3086869717e-01,0.6523,2.2484848499e+00
-0.3140,-0.0009850,0.0000667,0.00013900,0.00000975,-4.5414142609e+00,2.3010100424e-01,0.6533,2.2686870098e+00
-0.3130,-0.0009860,0.0000664,0.00013900,0.00000975,-4.5454549789e+00,2.2888889909e-01,0.6543,2.2727277279e+00
-0.3120,-0.0009830,0.0000659,0.00014000,0.00000975,-4.5373740196e+00,2.2686867416e-01,0.6553,2.2646467686e+00
-0.3110,-0.0009900,0.0000657,0.00013900,0.00000972,-4.5616159439e+00,2.2618182003e-01,0.6563,2.2888886929e+00
-0.3100,-0.0009870,0.0000654,0.00013900,0.00000972,-4.5494947433e+00,2.2496971488e-01,0.6573,2.2767674923e+00
-0.3090,-0.0009870,0.0000647,0.00013900,0.00000972,-4.5494947433e+00,2.2214141488e-01,0.6583,2.2767674923e+00
-0.3080,-0.0009870,0.0000646,0.00013900,0.00000971,-4.5494947433e+00,2.2177776694e-01,0.6593,2.2767674923e+00
-0.3070,-0.0009880,0.0000642,0.00013900,0.00000968,-4.5535354614e+00,2.2028283775e-01,0.6603,2.2808082104e+00
-0.3060,-0.0009890,0.0000639,0.00013800,0.00000967,-4.5535354614e+00,2.1911111474e-01,0.6613,2.2808082104e+00
-0.3050,-0.0009920,0.0000636,0.00013800,0.00000969,-4.5656566620e+00,2.1781817079e-01,0.6623,2.2929294109e+00
-0.3040,-0.0009920,0.0000631,0.00013800,0.00000967,-4.5656566620e+00,2.1587879956e-01,0.6633,2.2929294109e+00
-0.3030,-0.0009930,0.0000629,0.00013800,0.00000969,-4.5696969032e+00,2.1498990059e-01,0.6643,2.2969696522e+00
-0.3020,-0.0009930,0.0000626,0.00013700,0.00000966,-4.5656566620e+00,2.1389898658e-01,0.6653,2.2929294109e+00
-0.3010,-0.0009960,0.0000622,0.00013800,0.00000969,-4.5818181038e+00,2.1216161549e-01,0.6663,2.3090908527e+00
-0.3000,-0.0009940,0.0000617,0.00013800,0.00000969,-4.5737376213e+00,2.1014140546e-01,0.6673,2.3010103703e+00
-0.2990,-0.0009940,0.0000613,0.00013700,0.00000967,-4.5696969032e+00,2.0860606432e-01,0.6683,2.2969696522e+00
-0.2980,-0.0009980,0.0000612,0.00013700,0.00000967,-4.5858588219e+00,2.0820203424e-01,0.6693,2.3131315708e+00
-0.2970,-0.0009920,0.0000607,0.00013700,0.00000967,-4.5616159439e+00,2.0618182421e-01,0.6703,2.2888886929e+00
-0.2960,-0.0010000,0.0000603,0.00013700,0.00000967,-4.5939397812e+00,2.0456565917e-01,0.6713,2.3212125301e+00
-0.2950,-0.0009970,0.0000601,0.00013700,0.00000966,-4.5818181038e+00,2.0379798114e-01,0.6723,2.3090908527e+00
-0.2940,-0.0009980,0.0000597,0.00013700,0.00000965,-4.5858588219e+00,2.0222221315e-01,0.6733,2.3131315708e+00
-0.2930,-0.0010000,0.0000593,0.00013700,0.00000968,-4.5939397812e+00,2.0048485696e-01,0.6743,2.3212125301e+00
-0.2920,-0.0010000,0.0000593,0.00013700,0.00000969,-4.5939397812e+00,2.0044444501e-01,0.6753,2.3212125301e+00
-0.2910,-0.0009990,0.0000588,0.00013600,0.00000966,-4.5858588219e+00,1.9854545593e-01,0.6763,2.3131315708e+00
-0.2900,-0.0010000,0.0000585,0.00013700,0.00000965,-4.5939397812e+00,1.9737374783e-01,0.6773,2.3212125301e+00
-0.2890,-0.0010000,0.0000582,0.00013600,0.00000965,-4.5898990631e+00,1.9616161287e-01,0.6783,2.3171718121e+00
-0.2880,-0.0010100,0.0000578,0.00013600,0.00000966,-4.6303029060e+00,1.9450505078e-01,0.6793,2.3575756550e+00
-0.2870,-0.0010100,0.0000576,0.00013700,0.00000965,-4.6343436241e+00,1.9373735785e-01,0.6803,2.3616163731e+00
-0.2860,-0.0010100,0.0000572,0.00013600,0.00000965,-4.6303029060e+00,1.9212120771e-01,0.6813,2.3575756550e+00
-0.2850,-0.0010100,0.0000568,0.00013600,0.00000965,-4.6303029060e+00,1.9050504267e-01,0.6823,2.3575756550e+00
-0.2840,-0.0010100,0.0000566,0.00013600,0.00000963,-4.6303029060e+00,1.8977779150e-01,0.6833,2.3575756550e+00
-0.2830,-0.0010100,0.0000562,0.00013600,0.00000965,-4.6303029060e+00,1.8808080256e-01,0.6843,2.3575756550e+00
-0.2820,-0.0010100,0.0000559,0.00013500,0.00000964,-4.6262626648e+00,1.8690909445e-01,0.6853,2.3535354137e+00
-0.2810,-0.0010100,0.0000556,0.00013600,0.00000964,-4.6303029060e+00,1.8569697440e-01,0.6863,2.3575756550e+00
-0.2800,-0.0010100,0.0000552,0.00013600,0.00000966,-4.6303029060e+00,1.8400000036e-01,0.6873,2.3575756550e+00
-0.2790,-0.0010100,0.0000550,0.00013500,0.00000962,-4.6262626648e+00,1.8335354328e-01,0.6883,2.3535354137e+00
-0.2780,-0.0010100,0.0000546,0.00013500,0.00000965,-4.6262626648e+00,1.8161615729e-01,0.6893,2.3535354137e+00
-0.2770,-0.0010100,0.0000543,0.00013500,0.00000963,-4.6262626648e+00,1.8048484623e-01,0.6903,2.3535354137e+00
-0.2760,-0.0010100,0.0000541,0.00013400,0.00000964,-4.6222219467e+00,1.7963637412e-01,0.6913,2.3494946957e+00
-0.2750,-0.0010100,0.0000536,0.00013500,0.00000960,-4.6262626648e+00,1.7777778208e-01,0.6923,2.3535354137e+00
-0.2740,-0.0010200,0.0000534,0.00013500,0.00000962,-4.6666665077e+00,1.7688888311e-01,0.6933,2.3939392567e+00
-0.2730,-0.0010100,0.0000529,0.00013400,0.00000963,-4.6222219467e+00,1.7482827604e-01,0.6943,2.3494946957e+00
-0.2720,-0.0010200,0.0000527,0.00013500,0.00000962,-4.6666665077e+00,1.7406059802e-01,0.6953,2.3939392567e+00
-0.2710,-0.0010100,0.0000524,0.00013500,0.00000962,-4.6262626648e+00,1.7284847796e-01,0.6963,2.3535354137e+00
-0.2700,-0.0010200,0.0000520,0.00013400,0.00000960,-4.6626262665e+00,1.7131312191e-01,0.6973,2.3898990154e+00
-0.2690,-0.0010100,0.0000517,0.00013400,0.00000962,-4.6222219467e+00,1.7002019286e-01,0.6983,2.3494946957e+00
-0.2680,-0.0010100,0.0000514,0.00013400,0.00000960,-4.6222219467e+00,1.6888888180e-01,0.6993,2.3494946957e+00
-0.2670,-0.0010200,0.0000511,0.00013400,0.00000961,-4.6626262665e+00,1.6763636470e-01,0.7003,2.3898990154e+00
-0.2660,-0.0010200,0.0000508,0.00013400,0.00000962,-4.6626262665e+00,1.6638383269e-01,0.7013,2.3898990154e+00
-0.2650,-0.0010100,0.0000506,0.00013400,0.00000963,-4.6222219467e+00,1.6553536057e-01,0.7023,2.3494946957e+00
-0.2640,-0.0010200,0.0000502,0.00013300,0.00000962,-4.6585855484e+00,1.6395960748e-01,0.7033,2.3858582973e+00
-0.2630,-0.0010200,0.0000500,0.00013300,0.00000959,-4.6585855484e+00,1.6327272356e-01,0.7043,2.3858582973e+00
-0.2620,-0.0010200,0.0000496,0.00013300,0.00000959,-4.6585855484e+00,1.6165655851e-01,0.7053,2.3858582973e+00
-0.2610,-0.0010200,0.0000492,0.00013300,0.00000958,-4.6585855484e+00,1.6008082032e-01,0.7063,2.3858582973e+00
-0.2600,-0.0010200,0.0000490,0.00013200,0.00000960,-4.6545453072e+00,1.5919190645e-01,0.7073,2.3818180561e+00
-0.2590,-0.0010100,0.0000486,0.00013200,0.00000960,-4.6141414642e+00,1.5757575631e-01,0.7083,2.3414142132e+00
-0.2580,-0.0010200,0.0000483,0.00013300,0.00000960,-4.6585855484e+00,1.5636363626e-01,0.7093,2.3858582973e+00
-0.2570,-0.0010200,0.0000481,0.00013200,0.00000959,-4.6545453072e+00,1.5559595823e-01,0.7103,2.3818180561e+00
-0.2560,-0.0010200,0.0000477,0.00013200,0.00000960,-4.6545453072e+00,1.5393939614e-01,0.7113,2.3818180561e+00
-0.2550,-0.0010200,0.0000475,0.00013200,0.00000961,-4.6545453072e+00,1.5309090912e-01,0.7123,2.3818180561e+00
-0.2540,-0.0010200,0.0000470,0.00013200,0.00000960,-4.6545453072e+00,1.5111111104e-01,0.7133,2.3818180561e+00
-0.2530,-0.0010200,0.0000467,0.00013200,0.00000958,-4.6545453072e+00,1.4997979999e-01,0.7143,2.3818180561e+00
-0.2520,-0.0010200,0.0000465,0.00013200,0.00000959,-4.6545453072e+00,1.4913131297e-01,0.7153,2.3818180561e+00
-0.2510,-0.0010200,0.0000461,0.00013100,0.00000957,-4.6505045891e+00,1.4759595692e-01,0.7163,2.3777773380e+00
-0.2500,-0.0010200,0.0000458,0.00013200,0.00000957,-4.6545453072e+00,1.4638383687e-01,0.7173,2.3818180561e+00
-0.2490,-0.0010200,0.0000455,0.00013100,0.00000953,-4.6505045891e+00,1.4533333480e-01,0.7183,2.3777773380e+00
-0.2480,-0.0010200,0.0000452,0.00013000,0.00000955,-4.6464643478e+00,1.4404040575e-01,0.7193,2.3737370968e+00
-0.2470,-0.0010200,0.0000450,0.00013000,0.00000951,-4.6464643478e+00,1.4339393377e-01,0.7203,2.3737370968e+00
-0.2460,-0.0010100,0.0000445,0.00013100,0.00000955,-4.6101007462e+00,1.4121212065e-01,0.7213,2.3373734951e+00
-0.2450,-0.0010200,0.0000443,0.00013000,0.00000957,-4.6464643478e+00,1.4032323658e-01,0.7223,2.3737370968e+00
-0.2440,-0.0010200,0.0000440,0.00013000,0.00000956,-4.6464643478e+00,1.3915151358e-01,0.7233,2.3737370968e+00
-0.2430,-0.0010200,0.0000436,0.00013000,0.00000954,-4.6464643478e+00,1.3761617243e-01,0.7243,2.3737370968e+00
-0.2420,-0.0010200,0.0000434,0.00012900,0.00000951,-4.6424236298e+00,1.3692928851e-01,0.7253,2.3696963787e+00
-0.2410,-0.0010100,0.0000430,0.00013000,0.00000953,-4.6060609818e+00,1.3523232937e-01,0.7263,2.3333337307e+00
-0.2400,-0.0010200,0.0000427,0.00013000,0.00000955,-4.6464643478e+00,1.3393940032e-01,0.7273,2.3737370968e+00
-0.2390,-0.0010200,0.0000425,0.00012900,0.00000950,-4.6424236298e+00,1.3333334029e-01,0.7283,2.3696963787e+00
-0.2380,-0.0010100,0.0000419,0.00012900,0.00000953,-4.6020202637e+00,1.3078787923e-01,0.7293,2.3292930126e+00
-0.2370,-0.0010200,0.0000418,0.00012900,0.00000948,-4.6424236298e+00,1.3058586419e-01,0.7303,2.3696963787e+00
-0.2360,-0.0010100,0.0000414,0.00012900,0.00000953,-4.6020202637e+00,1.2876766920e-01,0.7313,2.3292930126e+00
-0.2350,-0.0010100,0.0000410,0.00012900,0.00000952,-4.6020202637e+00,1.2719191611e-01,0.7323,2.3292930126e+00
-0.2340,-0.0010100,0.0000407,0.00012900,0.00000950,-4.6020202637e+00,1.2606060505e-01,0.7333,2.3292930126e+00
-0.2330,-0.0010100,0.0000404,0.00012900,0.00000953,-4.6020202637e+00,1.2472725660e-01,0.7343,2.3292930126e+00
-0.2320,-0.0010100,0.0000400,0.00012800,0.00000949,-4.5979800224e+00,1.2327273190e-01,0.7353,2.3252527714e+00
-0.2310,-0.0010100,0.0000398,0.00012900,0.00000953,-4.6020202637e+00,1.2230303138e-01,0.7363,2.3292930126e+00
-0.2300,-0.0010100,0.0000394,0.00012800,0.00000952,-4.5979800224e+00,1.2072727829e-01,0.7373,2.3252527714e+00
-0.2290,-0.0010100,0.0000391,0.00012800,0.00000951,-4.5979800224e+00,1.1955555528e-01,0.7383,2.3252527714e+00
-0.2280,-0.0010000,0.0000386,0.00012800,0.00000954,-4.5575761795e+00,1.1741413921e-01,0.7393,2.2848489285e+00
-0.2270,-0.0010000,0.0000383,0.00012800,0.00000953,-4.5575761795e+00,1.1624242365e-01,0.7403,2.2848489285e+00
-0.2260,-0.0010000,0.0000381,0.00012700,0.00000948,-4.5535359383e+00,1.1563636363e-01,0.7413,2.2808086872e+00
-0.2250,-0.0009990,0.0000377,0.00012800,0.00000951,-4.5535359383e+00,1.1389898509e-01,0.7423,2.2808086872e+00
-0.2240,-0.0009980,0.0000373,0.00012700,0.00000945,-4.5454549789e+00,1.1252525449e-01,0.7433,2.2727277279e+00
-0.2230,-0.0009960,0.0000370,0.00012600,0.00000945,-4.5333333015e+00,1.1131314188e-01,0.7443,2.2606060505e+00
-0.2220,-0.0009920,0.0000366,0.00012700,0.00000949,-4.5212121010e+00,1.0953535140e-01,0.7453,2.2484848499e+00
-0.2210,-0.0009940,0.0000363,0.00012700,0.00000946,-4.5292930603e+00,1.0844444484e-01,0.7463,2.2565658092e+00
-0.2200,-0.0009880,0.0000358,0.00012600,0.00000947,-4.5010099411e+00,1.0638383776e-01,0.7473,2.2282826900e+00
-0.2190,-0.0009880,0.0000355,0.00012700,0.00000950,-4.5050506592e+00,1.0505051166e-01,0.7483,2.2323234081e+00
-0.2180,-0.0009840,0.0000352,0.00012600,0.00000944,-4.4848489761e+00,1.0408080369e-01,0.7493,2.2121217251e+00
-0.2170,-0.0009850,0.0000348,0.00012600,0.00000946,-4.4888892174e+00,1.0238383710e-01,0.7503,2.2161619663e+00
-0.2160,-0.0009810,0.0000345,0.00012700,0.00000947,-4.4767680168e+00,1.0113131255e-01,0.7513,2.2040407658e+00
-0.2150,-0.0009770,0.0000340,0.00012700,0.00000946,-4.4606060982e+00,9.9151514471e-02,0.7523,2.1878788471e+00
-0.2140,-0.0009780,0.0000337,0.00012600,0.00000945,-4.4606060982e+00,9.7979791462e-02,0.7533,2.1878788471e+00
-0.2130,-0.0009760,0.0000333,0.00012600,0.00000950,-4.4525251389e+00,9.6161611378e-02,0.7543,2.1797978878e+00
-0.2120,-0.0009680,0.0000329,0.00012600,0.00000943,-4.4202017784e+00,9.4828277826e-02,0.7553,2.1474745274e+00
-0.2110,-0.0009700,0.0000325,0.00012500,0.00000944,-4.4242424965e+00,9.3171715736e-02,0.7563,2.1515152454e+00
-0.2100,-0.0009640,0.0000322,0.00012600,0.00000946,-4.4040403366e+00,9.1878794134e-02,0.7573,2.1313130856e+00
-0.2090,-0.0009630,0.0000317,0.00012600,0.00000948,-4.4000000954e+00,8.9777782559e-02,0.7583,2.1272728443e+00
-0.2080,-0.0009600,0.0000314,0.00012500,0.00000949,-4.3838381767e+00,8.8525250554e-02,0.7593,2.1111109257e+00
-0.2070,-0.0009520,0.0000310,0.00012500,0.00000949,-4.3515148163e+00,8.6909092963e-02,0.7603,2.0787875652e+00
-0.2060,-0.0009550,0.0000306,0.00012600,0.00000946,-4.3676767349e+00,8.5414141417e-02,0.7613,2.0949494839e+00
-0.2050,-0.0009480,0.0000302,0.00012500,0.00000947,-4.3353538513e+00,8.3757579327e-02,0.7623,2.0626266003e+00
-0.2040,-0.0009440,0.0000298,0.00012500,0.00000945,-4.3191919327e+00,8.2222215831e-02,0.7633,2.0464646816e+00
-0.2030,-0.0009430,0.0000294,0.00012500,0.00000946,-4.3151516914e+00,8.0565653741e-02,0.7643,2.0424244404e+00
-0.2020,-0.0009350,0.0000290,0.00012400,0.00000944,-4.2787880898e+00,7.9030305147e-02,0.7653,2.0060608387e+00
-0.2010,-0.0009320,0.0000286,0.00012400,0.00000939,-4.2666668892e+00,7.7616162598e-02,0.7663,1.9939396381e+00
-0.2000,-0.0009290,0.0000283,0.00012300,0.00000938,-4.2505049706e+00,7.6444447041e-02,0.7673,1.9777777195e+00
-0.1990,-0.0009230,0.0000278,0.00012400,0.00000943,-4.2303028107e+00,7.4222221971e-02,0.7683,1.9575755596e+00
-0.1980,-0.0009190,0.0000275,0.00012400,0.00000939,-4.2141413689e+00,7.3171719909e-02,0.7693,1.9414141178e+00
-0.1970,-0.0009150,0.0000271,0.00012300,0.00000940,-4.1939392090e+00,7.1515150368e-02,0.7703,1.9212119579e+00
-0.1960,-0.0009090,0.0000266,0.00012400,0.00000940,-4.1737370491e+00,6.9494947791e-02,0.7713,1.9010097980e+00
-0.1950,-0.0009050,0.0000263,0.00012400,0.00000938,-4.1575760841e+00,6.8363636732e-02,0.7723,1.8848488331e+00
-0.1940,-0.0008970,0.0000258,0.00012300,0.00000941,-4.1212124825e+00,6.6222220659e-02,0.7733,1.8484852314e+00
-0.1930,-0.0008950,0.0000255,0.00012400,0.00000942,-4.1171717644e+00,6.4969696105e-02,0.7743,1.8444445133e+00
-0.1920,-0.0008870,0.0000251,0.00012300,0.00000941,-4.0808081627e+00,6.3393943012e-02,0.7753,1.8080809116e+00
-0.1910,-0.0008810,0.0000246,0.00012200,0.00000939,-4.0525250435e+00,6.1454545707e-02,0.7763,1.7797977924e+00
-0.1900,-0.0008770,0.0000243,0.00012200,0.00000936,-4.0363631248e+00,6.0363635421e-02,0.7773,1.7636358738e+00
-0.1890,-0.0008690,0.0000239,0.00012100,0.00000935,-4.0000000000e+00,5.8787878603e-02,0.7783,1.7272727489e+00
-0.1880,-0.0008650,0.0000236,0.00012200,0.00000938,-3.9878790379e+00,5.7454545051e-02,0.7793,1.7151517868e+00
-0.1870,-0.0008550,0.0000231,0.00012300,0.00000939,-3.9515151978e+00,5.5393937975e-02,0.7803,1.6787879467e+00
-0.1860,-0.0008510,0.0000228,0.00012100,0.00000933,-3.9272727966e+00,5.4424248636e-02,0.7813,1.6545455456e+00
-0.1850,-0.0008430,0.0000225,0.00012200,0.00000934,-3.8989899158e+00,5.3171716630e-02,0.7823,1.6262626648e+00
-0.1840,-0.0008350,0.0000220,0.00012200,0.00000933,-3.8666667938e+00,5.1191922277e-02,0.7833,1.5939395428e+00
-0.1830,-0.0008310,0.0000217,0.00012200,0.00000934,-3.8505048752e+00,4.9939390272e-02,0.7843,1.5777776241e+00
-0.1820,-0.0008210,0.0000213,0.00012200,0.00000931,-3.8101010323e+00,4.8444446176e-02,0.7853,1.5373737812e+00
-0.1810,-0.0008150,0.0000210,0.00012200,0.00000931,-3.7858583927e+00,4.7232322395e-02,0.7863,1.5131311417e+00
-0.1800,-0.0008030,0.0000206,0.00012100,0.00000930,-3.7333333492e+00,4.5656569302e-02,0.7873,1.4606060982e+00
-0.1790,-0.0008010,0.0000202,0.00012100,0.00000929,-3.7252523899e+00,4.4080805033e-02,0.7883,1.4525251389e+00
-0.1780,-0.0007930,0.0000199,0.00012300,0.00000939,-3.7010099888e+00,4.2464651167e-02,0.7893,1.4282827377e+00
-0.1770,-0.0007810,0.0000195,0.00013000,0.00000973,-3.6808080673e+00,3.9474744350e-02,0.7903,1.4080808163e+00
-0.1760,-0.0007770,0.0000193,0.00012800,0.00000971,-3.6565654278e+00,3.8747474551e-02,0.7913,1.3838381767e+00
-0.1750,-0.0007660,0.0000189,0.00012600,0.00000970,-3.6040406227e+00,3.7171717733e-02,0.7923,1.3313133717e+00
-0.1740,-0.0007580,0.0000185,0.00012500,0.00000970,-3.5676767826e+00,3.5555556417e-02,0.7933,1.2949495316e+00
-0.1730,-0.0007510,0.0000183,0.00012400,0.00000971,-3.5353536606e+00,3.4707069397e-02,0.7943,1.2626264095e+00
-0.1720,-0.0007400,0.0000179,0.00012300,0.00000969,-3.4868686199e+00,3.3171717077e-02,0.7953,1.2141413689e+00
-0.1710,-0.0007320,0.0000176,0.00012300,0.00000969,-3.4545454979e+00,3.1959593296e-02,0.7963,1.1818182468e+00
-0.1700,-0.0007220,0.0000173,0.00012200,0.00000966,-3.4101011753e+00,3.0868690461e-02,0.7973,1.1373739243e+00
-0.1690,-0.0007100,0.0000169,0.00012200,0.00000964,-3.3616161346e+00,2.9333332554e-02,0.7983,1.0888888836e+00
-0.1680,-0.0007080,0.0000168,0.00012100,0.00000963,-3.3494949341e+00,2.8969699517e-02,0.7993,1.0767676830e+00
-0.1670,-0.0006930,0.0000164,0.00012100,0.00000963,-3.2888886929e+00,2.7353532612e-02,0.8003,1.0161614418e+00
-0.1660,-0.0006840,0.0000161,0.00012100,0.00000962,-3.2525253296e+00,2.6181820780e-02,0.8013,9.7979807854e-01
-0.1650,-0.0006750,0.0000159,0.00012100,0.00000965,-3.2161617279e+00,2.5252522901e-02,0.8023,9.4343447685e-01
-0.1640,-0.0006620,0.0000155,0.00012000,0.00000964,-3.1595957279e+00,2.3676767945e-02,0.8033,8.8686847687e-01
-0.1630,-0.0006570,0.0000153,0.00012000,0.00000964,-3.1393938065e+00,2.2868687287e-02,0.8043,8.6666655540e-01
-0.1620,-0.0006430,0.0000150,0.00012000,0.00000964,-3.0828282833e+00,2.1656565368e-02,0.8053,8.1010103226e-01
-0.1610,-0.0006330,0.0000148,0.00012000,0.00000963,-3.0424242020e+00,2.0888889208e-02,0.8063,7.6969695091e-01
-0.1600,-0.0006250,0.0000146,0.00011900,0.00000963,-3.0060603619e+00,2.0080808550e-02,0.8073,7.3333311081e-01
-0.1590,-0.0006120,0.0000143,0.00011900,0.00000964,-2.9535353184e+00,1.8828282133e-02,0.8083,6.8080806732e-01
-0.1580,-0.0006030,0.0000141,0.00011900,0.00000962,-2.9171714783e+00,1.8101010472e-02,0.8093,6.4444422722e-01
-0.1570,-0.0005930,0.0000139,0.00011900,0.00000962,-2.8767673969e+00,1.7292929813e-02,0.8103,6.0404014587e-01
-0.1560,-0.0005810,0.0000136,0.00011900,0.00000963,-2.8282828331e+00,1.6040403396e-02,0.8113,5.5555558205e-01
-0.1550,-0.0005720,0.0000134,0.00011900,0.00000961,-2.7919189930e+00,1.5313130803e-02,0.8123,5.1919174194e-01
-0.1540,-0.0005600,0.0000132,0.00011900,0.00000960,-2.7434344292e+00,1.4545451850e-02,0.8133,4.7070717812e-01
-0.1530,-0.0005500,0.0000130,0.00011900,0.00000959,-2.7030301094e+00,1.3777775690e-02,0.8143,4.3030285835e-01
-0.1520,-0.0005400,0.0000128,0.00011900,0.00000959,-2.6626260281e+00,1.2969695963e-02,0.8153,3.8989877701e-01
-0.1510,-0.0005290,0.0000126,0.00011900,0.00000959,-2.6181817055e+00,1.2161616236e-02,0.8163,3.4545445442e-01
-0.1500,-0.0005180,0.0000124,0.00011800,0.00000960,-2.5696971416e+00,1.1313129216e-02,0.8173,2.9696989059e-01
-0.1490,-0.0005090,0.0000123,0.00011800,0.00000961,-2.5333333015e+00,1.0868686251e-02,0.8183,2.6060605049e-01
-0.1480,-0.0004950,0.0000120,0.00011800,0.00000959,-2.4767677784e+00,9.7373733297e-03,0.8193,2.0404052734e-01
-0.1470,-0.0004870,0.0000119,0.00011800,0.00000960,-2.4444444180e+00,9.2929266393e-03,0.8203,1.7171716690e-01
-0.1460,-0.0004740,0.0000117,0.00011800,0.00000960,-2.3919193745e+00,8.4848469123e-03,0.8213,1.1919212341e-01
-0.1450,-0.0004660,0.0000115,0.00011800,0.00000960,-2.3595960140e+00,7.6767671853e-03,0.8223,8.6868762970e-02
-0.1440,-0.0004540,0.0000114,0.00011800,0.00000959,-2.3111109734e+00,7.3131313547e-03,0.8233,3.8383722305e-02
-0.1430,-0.0004420,0.0000112,0.00011800,0.00000959,-2.2626264095e+00,6.5050479025e-03,0.8243,1.0100841522e-02
-0.1420,-0.0004330,0.0000111,0.00011800,0.00000959,-2.2262625694e+00,6.1010080390e-03,0.8253,4.6464681625e-02
-0.1410,-0.0004210,0.0000110,0.00011800,0.00000958,-2.1777780056e+00,5.7373754680e-03,0.8263,9.4949245453e-02
-0.1400,-0.0004120,0.0000108,0.00011700,0.00000958,-2.1373736858e+00,4.9292957410e-03,0.8273,1.3535356522e-01
-0.1390,-0.0004010,0.0000107,0.00011700,0.00000959,-2.0929291248e+00,4.4848453254e-03,0.8283,1.7979812622e-01
-0.1380,-0.0003900,0.0000105,0.00011700,0.00000959,-2.0484850407e+00,3.6767655984e-03,0.8293,2.2424221039e-01
-0.1370,-0.0003800,0.0000104,0.00011700,0.00000959,-2.0080807209e+00,3.2727257349e-03,0.8303,2.6464653015e-01
-0.1360,-0.0003690,0.0000103,0.00011700,0.00000959,-1.9636362791e+00,2.8686858714e-03,0.8313,3.0909097195e-01
-0.1350,-0.0003590,0.0000102,0.00011700,0.00000959,-1.9232324362e+00,2.4646462407e-03,0.8323,3.4949481487e-01
-0.1340,-0.0003490,0.0000101,0.00011700,0.00000959,-1.8828282356e+00,2.0606026519e-03,0.8333,3.8989901543e-01
-0.1330,-0.0003370,0.0000100,0.00011700,0.00000957,-1.8343435526e+00,1.6565665137e-03,0.8343,4.3838369846e-01
-0.1320,-0.0003290,0.0000099,0.00011600,0.00000957,-1.7979798317e+00,1.1313158320e-03,0.8353,4.7474741936e-01
-0.1310,-0.0003180,0.0000098,0.00011600,0.00000957,-1.7535353899e+00,8.4848690312e-04,0.8363,5.1919186115e-01
-0.1300,-0.0003070,0.0000097,0.00011600,0.00000956,-1.7090909481e+00,4.4444343075e-04,0.8373,5.6363630295e-01
-0.1290,-0.0002980,0.0000096,0.00011600,0.00000956,-1.6727273464e+00,4.0403614548e-05,0.8383,5.9999990463e-01
-0.1280,-0.0002880,0.0000095,0.00011600,0.00000956,-1.6323232651e+00,-3.2323258347e-04,0.8393,6.4040398598e-01
-0.1270,-0.0002790,0.0000094,0.00011600,0.00000956,-1.5959596634e+00,-6.0606154148e-04,0.8403,6.7676758766e-01
-0.1260,-0.0002680,0.0000093,0.00011600,0.00000955,-1.5515152216e+00,-1.0101014050e-03,0.8413,7.2121202946e-01
-0.1250,-0.0002600,0.0000093,0.00011600,0.00000955,-1.5191919804e+00,-1.1717157904e-03,0.8423,7.5353527069e-01
-0.1240,-0.0002500,0.0000092,0.00011600,0.00000956,-1.4787880182e+00,-1.6161592212e-03,0.8433,7.9393923283e-01
-0.1230,-0.0002410,0.0000091,0.00011600,0.00000955,-1.4424242973e+00,-1.8585845828e-03,0.8443,8.3030295372e-01
-0.1220,-0.0002320,0.0000090,0.00011600,0.00000957,-1.4060605764e+00,-2.2626244463e-03,0.8453,8.6666667461e-01
-0.1210,-0.0002230,0.0000089,0.00011500,0.00000956,-1.3656566143e+00,-2.5050498080e-03,0.8463,9.0707063675e-01
-0.1200,-0.0002140,0.0000089,0.00011500,0.00000957,-1.3292928934e+00,-2.7070713695e-03,0.8473,9.4343435764e-01
-0.1190,-0.0002040,0.0000088,0.00011600,0.00000957,-1.2929292917e+00,-3.0707076658e-03,0.8483,9.7979795933e-01
-0.1180,-0.0001960,0.0000088,0.00011500,0.00000956,-1.2565655708e+00,-3.2323221676e-03,0.8493,1.0161616802e+00
-0.1170,-0.0001880,0.0000087,0.00011600,0.00000955,-1.2282829285e+00,-3.3535365947e-03,0.8503,1.0444443226e+00
-0.1160,-0.0001780,0.0000086,0.00011600,0.00000954,-1.1878787279e+00,-3.6363655236e-03,0.8513,1.0848485231e+00
-0.1150,-0.0001720,0.0000086,0.00011600,0.00000955,-1.1636364460e+00,-3.7979800254e-03,0.8523,1.1090908051e+00
-0.1140,-0.0001630,0.0000086,0.00011500,0.00000955,-1.1232323647e+00,-3.9999983273e-03,0.8533,1.1494948864e+00
-0.1130,-0.0001550,0.0000085,0.00011500,0.00000956,-1.0909091234e+00,-4.2828270234e-03,0.8543,1.1818181276e+00
-0.1120,-0.0001470,0.0000085,0.00011500,0.00000955,-1.0585858822e+00,-4.3232305907e-03,0.8553,1.2141413689e+00
-0.1110,-0.0001400,0.0000084,0.00011500,0.00000954,-1.0303031206e+00,-4.4848490506e-03,0.8563,1.2424241304e+00
-0.1100,-0.0001330,0.0000084,0.00011500,0.00000955,-1.0020202398e+00,-4.7676777467e-03,0.8573,1.2707070112e+00
-0.1090,-0.0001240,0.0000083,0.00011500,0.00000954,-9.6565657854e-01,-4.8484848812e-03,0.8583,1.3070707321e+00
-0.1080,-0.0001170,0.0000083,0.00011500,0.00000954,-9.3737375736e-01,-4.9696960486e-03,0.8593,1.3353534937e+00
-0.1070,-0.0001110,0.0000083,0.00011500,0.00000953,-9.1313135624e-01,-5.1313140430e-03,0.8603,1.3595958948e+00
-0.1060,-0.0001040,0.0000082,0.00011400,0.00000950,-8.8080811501e-01,-5.0909067504e-03,0.8613,1.3919191360e+00
-0.1050,-0.0000967,0.0000082,0.00011400,0.00000950,-8.5131317377e-01,-5.2929283120e-03,0.8623,1.4214141369e+00
-0.1040,-0.0000902,0.0000082,0.00011400,0.00000950,-8.2505053282e-01,-5.3333318792e-03,0.8633,1.4476766586e+00
-0.1030,-0.0000832,0.0000081,0.00011400,0.00000949,-7.9676771164e-01,-5.4545430467e-03,0.8643,1.4759595394e+00
-0.1020,-0.0000766,0.0000081,0.00011500,0.00000950,-7.7414143085e-01,-5.6161610410e-03,0.8653,1.4985858202e+00
-0.1010,-0.0000712,0.0000081,0.00011500,0.00000951,-7.5232321024e-01,-5.6969719008e-03,0.8663,1.5204041004e+00
-0.1000,-0.0000648,0.0000081,0.00011400,0.00000950,-7.2242420912e-01,-5.8181788772e-03,0.8673,1.5503029823e+00
-0.0990,-0.0000590,0.0000080,0.00011400,0.00000949,-6.9898992777e-01,-5.8585861698e-03,0.8683,1.5737373829e+00
-0.0980,-0.0000535,0.0000080,0.00011400,0.00000950,-6.7676764727e-01,-5.9797973372e-03,0.8693,1.5959596634e+00
-0.0970,-0.0000476,0.0000080,0.00011400,0.00000949,-6.5292930603e-01,-6.0606044717e-03,0.8703,1.6197979450e+00
-0.0960,-0.0000416,0.0000080,0.00011400,0.00000949,-6.2868690491e-01,-6.1010080390e-03,0.8713,1.6440403461e+00
-0.0950,-0.0000374,0.0000080,0.00011400,0.00000949,-6.1171716452e-01,-6.1818151735e-03,0.8723,1.6610100269e+00
-0.0940,-0.0000317,0.0000079,0.00011400,0.00000948,-5.8868688345e-01,-6.2626260333e-03,0.8733,1.6840403080e+00
-0.0930,-0.0000266,0.0000079,0.00011400,0.00000948,-5.6808084249e-01,-6.3030296005e-03,0.8743,1.7046463490e+00
-0.0920,-0.0000217,0.0000079,0.00011400,0.00000948,-5.4828280210e-01,-6.3838372007e-03,0.8753,1.7244443893e+00
-0.0910,-0.0000175,0.0000079,0.00011400,0.00000947,-5.3131312132e-01,-6.4242407680e-03,0.8763,1.7414140701e+00
-0.0900,-0.0000121,0.0000079,0.00011400,0.00000946,-5.0949496031e-01,-6.4242407680e-03,0.8773,1.7632322311e+00
-0.0890,-0.0000079,0.0000078,0.00011400,0.00000945,-4.9252527952e-01,-6.4646480605e-03,0.8783,1.7802019119e+00
-0.0880,-0.0000041,0.0000078,0.00011400,0.00000945,-4.7725254297e-01,-6.4646480605e-03,0.8793,1.7954747677e+00
-0.0870,0.0000009,0.0000078,0.00011400,0.00000947,-4.5678386092e-01,-6.6666658968e-03,0.8803,1.8159433603e+00
-0.0860,0.0000047,0.0000078,0.00011300,0.00000944,-4.3773737550e-01,-6.5858587623e-03,0.8813,1.8349899054e+00
-0.0850,0.0000086,0.0000078,0.00011400,0.00000946,-4.2573738098e-01,-6.6666658968e-03,0.8823,1.8469898701e+00
-0.0840,0.0000126,0.0000078,0.00011400,0.00000946,-4.0969696641e-01,-6.7474730313e-03,0.8833,1.8630303144e+00
-0.0830,0.0000165,0.0000078,0.00011300,0.00000944,-3.8989898562e-01,-6.7474767566e-03,0.8843,1.8828282356e+00
-0.0820,0.0000200,0.0000078,0.00011300,0.00000945,-3.7575757504e-01,-6.7474767566e-03,0.8853,1.8969696760e+00
-0.0810,0.0000236,0.0000078,0.00011300,0.00000944,-3.6121213436e-01,-6.7878803238e-03,0.8863,1.9115151167e+00
-0.0800,0.0000269,0.0000077,0.00011400,0.00000943,-3.5191920400e-01,-6.7878803238e-03,0.8873,1.9208080769e+00
-0.0790,0.0000303,0.0000077,0.00011300,0.00000943,-3.3414143324e-01,-6.7878803238e-03,0.8883,1.9385857582e+00
-0.0780,0.0000333,0.0000077,0.00011400,0.00000943,-3.2606062293e-01,-6.8282843567e-03,0.8893,1.9466665983e+00
-0.0770,0.0000363,0.0000077,0.00011400,0.00000942,-3.1393939257e-01,-6.7878803238e-03,0.8903,1.9587879181e+00
-0.0760,0.0000395,0.0000077,0.00011400,0.00000942,-3.0101010203e-01,-6.8282843567e-03,0.8913,1.9717171192e+00
-0.0750,0.0000415,0.0000077,0.00011300,0.00000944,-2.8888890147e-01,-6.9494950585e-03,0.8923,1.9838383198e+00
-0.0740,0.0000447,0.0000077,0.00011400,0.00000943,-2.8000003099e-01,-6.9090914913e-03,0.8933,1.9927272797e+00
-0.0730,0.0000475,0.0000077,0.00011300,0.00000941,-2.6464647055e-01,-6.9494950585e-03,0.8943,2.0080807209e+00
-0.0720,0.0000496,0.0000077,0.00011300,0.00000943,-2.5616163015e-01,-6.9898986258e-03,0.8953,2.0165655613e+00
-0.0710,0.0000529,0.0000077,0.00011300,0.00000942,-2.4282827973e-01,-7.0303059183e-03,0.8963,2.0298988819e+00
-0.0700,0.0000549,0.0000077,0.00011300,0.00000941,-2.3474746943e-01,-6.9898986258e-03,0.8973,2.0379798412e+00
-0.0690,0.0000572,0.0000077,0.00011300,0.00000942,-2.2545453906e-01,-7.0303059183e-03,0.8983,2.0472726822e+00
-0.0680,0.0000593,0.0000077,0.00011300,0.00000940,-2.1696968377e-01,-6.9898986258e-03,0.8993,2.0557575226e+00
-0.0670,0.0000617,0.0000077,0.00011300,0.00000939,-2.0727273822e-01,-6.9494950585e-03,0.9003,2.0654544830e+00
-0.0660,0.0000636,0.0000077,0.00011300,0.00000939,-1.9959597290e-01,-7.0303021930e-03,0.9013,2.0731313229e+00
-0.0650,0.0000654,0.0000077,0.00011300,0.00000940,-1.9232320786e-01,-7.0303021930e-03,0.9023,2.0804040432e+00
-0.0640,0.0000676,0.0000077,0.00011300,0.00000939,-1.8343433738e-01,-6.9898986258e-03,0.9033,2.0892930031e+00
-0.0630,0.0000693,0.0000077,0.00011300,0.00000939,-1.7656566203e-01,-6.9898986258e-03,0.9043,2.0961616039e+00
-0.0620,0.0000708,0.0000077,0.00011300,0.00000940,-1.7050504684e-01,-7.0303021930e-03,0.9053,2.1022222042e+00
-0.0610,0.0000729,0.0000077,0.00011300,0.00000938,-1.6202019155e-01,-6.9494950585e-03,0.9063,2.1107070446e+00
-0.0600,0.0000743,0.0000077,0.00011300,0.00000938,-1.5636363626e-01,-6.9494950585e-03,0.9073,2.1163635254e+00
-0.0590,0.0000759,0.0000077,0.00011300,0.00000940,-1.4989897609e-01,-7.0707057603e-03,0.9083,2.1228282452e+00
-0.0580,0.0000777,0.0000076,0.00011300,0.00000937,-1.4262624085e-01,-6.9898986258e-03,0.9093,2.1301009655e+00
-0.0570,0.0000787,0.0000076,0.00011300,0.00000937,-1.3858583570e-01,-7.0303021930e-03,0.9103,2.1341414452e+00
-0.0560,0.0000800,0.0000076,0.00011300,0.00000938,-1.3333334029e-01,-7.0303021930e-03,0.9113,2.1393938065e+00
-0.0550,0.0000817,0.0000076,0.00011300,0.00000938,-1.2646465003e-01,-7.0707057603e-03,0.9123,2.1462626457e+00
-0.0540,0.0000826,0.0000076,0.00011300,0.00000936,-1.2282826751e-01,-6.9494950585e-03,0.9133,2.1498990059e+00
-0.0530,0.0000842,0.0000076,0.00011300,0.00000936,-1.1636362970e-01,-6.9898986258e-03,0.9143,2.1563637257e+00
-0.0520,0.0000853,0.0000076,0.00011300,0.00000938,-1.1191918701e-01,-7.1111111902e-03,0.9153,2.1608080864e+00
-0.0510,0.0000866,0.0000076,0.00011300,0.00000935,-1.0666667670e-01,-6.9090914913e-03,0.9163,2.1660606861e+00
-0.0500,0.0000875,0.0000076,0.00011300,0.00000937,-1.0303031653e-01,-7.0303021930e-03,0.9173,2.1696970463e+00
-0.0490,0.0000885,0.0000076,0.00011300,0.00000936,-9.8989911377e-02,-6.9898986258e-03,0.9183,2.1737372875e+00
-0.0480,0.0000896,0.0000076,0.00011300,0.00000935,-9.4545461237e-02,-6.9494950585e-03,0.9193,2.1781818867e+00
-0.0470,0.0000906,0.0000076,0.00011300,0.00000936,-9.0505056083e-02,-7.0303040557e-03,0.9203,2.1822221279e+00
-0.0460,0.0000912,0.0000076,0.00011300,0.00000934,-8.8080793619e-02,-6.9494969212e-03,0.9213,2.1846463680e+00
-0.0450,0.0000924,0.0000076,0.00011300,0.00000933,-8.3232335746e-02,-6.9494931959e-03,0.9223,2.1894948483e+00
-0.0440,0.0000930,0.0000076,0.00011300,0.00000934,-8.0808073282e-02,-6.9899004884e-03,0.9233,2.1919190884e+00
-0.0430,0.0000936,0.0000076,0.00011300,0.00000935,-7.8383840621e-02,-7.0303040557e-03,0.9243,2.1943433285e+00
-0.0420,0.0000947,0.0000076,0.00011300,0.00000934,-7.3939390481e-02,-7.0303040557e-03,0.9253,2.1987879276e+00
-0.0410,0.0000954,0.0000076,0.00011300,0.00000933,-7.1111112833e-02,-6.9494931959e-03,0.9263,2.2016160488e+00
-0.0400,0.0000958,0.0000076,0.00011300,0.00000934,-6.9494940341e-02,-6.9899004884e-03,0.9273,2.2032322884e+00
-0.0390,0.0000968,0.0000076,0.00011300,0.00000934,-6.5454535186e-02,-7.0303040557e-03,0.9283,2.2072727680e+00
-0.0380,0.0000971,0.0000076,0.00011300,0.00000934,-6.4242437482e-02,-6.9899004884e-03,0.9293,2.2084848881e+00
-0.0370,0.0000980,0.0000076,0.00011300,0.00000933,-6.0606069863e-02,-6.9898967631e-03,0.9303,2.2121212482e+00
-0.0360,0.0000983,0.0000076,0.00011300,0.00000932,-5.9393938631e-02,-6.9898967631e-03,0.9313,2.2133333683e+00
-0.0350,0.0000988,0.0000076,0.00011300,0.00000932,-5.7373721153e-02,-6.9494931959e-03,0.9323,2.2153534889e+00
-0.0340,0.0000996,0.0000076,0.00011300,0.00000931,-5.4141402245e-02,-6.9494931959e-03,0.9333,2.2185859680e+00
-0.0330,0.0001000,0.0000076,0.00011300,0.00000930,-5.2525259554e-02,-6.9090896286e-03,0.9343,2.2202019691e+00
-0.0320,0.0001010,0.0000076,0.00011300,0.00000930,-4.8484854400e-02,-6.9494950585e-03,0.9353,2.2242424488e+00
-0.0310,0.0001010,0.0000076,0.00011300,0.00000930,-4.8484854400e-02,-6.9494950585e-03,0.9363,2.2242424488e+00
-0.0300,0.0001010,0.0000076,0.00011300,0.00000930,-4.8484854400e-02,-6.9090896286e-03,0.9373,2.2242424488e+00
-0.0290,0.0001020,0.0000076,0.00011300,0.00000929,-4.4444449246e-02,-6.9090914913e-03,0.9383,2.2282826900e+00
-0.0280,0.0001030,0.0000076,0.00011300,0.00000928,-4.0404044092e-02,-6.9090914913e-03,0.9393,2.2323231697e+00
-0.0270,0.0001030,0.0000076,0.00011300,0.00000930,-4.0404044092e-02,-6.9090896286e-03,0.9403,2.2323231697e+00
-0.0260,0.0001040,0.0000076,0.00011300,0.00000930,-3.6363638937e-02,-6.9494950585e-03,0.9413,2.2363636494e+00
-0.0250,0.0001040,0.0000076,0.00011300,0.00000928,-3.6363638937e-02,-6.8686879240e-03,0.9423,2.2363636494e+00
-0.0240,0.0001040,0.0000076,0.00011300,0.00000928,-3.6363638937e-02,-6.8282824941e-03,0.9433,2.2363636494e+00
-0.0230,0.0001050,0.0000076,0.00011300,0.00000930,-3.2323233783e-02,-6.9898986258e-03,0.9443,2.2404041290e+00
-0.0220,0.0001040,0.0000076,0.00011300,0.00000929,-3.6363638937e-02,-6.9090914913e-03,0.9453,2.2363636494e+00
-0.0210,0.0001050,0.0000076,0.00011300,0.00000927,-3.2323233783e-02,-6.8282843567e-03,0.9463,2.2404041290e+00
-0.0200,0.0001050,0.0000076,0.00011300,0.00000926,-3.2323233783e-02,-6.8686879240e-03,0.9473,2.2404041290e+00
-0.0190,0.0001060,0.0000076,0.00011300,0.00000928,-2.8282828629e-02,-6.9090914913e-03,0.9483,2.2444443703e+00
-0.0180,0.0001060,0.0000076,0.00011300,0.00000927,-2.8282828629e-02,-6.8686879240e-03,0.9493,2.2444443703e+00
-0.0170,0.0001060,0.0000076,0.00011300,0.00000926,-2.8282828629e-02,-6.8686879240e-03,0.9503,2.2444443703e+00
-0.0160,0.0001070,0.0000076,0.00011300,0.00000927,-2.4242423475e-02,-6.9090914913e-03,0.9513,2.2484848499e+00
-0.0150,0.0001070,0.0000076,0.00011300,0.00000928,-2.4242423475e-02,-6.9494950585e-03,0.9523,2.2484848499e+00
-0.0140,0.0001070,0.0000076,0.00011300,0.00000925,-2.4242423475e-02,-6.8686879240e-03,0.9533,2.2484848499e+00
-0.0130,0.0001070,0.0000076,0.00011300,0.00000925,-2.4242423475e-02,-6.8282843567e-03,0.9543,2.2484848499e+00
-0.0120,0.0001080,0.0000076,0.00011300,0.00000927,-2.0202018321e-02,-6.9494950585e-03,0.9553,2.2525253296e+00
-0.0110,0.0001070,0.0000076,0.00011300,0.00000926,-2.4242423475e-02,-6.8686879240e-03,0.9563,2.2484848499e+00
-0.0100,0.0001080,0.0000076,0.00011300,0.00000924,-2.0202018321e-02,-6.7878770642e-03,0.9573,2.2525253296e+00
-0.0090,0.0001080,0.0000075,0.00011300,0.00000926,-2.0202018321e-02,-6.9494969212e-03,0.9583,2.2525253296e+00
-0.0080,0.0001080,0.0000076,0.00011300,0.00000925,-2.0202018321e-02,-6.8686879240e-03,0.9593,2.2525253296e+00
-0.0070,0.0001090,0.0000075,0.00011300,0.00000923,-1.6161613166e-02,-6.8282824941e-03,0.9603,2.2565655708e+00
-0.0060,0.0001090,0.0000076,0.00011300,0.00000923,-1.6161613166e-02,-6.7878770642e-03,0.9613,2.2565655708e+00
-0.0050,0.0001090,0.0000075,0.00011300,0.00000924,-1.6161613166e-02,-6.8686860614e-03,0.9623,2.2565655708e+00
-0.0040,0.0001100,0.0000075,0.00011300,0.00000923,-1.2121206149e-02,-6.8686860614e-03,0.9633,2.2606060505e+00
-0.0030,0.0001090,0.0000075,0.00011300,0.00000923,-1.6161613166e-02,-6.8686860614e-03,0.9643,2.2565655708e+00
-0.0020,0.0001100,0.0000076,0.00011300,0.00000921,-1.2121206149e-02,-6.7070694640e-03,0.9653,2.2606060505e+00
-0.0010,0.0001100,0.0000075,0.00011300,0.00000921,-1.2121206149e-02,-6.7878784612e-03,0.9663,2.2606060505e+00
0.0000,0.0001110,0.0000075,0.00011400,0.00000923,-1.2121206149e-02,-6.8686860614e-03,0.9673,2.2606060505e+00
0.0010,0.0001100,0.0000075,0.00011400,0.00000922,-1.6161613166e-02,-6.8282824941e-03,0.9683,2.2565655708e+00
0.0020,0.0001100,0.0000075,0.00011400,0.00000920,-1.6161613166e-02,-6.7878784612e-03,0.9693,2.2565655708e+00
0.0030,0.0001100,0.0000075,0.00011400,0.00000919,-1.6161613166e-02,-6.7070713267e-03,0.9703,2.2565655708e+00
0.0040,0.0001110,0.0000075,0.00011400,0.00000919,-1.2121206149e-02,-6.7070713267e-03,0.9713,2.2606060505e+00
0.0050,0.0001110,0.0000075,0.00011400,0.00000918,-1.2121206149e-02,-6.6666677594e-03,0.9723,2.2606060505e+00
0.0060,0.0001110,0.0000075,0.00011400,0.00000919,-1.2121206149e-02,-6.7070713267e-03,0.9733,2.2606060505e+00
0.0070,0.0001120,0.0000075,0.00011400,0.00000917,-8.0808009952e-03,-6.6262641922e-03,0.9743,2.2646465302e+00
0.0080,0.0001110,0.0000075,0.00011400,0.00000917,-1.2121206149e-02,-6.6666677594e-03,0.9753,2.2606060505e+00
0.0090,0.0001110,0.0000075,0.00011400,0.00000918,-1.2121206149e-02,-6.6666677594e-03,0.9763,2.2606060505e+00
0.0100,0.0001120,0.0000075,0.00011400,0.00000916,-8.0808009952e-03,-6.6666677594e-03,0.9773,2.2646465302e+00
0.0110,0.0001110,0.0000075,0.00011400,0.00000917,-1.2121206149e-02,-6.7070713267e-03,0.9783,2.2606060505e+00
0.0120,0.0001120,0.0000075,0.00011400,0.00000916,-8.0808009952e-03,-6.6666677594e-03,0.9793,2.2646465302e+00
0.0130,0.0001120,0.0000075,0.00011400,0.00000914,-8.0808009952e-03,-6.6262623295e-03,0.9803,2.2646465302e+00
0.0140,0.0001120,0.0000075,0.00011400,0.00000914,-8.0808009952e-03,-6.5454533324e-03,0.9813,2.2646465302e+00
0.0150,0.0001120,0.0000075,0.00011400,0.00000914,-8.0808009952e-03,-6.5858568996e-03,0.9823,2.2646465302e+00
0.0160,0.0001130,0.0000075,0.00011400,0.00000914,-4.0403958410e-03,-6.6262623295e-03,0.9833,2.2686867714e+00
0.0170,0.0001120,0.0000075,0.00011300,0.00000914,-4.0403958410e-03,-6.6262623295e-03,0.9843,2.2686867714e+00
0.0180,0.0001130,0.0000075,0.00011400,0.00000916,-4.0403958410e-03,-6.6666677594e-03,0.9853,2.2686867714e+00
0.0190,0.0001130,0.0000075,0.00011400,0.00000916,-4.0403958410e-03,-6.7070731893e-03,0.9863,2.2686867714e+00
0.0200,0.0001130,0.0000075,0.00011400,0.00000914,-4.0403958410e-03,-6.6262623295e-03,0.9873,2.2686867714e+00
0.0210,0.0001130,0.0000075,0.00011500,0.00000914,-8.0808009952e-03,-6.5858568996e-03,0.9883,2.2646465302e+00
0.0220,0.0001140,0.0000075,0.00011500,0.00000915,-4.0403958410e-03,-6.7474730313e-03,0.9893,2.2686867714e+00
0.0230,0.0001130,0.0000075,0.00011500,0.00000914,-8.0808009952e-03,-6.6262623295e-03,0.9903,2.2646465302e+00
0.0240,0.0001140,0.0000075,0.00011500,0.00000913,-4.0403958410e-03,-6.6262623295e-03,0.9913,2.2686867714e+00
0.0250,0.0001140,0.0000075,0.00011500,0.00000912,-4.0403958410e-03,-6.6666658968e-03,0.9923,2.2686867714e+00
0.0260,0.0001140,0.0000075,0.00011500,0.00000913,-4.0403958410e-03,-6.6262623295e-03,0.9933,2.2686867714e+00
0.0270,0.0001140,0.0000075,0.00011500,0.00000911,-4.0403958410e-03,-6.5454551950e-03,0.9943,2.2686867714e+00
0.0280,0.0001140,0.0000075,0.00011500,0.00000912,-4.0403958410e-03,-6.6262623295e-03,0.9953,2.2686867714e+00
0.0290,0.0001140,0.0000075,0.00011500,0.00000914,-4.0403958410e-03,-6.6666658968e-03,0.9963,2.2686867714e+00
0.0300,0.0001150,0.0000074,0.00011500,0.00000912,9.9999999392e-09,-6.7474748939e-03,0.9973,2.2727272511e+00
0.0310,0.0001140,0.0000075,0.00011500,0.00000910,-4.0403958410e-03,-6.5858587623e-03,0.9983,2.2686867714e+00
0.0320,0.0001150,0.0000075,0.00011500,0.00000910,9.9999999392e-09,-6.6262641922e-03,0.9993,2.2727272511e+00
0.0330,0.0001150,0.0000075,0.00011500,0.00000911,9.9999999392e-09,-6.6666677594e-03,1.0003,2.2727272511e+00
0.0340,0.0001150,0.0000075,0.00011500,0.00000909,9.9999999392e-09,-6.5858606249e-03,1.0013,2.2727272511e+00
0.0350,0.0001150,0.0000075,0.00011500,0.00000911,9.9999999392e-09,-6.6666677594e-03,1.0023,2.2727272511e+00
0.0360,0.0001150,0.0000074,0.00011500,0.00000912,9.9999999392e-09,-6.7474748939e-03,1.0033,2.2727272511e+00
0.0370,0.0001150,0.0000075,0.00011500,0.00000909,9.9999999392e-09,-6.5454551950e-03,1.0043,2.2727272511e+00
0.0380,0.0001160,0.0000074,0.00011500,0.00000907,4.0404153988e-03,-6.5454533324e-03,1.0053,2.2767677307e+00
0.0390,0.0001150,0.0000074,0.00011500,0.00000905,9.9999999392e-09,-6.4646461979e-03,1.0063,2.2727272511e+00
0.0400,0.0001160,0.0000075,0.00011500,0.00000906,4.0404153988e-03,-6.4646461979e-03,1.0073,2.2767677307e+00
0.0410,0.0001160,0.0000074,0.00011500,0.00000906,4.0404153988e-03,-6.5454533324e-03,1.0083,2.2767677307e+00
0.0420,0.0001160,0.0000074,0.00011500,0.00000906,4.0404153988e-03,-6.5454533324e-03,1.0093,2.2767677307e+00
0.0430,0.0001160,0.0000075,0.00011500,0.00000904,4.0404153988e-03,-6.3838390633e-03,1.0103,2.2767677307e+00
0.0440,0.0001170,0.0000074,0.00011600,0.00000904,4.0404153988e-03,-6.5050497651e-03,1.0113,2.2767677307e+00
0.0450,0.0001160,0.0000074,0.00011600,0.00000904,9.9999999392e-09,-6.4242426306e-03,1.0123,2.2727272511e+00
0.0460,0.0001170,0.0000074,0.00011600,0.00000903,4.0404153988e-03,-6.3838390633e-03,1.0133,2.2767677307e+00
0.0470,0.0001170,0.0000074,0.00011600,0.00000903,4.0404153988e-03,-6.4646461979e-03,1.0143,2.2767677307e+00
0.0480,0.0001170,0.0000074,0.00011600,0.00000904,4.0404153988e-03,-6.4646461979e-03,1.0153,2.2767677307e+00
0.0490,0.0001180,0.0000074,0.00011600,0.00000902,8.0808214843e-03,-6.4242426306e-03,1.0163,2.2808079720e+00
0.0500,0.0001170,0.0000074,0.00011600,0.00000903,4.0404153988e-03,-6.4646461979e-03,1.0173,2.2767677307e+00
0.0510,0.0001180,0.0000074,0.00011700,0.00000903,4.0404153988e-03,-6.4646461979e-03,1.0183,2.2767677307e+00
0.0520,0.0001180,0.0000074,0.00011700,0.00000902,4.0404153988e-03,-6.4646461979e-03,1.0193,2.2767677307e+00
0.0530,0.0001170,0.0000074,0.00011600,0.00000902,4.0404153988e-03,-6.4646461979e-03,1.0203,2.2767677307e+00
0.0540,0.0001180,0.0000074,0.00011700,0.00000901,4.0404153988e-03,-6.3838390633e-03,1.0213,2.2767677307e+00
0.0550,0.0001180,0.0000074,0.00011600,0.00000899,8.0808214843e-03,-6.3434350304e-03,1.0223,2.2808079720e+00
0.0560,0.0001180,0.0000074,0.00011600,0.00000899,8.0808214843e-03,-6.3434350304e-03,1.0233,2.2808079720e+00
0.0570,0.0001190,0.0000074,0.00011700,0.00000899,8.0807916820e-03,-6.3838409260e-03,1.0243,2.2808079720e+00
0.0580,0.0001180,0.0000074,0.00011700,0.00000899,4.0404153988e-03,-6.3434350304e-03,1.0253,2.2767677307e+00
0.0590,0.0001190,0.0000074,0.00011700,0.00000898,8.0807916820e-03,-6.3030282035e-03,1.0263,2.2808079720e+00
0.0600,0.0001190,0.0000074,0.00011700,0.00000899,8.0807916820e-03,-6.4242444932e-03,1.0273,2.2808079720e+00
0.0610,0.0001190,0.0000074,0.00011700,0.00000898,8.0807916820e-03,-6.3434336334e-03,1.0283,2.2808079720e+00
0.0620,0.0001190,0.0000074,0.00011700,0.00000902,8.0807916820e-03,-6.5454551950e-03,1.0293,2.2808079720e+00
0.0630,0.0001190,0.0000074,0.00011800,0.00000900,4.0403855965e-03,-6.4242444932e-03,1.0303,2.2767677307e+00
0.0640,0.0001200,0.0000074,0.00011800,0.00000897,8.0807916820e-03,-6.3434336334e-03,1.0313,2.2808079720e+00
0.0650,0.0001200,0.0000074,0.00011800,0.00000897,8.0807916820e-03,-6.3434336334e-03,1.0323,2.2808079720e+00
0.0660,0.0001190,0.0000074,0.00011800,0.00000898,4.0403855965e-03,-6.3838372007e-03,1.0333,2.2767677307e+00
0.0670,0.0001200,0.0000074,0.00011800,0.00000898,8.0807916820e-03,-6.4242407680e-03,1.0343,2.2808079720e+00
0.0680,0.0001200,0.0000074,0.00011800,0.00000897,8.0807916820e-03,-6.3434336334e-03,1.0353,2.2808079720e+00
0.0690,0.0001190,0.0000074,0.00011800,0.00000896,4.0403855965e-03,-6.3030296005e-03,1.0363,2.2767677307e+00
0.0700,0.0001210,0.0000074,0.00011800,0.00000895,1.2121196836e-02,-6.3434336334e-03,1.0373,2.2848484516e+00
0.0710,0.0001200,0.0000074,0.00011800,0.00000895,8.0807916820e-03,-6.2222224660e-03,1.0383,2.2808079720e+00
0.0720,0.0001220,0.0000074,0.00011800,0.00000894,1.6161601990e-02,-6.3030296005e-03,1.0393,2.2888889313e+00
0.0730,0.0001210,0.0000074,0.00011800,0.00000895,1.2121196836e-02,-6.3838390633e-03,1.0403,2.2848484516e+00
0.0740,0.0001210,0.0000074,0.00011800,0.00000892,1.2121196836e-02,-6.1818188988e-03,1.0413,2.2848484516e+00
0.0750,0.0001220,0.0000074,0.00011900,0.00000894,1.2121226639e-02,-6.3434350304e-03,1.0423,2.2848484516e+00
0.0760,0.0001220,0.0000074,0.00011900,0.00000894,1.2121226639e-02,-6.3434350304e-03,1.0433,2.2848484516e+00
0.0770,0.0001210,0.0000074,0.00011900,0.00000894,8.0808214843e-03,-6.2626260333e-03,1.0443,2.2808079720e+00
0.0780,0.0001220,0.0000074,0.00011900,0.00000893,1.2121226639e-02,-6.3030314632e-03,1.0453,2.2848484516e+00
0.0790,0.0001220,0.0000074,0.00011900,0.00000893,1.2121226639e-02,-6.3030314632e-03,1.0463,2.2848484516e+00
0.0800,0.0001220,0.0000074,0.00011900,0.00000890,1.2121226639e-02,-6.1414116062e-03,1.0473,2.2848484516e+00
0.0810,0.0001230,0.0000074,0.00011900,0.00000890,1.6161659732e-02,-6.1818170361e-03,1.0483,2.2888889313e+00
0.0820,0.0001220,0.0000074,0.00012000,0.00000891,8.0808214843e-03,-6.2626278959e-03,1.0493,2.2808079720e+00
0.0830,0.0001230,0.0000074,0.00011900,0.00000887,1.6161659732e-02,-6.0606063344e-03,1.0503,2.2888889313e+00
0.0840,0.0001240,0.0000074,0.00012000,0.00000890,1.6161631793e-02,-6.2222206034e-03,1.0513,2.2888889313e+00
0.0850,0.0001240,0.0000073,0.00012000,0.00000889,1.6161631793e-02,-6.2626241706e-03,1.0523,2.2888889313e+00
0.0860,0.0001240,0.0000074,0.00012000,0.00000889,1.6161631793e-02,-6.2222206034e-03,1.0533,2.2888889313e+00
0.0870,0.0001240,0.0000074,0.00012000,0.00000889,1.6161631793e-02,-6.1818170361e-03,1.0543,2.2888889313e+00
0.0880,0.0001240,0.0000074,0.00012000,0.00000889,1.6161631793e-02,-6.2222206034e-03,1.0553,2.2888889313e+00
0.0890,0.0001240,0.0000073,0.00012000,0.00000888,1.6161631793e-02,-6.2222206034e-03,1.0563,2.2888889313e+00
0.0900,0.0001240,0.0000074,0.00012000,0.00000886,1.6161631793e-02,-6.0606063344e-03,1.0573,2.2888889313e+00
0.0910,0.0001250,0.0000073,0.00012100,0.00000888,1.6161659732e-02,-6.2222206034e-03,1.0583,2.2888889313e+00
0.0920,0.0001240,0.0000073,0.00012100,0.00000888,1.2121226639e-02,-6.2222206034e-03,1.0593,2.2848484516e+00
0.0930,0.0001250,0.0000074,0.00012100,0.00000889,1.6161659732e-02,-6.2222206034e-03,1.0603,2.2888889313e+00
0.0940,0.0001260,0.0000073,0.00012100,0.00000889,2.0202036947e-02,-6.3030296005e-03,1.0613,2.2929291725e+00
0.0950,0.0001250,0.0000073,0.00012100,0.00000889,1.6161659732e-02,-6.2626241706e-03,1.0623,2.2888889313e+00
0.0960,0.0001260,0.0000073,0.00012200,0.00000889,1.6161631793e-02,-6.2626241706e-03,1.0633,2.2888889313e+00
0.0970,0.0001260,0.0000073,0.00012100,0.00000888,2.0202036947e-02,-6.2222206034e-03,1.0643,2.2929291725e+00
0.0980,0.0001270,0.0000073,0.00012100,0.00000888,2.4242471904e-02,-6.3030296005e-03,1.0653,2.2969696522e+00
0.0990,0.0001260,0.0000073,0.00012200,0.00000886,1.6161631793e-02,-6.1818188988e-03,1.0663,2.2888889313e+00
0.1000,0.0001270,0.0000073,0.00012200,0.00000887,2.0202064887e-02,-6.2222224660e-03,1.0673,2.2929294109e+00
0.1010,0.0001260,0.0000073,0.00012200,0.00000887,1.6161631793e-02,-6.2222224660e-03,1.0683,2.2888889313e+00
0.1020,0.0001280,0.0000073,0.00012200,0.00000885,2.4242442101e-02,-6.2222224660e-03,1.0693,2.2969696522e+00
0.1030,0.0001270,0.0000073,0.00012300,0.00000885,1.6161631793e-02,-6.1414153315e-03,1.0703,2.2888889313e+00
0.1040,0.0001280,0.0000073,0.00012300,0.00000885,2.0202007145e-02,-6.1414153315e-03,1.0713,2.2929291725e+00
0.1050,0.0001280,0.0000073,0.00012300,0.00000883,2.0202007145e-02,-6.1010117643e-03,1.0723,2.2929291725e+00
0.1060,0.0001280,0.0000073,0.00012300,0.00000884,2.0202007145e-02,-6.1818188988e-03,1.0733,2.2929291725e+00
0.1070,0.0001280,0.0000073,0.00012300,0.00000883,2.0202007145e-02,-6.0606081970e-03,1.0743,2.2929291725e+00
0.1080,0.0001290,0.0000073,0.00012300,0.00000883,2.4242382497e-02,-6.1414153315e-03,1.0753,2.2969696522e+00
0.1090,0.0001290,0.0000073,0.00012400,0.00000884,2.0202007145e-02,-6.1818188988e-03,1.0763,2.2929291725e+00
0.1100,0.0001290,0.0000073,0.00012400,0.00000884,2.0202007145e-02,-6.1414153315e-03,1.0773,2.2929291725e+00
0.1110,0.0001290,0.0000073,0.00012400,0.00000880,2.0202007145e-02,-6.0202009045e-03,1.0783,2.2929291725e+00
0.1120,0.0001300,0.0000073,0.00012400,0.00000881,2.4242442101e-02,-6.0606044717e-03,1.0793,2.2969696522e+00
0.1130,0.0001300,0.0000073,0.00012400,0.00000881,2.4242442101e-02,-6.0606044717e-03,1.0803,2.2969696522e+00
0.1140,0.0001300,0.0000073,0.00012500,0.00000883,2.0202007145e-02,-6.1818188988e-03,1.0813,2.2929291725e+00
0.1150,0.0001310,0.0000073,0.00012400,0.00000880,2.8282817453e-02,-6.1010080390e-03,1.0823,2.3010101318e+00
0.1160,0.0001310,0.0000073,0.00012400,0.00000881,2.8282817453e-02,-6.1010080390e-03,1.0833,2.3010101318e+00
0.1170,0.0001310,0.0000073,0.00012500,0.00000882,2.4242382497e-02,-6.1818188988e-03,1.0843,2.2969696522e+00
0.1180,0.0001310,0.0000073,0.00012500,0.00000880,2.4242382497e-02,-6.0606044717e-03,1.0853,2.2969696522e+00
0.1190,0.0001320,0.0000073,0.00012500,0.00000880,2.8282817453e-02,-6.0606044717e-03,1.0863,2.3010101318e+00
0.1200,0.0001310,0.0000073,0.00012500,0.00000880,2.4242382497e-02,-6.0606044717e-03,1.0873,2.2969696522e+00
0.1210,0.0001330,0.0000073,0.00012500,0.00000879,3.2323196530e-02,-6.1010099016e-03,1.0883,2.3050503731e+00
0.1220,0.0001330,0.0000073,0.00012600,0.00000879,2.8282817453e-02,-6.0606044717e-03,1.0893,2.3010101318e+00
0.1230,0.0001330,0.0000073,0.00012600,0.00000878,2.8282817453e-02,-6.1010099016e-03,1.0903,2.3010101318e+00
0.1240,0.0001330,0.0000073,0.00012600,0.00000876,2.8282817453e-02,-6.0606063344e-03,1.0913,2.3010101318e+00
0.1250,0.0001340,0.0000073,0.00012600,0.00000875,3.2323256135e-02,-5.9797991998e-03,1.0923,2.3050506115e+00
0.1260,0.0001340,0.0000073,0.00012700,0.00000877,2.8282817453e-02,-6.0606063344e-03,1.0933,2.3010101318e+00
0.1270,0.0001350,0.0000073,0.00012700,0.00000875,3.2323196530e-02,-6.0202027671e-03,1.0943,2.3050503731e+00
0.1280,0.0001340,0.0000073,0.00012700,0.00000873,2.8282817453e-02,-5.9393956326e-03,1.0953,2.3010101318e+00
0.1290,0.0001340,0.0000073,0.00012700,0.00000873,2.8282817453e-02,-5.8989920653e-03,1.0963,2.3010101318e+00
0.1300,0.0001360,0.0000073,0.00012800,0.00000871,3.2323256135e-02,-5.8181807399e-03,1.0973,2.3050506115e+00
0.1310,0.0001350,0.0000073,0.00012700,0.00000872,3.2323196530e-02,-5.8585847728e-03,1.0983,2.3050503731e+00
0.1320,0.0001360,0.0000073,0.00012800,0.00000872,3.2323256135e-02,-5.8585847728e-03,1.0993,2.3050506115e+00
0.1330,0.0001370,0.0000073,0.00012800,0.00000872,3.6363631487e-02,-5.9393919073e-03,1.1003,2.3090908527e+00
0.1340,0.0001370,0.0000072,0.00012900,0.00000873,3.2323256135e-02,-6.0202046297e-03,1.1013,2.3050506115e+00
0.1350,0.0001370,0.0000073,0.00012900,0.00000873,3.2323256135e-02,-5.9797991998e-03,1.1023,2.3050506115e+00
0.1360,0.0001370,0.0000073,0.00012900,0.00000870,3.2323256135e-02,-5.8181807399e-03,1.1033,2.3050506115e+00
0.1370,0.0001380,0.0000073,0.00012900,0.00000868,3.6363691092e-02,-5.7777771726e-03,1.1043,2.3090908527e+00
0.1380,0.0001380,0.0000072,0.00012900,0.00000869,3.6363691092e-02,-5.8585861698e-03,1.1053,2.3090908527e+00
0.1390,0.0001380,0.0000072,0.00013000,0.00000868,3.2323256135e-02,-5.8181826025e-03,1.1063,2.3050506115e+00
0.1400,0.0001390,0.0000073,0.00013000,0.00000867,3.6363631487e-02,-5.7373736054e-03,1.1073,2.3090908527e+00
0.1410,0.0001400,0.0000072,0.00013000,0.00000867,4.0404066443e-02,-5.8181826025e-03,1.1083,2.3131313324e+00
0.1420,0.0001390,0.0000073,0.00013000,0.00000865,3.6363631487e-02,-5.6161629036e-03,1.1093,2.3090908527e+00
0.1430,0.0001400,0.0000073,0.00013100,0.00000864,3.6363691092e-02,-5.6161591783e-03,1.1103,2.3090908527e+00
0.1440,0.0001410,0.0000072,0.00013100,0.00000863,4.0404066443e-02,-5.6969681755e-03,1.1113,2.3131313324e+00
0.1450,0.0001410,0.0000072,0.00013000,0.00000863,4.4444441795e-02,-5.6565646082e-03,1.1123,2.3171715736e+00
0.1460,0.0001420,0.0000072,0.00013100,0.00000863,4.4444501400e-02,-5.6969681755e-03,1.1133,2.3171718121e+00
0.1470,0.0001420,0.0000072,0.00013300,0.00000866,3.6363691092e-02,-5.8585861698e-03,1.1143,2.3090908527e+00
0.1480,0.0001420,0.0000072,0.00013200,0.00000865,4.0404066443e-02,-5.7373754680e-03,1.1153,2.3131313324e+00
0.1490,0.0001430,0.0000072,0.00013300,0.00000868,4.0404066443e-02,-5.8585861698e-03,1.1163,2.3131313324e+00
0.1500,0.0001440,0.0000072,0.00013400,0.00000865,4.0404066443e-02,-5.8585880324e-03,1.1173,2.3131313324e+00
0.1510,0.0001430,0.0000072,0.00013300,0.00000864,4.0404066443e-02,-5.7373717427e-03,1.1183,2.3131313324e+00
0.1520,0.0001440,0.0000072,0.00013400,0.00000865,4.0404066443e-02,-5.6969719008e-03,1.1193,2.3131313324e+00
0.1530,0.0001450,0.0000072,0.00013400,0.00000861,4.4444441795e-02,-5.6161610410e-03,1.1203,2.3171715736e+00
0.1540,0.0001460,0.0000072,0.00013300,0.00000860,5.2525311708e-02,-5.6565664709e-03,1.1213,2.3252525330e+00
0.1550,0.0001450,0.0000072,0.00013500,0.00000861,4.0404066443e-02,-5.6161610410e-03,1.1223,2.3131313324e+00
0.1560,0.0001460,0.0000072,0.00013500,0.00000859,4.4444501400e-02,-5.6161629036e-03,1.1233,2.3171718121e+00
0.1570,0.0001470,0.0000072,0.00013500,0.00000860,4.8484876752e-02,-5.6565664709e-03,1.1243,2.3212120533e+00
0.1580,0.0001470,0.0000072,0.00013600,0.00000858,4.4444441795e-02,-5.6565664709e-03,1.1253,2.3171715736e+00
0.1590,0.0001480,0.0000072,0.00013600,0.00000857,4.8484876752e-02,-5.5353557691e-03,1.1263,2.3212120533e+00
0.1600,0.0001480,0.0000072,0.00013600,0.00000859,4.8484876752e-02,-5.6161629036e-03,1.1273,2.3212120533e+00
0.1610,0.0001490,0.0000072,0.00013700,0.00000856,4.8484876752e-02,-5.4949522018e-03,1.1283,2.3212120533e+00
0.1620,0.0001480,0.0000072,0.00013700,0.00000857,4.4444501400e-02,-5.5353557691e-03,1.1293,2.3171718121e+00
0.1630,0.0001500,0.0000072,0.00013700,0.00000860,5.2525311708e-02,-5.6969700381e-03,1.1303,2.3252525330e+00
0.1640,0.0001510,0.0000072,0.00013800,0.00000857,5.2525252104e-02,-5.6161629036e-03,1.1313,2.3252525330e+00
0.1650,0.0001500,0.0000072,0.00013700,0.00000854,5.2525311708e-02,-5.4545449093e-03,1.1323,2.3252525330e+00
0.1660,0.0001510,0.0000072,0.00013900,0.00000854,4.8484876752e-02,-5.4545449093e-03,1.1333,2.3212120533e+00
0.1670,0.0001530,0.0000072,0.00013900,0.00000850,5.6565687060e-02,-5.3333337419e-03,1.1343,2.3292930126e+00
0.1680,0.0001520,0.0000072,0.00013900,0.00000857,5.2525252104e-02,-5.6161629036e-03,1.1353,2.3252525330e+00
0.1690,0.0001530,0.0000072,0.00014000,0.00000853,5.2525252104e-02,-5.4141413420e-03,1.1363,2.3252525330e+00
0.1700,0.0001540,0.0000072,0.00014000,0.00000857,5.6565627456e-02,-5.6161629036e-03,1.1373,2.3292927742e+00
0.1710,0.0001540,0.0000072,0.00014000,0.00000852,5.6565627456e-02,-5.4545449093e-03,1.1383,2.3292927742e+00
0.1720,0.0001540,0.0000072,0.00014100,0.00000853,5.2525252104e-02,-5.5353520438e-03,1.1393,2.3252525330e+00
0.1730,0.0001570,0.0000072,0.00014000,0.00000850,6.8686872721e-02,-5.3333337419e-03,1.1403,2.3414142132e+00
0.1740,0.0001570,0.0000072,0.00014300,0.00000850,5.6565687060e-02,-5.3333337419e-03,1.1413,2.3292930126e+00
0.1750,0.0001580,0.0000071,0.00014100,0.00000847,6.8686872721e-02,-5.3333318792e-03,1.1423,2.3414142132e+00
0.1760,0.0001570,0.0000072,0.00014200,0.00000845,6.0606062412e-02,-5.1717157476e-03,1.1433,2.3333332539e+00
0.1770,0.0001590,0.0000071,0.00014300,0.00000845,6.4646497369e-02,-5.2525247447e-03,1.1443,2.3373737335e+00
0.1780,0.0001600,0.0000071,0.00014300,0.00000845,6.8686872721e-02,-5.2929283120e-03,1.1453,2.3414142132e+00
0.1790,0.0001600,0.0000071,0.00014300,0.00000847,6.8686872721e-02,-5.3333318792e-03,1.1463,2.3414142132e+00
0.1800,0.0001610,0.0000071,0.00014600,0.00000848,6.0606062412e-02,-5.4141427390e-03,1.1473,2.3333332539e+00
0.1810,0.0001620,0.0000071,0.00014400,0.00000841,7.2727248073e-02,-5.1717176102e-03,1.1483,2.3454544544e+00
0.1820,0.0001630,0.0000071,0.00014500,0.00000844,7.2727307677e-02,-5.2121211775e-03,1.1493,2.3454544544e+00
0.1830,0.0001630,0.0000071,0.00014600,0.00000841,6.8686872721e-02,-5.0909104757e-03,1.1503,2.3414142132e+00
0.1840,0.0001640,0.0000071,0.00014600,0.00000842,7.2727248073e-02,-5.2121211775e-03,1.1513,2.3454544544e+00
0.1850,0.0001650,0.0000071,0.00014700,0.00000845,7.2727307677e-02,-5.3737359121e-03,1.1523,2.3454544544e+00
0.1860,0.0001660,0.0000071,0.00014900,0.00000845,6.8686872721e-02,-5.3333318792e-03,1.1533,2.3414142132e+00
0.1870,0.0001670,0.0000071,0.00014800,0.00000848,7.6767683029e-02,-5.4545467719e-03,1.1543,2.3494949341e+00
0.1880,0.0001680,0.0000071,0.00015000,0.00000848,7.2727248073e-02,-5.4949503392e-03,1.1553,2.3454544544e+00
0.1890,0.0001680,0.0000071,0.00015000,0.00000850,7.2727248073e-02,-5.4949503392e-03,1.1563,2.3454544544e+00
0.1900,0.0001700,0.0000071,0.00015000,0.00000850,8.0808058381e-02,-5.5757574737e-03,1.1573,2.3535354137e+00
0.1910,0.0001690,0.0000071,0.00015100,0.00000843,7.2727307677e-02,-5.2121211775e-03,1.1583,2.3454544544e+00
0.1920,0.0001720,0.0000071,0.00015100,0.00000847,8.4848493338e-02,-5.4949484766e-03,1.1593,2.3575756550e+00
0.1930,0.0001720,0.0000071,0.00015200,0.00000847,8.0808117986e-02,-5.4545430467e-03,1.1603,2.3535354137e+00
0.1940,0.0001730,0.0000071,0.00015300,0.00000845,8.0808058381e-02,-5.4949484766e-03,1.1613,2.3535354137e+00
0.1950,0.0001730,0.0000071,0.00015300,0.00000849,8.0808058381e-02,-5.5757593364e-03,1.1623,2.3535354137e+00
0.1960,0.0001750,0.0000071,0.00015400,0.00000846,8.4848493338e-02,-5.4949484766e-03,1.1633,2.3575756550e+00
0.1970,0.0001750,0.0000071,0.00015500,0.00000847,8.0808058381e-02,-5.5757556111e-03,1.1643,2.3535354137e+00
0.1980,0.0001770,0.0000071,0.00015400,0.00000844,9.2929303646e-02,-5.3737373091e-03,1.1653,2.3656566143e+00
0.1990,0.0001780,0.0000071,0.00015800,0.00000854,8.0808117986e-02,-5.7777771726e-03,1.1663,2.3535354137e+00
