Potential,Disk-O2,Ring-O2,Disk-N2,Ring-N2,Disk-Density,Ring-Density,Potential_RHE,ABS
-0.9000,-0.0016300,0.0000898,-0.00093000,0.00002690,-2.8282828331e+00,2.5414142013e-01,0.0673,5.2929306030e-01
-0.8990,-0.0015300,0.0000894,-0.00083200,0.00002660,-2.8202021122e+00,2.5373736024e-01,0.0683,5.2121233940e-01
-0.8980,-0.0014800,0.0000896,-0.00074700,0.00002640,-2.9616160393e+00,2.5535354018e-01,0.0693,6.6262626648e-01
-0.8970,-0.0014400,0.0000891,-0.00067200,0.00002620,-3.1030304432e+00,2.5414142013e-01,0.0703,8.0404067039e-01
-0.8960,-0.0014100,0.0000891,-0.00060500,0.00002610,-3.2525253296e+00,2.5454545021e-01,0.0713,9.5353555679e-01
-0.8950,-0.0013900,0.0000888,-0.00054600,0.00002590,-3.4101009369e+00,2.5414142013e-01,0.0723,1.1111111641e+00
-0.8940,-0.0013600,0.0000887,-0.00049200,0.00002580,-3.5070705414e+00,2.5414142013e-01,0.0733,1.2080807686e+00
-0.8930,-0.0013400,0.0000884,-0.00044600,0.00002560,-3.6121208668e+00,2.5373736024e-01,0.0743,1.3131310940e+00
-0.8920,-0.0013200,0.0000883,-0.00040400,0.00002550,-3.7010102272e+00,2.5373739004e-01,0.0753,1.4020204544e+00
-0.8910,-0.0013000,0.0000881,-0.00036500,0.00002530,-3.7777779102e+00,2.5373736024e-01,0.0763,1.4787881374e+00
-0.8900,-0.0012900,0.0000879,-0.00033000,0.00002520,-3.8787879944e+00,2.5333333015e-01,0.0773,1.5797982216e+00
-0.8890,-0.0012800,0.0000878,-0.00029900,0.00002510,-3.9636363983e+00,2.5333333015e-01,0.0783,1.6646466255e+00
-0.8880,-0.0012600,0.0000876,-0.00027100,0.00002500,-3.9959599972e+00,2.5292927027e-01,0.0793,1.6969702244e+00
-0.8870,-0.0012600,0.0000878,-0.00024300,0.00002490,-4.1090912819e+00,2.5414142013e-01,0.0803,1.8101015091e+00
-0.8860,-0.0012400,0.0000872,-0.00022000,0.00002470,-4.1212120056e+00,2.5252526999e-01,0.0813,1.8222222328e+00
-0.8850,-0.0012300,0.0000873,-0.00020000,0.00002460,-4.1616163254e+00,2.5333335996e-01,0.0823,1.8626265526e+00
-0.8840,-0.0012200,0.0000871,-0.00018100,0.00002450,-4.1979799271e+00,2.5292930007e-01,0.0833,1.8989901543e+00
-0.8830,-0.0012100,0.0000869,-0.00016300,0.00002440,-4.2303032875e+00,2.5252524018e-01,0.0843,1.9313135147e+00
-0.8820,-0.0012100,0.0000869,-0.00014700,0.00002430,-4.2949495316e+00,2.5292927027e-01,0.0853,1.9959597588e+00
-0.8810,-0.0012000,0.0000867,-0.00013200,0.00002420,-4.3151521683e+00,2.5252524018e-01,0.0863,2.0161623955e+00
-0.8800,-0.0011900,0.0000866,-0.00011800,0.00002410,-4.3313131332e+00,2.5252524018e-01,0.0873,2.0323233604e+00
-0.8790,-0.0011900,0.0000865,-0.00010600,0.00002400,-4.3797979355e+00,2.5252524018e-01,0.0883,2.0808081627e+00
-0.8780,-0.0011900,0.0000865,-0.00009430,0.00002390,-4.4270706177e+00,2.5292927027e-01,0.0893,2.1280808449e+00
-0.8770,-0.0011700,0.0000863,-0.00008300,0.00002390,-4.3919186592e+00,2.5212121010e-01,0.0903,2.0929288864e+00
-0.8760,-0.0011700,0.0000863,-0.00007260,0.00002380,-4.4339394569e+00,2.5252526999e-01,0.0913,2.1349496841e+00
-0.8750,-0.0011700,0.0000861,-0.00006330,0.00002370,-4.4715147018e+00,2.5212121010e-01,0.0923,2.1725249290e+00
-0.8740,-0.0011600,0.0000860,-0.00005440,0.00002360,-4.4670710564e+00,2.5212121010e-01,0.0933,2.1680812836e+00
-0.8730,-0.0011600,0.0000859,-0.00004600,0.00002350,-4.5010099411e+00,2.5212118030e-01,0.0943,2.2020201683e+00
-0.8720,-0.0011600,0.0000858,-0.00003870,0.00002350,-4.5305051804e+00,2.5171715021e-01,0.0953,2.2315154076e+00
-0.8710,-0.0011500,0.0000856,-0.00003120,0.00002340,-4.5204043388e+00,2.5131312013e-01,0.0963,2.2214145660e+00
-0.8700,-0.0011400,0.0000855,-0.00002460,0.00002330,-4.5066666603e+00,2.5131314993e-01,0.0973,2.2076768875e+00
-0.8690,-0.0011400,0.0000855,-0.00001830,0.00002320,-4.5321207047e+00,2.5171718001e-01,0.0983,2.2331309319e+00
-0.8680,-0.0011400,0.0000855,-0.00001250,0.00002320,-4.5555553436e+00,2.5171718001e-01,0.0993,2.2565655708e+00
-0.8670,-0.0011300,0.0000855,-0.00000700,0.00002310,-4.5373735428e+00,2.5212121010e-01,0.1003,2.2383837700e+00
-0.8660,-0.0011300,0.0000853,-0.00000165,0.00002300,-4.5589900017e+00,2.5171718001e-01,0.1013,2.2600002289e+00
-0.8650,-0.0011300,0.0000853,0.00000325,0.00002300,-4.5787878036e+00,2.5171718001e-01,0.1023,2.2797980309e+00
-0.8640,-0.0011200,0.0000851,0.00000848,0.00002290,-4.5595154762e+00,2.5131312013e-01,0.1033,2.2605257034e+00
-0.8630,-0.0011200,0.0000851,0.00001250,0.00002290,-4.5757575035e+00,2.5131312013e-01,0.1043,2.2767677307e+00
-0.8620,-0.0011200,0.0000850,0.00001640,0.00002280,-4.5915155411e+00,2.5131312013e-01,0.1053,2.2925257683e+00
-0.8610,-0.0011200,0.0000848,0.00002040,0.00002280,-4.6076769829e+00,2.5050505996e-01,0.1063,2.3086872101e+00
-0.8600,-0.0011100,0.0000850,0.00002420,0.00002270,-4.5826258659e+00,2.5171718001e-01,0.1073,2.2836360931e+00
-0.8590,-0.0011100,0.0000848,0.00002780,0.00002260,-4.5971713066e+00,2.5131312013e-01,0.1083,2.2981815338e+00
-0.8580,-0.0011100,0.0000848,0.00003110,0.00002260,-4.6105051041e+00,2.5131312013e-01,0.1093,2.3115153313e+00
-0.8570,-0.0011100,0.0000847,0.00003430,0.00002250,-4.6234340668e+00,2.5131312013e-01,0.1103,2.3244442940e+00
-0.8560,-0.0011100,0.0000847,0.00003730,0.00002250,-4.6355557442e+00,2.5131312013e-01,0.1113,2.3365659714e+00
-0.8550,-0.0011000,0.0000844,0.00004000,0.00002240,-4.6060605049e+00,2.5050508976e-01,0.1123,2.3070707321e+00
-0.8540,-0.0011000,0.0000845,0.00004300,0.00002240,-4.6181817055e+00,2.5090911984e-01,0.1133,2.3191919327e+00
-0.8530,-0.0011000,0.0000844,0.00004540,0.00002230,-4.6278786659e+00,2.5090909004e-01,0.1143,2.3288888931e+00
-0.8520,-0.0011000,0.0000843,0.00004810,0.00002230,-4.6387877464e+00,2.5050505996e-01,0.1153,2.3397979736e+00
-0.8510,-0.0010900,0.0000843,0.00005060,0.00002220,-4.6084852219e+00,2.5090909004e-01,0.1163,2.3094954491e+00
-0.8500,-0.0010900,0.0000843,0.00005290,0.00002210,-4.6177783012e+00,2.5131312013e-01,0.1173,2.3187885284e+00
-0.8490,-0.0010900,0.0000842,0.00005530,0.00002210,-4.6274747849e+00,2.5090909004e-01,0.1183,2.3284850121e+00
-0.8480,-0.0010900,0.0000840,0.00005790,0.00002200,-4.6379799843e+00,2.5050505996e-01,0.1193,2.3389902115e+00
-0.8470,-0.0010900,0.0000841,0.00005920,0.00002200,-4.6432323456e+00,2.5090909004e-01,0.1203,2.3442425728e+00
-0.8460,-0.0010800,0.0000838,0.00006100,0.00002200,-4.6101007462e+00,2.4969695508e-01,0.1213,2.3111109734e+00
-0.8450,-0.0010900,0.0000840,0.00006280,0.00002190,-4.6577777863e+00,2.5090909004e-01,0.1223,2.3587880135e+00
-0.8440,-0.0010800,0.0000839,0.00006470,0.00002190,-4.6250505447e+00,2.5050505996e-01,0.1233,2.3260607719e+00
-0.8430,-0.0010800,0.0000838,0.00006640,0.00002180,-4.6319193840e+00,2.5050505996e-01,0.1243,2.3329296112e+00
-0.8420,-0.0010800,0.0000838,0.00006810,0.00002180,-4.6387877464e+00,2.5050505996e-01,0.1253,2.3397979736e+00
-0.8410,-0.0010800,0.0000839,0.00006940,0.00002170,-4.6440401077e+00,2.5131312013e-01,0.1263,2.3450503349e+00
-0.8400,-0.0010800,0.0000839,0.00007110,0.00002170,-4.6509089470e+00,2.5131312013e-01,0.1273,2.3519191742e+00
-0.8390,-0.0010800,0.0000837,0.00007260,0.00002160,-4.6569695473e+00,2.5090906024e-01,0.1283,2.3579797745e+00
-0.8380,-0.0010700,0.0000839,0.00007410,0.00002160,-4.6226263046e+00,2.5171715021e-01,0.1293,2.3236365318e+00
-0.8370,-0.0010700,0.0000837,0.00007570,0.00002150,-4.6290907860e+00,2.5131312013e-01,0.1303,2.3301010132e+00
-0.8360,-0.0010700,0.0000838,0.00007680,0.00002150,-4.6335353851e+00,2.5171715021e-01,0.1313,2.3345456123e+00
-0.8350,-0.0010700,0.0000837,0.00007820,0.00002140,-4.6391921043e+00,2.5171715021e-01,0.1323,2.3402023315e+00
-0.8340,-0.0010700,0.0000837,0.00007940,0.00002140,-4.6440405846e+00,2.5171715021e-01,0.1333,2.3450508118e+00
-0.8330,-0.0010700,0.0000837,0.00008070,0.00002140,-4.6492929459e+00,2.5171715021e-01,0.1343,2.3503031731e+00
-0.8320,-0.0010700,0.0000836,0.00008190,0.00002140,-4.6541414261e+00,2.5131314993e-01,0.1353,2.3551516533e+00
-0.8310,-0.0010600,0.0000836,0.00008300,0.00002130,-4.6181821823e+00,2.5171718001e-01,0.1363,2.3191924095e+00
-0.8300,-0.0010600,0.0000837,0.00008390,0.00002130,-4.6218180656e+00,2.5212118030e-01,0.1373,2.3228282928e+00
-0.8290,-0.0010600,0.0000836,0.00008510,0.00002130,-4.6266665459e+00,2.5171718001e-01,0.1383,2.3276767731e+00
-0.8280,-0.0010700,0.0000836,0.00008610,0.00002120,-4.6711111069e+00,2.5212121010e-01,0.1393,2.3721213341e+00
-0.8270,-0.0010600,0.0000835,0.00008720,0.00002120,-4.6351513863e+00,2.5171718001e-01,0.1403,2.3361616135e+00
-0.8260,-0.0010600,0.0000835,0.00008810,0.00002120,-4.6387877464e+00,2.5171718001e-01,0.1413,2.3397979736e+00
-0.8250,-0.0010600,0.0000835,0.00008920,0.00002120,-4.6432323456e+00,2.5171718001e-01,0.1423,2.3442425728e+00
-0.8240,-0.0010600,0.0000834,0.00008990,0.00002110,-4.6460609436e+00,2.5171718001e-01,0.1433,2.3470711708e+00
-0.8230,-0.0010600,0.0000835,0.00009090,0.00002110,-4.6501011848e+00,2.5212121010e-01,0.1443,2.3511114120e+00
-0.8220,-0.0010500,0.0000835,0.00009170,0.00002110,-4.6129293442e+00,2.5212121010e-01,0.1453,2.3139395714e+00
-0.8210,-0.0010600,0.0000834,0.00009250,0.00002100,-4.6565656662e+00,2.5212121010e-01,0.1463,2.3575758934e+00
-0.8200,-0.0010500,0.0000835,0.00009340,0.00002100,-4.6197977066e+00,2.5252526999e-01,0.1473,2.3208079338e+00
-0.8190,-0.0010600,0.0000835,0.00009460,0.00002100,-4.6650509834e+00,2.5252526999e-01,0.1483,2.3660612106e+00
-0.8180,-0.0010500,0.0000836,0.00009530,0.00002100,-4.6274747849e+00,2.5292930007e-01,0.1493,2.3284850121e+00
-0.8170,-0.0010500,0.0000833,0.00009600,0.00002090,-4.6303029060e+00,2.5212121010e-01,0.1503,2.3313131332e+00
-0.8160,-0.0010500,0.0000835,0.00009660,0.00002090,-4.6327271461e+00,2.5292930007e-01,0.1513,2.3337373734e+00
-0.8150,-0.0010500,0.0000834,0.00009730,0.00002090,-4.6355557442e+00,2.5252526999e-01,0.1523,2.3365659714e+00
-0.8140,-0.0010500,0.0000834,0.00009820,0.00002080,-4.6391921043e+00,2.5292930007e-01,0.1533,2.3402023315e+00
-0.8130,-0.0010500,0.0000834,0.00009850,0.00002080,-4.6404042244e+00,2.5292930007e-01,0.1543,2.3414144516e+00
-0.8120,-0.0010500,0.0000834,0.00009950,0.00002080,-4.6444444656e+00,2.5292930007e-01,0.1553,2.3454546928e+00
-0.8110,-0.0010500,0.0000833,0.00009970,0.00002070,-4.6452527046e+00,2.5292930007e-01,0.1563,2.3462629318e+00
-0.8100,-0.0010500,0.0000834,0.00010000,0.00002070,-4.6464643478e+00,2.5333335996e-01,0.1573,2.3474745750e+00
-0.8090,-0.0010400,0.0000834,0.00010100,0.00002070,-4.6101007462e+00,2.5333335996e-01,0.1583,2.3111109734e+00
-0.8080,-0.0010500,0.0000833,0.00010200,0.00002070,-4.6545453072e+00,2.5292930007e-01,0.1593,2.3555555344e+00
-0.8070,-0.0010500,0.0000834,0.00010200,0.00002060,-4.6545453072e+00,2.5373736024e-01,0.1603,2.3555555344e+00
-0.8060,-0.0010400,0.0000833,0.00010300,0.00002060,-4.6181817055e+00,2.5333333015e-01,0.1613,2.3191919327e+00
-0.8050,-0.0010400,0.0000834,0.00010300,0.00002060,-4.6181817055e+00,2.5373736024e-01,0.1623,2.3191919327e+00
-0.8040,-0.0010400,0.0000833,0.00010400,0.00002060,-4.6222219467e+00,2.5333333015e-01,0.1633,2.3232321739e+00
-0.8030,-0.0010400,0.0000835,0.00010400,0.00002060,-4.6222219467e+00,2.5414142013e-01,0.1643,2.3232321739e+00
-0.8020,-0.0010400,0.0000831,0.00010500,0.00002060,-4.6262626648e+00,2.5252524018e-01,0.1653,2.3272728920e+00
-0.8010,-0.0010400,0.0000833,0.00010500,0.00002050,-4.6262626648e+00,2.5373736024e-01,0.1663,2.3272728920e+00
-0.8000,-0.0010400,0.0000832,0.00010600,0.00002050,-4.6303029060e+00,2.5333333015e-01,0.1673,2.3313131332e+00
-0.7990,-0.0010400,0.0000832,0.00010600,0.00002050,-4.6303029060e+00,2.5333333015e-01,0.1683,2.3313131332e+00
-0.7980,-0.0010400,0.0000833,0.00010700,0.00002050,-4.6343436241e+00,2.5373736024e-01,0.1693,2.3353538513e+00
-0.7970,-0.0010300,0.0000832,0.00010700,0.00002040,-4.5939397812e+00,2.5373736024e-01,0.1703,2.2949500084e+00
-0.7960,-0.0010300,0.0000834,0.00010800,0.00002040,-4.5979800224e+00,2.5454545021e-01,0.1713,2.2989902496e+00
-0.7950,-0.0010300,0.0000833,0.00010800,0.00002040,-4.5979800224e+00,2.5414142013e-01,0.1723,2.2989902496e+00
-0.7940,-0.0010400,0.0000835,0.00010800,0.00002040,-4.6383838654e+00,2.5494951010e-01,0.1733,2.3393940926e+00
-0.7930,-0.0010300,0.0000834,0.00010900,0.00002040,-4.6020202637e+00,2.5454545021e-01,0.1743,2.3030304909e+00
-0.7920,-0.0010300,0.0000833,0.00010900,0.00002030,-4.6020202637e+00,2.5454545021e-01,0.1753,2.3030304909e+00
-0.7910,-0.0010300,0.0000834,0.00011000,0.00002030,-4.6060609818e+00,2.5494951010e-01,0.1763,2.3070712090e+00
-0.7900,-0.0010300,0.0000833,0.00011000,0.00002030,-4.6060609818e+00,2.5454545021e-01,0.1773,2.3070712090e+00
-0.7890,-0.0010300,0.0000835,0.00011000,0.00002030,-4.6060609818e+00,2.5535354018e-01,0.1783,2.3070712090e+00
-0.7880,-0.0010300,0.0000834,0.00011100,0.00002030,-4.6101012230e+00,2.5494951010e-01,0.1793,2.3111114502e+00
-0.7870,-0.0010300,0.0000834,0.00011100,0.00002020,-4.6101012230e+00,2.5535354018e-01,0.1803,2.3111114502e+00
-0.7860,-0.0010300,0.0000834,0.00011200,0.00002020,-4.6141419411e+00,2.5535354018e-01,0.1813,2.3151521683e+00
-0.7850,-0.0010200,0.0000833,0.00011200,0.00002020,-4.5737376213e+00,2.5494951010e-01,0.1823,2.2747478485e+00
-0.7840,-0.0010300,0.0000833,0.00011200,0.00002020,-4.6141419411e+00,2.5494951010e-01,0.1833,2.3151521683e+00
-0.7830,-0.0010200,0.0000833,0.00011300,0.00002020,-4.5777778625e+00,2.5494951010e-01,0.1843,2.2787880898e+00
-0.7820,-0.0010300,0.0000834,0.00011300,0.00002010,-4.6181821823e+00,2.5575757027e-01,0.1853,2.3191924095e+00
-0.7810,-0.0010200,0.0000833,0.00011300,0.00002010,-4.5777778625e+00,2.5535354018e-01,0.1863,2.2787880898e+00
-0.7800,-0.0010200,0.0000835,0.00011400,0.00002010,-4.5818181038e+00,2.5616163015e-01,0.1873,2.2828283310e+00
-0.7790,-0.0010200,0.0000835,0.00011400,0.00002010,-4.5818181038e+00,2.5616163015e-01,0.1883,2.2828283310e+00
-0.7780,-0.0010200,0.0000835,0.00011400,0.00002010,-4.5818181038e+00,2.5616163015e-01,0.1893,2.2828283310e+00
-0.7770,-0.0010200,0.0000834,0.00011500,0.00002010,-4.5858588219e+00,2.5575757027e-01,0.1903,2.2868690491e+00
-0.7760,-0.0010200,0.0000835,0.00011500,0.00002010,-4.5858588219e+00,2.5616163015e-01,0.1913,2.2868690491e+00
-0.7750,-0.0010200,0.0000836,0.00011500,0.00002000,-4.5858588219e+00,2.5696972013e-01,0.1923,2.2868690491e+00
-0.7740,-0.0010200,0.0000834,0.00011600,0.00002000,-4.5898985863e+00,2.5616163015e-01,0.1933,2.2909088135e+00
-0.7730,-0.0010200,0.0000837,0.00011600,0.00002000,-4.5898985863e+00,2.5737372041e-01,0.1943,2.2909088135e+00
-0.7720,-0.0010100,0.0000836,0.00011600,0.00002000,-4.5494947433e+00,2.5696972013e-01,0.1953,2.2505049706e+00
-0.7710,-0.0010200,0.0000836,0.00011700,0.00002000,-4.5939393044e+00,2.5696972013e-01,0.1963,2.2949495316e+00
-0.7700,-0.0010100,0.0000836,0.00011700,0.00002000,-4.5535354614e+00,2.5696972013e-01,0.1973,2.2545456886e+00
-0.7690,-0.0010200,0.0000836,0.00011700,0.00001990,-4.5939393044e+00,2.5737375021e-01,0.1983,2.2949495316e+00
-0.7680,-0.0010100,0.0000836,0.00011800,0.00001990,-4.5575757027e+00,2.5737375021e-01,0.1993,2.2585859299e+00
-0.7670,-0.0010200,0.0000836,0.00011800,0.00001990,-4.5979795456e+00,2.5737375021e-01,0.2003,2.2989897728e+00
-0.7660,-0.0010100,0.0000837,0.00011800,0.00001990,-4.5575757027e+00,2.5777778029e-01,0.2013,2.2585859299e+00
-0.7650,-0.0010100,0.0000837,0.00011800,0.00001990,-4.5575757027e+00,2.5777778029e-01,0.2023,2.2585859299e+00
-0.7640,-0.0010100,0.0000837,0.00011900,0.00001990,-4.5616159439e+00,2.5777778029e-01,0.2033,2.2626261711e+00
-0.7630,-0.0010100,0.0000837,0.00011900,0.00001990,-4.5616159439e+00,2.5777778029e-01,0.2043,2.2626261711e+00
-0.7620,-0.0010100,0.0000837,0.00011900,0.00001980,-4.5616159439e+00,2.5818181038e-01,0.2053,2.2626261711e+00
-0.7610,-0.0010100,0.0000839,0.00011900,0.00001980,-4.5616159439e+00,2.5898990035e-01,0.2063,2.2626261711e+00
-0.7600,-0.0010100,0.0000838,0.00011900,0.00001980,-4.5616159439e+00,2.5858587027e-01,0.2073,2.2626261711e+00
-0.7590,-0.0010100,0.0000838,0.00012000,0.00001980,-4.5656566620e+00,2.5858587027e-01,0.2083,2.2666668892e+00
-0.7580,-0.0010100,0.0000838,0.00012000,0.00001980,-4.5656566620e+00,2.5858587027e-01,0.2093,2.2666668892e+00
-0.7570,-0.0010100,0.0000840,0.00012000,0.00001980,-4.5656566620e+00,2.5939396024e-01,0.2103,2.2666668892e+00
-0.7560,-0.0010100,0.0000839,0.00012000,0.00001980,-4.5656566620e+00,2.5898990035e-01,0.2113,2.2666668892e+00
-0.7550,-0.0010100,0.0000839,0.00012100,0.00001980,-4.5696969032e+00,2.5898990035e-01,0.2123,2.2707071304e+00
-0.7540,-0.0010100,0.0000839,0.00012100,0.00001980,-4.5696969032e+00,2.5898990035e-01,0.2133,2.2707071304e+00
-0.7530,-0.0010100,0.0000839,0.00012100,0.00001970,-4.5696969032e+00,2.5939393044e-01,0.2143,2.2707071304e+00
-0.7520,-0.0010100,0.0000841,0.00012100,0.00001970,-4.5696969032e+00,2.6020199060e-01,0.2153,2.2707071304e+00
-0.7510,-0.0010100,0.0000840,0.00012200,0.00001970,-4.5737376213e+00,2.5979796052e-01,0.2163,2.2747478485e+00
-0.7500,-0.0010000,0.0000839,0.00012200,0.00001970,-4.5333333015e+00,2.5939393044e-01,0.2173,2.2343435287e+00
-0.7490,-0.0010000,0.0000840,0.00012200,0.00001970,-4.5333333015e+00,2.5979796052e-01,0.2183,2.2343435287e+00
-0.7480,-0.0010000,0.0000841,0.00012200,0.00001960,-4.5333333015e+00,2.6060605049e-01,0.2193,2.2343435287e+00
-0.7470,-0.0009990,0.0000839,0.00012200,0.00001960,-4.5292930603e+00,2.5979796052e-01,0.2203,2.2303032875e+00
-0.7460,-0.0010100,0.0000842,0.00012300,0.00001960,-4.5777778625e+00,2.6101008058e-01,0.2213,2.2787880898e+00
-0.7450,-0.0010000,0.0000843,0.00012300,0.00001960,-4.5373740196e+00,2.6141414046e-01,0.2223,2.2383842468e+00
-0.7440,-0.0010000,0.0000843,0.00012300,0.00001960,-4.5373740196e+00,2.6141414046e-01,0.2233,2.2383842468e+00
-0.7430,-0.0010000,0.0000843,0.00012300,0.00001960,-4.5373740196e+00,2.6141414046e-01,0.2243,2.2383842468e+00
-0.7420,-0.0009990,0.0000842,0.00012300,0.00001960,-4.5333333015e+00,2.6101008058e-01,0.2253,2.2343435287e+00
-0.7410,-0.0009990,0.0000843,0.00012300,0.00001960,-4.5333333015e+00,2.6141414046e-01,0.2263,2.2343435287e+00
-0.7400,-0.0009950,0.0000843,0.00012400,0.00001960,-4.5212121010e+00,2.6141414046e-01,0.2273,2.2222223282e+00
-0.7390,-0.0009990,0.0000844,0.00012400,0.00001960,-4.5373740196e+00,2.6181817055e-01,0.2283,2.2383842468e+00
-0.7380,-0.0009980,0.0000843,0.00012400,0.00001960,-4.5333333015e+00,2.6141414046e-01,0.2293,2.2343435287e+00
-0.7370,-0.0009980,0.0000844,0.00012400,0.00001950,-4.5333333015e+00,2.6222223043e-01,0.2303,2.2343435287e+00
-0.7360,-0.0009950,0.0000844,0.00012400,0.00001950,-4.5212121010e+00,2.6222223043e-01,0.2313,2.2222223282e+00
-0.7350,-0.0009960,0.0000844,0.00012500,0.00001950,-4.5292930603e+00,2.6222223043e-01,0.2323,2.2303032875e+00
-0.7340,-0.0009940,0.0000844,0.00012500,0.00001950,-4.5212121010e+00,2.6222223043e-01,0.2333,2.2222223282e+00
-0.7330,-0.0009910,0.0000844,0.00012500,0.00001950,-4.5090909004e+00,2.6222223043e-01,0.2343,2.2101011276e+00
-0.7320,-0.0009950,0.0000846,0.00012500,0.00001950,-4.5252528191e+00,2.6303032041e-01,0.2353,2.2262630463e+00
-0.7310,-0.0009920,0.0000846,0.00012500,0.00001950,-4.5131311417e+00,2.6303032041e-01,0.2363,2.2141413689e+00
-0.7300,-0.0009920,0.0000846,0.00012600,0.00001950,-4.5171718597e+00,2.6303032041e-01,0.2373,2.2181820869e+00
-0.7290,-0.0009920,0.0000846,0.00012600,0.00001950,-4.5171718597e+00,2.6303032041e-01,0.2383,2.2181820869e+00
-0.7280,-0.0009920,0.0000848,0.00012600,0.00001940,-4.5171718597e+00,2.6424241066e-01,0.2393,2.2181820869e+00
-0.7270,-0.0009890,0.0000846,0.00012600,0.00001940,-4.5050506592e+00,2.6343432069e-01,0.2403,2.2060608864e+00
-0.7260,-0.0009920,0.0000848,0.00012600,0.00001950,-4.5171718597e+00,2.6383838058e-01,0.2413,2.2181820869e+00
-0.7250,-0.0009910,0.0000848,0.00012600,0.00001940,-4.5131311417e+00,2.6424241066e-01,0.2423,2.2141413689e+00
-0.7240,-0.0009900,0.0000848,0.00012700,0.00001940,-4.5131311417e+00,2.6424241066e-01,0.2433,2.2141413689e+00
-0.7230,-0.0009890,0.0000848,0.00012700,0.00001940,-4.5090909004e+00,2.6424241066e-01,0.2443,2.2101011276e+00
-0.7220,-0.0009910,0.0000849,0.00012700,0.00001940,-4.5171718597e+00,2.6464644074e-01,0.2453,2.2181820869e+00
-0.7210,-0.0009850,0.0000849,0.00012700,0.00001940,-4.4929294586e+00,2.6464644074e-01,0.2463,2.1939396858e+00
-0.7200,-0.0009900,0.0000849,0.00012700,0.00001940,-4.5131311417e+00,2.6464644074e-01,0.2473,2.2141413689e+00
-0.7190,-0.0009850,0.0000851,0.00012700,0.00001940,-4.4929294586e+00,2.6545453072e-01,0.2483,2.1939396858e+00
-0.7180,-0.0009840,0.0000849,0.00012700,0.00001940,-4.4888892174e+00,2.6464644074e-01,0.2493,2.1898994446e+00
-0.7170,-0.0009870,0.0000850,0.00012700,0.00001940,-4.5010099411e+00,2.6505050063e-01,0.2503,2.2020201683e+00
-0.7160,-0.0009800,0.0000849,0.00012800,0.00001940,-4.4767680168e+00,2.6464644074e-01,0.2513,2.1777782440e+00
-0.7150,-0.0009860,0.0000850,0.00012800,0.00001930,-4.5010104179e+00,2.6545453072e-01,0.2523,2.2020206451e+00
-0.7140,-0.0009840,0.0000851,0.00012800,0.00001940,-4.4929294586e+00,2.6545453072e-01,0.2533,2.1939396858e+00
-0.7130,-0.0009810,0.0000851,0.00012800,0.00001940,-4.4808082581e+00,2.6545453072e-01,0.2543,2.1818184853e+00
-0.7120,-0.0009850,0.0000852,0.00012800,0.00001930,-4.4969701767e+00,2.6626262069e-01,0.2553,2.1979804039e+00
-0.7110,-0.0009810,0.0000851,0.00012800,0.00001930,-4.4808082581e+00,2.6585859060e-01,0.2563,2.1818184853e+00
-0.7100,-0.0009810,0.0000852,0.00012900,0.00001930,-4.4848489761e+00,2.6626262069e-01,0.2573,2.1858592033e+00
-0.7090,-0.0009780,0.0000852,0.00012900,0.00001930,-4.4727272987e+00,2.6626262069e-01,0.2583,2.1737375259e+00
-0.7080,-0.0009810,0.0000852,0.00012900,0.00001930,-4.4848489761e+00,2.6626262069e-01,0.2593,2.1858592033e+00
-0.7070,-0.0009800,0.0000853,0.00012900,0.00001930,-4.4808082581e+00,2.6666668057e-01,0.2603,2.1818184853e+00
-0.7060,-0.0009800,0.0000854,0.00012900,0.00001930,-4.4808082581e+00,2.6707071066e-01,0.2613,2.1818184853e+00
-0.7050,-0.0009780,0.0000852,0.00012900,0.00001930,-4.4727272987e+00,2.6626262069e-01,0.2623,2.1737375259e+00
-0.7040,-0.0009790,0.0000855,0.00012900,0.00001920,-4.4767680168e+00,2.6787880063e-01,0.2633,2.1777782440e+00
-0.7030,-0.0009770,0.0000854,0.00013000,0.00001930,-4.4727272987e+00,2.6707071066e-01,0.2643,2.1737375259e+00
-0.7020,-0.0009800,0.0000856,0.00013000,0.00001930,-4.4848489761e+00,2.6787877083e-01,0.2653,2.1858592033e+00
-0.7010,-0.0009780,0.0000856,0.00013000,0.00001930,-4.4767680168e+00,2.6787877083e-01,0.2663,2.1777782440e+00
-0.7000,-0.0009760,0.0000855,0.00013000,0.00001920,-4.4686870575e+00,2.6787880063e-01,0.2673,2.1696972847e+00
-0.6990,-0.0009760,0.0000855,0.00013000,0.00001920,-4.4686870575e+00,2.6787880063e-01,0.2683,2.1696972847e+00
-0.6980,-0.0009740,0.0000857,0.00013000,0.00001920,-4.4606060982e+00,2.6868686080e-01,0.2693,2.1616163254e+00
-0.6970,-0.0009730,0.0000856,0.00013000,0.00001920,-4.4565658569e+00,2.6828280091e-01,0.2703,2.1575760841e+00
-0.6960,-0.0009770,0.0000858,0.00013000,0.00001920,-4.4727272987e+00,2.6909089088e-01,0.2713,2.1737375259e+00
-0.6950,-0.0009740,0.0000857,0.00013000,0.00001920,-4.4606060982e+00,2.6868686080e-01,0.2723,2.1616163254e+00
-0.6940,-0.0009760,0.0000858,0.00013000,0.00001920,-4.4686870575e+00,2.6909089088e-01,0.2733,2.1696972847e+00
-0.6930,-0.0009730,0.0000858,0.00013100,0.00001920,-4.4606060982e+00,2.6909089088e-01,0.2743,2.1616163254e+00
-0.6920,-0.0009720,0.0000857,0.00013100,0.00001920,-4.4565658569e+00,2.6868686080e-01,0.2753,2.1575760841e+00
-0.6910,-0.0009720,0.0000860,0.00013100,0.00001920,-4.4565658569e+00,2.6989898086e-01,0.2763,2.1575760841e+00
-0.6900,-0.0009750,0.0000859,0.00013100,0.00001920,-4.4686865807e+00,2.6949495077e-01,0.2773,2.1696968079e+00
-0.6890,-0.0009700,0.0000860,0.00013100,0.00001920,-4.4484848976e+00,2.6989898086e-01,0.2783,2.1494951248e+00
-0.6880,-0.0009700,0.0000859,0.00013100,0.00001910,-4.4484848976e+00,2.6989898086e-01,0.2793,2.1494951248e+00
-0.6870,-0.0009710,0.0000860,0.00013100,0.00001910,-4.4525251389e+00,2.7030304074e-01,0.2803,2.1535353661e+00
-0.6860,-0.0009700,0.0000861,0.00013100,0.00001910,-4.4484848976e+00,2.7070707083e-01,0.2813,2.1494951248e+00
-0.6850,-0.0009690,0.0000860,0.00013100,0.00001910,-4.4444446564e+00,2.7030304074e-01,0.2823,2.1454548836e+00
-0.6840,-0.0009670,0.0000861,0.00013200,0.00001910,-4.4404039383e+00,2.7070707083e-01,0.2833,2.1414141655e+00
-0.6830,-0.0009660,0.0000861,0.00013200,0.00001910,-4.4363636971e+00,2.7070707083e-01,0.2843,2.1373739243e+00
-0.6820,-0.0009660,0.0000861,0.00013200,0.00001910,-4.4363636971e+00,2.7070707083e-01,0.2853,2.1373739243e+00
-0.6810,-0.0009700,0.0000862,0.00013200,0.00001910,-4.4525251389e+00,2.7111113071e-01,0.2863,2.1535353661e+00
-0.6800,-0.0009630,0.0000862,0.00013200,0.00001910,-4.4242424965e+00,2.7111113071e-01,0.2873,2.1252527237e+00
-0.6790,-0.0009670,0.0000862,0.00013200,0.00001910,-4.4404039383e+00,2.7111113071e-01,0.2883,2.1414141655e+00
-0.6780,-0.0009660,0.0000864,0.00013200,0.00001910,-4.4363636971e+00,2.7191919088e-01,0.2893,2.1373739243e+00
-0.6770,-0.0009640,0.0000863,0.00013200,0.00001910,-4.4282827377e+00,2.7151516080e-01,0.2903,2.1292929649e+00
-0.6760,-0.0009650,0.0000865,0.00013200,0.00001910,-4.4323229790e+00,2.7232322097e-01,0.2913,2.1333332062e+00
-0.6750,-0.0009620,0.0000864,0.00013200,0.00001910,-4.4202017784e+00,2.7191919088e-01,0.2923,2.1212120056e+00
-0.6740,-0.0009640,0.0000865,0.00013200,0.00001910,-4.4282827377e+00,2.7232322097e-01,0.2933,2.1292929649e+00
-0.6730,-0.0009650,0.0000864,0.00013300,0.00001910,-4.4363636971e+00,2.7191919088e-01,0.2943,2.1373739243e+00
-0.6720,-0.0009610,0.0000865,0.00013300,0.00001900,-4.4202017784e+00,2.7272725105e-01,0.2953,2.1212120056e+00
-0.6710,-0.0009590,0.0000865,0.00013300,0.00001900,-4.4121212959e+00,2.7272725105e-01,0.2963,2.1131315231e+00
-0.6700,-0.0009600,0.0000865,0.00013300,0.00001900,-4.4161615372e+00,2.7272725105e-01,0.2973,2.1171717644e+00
-0.6690,-0.0009580,0.0000865,0.00013300,0.00001900,-4.4080810547e+00,2.7272725105e-01,0.2983,2.1090912819e+00
-0.6680,-0.0009590,0.0000865,0.00013300,0.00001900,-4.4121212959e+00,2.7272725105e-01,0.2993,2.1131315231e+00
-0.6670,-0.0009600,0.0000866,0.00013300,0.00001900,-4.4161615372e+00,2.7313131094e-01,0.3003,2.1171717644e+00
-0.6660,-0.0009570,0.0000866,0.00013300,0.00001900,-4.4040403366e+00,2.7313131094e-01,0.3013,2.1050505638e+00
-0.6650,-0.0009580,0.0000867,0.00013400,0.00001900,-4.4121212959e+00,2.7353534102e-01,0.3023,2.1131315231e+00
-0.6640,-0.0009550,0.0000866,0.00013300,0.00001900,-4.3959598541e+00,2.7313131094e-01,0.3033,2.0969700813e+00
-0.6630,-0.0009600,0.0000868,0.00013300,0.00001900,-4.4161615372e+00,2.7393940091e-01,0.3043,2.1171717644e+00
-0.6620,-0.0009530,0.0000868,0.00013300,0.00001900,-4.3878788948e+00,2.7393940091e-01,0.3053,2.0888891220e+00
-0.6610,-0.0009560,0.0000868,0.00013300,0.00001900,-4.4000000954e+00,2.7393940091e-01,0.3063,2.1010103226e+00
-0.6600,-0.0009540,0.0000869,0.00013400,0.00001900,-4.3959598541e+00,2.7434343100e-01,0.3073,2.0969700813e+00
-0.6590,-0.0009580,0.0000870,0.00013400,0.00001890,-4.4121212959e+00,2.7515152097e-01,0.3083,2.1131315231e+00
-0.6580,-0.0009560,0.0000870,0.00013400,0.00001890,-4.4040403366e+00,2.7515152097e-01,0.3093,2.1050505638e+00
-0.6570,-0.0009560,0.0000870,0.00013400,0.00001890,-4.4040403366e+00,2.7515152097e-01,0.3103,2.1050505638e+00
-0.6560,-0.0009530,0.0000870,0.00013400,0.00001890,-4.3919191360e+00,2.7515152097e-01,0.3113,2.0929293633e+00
-0.6550,-0.0009530,0.0000871,0.00013400,0.00001890,-4.3919191360e+00,2.7555558085e-01,0.3123,2.0929293633e+00
-0.6540,-0.0009530,0.0000871,0.00013400,0.00001890,-4.3919191360e+00,2.7555558085e-01,0.3133,2.0929293633e+00
-0.6530,-0.0009530,0.0000873,0.00013400,0.00001890,-4.3919191360e+00,2.7636364102e-01,0.3143,2.0929293633e+00
-0.6520,-0.0009530,0.0000871,0.00013500,0.00001890,-4.3959598541e+00,2.7555558085e-01,0.3153,2.0969700813e+00
-0.6510,-0.0009530,0.0000873,0.00013400,0.00001890,-4.3919191360e+00,2.7636364102e-01,0.3163,2.0929293633e+00
-0.6500,-0.0009460,0.0000873,0.00013500,0.00001890,-4.3676767349e+00,2.7636364102e-01,0.3173,2.0686869621e+00
-0.6490,-0.0009510,0.0000873,0.00013500,0.00001890,-4.3878788948e+00,2.7636364102e-01,0.3183,2.0888891220e+00
-0.6480,-0.0009520,0.0000874,0.00013500,0.00001890,-4.3919191360e+00,2.7676770091e-01,0.3193,2.0929293633e+00
-0.6470,-0.0009530,0.0000876,0.00013500,0.00001880,-4.3959598541e+00,2.7797979116e-01,0.3203,2.0969700813e+00
-0.6460,-0.0009490,0.0000875,0.00013500,0.00001880,-4.3797979355e+00,2.7757576108e-01,0.3213,2.0808081627e+00
-0.6450,-0.0009530,0.0000877,0.00013500,0.00001890,-4.3959598541e+00,2.7797979116e-01,0.3223,2.0969700813e+00
-0.6440,-0.0009470,0.0000875,0.00013500,0.00001890,-4.3717169762e+00,2.7717170119e-01,0.3233,2.0727272034e+00
-0.6430,-0.0009520,0.0000876,0.00013500,0.00001880,-4.3919191360e+00,2.7797979116e-01,0.3243,2.0929293633e+00
-0.6420,-0.0009450,0.0000876,0.00013500,0.00001880,-4.3636360168e+00,2.7797979116e-01,0.3253,2.0646462440e+00
-0.6410,-0.0009500,0.0000876,0.00013500,0.00001880,-4.3838381767e+00,2.7797979116e-01,0.3263,2.0848484039e+00
-0.6400,-0.0009420,0.0000875,0.00013500,0.00001880,-4.3515152931e+00,2.7757576108e-01,0.3273,2.0525255203e+00
-0.6390,-0.0009460,0.0000877,0.00013500,0.00001880,-4.3676767349e+00,2.7838385105e-01,0.3283,2.0686869621e+00
-0.6380,-0.0009470,0.0000878,0.00013500,0.00001880,-4.3717169762e+00,2.7878788114e-01,0.3293,2.0727272034e+00
-0.6370,-0.0009440,0.0000876,0.00013600,0.00001880,-4.3636364937e+00,2.7797979116e-01,0.3303,2.0646467209e+00
-0.6360,-0.0009450,0.0000878,0.00013600,0.00001880,-4.3676767349e+00,2.7878788114e-01,0.3313,2.0686869621e+00
-0.6350,-0.0009440,0.0000879,0.00013600,0.00001880,-4.3636364937e+00,2.7919194102e-01,0.3323,2.0646467209e+00
-0.6340,-0.0009430,0.0000878,0.00013600,0.00001880,-4.3595962524e+00,2.7878788114e-01,0.3333,2.0606064796e+00
-0.6330,-0.0009420,0.0000878,0.00013500,0.00001880,-4.3515152931e+00,2.7878788114e-01,0.3343,2.0525255203e+00
-0.6320,-0.0009440,0.0000880,0.00013600,0.00001880,-4.3636364937e+00,2.7959597111e-01,0.3353,2.0646467209e+00
-0.6310,-0.0009370,0.0000880,0.00013600,0.00001880,-4.3353538513e+00,2.7959597111e-01,0.3363,2.0363640785e+00
-0.6300,-0.0009450,0.0000880,0.00013600,0.00001880,-4.3676767349e+00,2.7959597111e-01,0.3373,2.0686869621e+00
-0.6290,-0.0009410,0.0000881,0.00013600,0.00001880,-4.3515152931e+00,2.8000003099e-01,0.3383,2.0525255203e+00
-0.6280,-0.0009430,0.0000882,0.00013600,0.00001880,-4.3595962524e+00,2.8040406108e-01,0.3393,2.0606064796e+00
-0.6270,-0.0009380,0.0000882,0.00013600,0.00001880,-4.3393940926e+00,2.8040406108e-01,0.3403,2.0404043198e+00
-0.6260,-0.0009410,0.0000883,0.00013600,0.00001880,-4.3515152931e+00,2.8080809116e-01,0.3413,2.0525255203e+00
-0.6250,-0.0009390,0.0000884,0.00013700,0.00001880,-4.3474750519e+00,2.8121212125e-01,0.3423,2.0484852791e+00
-0.6240,-0.0009390,0.0000883,0.00013600,0.00001880,-4.3434343338e+00,2.8080809116e-01,0.3433,2.0444445610e+00
-0.6230,-0.0009390,0.0000883,0.00013700,0.00001880,-4.3474750519e+00,2.8080809116e-01,0.3443,2.0484852791e+00
-0.6220,-0.0009380,0.0000885,0.00013600,0.00001880,-4.3393940926e+00,2.8161615133e-01,0.3453,2.0404043198e+00
-0.6210,-0.0009390,0.0000884,0.00013700,0.00001880,-4.3474750519e+00,2.8121212125e-01,0.3463,2.0484852791e+00
-0.6200,-0.0009330,0.0000885,0.00013700,0.00001880,-4.3232321739e+00,2.8161615133e-01,0.3473,2.0242424011e+00
-0.6190,-0.0009410,0.0000886,0.00013700,0.00001880,-4.3555560112e+00,2.8202021122e-01,0.3483,2.0565662384e+00
-0.6180,-0.0009360,0.0000886,0.00013700,0.00001880,-4.3353538513e+00,2.8202021122e-01,0.3493,2.0363640785e+00
-0.6170,-0.0009340,0.0000886,0.00013700,0.00001870,-4.3272728920e+00,2.8242421150e-01,0.3503,2.0282831192e+00
-0.6160,-0.0009350,0.0000887,0.00013700,0.00001880,-4.3313131332e+00,2.8242424130e-01,0.3513,2.0323233604e+00
-0.6150,-0.0009360,0.0000888,0.00013700,0.00001870,-4.3353538513e+00,2.8323230147e-01,0.3523,2.0363640785e+00
-0.6140,-0.0009320,0.0000888,0.00013700,0.00001870,-4.3191919327e+00,2.8323230147e-01,0.3533,2.0202021599e+00
-0.6130,-0.0009350,0.0000889,0.00013700,0.00001870,-4.3313131332e+00,2.8363636136e-01,0.3543,2.0323233604e+00
-0.6120,-0.0009320,0.0000889,0.00013700,0.00001870,-4.3191919327e+00,2.8363636136e-01,0.3553,2.0202021599e+00
-0.6110,-0.0009330,0.0000889,0.00013700,0.00001870,-4.3232321739e+00,2.8363636136e-01,0.3563,2.0242424011e+00
-0.6100,-0.0009350,0.0000890,0.00013700,0.00001870,-4.3313131332e+00,2.8404039145e-01,0.3573,2.0323233604e+00
-0.6090,-0.0009280,0.0000889,0.00013700,0.00001870,-4.3030300140e+00,2.8363636136e-01,0.3583,2.0040402412e+00
-0.6080,-0.0009300,0.0000890,0.00013700,0.00001870,-4.3111109734e+00,2.8404039145e-01,0.3593,2.0121212006e+00
-0.6070,-0.0009300,0.0000891,0.00013700,0.00001870,-4.3111109734e+00,2.8444442153e-01,0.3603,2.0121212006e+00
-0.6060,-0.0009300,0.0000891,0.00013700,0.00001870,-4.3111109734e+00,2.8444442153e-01,0.3613,2.0121212006e+00
-0.6050,-0.0009290,0.0000892,0.00013800,0.00001870,-4.3111109734e+00,2.8484848142e-01,0.3623,2.0121212006e+00
-0.6040,-0.0009320,0.0000893,0.00013800,0.00001870,-4.3232321739e+00,2.8525251150e-01,0.3633,2.0242424011e+00
-0.6030,-0.0009290,0.0000895,0.00013800,0.00001870,-4.3111109734e+00,2.8606060147e-01,0.3643,2.0121212006e+00
-0.6020,-0.0009290,0.0000894,0.00013800,0.00001870,-4.3111109734e+00,2.8565657139e-01,0.3653,2.0121212006e+00
-0.6010,-0.0009300,0.0000895,0.00013800,0.00001870,-4.3151516914e+00,2.8606060147e-01,0.3663,2.0161619186e+00
-0.6000,-0.0009260,0.0000895,0.00013800,0.00001870,-4.2989897728e+00,2.8606060147e-01,0.3673,2.0000000000e+00
-0.5990,-0.0009280,0.0000895,0.00013800,0.00001870,-4.3070707321e+00,2.8606060147e-01,0.3683,2.0080809593e+00
-0.5980,-0.0009270,0.0000896,0.00013800,0.00001870,-4.3030300140e+00,2.8646466136e-01,0.3693,2.0040402412e+00
-0.5970,-0.0009270,0.0000897,0.00013800,0.00001870,-4.3030300140e+00,2.8686869144e-01,0.3703,2.0040402412e+00
-0.5960,-0.0009270,0.0000897,0.00013800,0.00001870,-4.3030300140e+00,2.8686869144e-01,0.3713,2.0040402412e+00
-0.5950,-0.0009260,0.0000898,0.00013800,0.00001870,-4.2989897728e+00,2.8727275133e-01,0.3723,2.0000000000e+00
-0.5940,-0.0009230,0.0000898,0.00013800,0.00001870,-4.2868685722e+00,2.8727275133e-01,0.3733,1.9878787994e+00
-0.5930,-0.0009270,0.0000900,0.00013800,0.00001870,-4.3030300140e+00,2.8808084130e-01,0.3743,2.0040402412e+00
-0.5920,-0.0009210,0.0000899,0.00013800,0.00001870,-4.2787880898e+00,2.8767678142e-01,0.3753,1.9797983170e+00
-0.5910,-0.0009240,0.0000899,0.00013800,0.00001870,-4.2909088135e+00,2.8767678142e-01,0.3763,1.9919190407e+00
-0.5900,-0.0009240,0.0000901,0.00013800,0.00001870,-4.2909088135e+00,2.8848487139e-01,0.3773,1.9919190407e+00
-0.5890,-0.0009180,0.0000900,0.00013800,0.00001870,-4.2666668892e+00,2.8808084130e-01,0.3783,1.9676771164e+00
-0.5880,-0.0009240,0.0000901,0.00013800,0.00001860,-4.2909088135e+00,2.8888890147e-01,0.3793,1.9919190407e+00
-0.5870,-0.0009180,0.0000902,0.00013800,0.00001870,-4.2666668892e+00,2.8888890147e-01,0.3803,1.9676771164e+00
-0.5860,-0.0009220,0.0000902,0.00013800,0.00001860,-4.2828278542e+00,2.8929296136e-01,0.3813,1.9838380814e+00
-0.5850,-0.0009190,0.0000903,0.00013800,0.00001860,-4.2707071304e+00,2.8969693184e-01,0.3823,1.9717173576e+00
-0.5840,-0.0009220,0.0000904,0.00013800,0.00001860,-4.2828278542e+00,2.9010099173e-01,0.3833,1.9838380814e+00
-0.5830,-0.0009200,0.0000905,0.00013900,0.00001860,-4.2787880898e+00,2.9050502181e-01,0.3843,1.9797983170e+00
-0.5820,-0.0009190,0.0000905,0.00013800,0.00001870,-4.2707071304e+00,2.9010099173e-01,0.3853,1.9717173576e+00
-0.5810,-0.0009200,0.0000907,0.00013900,0.00001870,-4.2787880898e+00,2.9090908170e-01,0.3863,1.9797983170e+00
-0.5800,-0.0009160,0.0000907,0.00013900,0.00001860,-4.2626261711e+00,2.9131311178e-01,0.3873,1.9636363983e+00
-0.5790,-0.0009190,0.0000908,0.00013900,0.00001860,-4.2747473717e+00,2.9171717167e-01,0.3883,1.9757575989e+00
-0.5780,-0.0009160,0.0000908,0.00013900,0.00001860,-4.2626261711e+00,2.9171717167e-01,0.3893,1.9636363983e+00
-0.5770,-0.0009190,0.0000909,0.00013900,0.00001860,-4.2747473717e+00,2.9212120175e-01,0.3903,1.9757575989e+00
-0.5760,-0.0009170,0.0000909,0.00013900,0.00001860,-4.2666668892e+00,2.9212120175e-01,0.3913,1.9676771164e+00
-0.5750,-0.0009150,0.0000910,0.00013900,0.00001860,-4.2585859299e+00,2.9252523184e-01,0.3923,1.9595961571e+00
-0.5740,-0.0009130,0.0000909,0.00013900,0.00001860,-4.2505049706e+00,2.9212120175e-01,0.3933,1.9515151978e+00
-0.5730,-0.0009160,0.0000911,0.00013800,0.00001860,-4.2585859299e+00,2.9292929173e-01,0.3943,1.9595961571e+00
-0.5720,-0.0009100,0.0000911,0.00013900,0.00001860,-4.2383837700e+00,2.9292929173e-01,0.3953,1.9393939972e+00
-0.5710,-0.0009170,0.0000911,0.00013900,0.00001860,-4.2666668892e+00,2.9292929173e-01,0.3963,1.9676771164e+00
-0.5700,-0.0009110,0.0000913,0.00013900,0.00001860,-4.2424240112e+00,2.9373738170e-01,0.3973,1.9434342384e+00
-0.5690,-0.0009130,0.0000914,0.00013900,0.00001860,-4.2505049706e+00,2.9414141178e-01,0.3983,1.9515151978e+00
-0.5680,-0.0009110,0.0000914,0.00013900,0.00001860,-4.2424240112e+00,2.9414141178e-01,0.3993,1.9434342384e+00
-0.5670,-0.0009120,0.0000914,0.00013900,0.00001860,-4.2464647293e+00,2.9414141178e-01,0.4003,1.9474749565e+00
-0.5660,-0.0009080,0.0000915,0.00013900,0.00001860,-4.2303028107e+00,2.9454547167e-01,0.4013,1.9313130379e+00
-0.5650,-0.0009100,0.0000915,0.00013900,0.00001860,-4.2383837700e+00,2.9454547167e-01,0.4023,1.9393939972e+00
-0.5640,-0.0009090,0.0000917,0.00013900,0.00001860,-4.2343430519e+00,2.9535356164e-01,0.4033,1.9353532791e+00
-0.5630,-0.0009100,0.0000917,0.00013900,0.00001860,-4.2383837700e+00,2.9535356164e-01,0.4043,1.9393939972e+00
-0.5620,-0.0009110,0.0000919,0.00013900,0.00001860,-4.2424240112e+00,2.9616165161e-01,0.4053,1.9434342384e+00
-0.5610,-0.0009030,0.0000918,0.00013900,0.00001860,-4.2101011276e+00,2.9575759172e-01,0.4063,1.9111113548e+00
-0.5600,-0.0009130,0.0000920,0.00013900,0.00001860,-4.2505049706e+00,2.9656568170e-01,0.4073,1.9515151978e+00
-0.5590,-0.0009050,0.0000921,0.00013900,0.00001860,-4.2181820869e+00,2.9696971178e-01,0.4083,1.9191923141e+00
-0.5580,-0.0009090,0.0000921,0.00013900,0.00001860,-4.2343430519e+00,2.9696971178e-01,0.4093,1.9353532791e+00
-0.5570,-0.0009050,0.0000921,0.00013900,0.00001860,-4.2181820869e+00,2.9696971178e-01,0.4103,1.9191923141e+00
-0.5560,-0.0009090,0.0000923,0.00013900,0.00001860,-4.2343430519e+00,2.9777774215e-01,0.4113,1.9353532791e+00
-0.5550,-0.0009050,0.0000923,0.00013900,0.00001860,-4.2181820869e+00,2.9777774215e-01,0.4123,1.9191923141e+00
-0.5540,-0.0009050,0.0000924,0.00013900,0.00001850,-4.2181820869e+00,2.9858583212e-01,0.4133,1.9191923141e+00
-0.5530,-0.0009040,0.0000926,0.00013900,0.00001850,-4.2141413689e+00,2.9939392209e-01,0.4143,1.9151515961e+00
-0.5520,-0.0009060,0.0000927,0.00013900,0.00001850,-4.2222218513e+00,2.9979798198e-01,0.4153,1.9232320786e+00
-0.5510,-0.0009040,0.0000927,0.00013900,0.00001850,-4.2141413689e+00,2.9979798198e-01,0.4163,1.9151515961e+00
-0.5500,-0.0009050,0.0000927,0.00014000,0.00001850,-4.2222223282e+00,2.9979798198e-01,0.4173,1.9232325554e+00
-0.5490,-0.0009040,0.0000929,0.00013900,0.00001850,-4.2141413689e+00,3.0060607195e-01,0.4183,1.9151515961e+00
-0.5480,-0.0009010,0.0000929,0.00014000,0.00001850,-4.2060608864e+00,3.0060607195e-01,0.4193,1.9070711136e+00
-0.5470,-0.0009040,0.0000930,0.00013900,0.00001850,-4.2141413689e+00,3.0101010203e-01,0.4203,1.9151515961e+00
-0.5460,-0.0009020,0.0000931,0.00014000,0.00001850,-4.2101011276e+00,3.0141413212e-01,0.4213,1.9111113548e+00
-0.5450,-0.0009000,0.0000932,0.00014000,0.00001850,-4.2020201683e+00,3.0181816220e-01,0.4223,1.9030303955e+00
-0.5440,-0.0008990,0.0000932,0.00014000,0.00001850,-4.1979799271e+00,3.0181816220e-01,0.4233,1.8989901543e+00
-0.5430,-0.0009020,0.0000933,0.00014000,0.00001850,-4.2101011276e+00,3.0222219229e-01,0.4243,1.9111113548e+00
-0.5420,-0.0008980,0.0000933,0.00014000,0.00001850,-4.1939392090e+00,3.0222219229e-01,0.4253,1.8949494362e+00
-0.5410,-0.0009020,0.0000935,0.00013900,0.00001850,-4.2060608864e+00,3.0303028226e-01,0.4263,1.9070711136e+00
-0.5400,-0.0008950,0.0000936,0.00014000,0.00001850,-4.1818180084e+00,3.0343434215e-01,0.4273,1.8828282356e+00
-0.5390,-0.0008980,0.0000935,0.00014000,0.00001850,-4.1939392090e+00,3.0303028226e-01,0.4283,1.8949494362e+00
-0.5380,-0.0008970,0.0000937,0.00014000,0.00001850,-4.1898989677e+00,3.0383837223e-01,0.4293,1.8909091949e+00
-0.5370,-0.0008980,0.0000938,0.00014000,0.00001850,-4.1939392090e+00,3.0424243212e-01,0.4303,1.8949494362e+00
-0.5360,-0.0008980,0.0000940,0.00014000,0.00001850,-4.1939392090e+00,3.0505049229e-01,0.4313,1.8949494362e+00
-0.5350,-0.0008960,0.0000939,0.00014000,0.00001850,-4.1858582497e+00,3.0464646220e-01,0.4323,1.8868684769e+00
-0.5340,-0.0008980,0.0000942,0.00014000,0.00001850,-4.1939392090e+00,3.0585855246e-01,0.4333,1.8949494362e+00
-0.5330,-0.0008920,0.0000941,0.00014000,0.00001850,-4.1696968079e+00,3.0545455217e-01,0.4343,1.8707070351e+00
-0.5320,-0.0008960,0.0000941,0.00014000,0.00001850,-4.1858582497e+00,3.0545455217e-01,0.4353,1.8868684769e+00
-0.5310,-0.0008940,0.0000943,0.00014000,0.00001850,-4.1777777672e+00,3.0626261234e-01,0.4363,1.8787879944e+00
-0.5300,-0.0008950,0.0000944,0.00014000,0.00001850,-4.1818180084e+00,3.0666664243e-01,0.4373,1.8828282356e+00
-0.5290,-0.0008920,0.0000944,0.00014000,0.00001850,-4.1696968079e+00,3.0666664243e-01,0.4383,1.8707070351e+00
-0.5280,-0.0008930,0.0000946,0.00014000,0.00001850,-4.1737370491e+00,3.0747473240e-01,0.4393,1.8747472763e+00
-0.5270,-0.0008900,0.0000946,0.00014000,0.00001850,-4.1616163254e+00,3.0747473240e-01,0.4403,1.8626265526e+00
-0.5260,-0.0008930,0.0000947,0.00014000,0.00001850,-4.1737370491e+00,3.0787879229e-01,0.4413,1.8747472763e+00
-0.5250,-0.0008900,0.0000948,0.00014000,0.00001850,-4.1616163254e+00,3.0828282237e-01,0.4423,1.8626265526e+00
-0.5240,-0.0008910,0.0000949,0.00014000,0.00001850,-4.1656560898e+00,3.0868688226e-01,0.4433,1.8666663170e+00
-0.5230,-0.0008900,0.0000949,0.00014000,0.00001850,-4.1616163254e+00,3.0868688226e-01,0.4443,1.8626265526e+00
-0.5220,-0.0008910,0.0000950,0.00014000,0.00001850,-4.1656560898e+00,3.0909091234e-01,0.4453,1.8666663170e+00
-0.5210,-0.0008880,0.0000951,0.00014000,0.00001850,-4.1535353661e+00,3.0949491262e-01,0.4463,1.8545455933e+00
-0.5200,-0.0008890,0.0000952,0.00014000,0.00001850,-4.1575760841e+00,3.0989897251e-01,0.4473,1.8585863113e+00
-0.5190,-0.0008880,0.0000952,0.00014000,0.00001850,-4.1535353661e+00,3.0989897251e-01,0.4483,1.8545455933e+00
-0.5180,-0.0008860,0.0000953,0.00014000,0.00001850,-4.1454544067e+00,3.1030300260e-01,0.4493,1.8464646339e+00
-0.5170,-0.0008870,0.0000954,0.00014000,0.00001850,-4.1494951248e+00,3.1070706248e-01,0.4503,1.8505053520e+00
-0.5160,-0.0008880,0.0000955,0.00014000,0.00001840,-4.1535353661e+00,3.1151515245e-01,0.4513,1.8545455933e+00
-0.5150,-0.0008860,0.0000956,0.00014000,0.00001850,-4.1454544067e+00,3.1151515245e-01,0.4523,1.8464646339e+00
-0.5140,-0.0008840,0.0000956,0.00014000,0.00001850,-4.1373739243e+00,3.1151515245e-01,0.4533,1.8383841515e+00
-0.5130,-0.0008870,0.0000958,0.00014000,0.00001840,-4.1494951248e+00,3.1272727251e-01,0.4543,1.8505053520e+00
-0.5120,-0.0008820,0.0000958,0.00014000,0.00001850,-4.1292929649e+00,3.1232324243e-01,0.4553,1.8303031921e+00
-0.5110,-0.0008860,0.0000960,0.00014100,0.00001850,-4.1494951248e+00,3.1313130260e-01,0.4563,1.8505053520e+00
-0.5100,-0.0008840,0.0000961,0.00014000,0.00001850,-4.1373739243e+00,3.1353533268e-01,0.4573,1.8383841515e+00
-0.5090,-0.0008850,0.0000962,0.00014000,0.00001850,-4.1414141655e+00,3.1393936276e-01,0.4583,1.8424243927e+00
-0.5080,-0.0008810,0.0000961,0.00014000,0.00001850,-4.1252522469e+00,3.1353533268e-01,0.4593,1.8262624741e+00
-0.5070,-0.0008840,0.0000963,0.00014000,0.00001850,-4.1373739243e+00,3.1434342265e-01,0.4603,1.8383841515e+00
-0.5060,-0.0008780,0.0000963,0.00014000,0.00001850,-4.1131310463e+00,3.1434342265e-01,0.4613,1.8141412735e+00
-0.5050,-0.0008850,0.0000964,0.00014000,0.00001850,-4.1414141655e+00,3.1474745274e-01,0.4623,1.8424243927e+00
-0.5040,-0.0008790,0.0000965,0.00014000,0.00001850,-4.1171717644e+00,3.1515151262e-01,0.4633,1.8181819916e+00
-0.5030,-0.0008800,0.0000966,0.00014000,0.00001850,-4.1212120056e+00,3.1555554271e-01,0.4643,1.8222222328e+00
-0.5020,-0.0008810,0.0000966,0.00014000,0.00001850,-4.1252522469e+00,3.1555554271e-01,0.4653,1.8262624741e+00
-0.5010,-0.0008790,0.0000967,0.00014000,0.00001850,-4.1171717644e+00,3.1595960259e-01,0.4663,1.8181819916e+00
-0.5000,-0.0008780,0.0000967,0.00014000,0.00001850,-4.1131310463e+00,3.1595960259e-01,0.4673,1.8141412735e+00
-0.4990,-0.0008770,0.0000969,0.00014000,0.00001850,-4.1090908051e+00,3.1676769257e-01,0.4683,1.8101010323e+00
-0.4980,-0.0008780,0.0000970,0.00014000,0.00001850,-4.1131310463e+00,3.1717169285e-01,0.4693,1.8141412735e+00
-0.4970,-0.0008800,0.0000971,0.00014000,0.00001850,-4.1212120056e+00,3.1757572293e-01,0.4703,1.8222222328e+00
-0.4960,-0.0008730,0.0000971,0.00014000,0.00001840,-4.0929293633e+00,3.1797978282e-01,0.4713,1.7939395905e+00
-0.4950,-0.0008770,0.0000972,0.00014000,0.00001840,-4.1090908051e+00,3.1838381290e-01,0.4723,1.8101010323e+00
-0.4940,-0.0008770,0.0000974,0.00014000,0.00001850,-4.1090908051e+00,3.1878787279e-01,0.4733,1.8101010323e+00
-0.4930,-0.0008750,0.0000973,0.00014000,0.00001850,-4.1010103226e+00,3.1838381290e-01,0.4743,1.8020205498e+00
-0.4920,-0.0008770,0.0000975,0.00014000,0.00001850,-4.1090908051e+00,3.1919190288e-01,0.4753,1.8101010323e+00
-0.4910,-0.0008750,0.0000975,0.00014000,0.00001840,-4.1010103226e+00,3.1959596276e-01,0.4763,1.8020205498e+00
-0.4900,-0.0008750,0.0000976,0.00014000,0.00001840,-4.1010103226e+00,3.1999999285e-01,0.4773,1.8020205498e+00
-0.4890,-0.0008710,0.0000975,0.00014000,0.00001850,-4.0848484039e+00,3.1919190288e-01,0.4783,1.7858586311e+00
-0.4880,-0.0008740,0.0000977,0.00014000,0.00001850,-4.0969700813e+00,3.1999999285e-01,0.4793,1.7979803085e+00
-0.4870,-0.0008730,0.0000979,0.00014000,0.00001850,-4.0929293633e+00,3.2080808282e-01,0.4803,1.7939395905e+00
-0.4860,-0.0008740,0.0000979,0.00014000,0.00001850,-4.0969700813e+00,3.2080808282e-01,0.4813,1.7979803085e+00
-0.4850,-0.0008730,0.0000980,0.00014000,0.00001850,-4.0929293633e+00,3.2121211290e-01,0.4823,1.7939395905e+00
-0.4840,-0.0008720,0.0000980,0.00014000,0.00001850,-4.0888891220e+00,3.2121211290e-01,0.4833,1.7898993492e+00
-0.4830,-0.0008690,0.0000980,0.00014000,0.00001850,-4.0767679214e+00,3.2121211290e-01,0.4843,1.7777781487e+00
-0.4820,-0.0008720,0.0000981,0.00014000,0.00001840,-4.0888891220e+00,3.2202017307e-01,0.4853,1.7898993492e+00
-0.4810,-0.0008670,0.0000981,0.00014000,0.00001840,-4.0686869621e+00,3.2202017307e-01,0.4863,1.7696971893e+00
-0.4800,-0.0008710,0.0000983,0.00014000,0.00001850,-4.0848484039e+00,3.2242423296e-01,0.4873,1.7858586311e+00
-0.4790,-0.0008690,0.0000984,0.00014000,0.00001850,-4.0767679214e+00,3.2282826304e-01,0.4883,1.7777781487e+00
-0.4780,-0.0008670,0.0000984,0.00014000,0.00001840,-4.0686869621e+00,3.2323232293e-01,0.4893,1.7696971893e+00
-0.4770,-0.0008700,0.0000985,0.00014000,0.00001840,-4.0808081627e+00,3.2363635302e-01,0.4903,1.7818183899e+00
-0.4760,-0.0008670,0.0000985,0.00014000,0.00001840,-4.0686869621e+00,3.2363635302e-01,0.4913,1.7696971893e+00
-0.4750,-0.0008670,0.0000986,0.00014000,0.00001840,-4.0686869621e+00,3.2404041290e-01,0.4923,1.7696971893e+00
-0.4740,-0.0008670,0.0000986,0.00014000,0.00001840,-4.0686869621e+00,3.2404041290e-01,0.4933,1.7696971893e+00
-0.4730,-0.0008660,0.0000987,0.00014000,0.00001840,-4.0646462440e+00,3.2444444299e-01,0.4943,1.7656564713e+00
-0.4720,-0.0008650,0.0000988,0.00014000,0.00001850,-4.0606060028e+00,3.2444444299e-01,0.4953,1.7616162300e+00
-0.4710,-0.0008670,0.0000990,0.00014000,0.00001840,-4.0686869621e+00,3.2565653324e-01,0.4963,1.7696971893e+00
-0.4700,-0.0008630,0.0000988,0.00014000,0.00001840,-4.0525250435e+00,3.2484850287e-01,0.4973,1.7535352707e+00
-0.4690,-0.0008680,0.0000991,0.00014000,0.00001840,-4.0727272034e+00,3.2606059313e-01,0.4983,1.7737374306e+00
-0.4680,-0.0008660,0.0000991,0.00014000,0.00001850,-4.0646462440e+00,3.2565653324e-01,0.4993,1.7656564713e+00
-0.4670,-0.0008630,0.0000991,0.00014000,0.00001840,-4.0525250435e+00,3.2606059313e-01,0.5003,1.7535352707e+00
-0.4660,-0.0008640,0.0000992,0.00014000,0.00001850,-4.0565652847e+00,3.2606059313e-01,0.5013,1.7575755119e+00
-0.4650,-0.0008640,0.0000993,0.00014000,0.00001840,-4.0565652847e+00,3.2686868310e-01,0.5023,1.7575755119e+00
-0.4640,-0.0008600,0.0000991,0.00014000,0.00001840,-4.0404038429e+00,3.2606059313e-01,0.5033,1.7414140701e+00
-0.4630,-0.0008620,0.0000991,0.00014000,0.00001840,-4.0484848022e+00,3.2606059313e-01,0.5043,1.7494950294e+00
-0.4620,-0.0008590,0.0000993,0.00014000,0.00001840,-4.0363636017e+00,3.2686868310e-01,0.5053,1.7373738289e+00
-0.4610,-0.0008610,0.0000993,0.00014000,0.00001840,-4.0444440842e+00,3.2686868310e-01,0.5063,1.7454543114e+00
-0.4600,-0.0008590,0.0000993,0.00014000,0.00001840,-4.0363636017e+00,3.2686868310e-01,0.5073,1.7373738289e+00
-0.4590,-0.0008600,0.0000995,0.00014000,0.00001840,-4.0404038429e+00,3.2767677307e-01,0.5083,1.7414140701e+00
-0.4580,-0.0008600,0.0000994,0.00014000,0.00001840,-4.0404038429e+00,3.2727271318e-01,0.5093,1.7414140701e+00
-0.4570,-0.0008610,0.0000995,0.00014000,0.00001840,-4.0444440842e+00,3.2767677307e-01,0.5103,1.7454543114e+00
-0.4560,-0.0008600,0.0000997,0.00014000,0.00001840,-4.0404038429e+00,3.2848486304e-01,0.5113,1.7414140701e+00
-0.4550,-0.0008560,0.0000996,0.00014000,0.00001840,-4.0242424011e+00,3.2808080316e-01,0.5123,1.7252526283e+00
-0.4540,-0.0008600,0.0000996,0.00014000,0.00001840,-4.0404038429e+00,3.2808080316e-01,0.5133,1.7414140701e+00
-0.4530,-0.0008560,0.0000997,0.00014000,0.00001840,-4.0242424011e+00,3.2848486304e-01,0.5143,1.7252526283e+00
-0.4520,-0.0008600,0.0000998,0.00014000,0.00001840,-4.0404038429e+00,3.2888889313e-01,0.5153,1.7414140701e+00
-0.4510,-0.0008560,0.0000998,0.00014000,0.00001840,-4.0242424011e+00,3.2888889313e-01,0.5163,1.7252526283e+00
-0.4500,-0.0008580,0.0000998,0.00014000,0.00001840,-4.0323233604e+00,3.2888889313e-01,0.5173,1.7333335876e+00
-0.4490,-0.0008590,0.0001000,0.00013900,0.00001840,-4.0323233604e+00,3.2969695330e-01,0.5183,1.7333335876e+00
-0.4480,-0.0008540,0.0000998,0.00013900,0.00001840,-4.0121212006e+00,3.2888889313e-01,0.5193,1.7131314278e+00
-0.4470,-0.0008580,0.0000999,0.00013900,0.00001840,-4.0282831192e+00,3.2929292321e-01,0.5203,1.7292933464e+00
-0.4460,-0.0008570,0.0000999,0.00013900,0.00001840,-4.0242424011e+00,3.2929292321e-01,0.5213,1.7252526283e+00
-0.4450,-0.0008550,0.0000999,0.00013900,0.00001840,-4.0161614418e+00,3.2929292321e-01,0.5223,1.7171716690e+00
-0.4440,-0.0008560,0.0001000,0.00013900,0.00001840,-4.0202021599e+00,3.2969695330e-01,0.5233,1.7212123871e+00
-0.4430,-0.0008570,0.0001000,0.00013900,0.00001840,-4.0242424011e+00,3.2969695330e-01,0.5243,1.7252526283e+00
-0.4420,-0.0008540,0.0001000,0.00013900,0.00001840,-4.0121212006e+00,3.2969695330e-01,0.5253,1.7131314278e+00
-0.4410,-0.0008550,0.0001000,0.00014000,0.00001840,-4.0202021599e+00,3.2969695330e-01,0.5263,1.7212123871e+00
-0.4400,-0.0008540,0.0001000,0.00013900,0.00001840,-4.0121212006e+00,3.2969695330e-01,0.5273,1.7131314278e+00
-0.4390,-0.0008550,0.0001000,0.00013900,0.00001840,-4.0161614418e+00,3.2969695330e-01,0.5283,1.7171716690e+00
-0.4380,-0.0008500,0.0001000,0.00014000,0.00001840,-4.0000000000e+00,3.2969695330e-01,0.5293,1.7010102272e+00
-0.4370,-0.0008570,0.0001000,0.00013900,0.00001840,-4.0242424011e+00,3.2969695330e-01,0.5303,1.7252526283e+00
-0.4360,-0.0008510,0.0001000,0.00013900,0.00001840,-4.0000000000e+00,3.2969695330e-01,0.5313,1.7010102272e+00
-0.4350,-0.0008530,0.0001000,0.00013900,0.00001840,-4.0080809593e+00,3.2969695330e-01,0.5323,1.7090911865e+00
-0.4340,-0.0008530,0.0001000,0.00013900,0.00001840,-4.0080809593e+00,3.2969695330e-01,0.5333,1.7090911865e+00
-0.4330,-0.0008540,0.0001000,0.00013900,0.00001840,-4.0121212006e+00,3.2969695330e-01,0.5343,1.7131314278e+00
-0.4320,-0.0008520,0.0001000,0.00013900,0.00001840,-4.0040402412e+00,3.2969695330e-01,0.5353,1.7050504684e+00
-0.4310,-0.0008530,0.0001000,0.00013900,0.00001840,-4.0080809593e+00,3.2969695330e-01,0.5363,1.7090911865e+00
-0.4300,-0.0008490,0.0001000,0.00013900,0.00001840,-3.9919190407e+00,3.2969695330e-01,0.5373,1.6929292679e+00
-0.4290,-0.0008500,0.0001000,0.00013900,0.00001840,-3.9959595203e+00,3.2969695330e-01,0.5383,1.6969697475e+00
-0.4280,-0.0008510,0.0001000,0.00013900,0.00001840,-4.0000000000e+00,3.2969695330e-01,0.5393,1.7010102272e+00
-0.4270,-0.0008490,0.0001000,0.00013900,0.00001840,-3.9919190407e+00,3.2969695330e-01,0.5403,1.6929292679e+00
-0.4260,-0.0008520,0.0001000,0.00013900,0.00001840,-4.0040402412e+00,3.2969695330e-01,0.5413,1.7050504684e+00
-0.4250,-0.0008500,0.0001000,0.00013900,0.00001840,-3.9959595203e+00,3.2969695330e-01,0.5423,1.6969697475e+00
-0.4240,-0.0008510,0.0001000,0.00013900,0.00001840,-4.0000000000e+00,3.2969695330e-01,0.5433,1.7010102272e+00
-0.4230,-0.0008460,0.0000999,0.00013900,0.00001840,-3.9797978401e+00,3.2929292321e-01,0.5443,1.6808080673e+00
-0.4220,-0.0008500,0.0001000,0.00013900,0.00001840,-3.9959595203e+00,3.2969695330e-01,0.5453,1.6969697475e+00
-0.4210,-0.0008450,0.0001000,0.00013900,0.00001840,-3.9757573605e+00,3.2969695330e-01,0.5463,1.6767675877e+00
-0.4200,-0.0008510,0.0001000,0.00013900,0.00001840,-4.0000000000e+00,3.2969695330e-01,0.5473,1.7010102272e+00
-0.4190,-0.0008490,0.0001000,0.00013900,0.00001840,-3.9919190407e+00,3.2969695330e-01,0.5483,1.6929292679e+00
-0.4180,-0.0008490,0.0001000,0.00013900,0.00001840,-3.9919190407e+00,3.2969695330e-01,0.5493,1.6929292679e+00
-0.4170,-0.0008470,0.0000998,0.00013900,0.00001840,-3.9838380814e+00,3.2888889313e-01,0.5503,1.6848483086e+00
-0.4160,-0.0008460,0.0000999,0.00013900,0.00001840,-3.9797978401e+00,3.2929292321e-01,0.5513,1.6808080673e+00
-0.4150,-0.0008470,0.0000999,0.00013900,0.00001840,-3.9838380814e+00,3.2929292321e-01,0.5523,1.6848483086e+00
-0.4140,-0.0008470,0.0000998,0.00013900,0.00001840,-3.9838380814e+00,3.2888889313e-01,0.5533,1.6848483086e+00
-0.4130,-0.0008470,0.0000998,0.00013900,0.00001840,-3.9838380814e+00,3.2888889313e-01,0.5543,1.6848483086e+00
-0.4120,-0.0008480,0.0000997,0.00013900,0.00001840,-3.9878785610e+00,3.2848486304e-01,0.5553,1.6888887882e+00
-0.4110,-0.0008460,0.0000996,0.00013900,0.00001840,-3.9797978401e+00,3.2808080316e-01,0.5563,1.6808080673e+00
-0.4100,-0.0008420,0.0000995,0.00013900,0.00001840,-3.9636363983e+00,3.2767677307e-01,0.5573,1.6646466255e+00
-0.4090,-0.0008440,0.0000996,0.00013900,0.00001840,-3.9717173576e+00,3.2808080316e-01,0.5583,1.6727275848e+00
-0.4080,-0.0008450,0.0000995,0.00013900,0.00001840,-3.9757573605e+00,3.2767677307e-01,0.5593,1.6767675877e+00
-0.4070,-0.0008450,0.0000995,0.00013900,0.00001840,-3.9757573605e+00,3.2767677307e-01,0.5603,1.6767675877e+00
-0.4060,-0.0008450,0.0000995,0.00013800,0.00001840,-3.9717173576e+00,3.2767677307e-01,0.5613,1.6727275848e+00
-0.4050,-0.0008440,0.0000994,0.00013900,0.00001840,-3.9717173576e+00,3.2727271318e-01,0.5623,1.6727275848e+00
-0.4040,-0.0008440,0.0000992,0.00013800,0.00001840,-3.9676768780e+00,3.2646462321e-01,0.5633,1.6686871052e+00
-0.4030,-0.0008440,0.0000993,0.00013900,0.00001840,-3.9717173576e+00,3.2686868310e-01,0.5643,1.6727275848e+00
-0.4020,-0.0008450,0.0000993,0.00013800,0.00001840,-3.9717173576e+00,3.2686868310e-01,0.5653,1.6727275848e+00
-0.4010,-0.0008440,0.0000993,0.00013800,0.00001840,-3.9676768780e+00,3.2686868310e-01,0.5663,1.6686871052e+00
-0.4000,-0.0008460,0.0000992,0.00013800,0.00001840,-3.9757578373e+00,3.2646462321e-01,0.5673,1.6767680645e+00
-0.3990,-0.0008460,0.0000989,0.00013800,0.00001840,-3.9757578373e+00,3.2525250316e-01,0.5683,1.6767680645e+00
-0.3980,-0.0008400,0.0000987,0.00013800,0.00001840,-3.9515151978e+00,3.2444444299e-01,0.5693,1.6525254250e+00
-0.3970,-0.0008430,0.0000986,0.00013800,0.00001840,-3.9636363983e+00,3.2404041290e-01,0.5703,1.6646466255e+00
-0.3960,-0.0008400,0.0000985,0.00013800,0.00001840,-3.9515151978e+00,3.2363635302e-01,0.5713,1.6525254250e+00
-0.3950,-0.0008410,0.0000986,0.00013800,0.00001840,-3.9555556774e+00,3.2404041290e-01,0.5723,1.6565659046e+00
-0.3940,-0.0008400,0.0000984,0.00013800,0.00001840,-3.9515151978e+00,3.2323232293e-01,0.5733,1.6525254250e+00
-0.3930,-0.0008450,0.0000984,0.00013800,0.00001840,-3.9717173576e+00,3.2323232293e-01,0.5743,1.6727275848e+00
-0.3920,-0.0008400,0.0000983,0.00013800,0.00001840,-3.9515151978e+00,3.2282826304e-01,0.5753,1.6525254250e+00
-0.3910,-0.0008410,0.0000981,0.00013800,0.00001840,-3.9555556774e+00,3.2202017307e-01,0.5763,1.6565659046e+00
-0.3900,-0.0008400,0.0000981,0.00013800,0.00001840,-3.9515151978e+00,3.2202017307e-01,0.5773,1.6525254250e+00
-0.3890,-0.0008410,0.0000980,0.00013800,0.00001840,-3.9555556774e+00,3.2161614299e-01,0.5783,1.6565659046e+00
-0.3880,-0.0008400,0.0000980,0.00013800,0.00001840,-3.9515151978e+00,3.2161614299e-01,0.5793,1.6525254250e+00
-0.3870,-0.0008420,0.0000978,0.00013800,0.00001840,-3.9595959187e+00,3.2080808282e-01,0.5803,1.6606061459e+00
-0.3860,-0.0008400,0.0000978,0.00013800,0.00001840,-3.9515151978e+00,3.2080808282e-01,0.5813,1.6525254250e+00
-0.3850,-0.0008420,0.0000976,0.00013700,0.00001840,-3.9555556774e+00,3.1999999285e-01,0.5823,1.6565659046e+00
-0.3840,-0.0008400,0.0000976,0.00013700,0.00001840,-3.9474747181e+00,3.1999999285e-01,0.5833,1.6484849453e+00
-0.3830,-0.0008400,0.0000975,0.00013800,0.00001840,-3.9515151978e+00,3.1959596276e-01,0.5843,1.6525254250e+00
-0.3820,-0.0008410,0.0000974,0.00013800,0.00001840,-3.9555556774e+00,3.1919190288e-01,0.5853,1.6565659046e+00
-0.3810,-0.0008400,0.0000973,0.00013800,0.00001830,-3.9515151978e+00,3.1919190288e-01,0.5863,1.6525254250e+00
-0.3800,-0.0008430,0.0000973,0.00013800,0.00001830,-3.9636363983e+00,3.1919190288e-01,0.5873,1.6646466255e+00
-0.3790,-0.0008400,0.0000971,0.00013700,0.00001830,-3.9474747181e+00,3.1838381290e-01,0.5883,1.6484849453e+00
-0.3780,-0.0008420,0.0000969,0.00013700,0.00001830,-3.9555556774e+00,3.1757575274e-01,0.5893,1.6565659046e+00
-0.3770,-0.0008410,0.0000969,0.00013700,0.00001830,-3.9515151978e+00,3.1757575274e-01,0.5903,1.6525254250e+00
-0.3760,-0.0008410,0.0000967,0.00013700,0.00001830,-3.9515151978e+00,3.1676769257e-01,0.5913,1.6525254250e+00
-0.3750,-0.0008410,0.0000966,0.00013700,0.00001840,-3.9515151978e+00,3.1595960259e-01,0.5923,1.6525254250e+00
-0.3740,-0.0008420,0.0000965,0.00013700,0.00001830,-3.9555556774e+00,3.1595960259e-01,0.5933,1.6565659046e+00
-0.3730,-0.0008410,0.0000963,0.00013700,0.00001840,-3.9515151978e+00,3.1474745274e-01,0.5943,1.6525254250e+00
-0.3720,-0.0008410,0.0000962,0.00013700,0.00001840,-3.9515151978e+00,3.1434342265e-01,0.5953,1.6525254250e+00
-0.3710,-0.0008390,0.0000961,0.00013700,0.00001840,-3.9434342384e+00,3.1393936276e-01,0.5963,1.6444444656e+00
-0.3700,-0.0008400,0.0000959,0.00013700,0.00001840,-3.9474747181e+00,3.1313130260e-01,0.5973,1.6484849453e+00
-0.3690,-0.0008430,0.0000959,0.00013700,0.00001830,-3.9595959187e+00,3.1353536248e-01,0.5983,1.6606061459e+00
-0.3680,-0.0008400,0.0000957,0.00013700,0.00001830,-3.9474747181e+00,3.1272727251e-01,0.5993,1.6484849453e+00
-0.3670,-0.0008420,0.0000955,0.00013700,0.00001830,-3.9555556774e+00,3.1191918254e-01,0.6003,1.6565659046e+00
-0.3660,-0.0008410,0.0000954,0.00013700,0.00001830,-3.9515151978e+00,3.1151515245e-01,0.6013,1.6525254250e+00
-0.3650,-0.0008410,0.0000952,0.00013700,0.00001840,-3.9515151978e+00,3.1030300260e-01,0.6023,1.6525254250e+00
-0.3640,-0.0008390,0.0000950,0.00013700,0.00001840,-3.9434342384e+00,3.0949494243e-01,0.6033,1.6444444656e+00
-0.3630,-0.0008410,0.0000948,0.00013700,0.00001830,-3.9515151978e+00,3.0909091234e-01,0.6043,1.6525254250e+00
-0.3620,-0.0008400,0.0000947,0.00013500,0.00001830,-3.9393937588e+00,3.0868688226e-01,0.6053,1.6404039860e+00
-0.3610,-0.0008390,0.0000945,0.00013500,0.00001840,-3.9353535175e+00,3.0747473240e-01,0.6063,1.6363637447e+00
-0.3600,-0.0008400,0.0000944,0.00013600,0.00001830,-3.9434342384e+00,3.0747473240e-01,0.6073,1.6444444656e+00
-0.3590,-0.0008400,0.0000943,0.00013700,0.00001840,-3.9474747181e+00,3.0666664243e-01,0.6083,1.6484849453e+00
-0.3580,-0.0008400,0.0000940,0.00013700,0.00001840,-3.9474747181e+00,3.0545455217e-01,0.6093,1.6484849453e+00
-0.3570,-0.0008400,0.0000939,0.00013600,0.00001830,-3.9434342384e+00,3.0545455217e-01,0.6103,1.6444444656e+00
-0.3560,-0.0008400,0.0000937,0.00013600,0.00001830,-3.9434342384e+00,3.0464646220e-01,0.6113,1.6444444656e+00
-0.3550,-0.0008400,0.0000935,0.00013600,0.00001830,-3.9434342384e+00,3.0383837223e-01,0.6123,1.6444444656e+00
-0.3540,-0.0008400,0.0000933,0.00013600,0.00001830,-3.9434342384e+00,3.0303028226e-01,0.6133,1.6444444656e+00
-0.3530,-0.0008370,0.0000932,0.00013600,0.00001840,-3.9313132763e+00,3.0222219229e-01,0.6143,1.6323235035e+00
-0.3520,-0.0008400,0.0000930,0.00013600,0.00001840,-3.9434342384e+00,3.0141413212e-01,0.6153,1.6444444656e+00
-0.3510,-0.0008390,0.0000928,0.00013600,0.00001840,-3.9393937588e+00,3.0060607195e-01,0.6163,1.6404039860e+00
-0.3500,-0.0008380,0.0000926,0.00013600,0.00001840,-3.9353535175e+00,2.9979798198e-01,0.6173,1.6363637447e+00
-0.3490,-0.0008420,0.0000925,0.00013600,0.00001840,-3.9515151978e+00,2.9939392209e-01,0.6183,1.6525254250e+00
-0.3480,-0.0008380,0.0000922,0.00013600,0.00001840,-3.9353535175e+00,2.9818183184e-01,0.6193,1.6363637447e+00
-0.3470,-0.0008400,0.0000920,0.00013600,0.00001840,-3.9434342384e+00,2.9737374187e-01,0.6203,1.6444444656e+00
-0.3460,-0.0008390,0.0000919,0.00013600,0.00001840,-3.9393937588e+00,2.9696968198e-01,0.6213,1.6404039860e+00
-0.3450,-0.0008380,0.0000916,0.00013600,0.00001840,-3.9353535175e+00,2.9575756192e-01,0.6223,1.6363637447e+00
-0.3440,-0.0008400,0.0000913,0.00013500,0.00001840,-3.9393937588e+00,2.9454544187e-01,0.6233,1.6404039860e+00
-0.3430,-0.0008390,0.0000912,0.00013500,0.00001840,-3.9353535175e+00,2.9414141178e-01,0.6243,1.6363637447e+00
-0.3420,-0.0008400,0.0000912,0.00013500,0.00001840,-3.9393937588e+00,2.9414141178e-01,0.6253,1.6404039860e+00
-0.3410,-0.0008370,0.0000907,0.00013500,0.00001840,-3.9272727966e+00,2.9212120175e-01,0.6263,1.6282830238e+00
-0.3400,-0.0008390,0.0000906,0.00013500,0.00001840,-3.9353535175e+00,2.9171717167e-01,0.6273,1.6363637447e+00
-0.3390,-0.0008390,0.0000904,0.00013500,0.00001840,-3.9353535175e+00,2.9090908170e-01,0.6283,1.6363637447e+00
-0.3380,-0.0008390,0.0000902,0.00013500,0.00001830,-3.9353535175e+00,2.9050505161e-01,0.6293,1.6363637447e+00
-0.3370,-0.0008410,0.0000901,0.00013500,0.00001840,-3.9434342384e+00,2.8969696164e-01,0.6303,1.6444444656e+00
-0.3360,-0.0008380,0.0000899,0.00013500,0.00001830,-3.9313130379e+00,2.8929293156e-01,0.6313,1.6323232651e+00
-0.3350,-0.0008390,0.0000896,0.00013400,0.00001830,-3.9313130379e+00,2.8808081150e-01,0.6323,1.6323232651e+00
-0.3340,-0.0008390,0.0000894,0.00013400,0.00001830,-3.9313130379e+00,2.8727272153e-01,0.6333,1.6323232651e+00
-0.3330,-0.0008390,0.0000891,0.00013400,0.00001830,-3.9313130379e+00,2.8606060147e-01,0.6343,1.6323232651e+00
-0.3320,-0.0008380,0.0000889,0.00013500,0.00001840,-3.9313130379e+00,2.8484848142e-01,0.6353,1.6323232651e+00
-0.3310,-0.0008380,0.0000887,0.00013500,0.00001840,-3.9313130379e+00,2.8404039145e-01,0.6363,1.6323232651e+00
-0.3300,-0.0008390,0.0000886,0.00013500,0.00001840,-3.9353535175e+00,2.8363636136e-01,0.6373,1.6363637447e+00
-0.3290,-0.0008370,0.0000881,0.00013400,0.00001840,-3.9232325554e+00,2.8161615133e-01,0.6383,1.6242427826e+00
-0.3280,-0.0008390,0.0000879,0.00013400,0.00001840,-3.9313130379e+00,2.8080806136e-01,0.6393,1.6323232651e+00
-0.3270,-0.0008380,0.0000878,0.00013400,0.00001840,-3.9272725582e+00,2.8040403128e-01,0.6403,1.6282827854e+00
-0.3260,-0.0008370,0.0000875,0.00013400,0.00001830,-3.9232325554e+00,2.7959594131e-01,0.6413,1.6242427826e+00
-0.3250,-0.0008380,0.0000873,0.00013400,0.00001830,-3.9272725582e+00,2.7878788114e-01,0.6423,1.6282827854e+00
-0.3240,-0.0008390,0.0000872,0.00013400,0.00001830,-3.9313130379e+00,2.7838385105e-01,0.6433,1.6323232651e+00
-0.3230,-0.0008360,0.0000869,0.00013400,0.00001830,-3.9191920757e+00,2.7717170119e-01,0.6443,1.6202023029e+00
-0.3220,-0.0008380,0.0000867,0.00013400,0.00001830,-3.9272725582e+00,2.7636361122e-01,0.6453,1.6282827854e+00
-0.3210,-0.0008380,0.0000864,0.00013400,0.00001830,-3.9272725582e+00,2.7515152097e-01,0.6463,1.6282827854e+00
-0.3200,-0.0008360,0.0000861,0.00013300,0.00001830,-3.9151515961e+00,2.7393940091e-01,0.6473,1.6161618233e+00
-0.3190,-0.0008360,0.0000859,0.00013400,0.00001830,-3.9191920757e+00,2.7313131094e-01,0.6483,1.6202023029e+00
-0.3180,-0.0008410,0.0000858,0.00013400,0.00001840,-3.9393937588e+00,2.7232322097e-01,0.6493,1.6404039860e+00
-0.3170,-0.0008390,0.0000855,0.00013300,0.00001830,-3.9272725582e+00,2.7151516080e-01,0.6503,1.6282827854e+00
-0.3160,-0.0008370,0.0000851,0.00013300,0.00001830,-3.9191920757e+00,2.6989898086e-01,0.6513,1.6202023029e+00
-0.3150,-0.0008390,0.0000850,0.00013300,0.00001830,-3.9272725582e+00,2.6949495077e-01,0.6523,1.6282827854e+00
-0.3140,-0.0008350,0.0000847,0.00013300,0.00001830,-3.9111113548e+00,2.6828280091e-01,0.6533,1.6121215820e+00
-0.3130,-0.0008370,0.0000844,0.00013300,0.00001830,-3.9191920757e+00,2.6707071066e-01,0.6543,1.6202023029e+00
-0.3120,-0.0008360,0.0000841,0.00013300,0.00001830,-3.9151515961e+00,2.6585859060e-01,0.6553,1.6161618233e+00
-0.3110,-0.0008370,0.0000839,0.00013300,0.00001830,-3.9191920757e+00,2.6505050063e-01,0.6563,1.6202023029e+00
-0.3100,-0.0008340,0.0000836,0.00013300,0.00001830,-3.9070708752e+00,2.6383838058e-01,0.6573,1.6080811024e+00
-0.3090,-0.0008370,0.0000834,0.00013300,0.00001830,-3.9191920757e+00,2.6303032041e-01,0.6583,1.6202023029e+00
-0.3080,-0.0008330,0.0000832,0.00013300,0.00001830,-3.9030303955e+00,2.6222223043e-01,0.6593,1.6040406227e+00
-0.3070,-0.0008360,0.0000830,0.00013300,0.00001830,-3.9151515961e+00,2.6141414046e-01,0.6603,1.6161618233e+00
-0.3060,-0.0008370,0.0000827,0.00013300,0.00001830,-3.9191920757e+00,2.6020199060e-01,0.6613,1.6202023029e+00
-0.3050,-0.0008360,0.0000825,0.00013300,0.00001830,-3.9151515961e+00,2.5939396024e-01,0.6623,1.6161618233e+00
-0.3040,-0.0008360,0.0000822,0.00013200,0.00001830,-3.9111113548e+00,2.5818181038e-01,0.6633,1.6121215820e+00
-0.3030,-0.0008370,0.0000818,0.00013200,0.00001830,-3.9151515961e+00,2.5656563044e-01,0.6643,1.6161618233e+00
-0.3020,-0.0008350,0.0000817,0.00013200,0.00001830,-3.9070708752e+00,2.5616160035e-01,0.6653,1.6080811024e+00
-0.3010,-0.0008340,0.0000814,0.00013200,0.00001830,-3.9030303955e+00,2.5494951010e-01,0.6663,1.6040406227e+00
-0.3000,-0.0008350,0.0000811,0.00013200,0.00001830,-3.9070708752e+00,2.5373736024e-01,0.6673,1.6080811024e+00
-0.2990,-0.0008330,0.0000807,0.00013200,0.00001830,-3.8989899158e+00,2.5212121010e-01,0.6683,1.6000001431e+00
-0.2980,-0.0008360,0.0000805,0.00013200,0.00001830,-3.9111113548e+00,2.5131312013e-01,0.6693,1.6121215820e+00
-0.2970,-0.0008320,0.0000802,0.00013200,0.00001830,-3.8949494362e+00,2.5010100007e-01,0.6703,1.5959596634e+00
-0.2960,-0.0008350,0.0000801,0.00013200,0.00001830,-3.9070708752e+00,2.4969695508e-01,0.6713,1.6080811024e+00
-0.2950,-0.0008330,0.0000798,0.00013200,0.00001830,-3.8989899158e+00,2.4848483503e-01,0.6723,1.6000001431e+00
-0.2940,-0.0008330,0.0000795,0.00013100,0.00001830,-3.8949494362e+00,2.4727272987e-01,0.6733,1.5959596634e+00
-0.2930,-0.0008350,0.0000794,0.00013200,0.00001830,-3.9070708752e+00,2.4686868489e-01,0.6743,1.6080811024e+00
-0.2920,-0.0008330,0.0000790,0.00013100,0.00001830,-3.8949494362e+00,2.4525250494e-01,0.6753,1.5959596634e+00
-0.2910,-0.0008330,0.0000788,0.00013100,0.00001830,-3.8949494362e+00,2.4444445968e-01,0.6763,1.5959596634e+00
-0.2900,-0.0008330,0.0000784,0.00013100,0.00001830,-3.8949494362e+00,2.4282827973e-01,0.6773,1.5959596634e+00
-0.2890,-0.0008350,0.0000782,0.00013100,0.00001830,-3.9030303955e+00,2.4202018976e-01,0.6783,1.6040406227e+00
-0.2880,-0.0008320,0.0000778,0.00013100,0.00001830,-3.8909091949e+00,2.4040405452e-01,0.6793,1.5919194221e+00
-0.2870,-0.0008320,0.0000776,0.00013100,0.00001830,-3.8909091949e+00,2.3959596455e-01,0.6803,1.5919194221e+00
-0.2860,-0.0008310,0.0000774,0.00013100,0.00001830,-3.8868687153e+00,2.3878787458e-01,0.6813,1.5878789425e+00
-0.2850,-0.0008310,0.0000771,0.00013100,0.00001830,-3.8868687153e+00,2.3757573962e-01,0.6823,1.5878789425e+00
-0.2840,-0.0008340,0.0000768,0.00013100,0.00001830,-3.8989899158e+00,2.3636364937e-01,0.6833,1.6000001431e+00
-0.2830,-0.0008300,0.0000765,0.00013100,0.00001830,-3.8828282356e+00,2.3515151441e-01,0.6843,1.5838384628e+00
-0.2820,-0.0008300,0.0000762,0.00013000,0.00001830,-3.8787877560e+00,2.3393937945e-01,0.6853,1.5797979832e+00
-0.2810,-0.0008310,0.0000760,0.00013000,0.00001830,-3.8828282356e+00,2.3313128948e-01,0.6863,1.5838384628e+00
-0.2800,-0.0008280,0.0000757,0.00013000,0.00001830,-3.8707072735e+00,2.3191919923e-01,0.6873,1.5717175007e+00
-0.2790,-0.0008300,0.0000754,0.00012900,0.00001830,-3.8747472763e+00,2.3070706427e-01,0.6883,1.5757575035e+00
-0.2780,-0.0008280,0.0000752,0.00013000,0.00001830,-3.8707072735e+00,2.2989897430e-01,0.6893,1.5717175007e+00
-0.2770,-0.0008280,0.0000749,0.00013000,0.00001830,-3.8707072735e+00,2.2868686914e-01,0.6903,1.5717175007e+00
-0.2760,-0.0008300,0.0000747,0.00013000,0.00001830,-3.8787877560e+00,2.2787879407e-01,0.6913,1.5797979832e+00
-0.2750,-0.0008270,0.0000743,0.00013000,0.00001830,-3.8666667938e+00,2.2626261413e-01,0.6923,1.5676770210e+00
-0.2740,-0.0008280,0.0000741,0.00013000,0.00001830,-3.8707072735e+00,2.2545452416e-01,0.6933,1.5717175007e+00
-0.2730,-0.0008270,0.0000737,0.00013000,0.00001830,-3.8666667938e+00,2.2383838892e-01,0.6943,1.5676770210e+00
-0.2720,-0.0008270,0.0000735,0.00013000,0.00001830,-3.8666667938e+00,2.2303029895e-01,0.6953,1.5676770210e+00
-0.2710,-0.0008260,0.0000732,0.00013000,0.00001830,-3.8626263142e+00,2.2181816399e-01,0.6963,1.5636365414e+00
-0.2700,-0.0008260,0.0000729,0.00012900,0.00001830,-3.8585858345e+00,2.2060605884e-01,0.6973,1.5595960617e+00
-0.2690,-0.0008240,0.0000725,0.00012900,0.00001830,-3.8505048752e+00,2.1898989379e-01,0.6983,1.5515151024e+00
-0.2680,-0.0008230,0.0000723,0.00012900,0.00001830,-3.8464646339e+00,2.1818180382e-01,0.6993,1.5474748611e+00
-0.2670,-0.0008250,0.0000721,0.00012900,0.00001830,-3.8545453548e+00,2.1737374365e-01,0.7003,1.5555555820e+00
-0.2660,-0.0008220,0.0000718,0.00012900,0.00001830,-3.8424241543e+00,2.1616162360e-01,0.7013,1.5434343815e+00
-0.2650,-0.0008240,0.0000716,0.00012900,0.00001830,-3.8505048752e+00,2.1535353363e-01,0.7023,1.5515151024e+00
-0.2640,-0.0008240,0.0000713,0.00012900,0.00001830,-3.8505048752e+00,2.1414139867e-01,0.7033,1.5515151024e+00
-0.2630,-0.0008190,0.0000709,0.00012900,0.00001830,-3.8303029537e+00,2.1252524853e-01,0.7043,1.5313131809e+00
-0.2620,-0.0008210,0.0000706,0.00012900,0.00001830,-3.8383839130e+00,2.1131312847e-01,0.7053,1.5393941402e+00
-0.2610,-0.0008210,0.0000704,0.00012800,0.00001830,-3.8343434334e+00,2.1050503850e-01,0.7063,1.5353536606e+00
-0.2600,-0.0008200,0.0000700,0.00012800,0.00001830,-3.8303029537e+00,2.0888888836e-01,0.7073,1.5313131809e+00
-0.2590,-0.0008200,0.0000698,0.00012800,0.00001830,-3.8303029537e+00,2.0808079839e-01,0.7083,1.5313131809e+00
-0.2580,-0.0008170,0.0000694,0.00012800,0.00001830,-3.8181817532e+00,2.0646463335e-01,0.7093,1.5191919804e+00
-0.2570,-0.0008180,0.0000691,0.00012800,0.00001830,-3.8222222328e+00,2.0525252819e-01,0.7103,1.5232324600e+00
-0.2560,-0.0008130,0.0000687,0.00012800,0.00001830,-3.8020203114e+00,2.0363636315e-01,0.7113,1.5030305386e+00
-0.2550,-0.0008160,0.0000685,0.00012800,0.00001830,-3.8141412735e+00,2.0282827318e-01,0.7123,1.5151515007e+00
-0.2540,-0.0008130,0.0000682,0.00012800,0.00001830,-3.8020203114e+00,2.0161616802e-01,0.7133,1.5030305386e+00
-0.2530,-0.0008140,0.0000681,0.00012800,0.00001830,-3.8060605526e+00,2.0121212304e-01,0.7143,1.5070707798e+00
-0.2520,-0.0008150,0.0000677,0.00012800,0.00001830,-3.8101007938e+00,1.9959595799e-01,0.7153,1.5111110210e+00
-0.2510,-0.0008120,0.0000674,0.00012800,0.00001830,-3.7979798317e+00,1.9838382304e-01,0.7163,1.4989900589e+00
-0.2500,-0.0008100,0.0000671,0.00012700,0.00001830,-3.7858586311e+00,1.9717171788e-01,0.7173,1.4868688583e+00
-0.2490,-0.0008090,0.0000668,0.00012700,0.00001830,-3.7818183899e+00,1.9595958292e-01,0.7183,1.4828286171e+00
-0.2480,-0.0008080,0.0000664,0.00012700,0.00001830,-3.7777779102e+00,1.9434344769e-01,0.7193,1.4787881374e+00
-0.2470,-0.0008090,0.0000661,0.00012700,0.00001830,-3.7818183899e+00,1.9313131273e-01,0.7203,1.4828286171e+00
-0.2460,-0.0008080,0.0000658,0.00012700,0.00001830,-3.7777779102e+00,1.9191917777e-01,0.7213,1.4787881374e+00
-0.2450,-0.0008050,0.0000655,0.00012700,0.00001830,-3.7656564713e+00,1.9070705771e-01,0.7223,1.4666666985e+00
-0.2440,-0.0008030,0.0000651,0.00012700,0.00001830,-3.7575757504e+00,1.8909090757e-01,0.7233,1.4585859776e+00
-0.2430,-0.0008030,0.0000648,0.00012700,0.00001830,-3.7575757504e+00,1.8787877262e-01,0.7243,1.4585859776e+00
-0.2420,-0.0008020,0.0000645,0.00012600,0.00001830,-3.7494947910e+00,1.8666665256e-01,0.7253,1.4505050182e+00
-0.2410,-0.0008010,0.0000642,0.00012600,0.00001830,-3.7454543114e+00,1.8545454741e-01,0.7263,1.4464645386e+00
-0.2400,-0.0007990,0.0000639,0.00012600,0.00001830,-3.7373735905e+00,1.8424241245e-01,0.7273,1.4383838177e+00
-0.2390,-0.0007990,0.0000636,0.00012600,0.00001830,-3.7373735905e+00,1.8303029239e-01,0.7283,1.4383838177e+00
-0.2380,-0.0007970,0.0000632,0.00012600,0.00001830,-3.7292931080e+00,1.8141414225e-01,0.7293,1.4303033352e+00
-0.2370,-0.0007960,0.0000629,0.00012600,0.00001830,-3.7252526283e+00,1.8020200729e-01,0.7303,1.4262628555e+00
-0.2360,-0.0007960,0.0000625,0.00012600,0.00001820,-3.7252526283e+00,1.7898991704e-01,0.7313,1.4262628555e+00
-0.2350,-0.0007940,0.0000622,0.00012600,0.00001830,-3.7171719074e+00,1.7737373710e-01,0.7323,1.4181821346e+00
-0.2340,-0.0007920,0.0000618,0.00012600,0.00001830,-3.7090909481e+00,1.7575755715e-01,0.7333,1.4101011753e+00
-0.2330,-0.0007900,0.0000615,0.00012500,0.00001820,-3.6969699860e+00,1.7494951189e-01,0.7343,1.3979802132e+00
-0.2320,-0.0007890,0.0000611,0.00012400,0.00001820,-3.6888890266e+00,1.7333333194e-01,0.7353,1.3898992538e+00
-0.2310,-0.0007860,0.0000607,0.00012500,0.00001820,-3.6808080673e+00,1.7171716690e-01,0.7363,1.3818182945e+00
-0.2300,-0.0007850,0.0000603,0.00012500,0.00001820,-3.6767675877e+00,1.7010101676e-01,0.7373,1.3777778149e+00
-0.2290,-0.0007830,0.0000600,0.00012500,0.00001830,-3.6686871052e+00,1.6848483682e-01,0.7383,1.3696973324e+00
-0.2280,-0.0007810,0.0000596,0.00012500,0.00001830,-3.6606061459e+00,1.6686868668e-01,0.7393,1.3616163731e+00
-0.2270,-0.0007800,0.0000592,0.00012500,0.00001830,-3.6565656662e+00,1.6525252163e-01,0.7403,1.3575758934e+00
-0.2260,-0.0007760,0.0000589,0.00012500,0.00001830,-3.6404039860e+00,1.6404041648e-01,0.7413,1.3414142132e+00
-0.2250,-0.0007770,0.0000584,0.00012500,0.00001820,-3.6444444656e+00,1.6242425144e-01,0.7423,1.3454546928e+00
-0.2240,-0.0007720,0.0000580,0.00012400,0.00001820,-3.6202020645e+00,1.6080808640e-01,0.7433,1.3212122917e+00
-0.2230,-0.0007730,0.0000576,0.00012400,0.00001820,-3.6242425442e+00,1.5919190645e-01,0.7443,1.3252527714e+00
-0.2220,-0.0007690,0.0000573,0.00012400,0.00001830,-3.6080808640e+00,1.5757575631e-01,0.7453,1.3090910912e+00
-0.2210,-0.0007670,0.0000569,0.00012400,0.00001820,-3.6000001431e+00,1.5636363626e-01,0.7463,1.3010103703e+00
-0.2200,-0.0007650,0.0000563,0.00012400,0.00001820,-3.5919191837e+00,1.5393939614e-01,0.7473,1.2929294109e+00
-0.2190,-0.0007620,0.0000559,0.00012400,0.00001820,-3.5797979832e+00,1.5232323110e-01,0.7483,1.2808082104e+00
-0.2180,-0.0007590,0.0000554,0.00012400,0.00001820,-3.5676767826e+00,1.5030303597e-01,0.7493,1.2686870098e+00
-0.2170,-0.0007570,0.0000550,0.00012400,0.00001820,-3.5595960617e+00,1.4868687093e-01,0.7503,1.2606062889e+00
-0.2160,-0.0007550,0.0000546,0.00012400,0.00001820,-3.5515151024e+00,1.4707070589e-01,0.7513,1.2525253296e+00
-0.2150,-0.0007520,0.0000541,0.00012400,0.00001820,-3.5393941402e+00,1.4505051076e-01,0.7523,1.2404043674e+00
-0.2140,-0.0007460,0.0000536,0.00012400,0.00001820,-3.5151515007e+00,1.4303030074e-01,0.7533,1.2161617279e+00
-0.2130,-0.0007460,0.0000531,0.00012400,0.00001820,-3.5151515007e+00,1.4101010561e-01,0.7543,1.2161617279e+00
-0.2120,-0.0007430,0.0000526,0.00012300,0.00001820,-3.4989900589e+00,1.3898989558e-01,0.7553,1.2000002861e+00
-0.2110,-0.0007390,0.0000522,0.00012300,0.00001820,-3.4828281403e+00,1.3737374544e-01,0.7563,1.1838383675e+00
-0.2100,-0.0007380,0.0000517,0.00012300,0.00001820,-3.4787878990e+00,1.3535353541e-01,0.7573,1.1797981262e+00
-0.2090,-0.0007310,0.0000511,0.00012300,0.00001820,-3.4505050182e+00,1.3292929530e-01,0.7583,1.1515152454e+00
-0.2080,-0.0007310,0.0000506,0.00012300,0.00001820,-3.4505050182e+00,1.3090908527e-01,0.7593,1.1515152454e+00
-0.2070,-0.0007250,0.0000501,0.00012300,0.00001820,-3.4262626171e+00,1.2888889015e-01,0.7603,1.1272728443e+00
-0.2060,-0.0007210,0.0000495,0.00012300,0.00001820,-3.4101011753e+00,1.2646463513e-01,0.7613,1.1111114025e+00
-0.2050,-0.0007190,0.0000490,0.00012300,0.00001820,-3.4020202160e+00,1.2444444001e-01,0.7623,1.1030304432e+00
-0.2040,-0.0007140,0.0000485,0.00012300,0.00001820,-3.3818182945e+00,1.2242423743e-01,0.7633,1.0828285217e+00
-0.2030,-0.0007110,0.0000479,0.00012200,0.00001820,-3.3656566143e+00,1.2000000477e-01,0.7643,1.0666668415e+00
-0.2020,-0.0007070,0.0000473,0.00012200,0.00001820,-3.3494951725e+00,1.1757575721e-01,0.7653,1.0505053997e+00
-0.2010,-0.0007030,0.0000468,0.00012200,0.00001820,-3.3333332539e+00,1.1555555463e-01,0.7663,1.0343434811e+00
-0.2000,-0.0006980,0.0000462,0.00012200,0.00001820,-3.3131313324e+00,1.1313130707e-01,0.7673,1.0141415596e+00
-0.1990,-0.0006950,0.0000456,0.00012200,0.00001820,-3.3010101318e+00,1.1070707440e-01,0.7683,1.0020203590e+00
-0.1980,-0.0006880,0.0000450,0.00012200,0.00001820,-3.2727272511e+00,1.0828282684e-01,0.7693,9.7373747826e-01
-0.1970,-0.0006860,0.0000445,0.00012200,0.00001820,-3.2646462917e+00,1.0626262426e-01,0.7703,9.6565651894e-01
-0.1960,-0.0006800,0.0000438,0.00012200,0.00001820,-3.2404041290e+00,1.0343433917e-01,0.7713,9.4141435623e-01
-0.1950,-0.0006720,0.0000432,0.00012200,0.00001820,-3.2080807686e+00,1.0101010650e-01,0.7723,9.0909099579e-01
-0.1940,-0.0006720,0.0000427,0.00012100,0.00001820,-3.2040402889e+00,9.8989903927e-02,0.7733,9.0505051613e-01
-0.1930,-0.0006650,0.0000421,0.00012100,0.00001810,-3.1757576466e+00,9.6969701350e-02,0.7743,8.7676787376e-01
-0.1920,-0.0006580,0.0000414,0.00012100,0.00001820,-3.1474747658e+00,9.3737363815e-02,0.7753,8.4848499298e-01
-0.1910,-0.0006560,0.0000409,0.00012100,0.00001810,-3.1393938065e+00,9.2121206224e-02,0.7763,8.4040403366e-01
-0.1900,-0.0006480,0.0000402,0.00012100,0.00001810,-3.1070706844e+00,8.9292936027e-02,0.7773,8.0808091164e-01
-0.1890,-0.0006430,0.0000397,0.00012100,0.00001820,-3.0868687630e+00,8.6868688464e-02,0.7783,7.8787899017e-01
-0.1880,-0.0006380,0.0000391,0.00012100,0.00001810,-3.0666668415e+00,8.4848485887e-02,0.7793,7.6767706871e-01
-0.1870,-0.0006310,0.0000384,0.00012100,0.00001810,-3.0383837223e+00,8.2020208240e-02,0.7803,7.3939394951e-01
-0.1860,-0.0006260,0.0000379,0.00012100,0.00001810,-3.0181818008e+00,8.0000005662e-02,0.7813,7.1919202805e-01
-0.1850,-0.0006210,0.0000373,0.00012100,0.00001820,-2.9979798794e+00,7.7171720564e-02,0.7823,6.9899010658e-01
-0.1840,-0.0006110,0.0000367,0.00012000,0.00001820,-2.9535353184e+00,7.4747473001e-02,0.7833,6.5454554558e-01
-0.1830,-0.0006090,0.0000362,0.00012000,0.00001820,-2.9454543591e+00,7.2727270424e-02,0.7843,6.4646458626e-01
-0.1820,-0.0006000,0.0000355,0.00012000,0.00001810,-2.9090909958e+00,7.0303037763e-02,0.7853,6.1010122299e-01
-0.1810,-0.0005960,0.0000349,0.00012000,0.00001810,-2.8929293156e+00,6.7878790200e-02,0.7863,5.9393954277e-01
-0.1800,-0.0005880,0.0000344,0.00012000,0.00001810,-2.8606059551e+00,6.5858587623e-02,0.7873,5.6161618233e-01
-0.1790,-0.0005810,0.0000338,0.00012000,0.00001810,-2.8323230743e+00,6.3434340060e-02,0.7883,5.3333330154e-01
-0.1780,-0.0005730,0.0000332,0.00012000,0.00001810,-2.7999999523e+00,6.1010111123e-02,0.7893,5.0101017952e-01
-0.1770,-0.0005670,0.0000327,0.00012000,0.00001810,-2.7757575512e+00,5.8989908546e-02,0.7903,4.7676777840e-01
-0.1760,-0.0005600,0.0000321,0.00012000,0.00001810,-2.7474746704e+00,5.6565660983e-02,0.7913,4.4848489761e-01
-0.1750,-0.0005530,0.0000316,0.00012000,0.00001810,-2.7191920280e+00,5.4545458406e-02,0.7923,4.2020225525e-01
-0.1740,-0.0005460,0.0000310,0.00011900,0.00001810,-2.6868686676e+00,5.2121210843e-02,0.7933,3.8787889481e-01
-0.1730,-0.0005380,0.0000305,0.00011800,0.00001810,-2.6505053043e+00,5.0101008266e-02,0.7943,3.5151553154e-01
-0.1720,-0.0005310,0.0000300,0.00011900,0.00001810,-2.6262626648e+00,4.8080805689e-02,0.7953,3.2727289200e-01
-0.1710,-0.0005240,0.0000295,0.00012000,0.00001810,-2.6020200253e+00,4.6060610563e-02,0.7963,3.0303025246e-01
-0.1700,-0.0005160,0.0000290,0.00011900,0.00001810,-2.5656564236e+00,4.4040407985e-02,0.7973,2.6666665077e-01
-0.1690,-0.0005080,0.0000285,0.00011900,0.00001810,-2.5333333015e+00,4.2020205408e-02,0.7983,2.3434352875e-01
-0.1680,-0.0005010,0.0000280,0.00011900,0.00001810,-2.5050504208e+00,4.0000002831e-02,0.7993,2.0606064796e-01
-0.1670,-0.0004940,0.0000275,0.00011900,0.00001800,-2.4767675400e+00,3.8383837789e-02,0.8003,1.7777776718e-01
-0.1660,-0.0004830,0.0000271,0.00011900,0.00001810,-2.4323232174e+00,3.6363642663e-02,0.8013,1.3333344460e-01
-0.1650,-0.0004770,0.0000266,0.00011900,0.00001810,-2.4080808163e+00,3.4343440086e-02,0.8023,1.0909104347e-01
-0.1640,-0.0004690,0.0000262,0.00011900,0.00001800,-2.3757574558e+00,3.3131308854e-02,0.8033,7.6767683029e-02
-0.1630,-0.0004620,0.0000258,0.00011900,0.00001800,-2.3474748135e+00,3.1515147537e-02,0.8043,4.8485040665e-02
-0.1620,-0.0004530,0.0000254,0.00011900,0.00001800,-2.3111109734e+00,2.9898989946e-02,0.8053,1.2121200562e-02
-0.1610,-0.0004460,0.0000250,0.00011900,0.00001800,-2.2828283310e+00,2.8282823041e-02,0.8063,1.6161441803e-02
-0.1600,-0.0004360,0.0000245,0.00011900,0.00001800,-2.2424242496e+00,2.6262620464e-02,0.8073,5.6565523148e-02
-0.1590,-0.0004300,0.0000242,0.00011900,0.00001800,-2.2181818485e+00,2.5050504133e-02,0.8083,8.0807924271e-02
-0.1580,-0.0004210,0.0000238,0.00011800,0.00001800,-2.1777780056e+00,2.3434339091e-02,0.8093,1.2121176720e-01
-0.1570,-0.0004140,0.0000235,0.00011800,0.00001800,-2.1494951248e+00,2.2222222760e-02,0.8103,1.4949464798e-01
-0.1560,-0.0004050,0.0000231,0.00011700,0.00001800,-2.1090910435e+00,2.0606055856e-02,0.8113,1.8989872932e-01
-0.1550,-0.0003980,0.0000228,0.00011800,0.00001800,-2.0848486423e+00,1.9393939525e-02,0.8123,2.1414113045e-01
-0.1540,-0.0003880,0.0000224,0.00011800,0.00001800,-2.0444445610e+00,1.7777774483e-02,0.8133,2.5454521179e-01
-0.1530,-0.0003800,0.0000221,0.00011800,0.00001800,-2.0121212006e+00,1.6565650702e-02,0.8143,2.8686857224e-01
-0.1520,-0.0003730,0.0000218,0.00011800,0.00001800,-1.9838384390e+00,1.5353534371e-02,0.8153,3.1515133381e-01
-0.1510,-0.0003650,0.0000216,0.00011800,0.00001800,-1.9515151978e+00,1.4545454644e-02,0.8163,3.4747457504e-01
-0.1500,-0.0003570,0.0000212,0.00011800,0.00001800,-1.9191919565e+00,1.2929288670e-02,0.8173,3.7979781628e-01
-0.1490,-0.0003490,0.0000210,0.00011800,0.00001800,-1.8868687153e+00,1.2121208943e-02,0.8183,4.1212105751e-01
-0.1480,-0.0003410,0.0000207,0.00011800,0.00001800,-1.8545454741e+00,1.0909086093e-02,0.8193,4.4444429874e-01
-0.1470,-0.0003320,0.0000205,0.00011800,0.00001800,-1.8181817532e+00,1.0101006366e-02,0.8203,4.8080801964e-01
-0.1460,-0.0003250,0.0000203,0.00011800,0.00001800,-1.7898989916e+00,9.2929266393e-03,0.8213,5.0909078121e-01
-0.1450,-0.0003170,0.0000200,0.00011800,0.00001800,-1.7575757504e+00,8.0808037892e-03,0.8223,5.4141402245e-01
-0.1440,-0.0003080,0.0000198,0.00011800,0.00001800,-1.7212120295e+00,7.2727240622e-03,0.8233,5.7777774334e-01
-0.1430,-0.0003010,0.0000196,0.00011800,0.00001800,-1.6929292679e+00,6.4646443352e-03,0.8243,6.0606050491e-01
-0.1420,-0.0002920,0.0000194,0.00011700,0.00001800,-1.6525254250e+00,5.6565646082e-03,0.8253,6.4646434784e-01
-0.1410,-0.0002850,0.0000191,0.00011700,0.00001800,-1.6242423058e+00,4.4444417581e-03,0.8263,6.7474746704e-01
-0.1400,-0.0002770,0.0000190,0.00011700,0.00001800,-1.5919193029e+00,4.0403981693e-03,0.8273,7.0707046986e-01
-0.1390,-0.0002700,0.0000188,0.00011700,0.00001800,-1.5636363029e+00,3.2323184423e-03,0.8283,7.3535346985e-01
-0.1380,-0.0002630,0.0000186,0.00011700,0.00001800,-1.5353534222e+00,2.4242389482e-03,0.8293,7.6363635063e-01
-0.1370,-0.0002550,0.0000184,0.00011700,0.00001800,-1.5030301809e+00,1.6161592212e-03,0.8303,7.9595959187e-01
-0.1360,-0.0002470,0.0000183,0.00011700,0.00001800,-1.4707069397e+00,1.2121157488e-03,0.8313,8.2828283310e-01
-0.1350,-0.0002400,0.0000181,0.00011700,0.00001790,-1.4424241781e+00,8.0807961058e-04,0.8323,8.5656559467e-01
-0.1340,-0.0002320,0.0000180,0.00011700,0.00001790,-1.4101010561e+00,4.0404347237e-04,0.8333,8.8888871670e-01
-0.1330,-0.0002260,0.0000178,0.00011700,0.00001790,-1.3858585358e+00,-4.0404347237e-04,0.8343,9.1313123703e-01
-0.1320,-0.0002180,0.0000177,0.00011700,0.00001790,-1.3535352945e+00,-8.0807961058e-04,0.8353,9.4545447826e-01
-0.1310,-0.0002110,0.0000176,0.00011700,0.00001790,-1.3252525330e+00,-1.2121230830e-03,0.8363,9.7373723984e-01
-0.1300,-0.0002030,0.0000174,0.00011700,0.00001790,-1.2929292917e+00,-2.0202028099e-03,0.8373,1.0060604811e+00
-0.1290,-0.0001970,0.0000173,0.00011700,0.00001790,-1.2686868906e+00,-2.4242389482e-03,0.8383,1.0303028822e+00
-0.1280,-0.0001890,0.0000172,0.00011700,0.00001790,-1.2363636494e+00,-2.8282823041e-03,0.8393,1.0626261234e+00
-0.1270,-0.0001830,0.0000171,0.00011700,0.00001790,-1.2121212482e+00,-3.2323258929e-03,0.8403,1.0868685246e+00
-0.1260,-0.0001760,0.0000170,0.00011700,0.00001790,-1.1838384867e+00,-3.6363620311e-03,0.8413,1.1151512861e+00
-0.1250,-0.0001690,0.0000169,0.00011700,0.00001790,-1.1555556059e+00,-4.0404056199e-03,0.8423,1.1434341669e+00
-0.1240,-0.0001630,0.0000168,0.00011700,0.00001790,-1.1313132048e+00,-4.4444417581e-03,0.8433,1.1676765680e+00
-0.1230,-0.0001560,0.0000167,0.00011700,0.00001790,-1.1030302048e+00,-4.8484848812e-03,0.8443,1.1959595680e+00
-0.1220,-0.0001490,0.0000167,0.00011700,0.00001790,-1.0747474432e+00,-4.8484848812e-03,0.8453,1.2242423296e+00
-0.1210,-0.0001440,0.0000166,0.00011700,0.00001780,-1.0545455217e+00,-4.8484778963e-03,0.8463,1.2444442511e+00
-0.1200,-0.0001370,0.0000165,0.00011600,0.00001780,-1.0222222805e+00,-5.2525210194e-03,0.8473,1.2767674923e+00
-0.1190,-0.0001310,0.0000164,0.00011500,0.00001780,-9.9393945932e-01,-5.6565646082e-03,0.8483,1.3050503731e+00
-0.1180,-0.0001250,0.0000164,0.00011600,0.00001780,-9.7373735905e-01,-5.6565646082e-03,0.8493,1.3252524137e+00
-0.1170,-0.0001190,0.0000163,0.00011600,0.00001790,-9.4949495792e-01,-6.4646443352e-03,0.8503,1.3494948149e+00
-0.1160,-0.0001130,0.0000162,0.00011600,0.00001780,-9.2525249720e-01,-6.4646443352e-03,0.8513,1.3737373352e+00
-0.1150,-0.0001070,0.0000162,0.00011700,0.00001780,-9.0505051613e-01,-6.4646443352e-03,0.8523,1.3939392567e+00
-0.1140,-0.0001020,0.0000161,0.00011700,0.00001790,-8.8484853506e-01,-7.2727240622e-03,0.8533,1.4141411781e+00
-0.1130,-0.0000966,0.0000160,0.00011700,0.00001780,-8.6303031445e-01,-7.2727240622e-03,0.8543,1.4359594584e+00
-0.1120,-0.0000908,0.0000160,0.00011700,0.00001780,-8.3959603310e-01,-7.2727240622e-03,0.8553,1.4593937397e+00
-0.1110,-0.0000852,0.0000159,0.00011700,0.00001780,-8.1696969271e-01,-7.6767671853e-03,0.8563,1.4820201397e+00
-0.1100,-0.0000803,0.0000159,0.00011600,0.00001780,-7.9313135147e-01,-7.6767671853e-03,0.8573,1.5058584213e+00
-0.1090,-0.0000745,0.0000159,0.00011600,0.00001780,-7.6969695091e-01,-7.6767671853e-03,0.8583,1.5292928219e+00
-0.1080,-0.0000694,0.0000158,0.00011700,0.00001780,-7.5313127041e-01,-8.0808037892e-03,0.8593,1.5458585024e+00
-0.1070,-0.0000648,0.0000158,0.00011600,0.00001780,-7.3050510883e-01,-8.0808037892e-03,0.8603,1.5684846640e+00
-0.1060,-0.0000598,0.0000158,0.00011700,0.00001780,-7.1434348822e-01,-8.0808037892e-03,0.8613,1.5846462250e+00
-0.1050,-0.0000549,0.0000157,0.00011600,0.00001780,-6.9050508738e-01,-8.4848469123e-03,0.8623,1.6084847450e+00
-0.1040,-0.0000502,0.0000157,0.00011600,0.00001780,-6.7151516676e-01,-8.4848469123e-03,0.8633,1.6274745464e+00
-0.1030,-0.0000451,0.0000157,0.00011600,0.00001780,-6.5090912580e-01,-8.4848469123e-03,0.8643,1.6480805874e+00
-0.1020,-0.0000404,0.0000156,0.00011700,0.00001780,-6.3595962524e-01,-8.8888835162e-03,0.8653,1.6630301476e+00
-0.1010,-0.0000369,0.0000156,0.00011700,0.00001780,-6.2181824446e-01,-8.8888835162e-03,0.8663,1.6771714687e+00
-0.1000,-0.0000323,0.0000156,0.00011600,0.00001770,-5.9919190407e-01,-8.4848469123e-03,0.8673,1.6997978687e+00
-0.0990,-0.0000280,0.0000156,0.00011600,0.00001780,-5.8181822300e-01,-8.8888835162e-03,0.8683,1.7171715498e+00
-0.0980,-0.0000241,0.0000155,0.00011600,0.00001780,-5.6606060266e-01,-9.2929266393e-03,0.8693,1.7329292297e+00
-0.0970,-0.0000198,0.0000155,0.00011600,0.00001770,-5.4868686199e-01,-8.8888900355e-03,0.8703,1.7503029108e+00
-0.0960,-0.0000156,0.0000155,0.00011600,0.00001770,-5.3171718121e-01,-8.8888900355e-03,0.8713,1.7672725916e+00
-0.0950,-0.0000122,0.0000155,0.00011600,0.00001770,-5.1797980070e-01,-8.8888900355e-03,0.8723,1.7810099125e+00
-0.0940,-0.0000082,0.0000154,0.00011600,0.00001770,-5.0173741579e-01,-9.2929266393e-03,0.8733,1.7972524166e+00
-0.0930,-0.0000046,0.0000154,0.00011600,0.00001770,-4.8735356331e-01,-9.2929266393e-03,0.8743,1.8116362095e+00
-0.0920,-0.0000009,0.0000154,0.00011600,0.00001770,-4.7236365080e-01,-9.2929266393e-03,0.8753,1.8266260624e+00
-0.0910,0.0000025,0.0000154,0.00011600,0.00001770,-4.5842424035e-01,-9.2929266393e-03,0.8763,1.8405655622e+00
-0.0900,0.0000062,0.0000154,0.00011600,0.00001770,-4.4351515174e-01,-9.2929266393e-03,0.8773,1.8554745913e+00
-0.0890,0.0000097,0.0000154,0.00011600,0.00001770,-4.2937374115e-01,-9.2929266393e-03,0.8783,1.8696160316e+00
-0.0880,0.0000124,0.0000153,0.00011600,0.00001770,-4.1858586669e-01,-9.6969697624e-03,0.8793,1.8804038763e+00
-0.0870,0.0000160,0.0000153,0.00011600,0.00001770,-4.0404042602e-01,-9.6969697624e-03,0.8803,1.8949493170e+00
-0.0860,0.0000190,0.0000153,0.00011600,0.00001770,-3.9191919565e-01,-9.6969697624e-03,0.8813,1.9070706367e+00
-0.0850,0.0000220,0.0000153,0.00011600,0.00001770,-3.7979799509e-01,-9.6969697624e-03,0.8823,1.9191918373e+00
-0.0840,0.0000249,0.0000153,0.00011600,0.00001770,-3.6808082461e-01,-9.6969697624e-03,0.8833,1.9309089184e+00
-0.0830,0.0000281,0.0000153,0.00011600,0.00001770,-3.5515150428e-01,-9.6969697624e-03,0.8843,1.9438382387e+00
-0.0820,0.0000305,0.0000153,0.00011600,0.00001770,-3.4545457363e-01,-9.6969697624e-03,0.8853,1.9535351992e+00
-0.0810,0.0000332,0.0000153,0.00011700,0.00001770,-3.3858585358e-01,-9.6969697624e-03,0.8863,1.9604039192e+00
-0.0800,0.0000359,0.0000153,0.00011600,0.00001770,-3.2363635302e-01,-9.6969697624e-03,0.8873,1.9753534794e+00
-0.0790,0.0000383,0.0000153,0.00011700,0.00001760,-3.1797981262e-01,-9.2929266393e-03,0.8883,1.9810099602e+00
-0.0780,0.0000411,0.0000152,0.00011700,0.00001760,-3.0666667223e-01,-9.6969660372e-03,0.8893,1.9923231602e+00
-0.0770,0.0000435,0.0000152,0.00011700,0.00001760,-2.9696971178e-01,-9.6969660372e-03,0.8903,2.0020201206e+00
-0.0760,0.0000456,0.0000152,0.00011700,0.00001760,-2.8848487139e-01,-9.6969660372e-03,0.8913,2.0105049610e+00
-0.0750,0.0000477,0.0000152,0.00011700,0.00001760,-2.8000003099e-01,-9.6969660372e-03,0.8923,2.0189898014e+00
-0.0740,0.0000501,0.0000152,0.00011700,0.00001770,-2.7030304074e-01,-1.0101010092e-02,0.8933,2.0286867619e+00
-0.0730,0.0000523,0.0000152,0.00011700,0.00001760,-2.6141414046e-01,-9.6969660372e-03,0.8943,2.0375757217e+00
-0.0720,0.0000542,0.0000152,0.00011700,0.00001760,-2.5373736024e-01,-9.6969660372e-03,0.8953,2.0452523232e+00
-0.0710,0.0000565,0.0000152,0.00011700,0.00001760,-2.4444444478e-01,-9.6969660372e-03,0.8963,2.0545454025e+00
-0.0700,0.0000584,0.0000152,0.00011700,0.00001760,-2.3676767945e-01,-9.6969660372e-03,0.8973,2.0622220039e+00
-0.0690,0.0000601,0.0000152,0.00011700,0.00001760,-2.2989898920e-01,-9.6969660372e-03,0.8983,2.0690908432e+00
-0.0680,0.0000621,0.0000152,0.00011700,0.00001760,-2.2181817889e-01,-9.6969660372e-03,0.8993,2.0771715641e+00
-0.0670,0.0000640,0.0000152,0.00011700,0.00001760,-2.1414141357e-01,-9.6969660372e-03,0.9003,2.0848484039e+00
-0.0660,0.0000656,0.0000151,0.00011700,0.00001760,-2.0767678320e-01,-1.0101006366e-02,0.9013,2.0913128853e+00
-0.0650,0.0000674,0.0000151,0.00011700,0.00001760,-2.0040404797e-01,-1.0101006366e-02,0.9023,2.0985856056e+00
-0.0640,0.0000691,0.0000151,0.00011700,0.00001760,-1.9353534281e-01,-1.0101006366e-02,0.9033,2.1054544449e+00
-0.0630,0.0000706,0.0000151,0.00011700,0.00001760,-1.8747474253e-01,-1.0101006366e-02,0.9043,2.1115150452e+00
-0.0620,0.0000718,0.0000151,0.00011700,0.00001760,-1.8262626231e-01,-1.0101006366e-02,0.9053,2.1163635254e+00
-0.0610,0.0000734,0.0000151,0.00011700,0.00001760,-1.7616161704e-01,-1.0101006366e-02,0.9063,2.1228282452e+00
-0.0600,0.0000752,0.0000151,0.00011700,0.00001760,-1.6888889670e-01,-1.0101006366e-02,0.9073,2.1301009655e+00
-0.0590,0.0000762,0.0000151,0.00011700,0.00001750,-1.6484849155e-01,-9.6969697624e-03,0.9083,2.1341412067e+00
-0.0580,0.0000780,0.0000151,0.00011700,0.00001750,-1.5757577121e-01,-9.6969697624e-03,0.9093,2.1414139271e+00
-0.0570,0.0000792,0.0000151,0.00011700,0.00001750,-1.5272727609e-01,-9.6969697624e-03,0.9103,2.1462624073e+00
-0.0560,0.0000800,0.0000151,0.00011700,0.00001750,-1.4949496090e-01,-9.6969697624e-03,0.9113,2.1494948864e+00
-0.0550,0.0000817,0.0000151,0.00011700,0.00001750,-1.4262627065e-01,-9.6969697624e-03,0.9123,2.1563634872e+00
-0.0540,0.0000830,0.0000151,0.00011700,0.00001750,-1.3737374544e-01,-9.6969697624e-03,0.9133,2.1616160870e+00
-0.0530,0.0000838,0.0000151,0.00011700,0.00001750,-1.3414141536e-01,-9.6969697624e-03,0.9143,2.1648483276e+00
-0.0520,0.0000852,0.0000151,0.00011700,0.00001750,-1.2848484516e-01,-9.6969697624e-03,0.9153,2.1705050468e+00
-0.0510,0.0000863,0.0000151,0.00011700,0.00001750,-1.2404040247e-01,-9.6969697624e-03,0.9163,2.1749494076e+00
-0.0500,0.0000871,0.0000151,0.00011700,0.00001750,-1.2080807984e-01,-9.6969697624e-03,0.9173,2.1781816483e+00
-0.0490,0.0000881,0.0000150,0.00011800,0.00001750,-1.2080807984e-01,-1.0101013817e-02,0.9183,2.1781816483e+00
-0.0480,0.0000891,0.0000150,0.00011700,0.00001750,-1.1272726953e-01,-1.0101013817e-02,0.9193,2.1862626076e+00
-0.0470,0.0000902,0.0000150,0.00011700,0.00001750,-1.0828281939e-01,-1.0101013817e-02,0.9203,2.1907069683e+00
-0.0460,0.0000906,0.0000150,0.00011800,0.00001750,-1.1070708185e-01,-1.0101013817e-02,0.9213,2.1882827282e+00
-0.0450,0.0000921,0.0000150,0.00011700,0.00001750,-1.0060605407e-01,-1.0101013817e-02,0.9223,2.1983838081e+00
-0.0440,0.0000932,0.0000150,0.00011800,0.00001750,-1.0020203888e-01,-1.0101013817e-02,0.9233,2.1987876892e+00
-0.0430,0.0000930,0.0000150,0.00011800,0.00001750,-1.0101009905e-01,-1.0101013817e-02,0.9243,2.1979796886e+00
-0.0420,0.0000946,0.0000150,0.00011800,0.00001750,-9.4545461237e-02,-1.0101013817e-02,0.9253,2.2044444084e+00
-0.0410,0.0000955,0.0000150,0.00011800,0.00001750,-9.0909101069e-02,-1.0101013817e-02,0.9263,2.2080807686e+00
-0.0400,0.0000957,0.0000150,0.00011800,0.00001750,-9.0101011097e-02,-1.0101013817e-02,0.9273,2.2088887691e+00
-0.0390,0.0000966,0.0000150,0.00011800,0.00001750,-8.6464650929e-02,-1.0101013817e-02,0.9283,2.2125251293e+00
-0.0380,0.0000976,0.0000150,0.00011800,0.00001750,-8.2424245775e-02,-1.0101013817e-02,0.9293,2.2165656090e+00
-0.0370,0.0000977,0.0000150,0.00011800,0.00001750,-8.2020200789e-02,-1.0101013817e-02,0.9303,2.2169694901e+00
-0.0360,0.0000986,0.0000150,0.00011800,0.00001750,-7.8383840621e-02,-1.0101013817e-02,0.9313,2.2206058502e+00
-0.0350,0.0000993,0.0000150,0.00011800,0.00001750,-7.5555562973e-02,-1.0101013817e-02,0.9323,2.2234342098e+00
-0.0340,0.0001000,0.0000150,0.00011800,0.00001740,-7.2727292776e-02,-9.6969697624e-03,0.9333,2.2262625694e+00
-0.0330,0.0001000,0.0000150,0.00011800,0.00001740,-7.2727292776e-02,-9.6969697624e-03,0.9343,2.2262625694e+00
-0.0320,0.0001020,0.0000150,0.00011800,0.00001740,-6.4646482468e-02,-9.6969697624e-03,0.9353,2.2343432903e+00
-0.0310,0.0001020,0.0000150,0.00011800,0.00001740,-6.4646482468e-02,-9.6969697624e-03,0.9363,2.2343432903e+00
-0.0300,0.0001020,0.0000150,0.00011800,0.00001740,-6.4646482468e-02,-9.6969697624e-03,0.9373,2.2343432903e+00
-0.0290,0.0001030,0.0000150,0.00011800,0.00001740,-6.0606069863e-02,-9.6969697624e-03,0.9383,2.2383837700e+00
-0.0280,0.0001040,0.0000150,0.00011800,0.00001740,-5.6565664709e-02,-9.6969697624e-03,0.9393,2.2424240112e+00
-0.0270,0.0001040,0.0000150,0.00011800,0.00001740,-5.6565664709e-02,-9.6969697624e-03,0.9403,2.2424240112e+00
-0.0260,0.0001040,0.0000150,0.00011900,0.00001740,-6.0606040061e-02,-9.6969697624e-03,0.9413,2.2383837700e+00
-0.0250,0.0001050,0.0000150,0.00011800,0.00001740,-5.2525259554e-02,-9.6969697624e-03,0.9423,2.2464644909e+00
-0.0240,0.0001050,0.0000150,0.00011900,0.00001740,-5.6565634906e-02,-9.6969697624e-03,0.9433,2.2424242496e+00
-0.0230,0.0001060,0.0000149,0.00011800,0.00001740,-4.8484854400e-02,-1.0101010092e-02,0.9443,2.2505049706e+00
-0.0220,0.0001060,0.0000149,0.00011700,0.00001740,-4.4444449246e-02,-1.0101010092e-02,0.9453,2.2545452118e+00
-0.0210,0.0001070,0.0000149,0.00011800,0.00001740,-4.4444449246e-02,-1.0101010092e-02,0.9463,2.2545452118e+00
-0.0200,0.0001070,0.0000149,0.00011900,0.00001740,-4.8484824598e-02,-1.0101010092e-02,0.9473,2.2505049706e+00
-0.0190,0.0001080,0.0000149,0.00011900,0.00001740,-4.4444419444e-02,-1.0101010092e-02,0.9483,2.2545454502e+00
-0.0180,0.0001080,0.0000149,0.00011900,0.00001740,-4.4444419444e-02,-1.0101010092e-02,0.9493,2.2545454502e+00
-0.0170,0.0001080,0.0000149,0.00011900,0.00001740,-4.4444419444e-02,-1.0101010092e-02,0.9503,2.2545454502e+00
-0.0160,0.0001090,0.0000149,0.00011900,0.00001740,-4.0404014289e-02,-1.0101010092e-02,0.9513,2.2585856915e+00
-0.0150,0.0001090,0.0000149,0.00012000,0.00001740,-4.4444419444e-02,-1.0101010092e-02,0.9523,2.2545454502e+00
-0.0140,0.0001090,0.0000149,0.00011900,0.00001730,-4.0404014289e-02,-9.6969734877e-03,0.9533,2.2585856915e+00
-0.0130,0.0001100,0.0000149,0.00012000,0.00001730,-4.0404014289e-02,-9.6969734877e-03,0.9543,2.2585856915e+00
-0.0120,0.0001110,0.0000149,0.00012000,0.00001730,-3.6363609135e-02,-9.6969734877e-03,0.9553,2.2626261711e+00
-0.0110,0.0001100,0.0000149,0.00012000,0.00001730,-4.0404014289e-02,-9.6969734877e-03,0.9563,2.2585856915e+00
-0.0100,0.0001110,0.0000149,0.00012000,0.00001730,-3.6363609135e-02,-9.6969734877e-03,0.9573,2.2626261711e+00
-0.0090,0.0001120,0.0000149,0.00012000,0.00001730,-3.2323203981e-02,-9.6969734877e-03,0.9583,2.2666666508e+00
-0.0080,0.0001110,0.0000149,0.00012000,0.00001730,-3.6363609135e-02,-9.6969734877e-03,0.9593,2.2626261711e+00
-0.0070,0.0001120,0.0000149,0.00011900,0.00001730,-2.8282798827e-02,-9.6969734877e-03,0.9603,2.2707068920e+00
-0.0060,0.0001120,0.0000149,0.00012000,0.00001730,-3.2323203981e-02,-9.6969734877e-03,0.9613,2.2666666508e+00
-0.0050,0.0001130,0.0000149,0.00012000,0.00001730,-2.8282798827e-02,-9.6969734877e-03,0.9623,2.2707068920e+00
-0.0040,0.0001130,0.0000149,0.00012000,0.00001730,-2.8282798827e-02,-9.6969734877e-03,0.9633,2.2707068920e+00
-0.0030,0.0001130,0.0000149,0.00012000,0.00001730,-2.8282798827e-02,-9.6969734877e-03,0.9643,2.2707068920e+00
-0.0020,0.0001130,0.0000148,0.00012100,0.00001730,-3.2323203981e-02,-1.0101013817e-02,0.9653,2.2666666508e+00
-0.0010,0.0001140,0.0000149,0.00012000,0.00001730,-2.4242393672e-02,-9.6969734877e-03,0.9663,2.2747473717e+00
0.0000,0.0001160,0.0000148,0.00012100,0.00001730,-2.0201988518e-02,-1.0101013817e-02,0.9673,2.2787878513e+00
0.0010,0.0001150,0.0000149,0.00012100,0.00001730,-2.4242393672e-02,-9.6969734877e-03,0.9683,2.2747473717e+00
0.0020,0.0001150,0.0000148,0.00012100,0.00001730,-2.4242393672e-02,-1.0101013817e-02,0.9693,2.2747473717e+00
0.0030,0.0001150,0.0000149,0.00012100,0.00001730,-2.4242393672e-02,-9.6969734877e-03,0.9703,2.2747473717e+00
0.0040,0.0001150,0.0000148,0.00012100,0.00001720,-2.4242393672e-02,-9.6969697624e-03,0.9713,2.2747473717e+00
0.0050,0.0001150,0.0000148,0.00012100,0.00001730,-2.4242393672e-02,-1.0101013817e-02,0.9723,2.2747473717e+00
0.0060,0.0001160,0.0000148,0.00012100,0.00001720,-2.0201988518e-02,-9.6969697624e-03,0.9733,2.2787878513e+00
0.0070,0.0001160,0.0000148,0.00012100,0.00001720,-2.0201988518e-02,-9.6969697624e-03,0.9743,2.2787878513e+00
0.0080,0.0001160,0.0000148,0.00012100,0.00001720,-2.0201988518e-02,-9.6969697624e-03,0.9753,2.2787878513e+00
0.0090,0.0001160,0.0000148,0.00012100,0.00001720,-2.0201988518e-02,-9.6969697624e-03,0.9763,2.2787878513e+00
0.0100,0.0001170,0.0000148,0.00012200,0.00001720,-2.0201988518e-02,-9.6969697624e-03,0.9773,2.2787878513e+00
0.0110,0.0001170,0.0000148,0.00012200,0.00001720,-2.0201988518e-02,-9.6969697624e-03,0.9783,2.2787878513e+00
0.0120,0.0001180,0.0000148,0.00012200,0.00001720,-1.6161583364e-02,-9.6969697624e-03,0.9793,2.2828280926e+00
0.0130,0.0001180,0.0000148,0.00012200,0.00001720,-1.6161583364e-02,-9.6969697624e-03,0.9803,2.2828280926e+00
0.0140,0.0001180,0.0000148,0.00012200,0.00001720,-1.6161583364e-02,-9.6969697624e-03,0.9813,2.2828280926e+00
0.0150,0.0001180,0.0000148,0.00012200,0.00001720,-1.6161583364e-02,-9.6969697624e-03,0.9823,2.2828280926e+00
0.0160,0.0001180,0.0000148,0.00012200,0.00001720,-1.6161583364e-02,-9.6969697624e-03,0.9833,2.2828280926e+00
0.0170,0.0001190,0.0000148,0.00012200,0.00001720,-1.2121206149e-02,-9.6969697624e-03,0.9843,2.2868685722e+00
0.0180,0.0001190,0.0000148,0.00012200,0.00001720,-1.2121206149e-02,-9.6969697624e-03,0.9853,2.2868685722e+00
0.0190,0.0001190,0.0000148,0.00012300,0.00001720,-1.6161641106e-02,-9.6969697624e-03,0.9863,2.2828280926e+00
0.0200,0.0001200,0.0000148,0.00012200,0.00001720,-8.0808009952e-03,-9.6969697624e-03,0.9873,2.2909090519e+00
0.0210,0.0001200,0.0000148,0.00012300,0.00001720,-1.2121235020e-02,-9.6969697624e-03,0.9883,2.2868685722e+00
0.0220,0.0001200,0.0000148,0.00012300,0.00001720,-1.2121235020e-02,-9.6969697624e-03,0.9893,2.2868685722e+00
0.0230,0.0001200,0.0000148,0.00012300,0.00001720,-1.2121235020e-02,-9.6969697624e-03,0.9903,2.2868685722e+00
0.0240,0.0001200,0.0000147,0.00012300,0.00001710,-1.2121235020e-02,-9.6969660372e-03,0.9913,2.2868685722e+00
0.0250,0.0001210,0.0000147,0.00012300,0.00001710,-8.0808298662e-03,-9.6969660372e-03,0.9923,2.2909090519e+00
0.0260,0.0001210,0.0000147,0.00012300,0.00001710,-8.0808298662e-03,-9.6969660372e-03,0.9933,2.2909090519e+00
0.0270,0.0001210,0.0000147,0.00012300,0.00001710,-8.0808298662e-03,-9.6969660372e-03,0.9943,2.2909090519e+00
0.0280,0.0001210,0.0000147,0.00012300,0.00001710,-8.0808298662e-03,-9.6969660372e-03,0.9953,2.2909090519e+00
0.0290,0.0001220,0.0000147,0.00012300,0.00001710,-4.0404251777e-03,-9.6969660372e-03,0.9963,2.2949492931e+00
0.0300,0.0001220,0.0000147,0.00012300,0.00001710,-4.0404251777e-03,-9.6969660372e-03,0.9973,2.2949492931e+00
0.0310,0.0001220,0.0000147,0.00012400,0.00001710,-8.0808009952e-03,-9.6969660372e-03,0.9983,2.2909090519e+00
0.0320,0.0001230,0.0000147,0.00012400,0.00001710,-4.0403660387e-03,-9.6969660372e-03,0.9993,2.2949492931e+00
0.0330,0.0001220,0.0000147,0.00012400,0.00001710,-8.0808009952e-03,-9.6969660372e-03,1.0003,2.2909090519e+00
0.0340,0.0001230,0.0000147,0.00012400,0.00001710,-4.0403660387e-03,-9.6969660372e-03,1.0013,2.2949492931e+00
0.0350,0.0001230,0.0000147,0.00012400,0.00001710,-4.0403660387e-03,-9.6969660372e-03,1.0023,2.2949492931e+00
0.0360,0.0001230,0.0000147,0.00012400,0.00001710,-4.0403660387e-03,-9.6969660372e-03,1.0033,2.2949492931e+00
0.0370,0.0001230,0.0000147,0.00012400,0.00001710,-4.0403660387e-03,-9.6969660372e-03,1.0043,2.2949492931e+00
0.0380,0.0001240,0.0000147,0.00012500,0.00001710,-4.0404251777e-03,-9.6969660372e-03,1.0053,2.2949492931e+00
0.0390,0.0001240,0.0000147,0.00012500,0.00001710,-4.0404251777e-03,-9.6969660372e-03,1.0063,2.2949492931e+00
0.0400,0.0001230,0.0000147,0.00012500,0.00001710,-8.0808009952e-03,-9.6969660372e-03,1.0073,2.2909090519e+00
0.0410,0.0001250,0.0000147,0.00012500,0.00001710,9.9999999392e-09,-9.6969660372e-03,1.0083,2.2989897728e+00
0.0420,0.0001250,0.0000147,0.00012500,0.00001710,9.9999999392e-09,-9.6969660372e-03,1.0093,2.2989897728e+00
0.0430,0.0001250,0.0000147,0.00012500,0.00001700,9.9999999392e-09,-9.2929303646e-03,1.0103,2.2989897728e+00
0.0440,0.0001260,0.0000147,0.00012500,0.00001700,4.0403855965e-03,-9.2929303646e-03,1.0113,2.3030302525e+00
0.0450,0.0001260,0.0000147,0.00012500,0.00001700,4.0403855965e-03,-9.2929303646e-03,1.0123,2.3030302525e+00
0.0460,0.0001250,0.0000147,0.00012600,0.00001710,-4.0403660387e-03,-9.6969660372e-03,1.0133,2.2949492931e+00
0.0470,0.0001260,0.0000147,0.00012600,0.00001710,9.9999999392e-09,-9.6969660372e-03,1.0143,2.2989897728e+00
0.0480,0.0001260,0.0000147,0.00012600,0.00001700,9.9999999392e-09,-9.2929303646e-03,1.0153,2.2989897728e+00
0.0490,0.0001270,0.0000147,0.00012600,0.00001700,4.0404447354e-03,-9.2929303646e-03,1.0163,2.3030302525e+00
0.0500,0.0001270,0.0000146,0.00012600,0.00001700,4.0404447354e-03,-9.6969697624e-03,1.0173,2.3030302525e+00
0.0510,0.0001280,0.0000146,0.00012600,0.00001700,8.0808214843e-03,-9.6969697624e-03,1.0183,2.3070704937e+00
0.0520,0.0001270,0.0000146,0.00012600,0.00001700,4.0404447354e-03,-9.6969697624e-03,1.0193,2.3030302525e+00
0.0530,0.0001270,0.0000146,0.00012600,0.00001700,4.0404447354e-03,-9.6969697624e-03,1.0203,2.3030302525e+00
0.0540,0.0001280,0.0000146,0.00012700,0.00001700,4.0403855965e-03,-9.6969697624e-03,1.0213,2.3030302525e+00
0.0550,0.0001280,0.0000146,0.00012700,0.00001700,4.0403855965e-03,-9.6969697624e-03,1.0223,2.3030302525e+00
0.0560,0.0001280,0.0000146,0.00012700,0.00001700,4.0403855965e-03,-9.6969697624e-03,1.0233,2.3030302525e+00
0.0570,0.0001290,0.0000146,0.00012700,0.00001700,8.0807618797e-03,-9.6969697624e-03,1.0243,2.3070704937e+00
0.0580,0.0001290,0.0000146,0.00012700,0.00001700,8.0807618797e-03,-9.6969697624e-03,1.0253,2.3070704937e+00
0.0590,0.0001290,0.0000146,0.00012700,0.00001700,8.0807618797e-03,-9.6969697624e-03,1.0263,2.3070704937e+00
0.0600,0.0001300,0.0000146,0.00012700,0.00001700,1.2121196836e-02,-9.6969697624e-03,1.0273,2.3111109734e+00
0.0610,0.0001290,0.0000146,0.00012800,0.00001700,4.0403855965e-03,-9.6969697624e-03,1.0283,2.3030302525e+00
0.0620,0.0001300,0.0000146,0.00012800,0.00001700,8.0808214843e-03,-9.6969697624e-03,1.0293,2.3070704937e+00
0.0630,0.0001300,0.0000146,0.00012800,0.00001700,8.0808214843e-03,-9.6969697624e-03,1.0303,2.3070704937e+00
0.0640,0.0001310,0.0000146,0.00012800,0.00001700,1.2121196836e-02,-9.6969697624e-03,1.0313,2.3111109734e+00
0.0650,0.0001300,0.0000146,0.00012800,0.00001690,8.0808214843e-03,-9.2929266393e-03,1.0323,2.3070704937e+00
0.0660,0.0001310,0.0000146,0.00012800,0.00001690,1.2121196836e-02,-9.2929266393e-03,1.0333,2.3111109734e+00
0.0670,0.0001310,0.0000146,0.00012800,0.00001690,1.2121196836e-02,-9.2929266393e-03,1.0343,2.3111109734e+00
0.0680,0.0001310,0.0000146,0.00012900,0.00001690,8.0808214843e-03,-9.2929266393e-03,1.0353,2.3070704937e+00
0.0690,0.0001330,0.0000146,0.00012900,0.00001690,1.6161631793e-02,-9.2929266393e-03,1.0363,2.3151514530e+00
0.0700,0.0001320,0.0000146,0.00012900,0.00001690,1.2121255510e-02,-9.2929266393e-03,1.0373,2.3111109734e+00
0.0710,0.0001330,0.0000146,0.00012900,0.00001690,1.6161631793e-02,-9.2929266393e-03,1.0383,2.3151514530e+00
0.0720,0.0001320,0.0000146,0.00012900,0.00001690,1.2121255510e-02,-9.2929266393e-03,1.0393,2.3111109734e+00
0.0730,0.0001330,0.0000146,0.00012900,0.00001690,1.6161631793e-02,-9.2929266393e-03,1.0403,2.3151514530e+00
0.0740,0.0001330,0.0000146,0.00013000,0.00001690,1.2121196836e-02,-9.2929266393e-03,1.0413,2.3111109734e+00
0.0750,0.0001340,0.0000146,0.00013000,0.00001690,1.6161631793e-02,-9.2929266393e-03,1.0423,2.3151514530e+00
0.0760,0.0001340,0.0000145,0.00012900,0.00001690,2.0202064887e-02,-9.6969660372e-03,1.0433,2.3191919327e+00
0.0770,0.0001340,0.0000145,0.00013000,0.00001690,1.6161631793e-02,-9.6969660372e-03,1.0443,2.3151514530e+00
0.0780,0.0001340,0.0000146,0.00013000,0.00001690,1.6161631793e-02,-9.2929266393e-03,1.0453,2.3151514530e+00
0.0790,0.0001350,0.0000145,0.00013000,0.00001690,2.0202007145e-02,-9.6969660372e-03,1.0463,2.3191916943e+00
0.0800,0.0001350,0.0000145,0.00013100,0.00001690,1.6161631793e-02,-9.6969660372e-03,1.0473,2.3151514530e+00
0.0810,0.0001350,0.0000145,0.00013100,0.00001690,1.6161631793e-02,-9.6969660372e-03,1.0483,2.3151514530e+00
0.0820,0.0001360,0.0000145,0.00013100,0.00001690,2.0202064887e-02,-9.6969660372e-03,1.0493,2.3191919327e+00
0.0830,0.0001360,0.0000145,0.00013100,0.00001690,2.0202064887e-02,-9.6969660372e-03,1.0503,2.3191919327e+00
0.0840,0.0001370,0.0000145,0.00013100,0.00001690,2.4242442101e-02,-9.6969660372e-03,1.0513,2.3232321739e+00
0.0850,0.0001360,0.0000145,0.00013100,0.00001690,2.0202064887e-02,-9.6969660372e-03,1.0523,2.3191919327e+00
0.0860,0.0001370,0.0000145,0.00013200,0.00001690,2.0202007145e-02,-9.6969660372e-03,1.0533,2.3191916943e+00
0.0870,0.0001370,0.0000145,0.00013200,0.00001680,2.0202007145e-02,-9.2929303646e-03,1.0543,2.3191916943e+00
0.0880,0.0001380,0.0000145,0.00013200,0.00001680,2.4242442101e-02,-9.2929303646e-03,1.0553,2.3232321739e+00
0.0890,0.0001380,0.0000145,0.00013200,0.00001680,2.4242442101e-02,-9.2929303646e-03,1.0563,2.3232321739e+00
0.0900,0.0001380,0.0000145,0.00013300,0.00001680,2.0202064887e-02,-9.2929303646e-03,1.0573,2.3191919327e+00
0.0910,0.0001390,0.0000145,0.00013300,0.00001680,2.4242442101e-02,-9.2929303646e-03,1.0583,2.3232321739e+00
0.0920,0.0001390,0.0000145,0.00013300,0.00001680,2.4242442101e-02,-9.2929303646e-03,1.0593,2.3232321739e+00
0.0930,0.0001390,0.0000145,0.00013300,0.00001680,2.4242442101e-02,-9.2929303646e-03,1.0603,2.3232321739e+00
0.0940,0.0001400,0.0000145,0.00013300,0.00001680,2.8282877058e-02,-9.2929303646e-03,1.0613,2.3272726536e+00
0.0950,0.0001400,0.0000145,0.00013300,0.00001680,2.8282877058e-02,-9.2929303646e-03,1.0623,2.3272726536e+00
0.0960,0.0001410,0.0000145,0.00013400,0.00001680,2.8282817453e-02,-9.2929303646e-03,1.0633,2.3272726536e+00
0.0970,0.0001400,0.0000145,0.00013400,0.00001680,2.4242442101e-02,-9.2929303646e-03,1.0643,2.3232321739e+00
0.0980,0.0001410,0.0000145,0.00013400,0.00001680,2.8282817453e-02,-9.2929303646e-03,1.0653,2.3272726536e+00
0.0990,0.0001420,0.0000145,0.00013400,0.00001680,3.2323256135e-02,-9.2929303646e-03,1.0663,2.3313131332e+00
0.1000,0.0001410,0.0000145,0.00013400,0.00001680,2.8282817453e-02,-9.2929303646e-03,1.0673,2.3272726536e+00
0.1010,0.0001420,0.0000145,0.00013400,0.00001670,3.2323256135e-02,-8.8888872415e-03,1.0683,2.3313131332e+00
0.1020,0.0001430,0.0000144,0.00013400,0.00001670,3.6363631487e-02,-9.2929303646e-03,1.0693,2.3353533745e+00
0.1030,0.0001430,0.0000145,0.00013500,0.00001670,3.2323256135e-02,-8.8888872415e-03,1.0703,2.3313131332e+00
0.1040,0.0001430,0.0000144,0.00013500,0.00001670,3.2323256135e-02,-9.2929303646e-03,1.0713,2.3313131332e+00
0.1050,0.0001440,0.0000144,0.00013600,0.00001670,3.2323256135e-02,-9.2929303646e-03,1.0723,2.3313131332e+00
0.1060,0.0001440,0.0000144,0.00013600,0.00001670,3.2323256135e-02,-9.2929303646e-03,1.0733,2.3313131332e+00
0.1070,0.0001440,0.0000144,0.00013600,0.00001670,3.2323256135e-02,-9.2929303646e-03,1.0743,2.3313131332e+00
0.1080,0.0001450,0.0000144,0.00013600,0.00001670,3.6363631487e-02,-9.2929303646e-03,1.0753,2.3353533745e+00
0.1090,0.0001450,0.0000144,0.00013600,0.00001670,3.6363631487e-02,-9.2929303646e-03,1.0763,2.3353533745e+00
0.1100,0.0001450,0.0000144,0.00013700,0.00001670,3.2323256135e-02,-9.2929303646e-03,1.0773,2.3313131332e+00
0.1110,0.0001460,0.0000144,0.00013700,0.00001670,3.6363691092e-02,-9.2929303646e-03,1.0783,2.3353533745e+00
0.1120,0.0001460,0.0000144,0.00013700,0.00001670,3.6363691092e-02,-9.2929303646e-03,1.0793,2.3353533745e+00
0.1130,0.0001470,0.0000144,0.00013700,0.00001670,4.0404066443e-02,-9.2929303646e-03,1.0803,2.3393938541e+00
0.1140,0.0001470,0.0000144,0.00013700,0.00001670,4.0404066443e-02,-9.2929303646e-03,1.0813,2.3393938541e+00
0.1150,0.0001480,0.0000144,0.00013800,0.00001670,4.0404066443e-02,-9.2929303646e-03,1.0823,2.3393938541e+00
0.1160,0.0001480,0.0000144,0.00013800,0.00001670,4.0404066443e-02,-9.2929303646e-03,1.0833,2.3393938541e+00
0.1170,0.0001480,0.0000144,0.00013800,0.00001670,4.0404066443e-02,-9.2929303646e-03,1.0843,2.3393938541e+00
0.1180,0.0001490,0.0000144,0.00013800,0.00001670,4.4444441795e-02,-9.2929303646e-03,1.0853,2.3434343338e+00
0.1190,0.0001490,0.0000144,0.00013900,0.00001670,4.0404066443e-02,-9.2929303646e-03,1.0863,2.3393938541e+00
0.1200,0.0001500,0.0000144,0.00013900,0.00001670,4.4444501400e-02,-9.2929303646e-03,1.0873,2.3434343338e+00
0.1210,0.0001500,0.0000144,0.00013900,0.00001670,4.4444501400e-02,-9.2929303646e-03,1.0883,2.3434343338e+00
0.1220,0.0001510,0.0000144,0.00014000,0.00001670,4.4444441795e-02,-9.2929303646e-03,1.0893,2.3434343338e+00
0.1230,0.0001510,0.0000144,0.00014000,0.00001670,4.4444441795e-02,-9.2929303646e-03,1.0903,2.3434343338e+00
0.1240,0.0001520,0.0000144,0.00014000,0.00001670,4.8484817147e-02,-9.2929303646e-03,1.0913,2.3474745750e+00
0.1250,0.0001520,0.0000144,0.00014000,0.00001660,4.8484817147e-02,-8.8888937607e-03,1.0923,2.3474745750e+00
0.1260,0.0001520,0.0000144,0.00014000,0.00001660,4.8484817147e-02,-8.8888937607e-03,1.0933,2.3474745750e+00
0.1270,0.0001530,0.0000144,0.00014100,0.00001670,4.8484876752e-02,-9.2929303646e-03,1.0943,2.3474745750e+00
0.1280,0.0001540,0.0000144,0.00014100,0.00001660,5.2525252104e-02,-8.8888937607e-03,1.0953,2.3515150547e+00
0.1290,0.0001540,0.0000144,0.00014100,0.00001660,5.2525252104e-02,-8.8888937607e-03,1.0963,2.3515150547e+00
0.1300,0.0001540,0.0000144,0.00014200,0.00001660,4.8484817147e-02,-8.8888937607e-03,1.0973,2.3474745750e+00
0.1310,0.0001550,0.0000143,0.00014200,0.00001660,5.2525252104e-02,-9.2929340899e-03,1.0983,2.3515150547e+00
0.1320,0.0001560,0.0000143,0.00014200,0.00001660,5.6565627456e-02,-9.2929340899e-03,1.0993,2.3555552959e+00
0.1330,0.0001560,0.0000143,0.00014200,0.00001660,5.6565627456e-02,-9.2929340899e-03,1.1003,2.3555552959e+00
0.1340,0.0001570,0.0000143,0.00014300,0.00001660,5.6565687060e-02,-9.2929340899e-03,1.1013,2.3555555344e+00
0.1350,0.0001570,0.0000143,0.00014300,0.00001660,5.6565687060e-02,-9.2929340899e-03,1.1023,2.3555555344e+00
0.1360,0.0001570,0.0000143,0.00014400,0.00001660,5.2525252104e-02,-9.2929340899e-03,1.1033,2.3515150547e+00
0.1370,0.0001580,0.0000143,0.00014400,0.00001660,5.6565627456e-02,-9.2929340899e-03,1.1043,2.3555552959e+00
0.1380,0.0001590,0.0000143,0.00014400,0.00001660,6.0606062412e-02,-9.2929340899e-03,1.1053,2.3595957756e+00
0.1390,0.0001590,0.0000143,0.00014400,0.00001660,6.0606062412e-02,-9.2929340899e-03,1.1063,2.3595957756e+00
0.1400,0.0001600,0.0000143,0.00014400,0.00001660,6.4646437764e-02,-9.2929340899e-03,1.1073,2.3636362553e+00
0.1410,0.0001600,0.0000143,0.00014400,0.00001660,6.4646437764e-02,-9.2929340899e-03,1.1083,2.3636362553e+00
0.1420,0.0001610,0.0000143,0.00014500,0.00001660,6.4646497369e-02,-9.2929340899e-03,1.1093,2.3636362553e+00
0.1430,0.0001620,0.0000143,0.00014500,0.00001660,6.8686872721e-02,-9.2929340899e-03,1.1103,2.3676767349e+00
0.1440,0.0001620,0.0000143,0.00014600,0.00001660,6.4646437764e-02,-9.2929340899e-03,1.1113,2.3636362553e+00
0.1450,0.0001630,0.0000143,0.00014700,0.00001660,6.4646497369e-02,-9.2929340899e-03,1.1123,2.3636362553e+00
0.1460,0.0001630,0.0000143,0.00014700,0.00001660,6.4646497369e-02,-9.2929340899e-03,1.1133,2.3636362553e+00
0.1470,0.0001640,0.0000143,0.00014700,0.00001660,6.8686872721e-02,-9.2929340899e-03,1.1143,2.3676767349e+00
0.1480,0.0001650,0.0000143,0.00014800,0.00001660,6.8686872721e-02,-9.2929340899e-03,1.1153,2.3676767349e+00
0.1490,0.0001650,0.0000143,0.00014800,0.00001660,6.8686872721e-02,-9.2929340899e-03,1.1163,2.3676767349e+00
0.1500,0.0001650,0.0000142,0.00014800,0.00001650,6.8686872721e-02,-9.2929303646e-03,1.1173,2.3676767349e+00
0.1510,0.0001670,0.0000143,0.00014900,0.00001660,7.2727307677e-02,-9.2929340899e-03,1.1183,2.3717169762e+00
0.1520,0.0001670,0.0000142,0.00014900,0.00001660,7.2727307677e-02,-9.6969734877e-03,1.1193,2.3717169762e+00
0.1530,0.0001680,0.0000142,0.00014900,0.00001650,7.6767683029e-02,-9.2929303646e-03,1.1203,2.3757574558e+00
0.1540,0.0001690,0.0000142,0.00015000,0.00001650,7.6767683029e-02,-9.2929303646e-03,1.1213,2.3757574558e+00
0.1550,0.0001690,0.0000142,0.00015000,0.00001650,7.6767683029e-02,-9.2929303646e-03,1.1223,2.3757574558e+00
0.1560,0.0001700,0.0000142,0.00015100,0.00001650,7.6767683029e-02,-9.2929303646e-03,1.1233,2.3757574558e+00
0.1570,0.0001700,0.0000142,0.00015100,0.00001650,7.6767683029e-02,-9.2929303646e-03,1.1243,2.3757574558e+00
0.1580,0.0001710,0.0000142,0.00015100,0.00001650,8.0808117986e-02,-9.2929303646e-03,1.1253,2.3797979355e+00
0.1590,0.0001720,0.0000142,0.00015200,0.00001650,8.0808117986e-02,-9.2929303646e-03,1.1263,2.3797979355e+00
0.1600,0.0001730,0.0000142,0.00015200,0.00001650,8.4848493338e-02,-9.2929303646e-03,1.1273,2.3838381767e+00
0.1610,0.0001730,0.0000142,0.00015300,0.00001650,8.0808058381e-02,-9.2929303646e-03,1.1283,2.3797979355e+00
0.1620,0.0001740,0.0000142,0.00015300,0.00001650,8.4848493338e-02,-9.2929303646e-03,1.1293,2.3838381767e+00
0.1630,0.0001750,0.0000142,0.00015400,0.00001650,8.4848493338e-02,-9.2929303646e-03,1.1303,2.3838381767e+00
0.1640,0.0001760,0.0000142,0.00015400,0.00001650,8.8888928294e-02,-9.2929303646e-03,1.1313,2.3878786564e+00
0.1650,0.0001760,0.0000142,0.00015400,0.00001650,8.8888928294e-02,-9.2929303646e-03,1.1323,2.3878786564e+00
0.1660,0.0001770,0.0000142,0.00015500,0.00001650,8.8888868690e-02,-9.2929303646e-03,1.1333,2.3878786564e+00
0.1670,0.0001780,0.0000142,0.00015500,0.00001650,9.2929303646e-02,-9.2929303646e-03,1.1343,2.3919191360e+00
0.1680,0.0001780,0.0000142,0.00015500,0.00001650,9.2929303646e-02,-9.2929303646e-03,1.1353,2.3919191360e+00
0.1690,0.0001790,0.0000142,0.00015600,0.00001650,9.2929303646e-02,-9.2929303646e-03,1.1363,2.3919191360e+00
0.1700,0.0001800,0.0000142,0.00015600,0.00001650,9.6969738603e-02,-9.2929303646e-03,1.1373,2.3959596157e+00
0.1710,0.0001810,0.0000142,0.00015700,0.00001650,9.6969678998e-02,-9.2929303646e-03,1.1383,2.3959593773e+00
0.1720,0.0001810,0.0000142,0.00015800,0.00001650,9.2929303646e-02,-9.2929303646e-03,1.1393,2.3919191360e+00
0.1730,0.0001830,0.0000142,0.00015800,0.00001650,1.0101011395e-01,-9.2929303646e-03,1.1403,2.3999998569e+00
0.1740,0.0001840,0.0000142,0.00015900,0.00001650,1.0101011395e-01,-9.2929303646e-03,1.1413,2.3999998569e+00
0.1750,0.0001840,0.0000142,0.00015900,0.00001640,1.0101011395e-01,-8.8888872415e-03,1.1423,2.3999998569e+00
0.1760,0.0001850,0.0000141,0.00016000,0.00001640,1.0101011395e-01,-9.2929266393e-03,1.1433,2.3999998569e+00
0.1770,0.0001860,0.0000142,0.00016100,0.00001640,1.0101011395e-01,-8.8888872415e-03,1.1443,2.3999998569e+00
0.1780,0.0001870,0.0000141,0.00016100,0.00001640,1.0505048931e-01,-9.2929266393e-03,1.1453,2.4040403366e+00
0.1790,0.0001870,0.0000141,0.00016200,0.00001640,1.0101011395e-01,-9.2929266393e-03,1.1463,2.3999998569e+00
0.1800,0.0001890,0.0000141,0.00016200,0.00001640,1.0909092426e-01,-9.2929266393e-03,1.1473,2.4080805779e+00
0.1810,0.0001890,0.0000141,0.00016200,0.00001640,1.0909092426e-01,-9.2929266393e-03,1.1483,2.4080805779e+00
0.1820,0.0001900,0.0000141,0.00016300,0.00001640,1.0909092426e-01,-9.2929266393e-03,1.1493,2.4080805779e+00
0.1830,0.0001910,0.0000141,0.00016400,0.00001640,1.0909092426e-01,-9.2929266393e-03,1.1503,2.4080805779e+00
0.1840,0.0001920,0.0000141,0.00016400,0.00001640,1.1313135922e-01,-9.2929266393e-03,1.1513,2.4121210575e+00
0.1850,0.0001930,0.0000141,0.00016500,0.00001640,1.1313129961e-01,-9.2929266393e-03,1.1523,2.4121210575e+00
0.1860,0.0001940,0.0000141,0.00016600,0.00001640,1.1313129961e-01,-9.2929266393e-03,1.1533,2.4121210575e+00
0.1870,0.0001940,0.0000141,0.00016600,0.00001640,1.1313129961e-01,-9.2929266393e-03,1.1543,2.4121210575e+00
0.1880,0.0001960,0.0000141,0.00016700,0.00001640,1.1717167497e-01,-9.2929266393e-03,1.1553,2.4161615372e+00
0.1890,0.0001970,0.0000141,0.00016700,0.00001630,1.2121210992e-01,-8.8888900355e-03,1.1563,2.4202017784e+00
0.1900,0.0001980,0.0000141,0.00016700,0.00001630,1.2525250018e-01,-8.8888900355e-03,1.1573,2.4242422581e+00
0.1910,0.0001990,0.0000141,0.00016800,0.00001630,1.2525255978e-01,-8.8888900355e-03,1.1583,2.4242422581e+00
0.1920,0.0002000,0.0000141,0.00016900,0.00001640,1.2525250018e-01,-9.2929266393e-03,1.1593,2.4242422581e+00
0.1930,0.0002010,0.0000141,0.00017000,0.00001630,1.2525255978e-01,-8.8888900355e-03,1.1603,2.4242422581e+00
0.1940,0.0002020,0.0000141,0.00017100,0.00001630,1.2525250018e-01,-8.8888900355e-03,1.1613,2.4242422581e+00
0.1950,0.0002020,0.0000141,0.00017200,0.00001630,1.2121210992e-01,-8.8888900355e-03,1.1623,2.4202017784e+00
0.1960,0.0002030,0.0000141,0.00017200,0.00001630,1.2525255978e-01,-8.8888900355e-03,1.1633,2.4242422581e+00
0.1970,0.0002040,0.0000140,0.00017300,0.00001630,1.2525255978e-01,-9.2929303646e-03,1.1643,2.4242422581e+00
0.1980,0.0002050,0.0000140,0.00017400,0.00001630,1.2525255978e-01,-9.2929303646e-03,1.1653,2.4242422581e+00
0.1990,0.0002070,0.0000140,0.00017400,0.00001630,1.3333337009e-01,-9.2929303646e-03,1.1663,2.4323232174e+00
