Potential,Disk-O2,Ring-O2,Disk-N2,Ring-N2,Disk-Density,Ring-Density,Potential_RHE,ABS
-0.9000,-0.0013100,0.0001080,-0.00028200,0.00000984,-4.1535348892e+00,3.9660605788e-01,0.0673,2.2547469139e+00
-0.8990,-0.0012500,0.0001080,-0.00022400,0.00000991,-4.1454544067e+00,3.9632323384e-01,0.0683,2.2466664314e+00
-0.8980,-0.0012200,0.0001080,-0.00019900,0.00000988,-4.1252522469e+00,3.9644443989e-01,0.0693,2.2264642715e+00
-0.8970,-0.0012000,0.0001080,-0.00018100,0.00000982,-4.1171722412e+00,3.9668685198e-01,0.0703,2.2183842659e+00
-0.8960,-0.0011700,0.0001070,-0.00016600,0.00000977,-4.0565652847e+00,3.9284846187e-01,0.0713,2.1577773094e+00
-0.8950,-0.0011600,0.0001080,-0.00015300,0.00000972,-4.0686869621e+00,3.9709091187e-01,0.0723,2.1698989868e+00
-0.8940,-0.0011500,0.0001070,-0.00014000,0.00000963,-4.0808081627e+00,3.9341413975e-01,0.0733,2.1820201874e+00
-0.8930,-0.0011400,0.0001070,-0.00013000,0.00000956,-4.0808081627e+00,3.9369699359e-01,0.0743,2.1820201874e+00
-0.8920,-0.0011300,0.0001070,-0.00012000,0.00000949,-4.0808081627e+00,3.9397978783e-01,0.0753,2.1820201874e+00
-0.8910,-0.0011100,0.0001070,-0.00011100,0.00000942,-4.0363631248e+00,3.9426261187e-01,0.0763,2.1375751495e+00
-0.8900,-0.0011000,0.0001070,-0.00010200,0.00000936,-4.0323233604e+00,3.9450505376e-01,0.0773,2.1335353851e+00
-0.8890,-0.0011000,0.0001070,-0.00009450,0.00000930,-4.0626263618e+00,3.9474749565e-01,0.0783,2.1638383865e+00
-0.8880,-0.0010800,0.0001070,-0.00008750,0.00000922,-4.0101008415e+00,3.9507070184e-01,0.0793,2.1113128662e+00
-0.8870,-0.0010800,0.0001060,-0.00008050,0.00000916,-4.0383834839e+00,3.9127272367e-01,0.0803,2.1395955086e+00
-0.8860,-0.0010700,0.0001060,-0.00007450,0.00000912,-4.0222225189e+00,3.9143434167e-01,0.0813,2.1234345436e+00
-0.8850,-0.0010600,0.0001060,-0.00006860,0.00000906,-4.0056571960e+00,3.9167675376e-01,0.0823,2.1068692207e+00
-0.8840,-0.0010500,0.0001060,-0.00006270,0.00000901,-3.9890906811e+00,3.9187878370e-01,0.0833,2.0903029442e+00
-0.8830,-0.0010400,0.0001060,-0.00005730,0.00000894,-3.9705052376e+00,3.9216160774e-01,0.0843,2.0717172623e+00
-0.8820,-0.0010400,0.0001060,-0.00005280,0.00000889,-3.9886865616e+00,3.9236363769e-01,0.0853,2.0898985863e+00
-0.8810,-0.0010300,0.0001060,-0.00004800,0.00000884,-3.9676768780e+00,3.9256566763e-01,0.0863,2.0688891411e+00
-0.8800,-0.0010300,0.0001060,-0.00004380,0.00000880,-3.9846467972e+00,3.9272725582e-01,0.0873,2.0858588219e+00
-0.8790,-0.0010300,0.0001060,-0.00003970,0.00000876,-4.0012125969e+00,3.9288890362e-01,0.0883,2.1024246216e+00
-0.8780,-0.0010200,0.0001050,-0.00003560,0.00000871,-3.9773733616e+00,3.8905051351e-01,0.0893,2.0785856247e+00
-0.8770,-0.0010100,0.0001050,-0.00003180,0.00000867,-3.9523231983e+00,3.8921210170e-01,0.0903,2.0535354614e+00
-0.8760,-0.0010100,0.0001060,-0.00002830,0.00000864,-3.9664647579e+00,3.9337372780e-01,0.0913,2.0676770210e+00
-0.8750,-0.0010100,0.0001050,-0.00002520,0.00000859,-3.9789900780e+00,3.8953533769e-01,0.0923,2.0802021027e+00
-0.8740,-0.0010000,0.0001050,-0.00002180,0.00000855,-3.9523231983e+00,3.8969695568e-01,0.0933,2.0535354614e+00
-0.8730,-0.0009970,0.0001050,-0.00001870,0.00000851,-3.9527273178e+00,3.8985857368e-01,0.0943,2.0539393425e+00
-0.8720,-0.0009940,0.0001050,-0.00001580,0.00000847,-3.9523231983e+00,3.9002019167e-01,0.0953,2.0535354614e+00
-0.8710,-0.0009910,0.0001050,-0.00001260,0.00000841,-3.9531314373e+00,3.9026260376e-01,0.0963,2.0543437004e+00
-0.8700,-0.0009820,0.0001050,-0.00000982,0.00000838,-3.9280002117e+00,3.9038383961e-01,0.0973,2.0292124748e+00
-0.8690,-0.0009890,0.0001050,-0.00000800,0.00000835,-3.9636363983e+00,3.9050504565e-01,0.0983,2.0648484230e+00
-0.8680,-0.0009800,0.0001050,-0.00000517,0.00000833,-3.9387071133e+00,3.9058586955e-01,0.0993,2.0399193764e+00
-0.8670,-0.0009780,0.0001050,-0.00000272,0.00000828,-3.9405252934e+00,3.9078789949e-01,0.1003,2.0417375565e+00
-0.8660,-0.0009770,0.0001050,-0.00000064,0.00000825,-3.9448726177e+00,3.9090910554e-01,0.1013,2.0460848808e+00
-0.8650,-0.0009710,0.0001050,0.00000173,0.00000821,-3.9302222729e+00,3.9107069373e-01,0.1023,2.0314345360e+00
-0.8640,-0.0009730,0.0001050,0.00000425,0.00000817,-3.9484851360e+00,3.9123234153e-01,0.1033,2.0496973991e+00
-0.8630,-0.0009670,0.0001050,0.00000590,0.00000815,-3.9309091568e+00,3.9131310582e-01,0.1043,2.0321211815e+00
-0.8620,-0.0009660,0.0001050,0.00000760,0.00000812,-3.9337375164e+00,3.9143434167e-01,0.1053,2.0349497795e+00
-0.8610,-0.0009640,0.0001050,0.00000944,0.00000810,-3.9330909252e+00,3.9151513577e-01,0.1063,2.0343031883e+00
-0.8600,-0.0009600,0.0001050,0.00001140,0.00000808,-3.9248485565e+00,3.9159595966e-01,0.1073,2.0260605812e+00
-0.8590,-0.0009590,0.0001040,0.00001300,0.00000805,-3.9272727966e+00,3.8767674565e-01,0.1083,2.0284848213e+00
-0.8580,-0.0009570,0.0001040,0.00001520,0.00000801,-3.9280807972e+00,3.8783839345e-01,0.1093,2.0292930603e+00
-0.8570,-0.0009520,0.0001040,0.00001660,0.00000799,-3.9135353565e+00,3.8791918755e-01,0.1103,2.0147476196e+00
-0.8560,-0.0009530,0.0001040,0.00001790,0.00000796,-3.9228281975e+00,3.8804039359e-01,0.1113,2.0240402222e+00
-0.8550,-0.0009500,0.0001040,0.00001950,0.00000793,-3.9171717167e+00,3.8816159964e-01,0.1123,2.0183839798e+00
-0.8540,-0.0009480,0.0001040,0.00002110,0.00000790,-3.9155554771e+00,3.8828280568e-01,0.1133,2.0167675018e+00
-0.8530,-0.0009470,0.0001040,0.00002200,0.00000789,-3.9151513577e+00,3.8832324743e-01,0.1143,2.0163636208e+00
-0.8520,-0.0009440,0.0001040,0.00002380,0.00000788,-3.9103031158e+00,3.8836362958e-01,0.1153,2.0115151405e+00
-0.8510,-0.0009430,0.0001040,0.00002530,0.00000785,-3.9123234749e+00,3.8848483562e-01,0.1163,2.0135354996e+00
-0.8500,-0.0009370,0.0001040,0.00002630,0.00000782,-3.8921213150e+00,3.8860604167e-01,0.1173,1.9933334589e+00
-0.8490,-0.0009370,0.0001040,0.00002770,0.00000779,-3.8977775574e+00,3.8872727752e-01,0.1183,1.9989897013e+00
-0.8480,-0.0009420,0.0001040,0.00002920,0.00000776,-3.9240403175e+00,3.8884848356e-01,0.1193,2.0252523422e+00
-0.8470,-0.0009350,0.0001040,0.00003010,0.00000774,-3.8993940353e+00,3.8892930746e-01,0.1203,2.0006060600e+00
-0.8460,-0.0009360,0.0001040,0.00003140,0.00000771,-3.9086871147e+00,3.8905051351e-01,0.1213,2.0098991394e+00
-0.8450,-0.0009360,0.0001040,0.00003250,0.00000769,-3.9131314754e+00,3.8913133740e-01,0.1223,2.0143437386e+00
-0.8440,-0.0009300,0.0001040,0.00003340,0.00000768,-3.8925251961e+00,3.8917171955e-01,0.1233,1.9937373400e+00
-0.8430,-0.0009330,0.0001040,0.00003420,0.00000765,-3.9078788757e+00,3.8929292560e-01,0.1243,2.0090909004e+00
-0.8420,-0.0009300,0.0001040,0.00003560,0.00000764,-3.9014139175e+00,3.8933330774e-01,0.1253,2.0026259422e+00
-0.8410,-0.0009280,0.0001040,0.00003620,0.00000762,-3.8957576752e+00,3.8941413164e-01,0.1263,1.9969698191e+00
-0.8400,-0.0009270,0.0001040,0.00003710,0.00000761,-3.8953535557e+00,3.8945454359e-01,0.1273,1.9965656996e+00
-0.8390,-0.0009230,0.0001040,0.00003810,0.00000760,-3.8832323551e+00,3.8949495554e-01,0.1283,1.9844444990e+00
-0.8380,-0.0009230,0.0001040,0.00003900,0.00000758,-3.8868687153e+00,3.8957574964e-01,0.1293,1.9880808592e+00
-0.8370,-0.0009220,0.0001040,0.00003960,0.00000757,-3.8852524757e+00,3.8961616158e-01,0.1303,1.9864646196e+00
-0.8360,-0.0009240,0.0001040,0.00004050,0.00000755,-3.8969697952e+00,3.8969695568e-01,0.1313,1.9981819391e+00
-0.8350,-0.0009200,0.0001040,0.00004150,0.00000753,-3.8848485947e+00,3.8977777958e-01,0.1323,1.9860607386e+00
-0.8340,-0.0009230,0.0001040,0.00004220,0.00000752,-3.8997981548e+00,3.8981816173e-01,0.1333,2.0010104179e+00
-0.8330,-0.0009180,0.0001040,0.00004290,0.00000750,-3.8824241161e+00,3.8989898562e-01,0.1343,1.9836362600e+00
-0.8320,-0.0009180,0.0001040,0.00004400,0.00000749,-3.8868687153e+00,3.8993939757e-01,0.1353,1.9880808592e+00
-0.8310,-0.0009180,0.0001030,0.00004480,0.00000747,-3.8901009560e+00,3.8597980142e-01,0.1363,1.9913130999e+00
-0.8300,-0.0009140,0.0001030,0.00004530,0.00000745,-3.8759593964e+00,3.8606059551e-01,0.1373,1.9771715403e+00
-0.8290,-0.0009120,0.0001030,0.00004620,0.00000742,-3.8715152740e+00,3.8618180156e-01,0.1383,1.9727274179e+00
-0.8280,-0.0009110,0.0001030,0.00004680,0.00000740,-3.8698990345e+00,3.8626262546e-01,0.1393,1.9711111784e+00
-0.8270,-0.0009120,0.0001030,0.00004730,0.00000739,-3.8759596348e+00,3.8630300760e-01,0.1403,1.9771717787e+00
-0.8260,-0.0009090,0.0001030,0.00004840,0.00000737,-3.8682827950e+00,3.8638383150e-01,0.1413,1.9694949389e+00
-0.8250,-0.0009090,0.0001030,0.00004900,0.00000736,-3.8707072735e+00,3.8642424345e-01,0.1423,1.9719194174e+00
-0.8240,-0.0009080,0.0001030,0.00004920,0.00000735,-3.8674747944e+00,3.8646465540e-01,0.1433,1.9686869383e+00
-0.8230,-0.0009040,0.0001030,0.00005010,0.00000734,-3.8549494743e+00,3.8650503755e-01,0.1443,1.9561616182e+00
-0.8220,-0.0009080,0.0001030,0.00005050,0.00000732,-3.8727271557e+00,3.8658586144e-01,0.1453,1.9739392996e+00
-0.8210,-0.0009050,0.0001030,0.00005100,0.00000732,-3.8626263142e+00,3.8658586144e-01,0.1463,1.9638384581e+00
-0.8200,-0.0009040,0.0001030,0.00005170,0.00000731,-3.8614141941e+00,3.8662624359e-01,0.1473,1.9626263380e+00
-0.8190,-0.0009030,0.0001030,0.00005400,0.00000730,-3.8666667938e+00,3.8666668534e-01,0.1483,1.9678789377e+00
-0.8180,-0.0009040,0.0001030,0.00005320,0.00000727,-3.8674747944e+00,3.8678789139e-01,0.1493,1.9686869383e+00
-0.8170,-0.0009040,0.0001030,0.00005360,0.00000726,-3.8690910339e+00,3.8682827353e-01,0.1503,1.9703031778e+00
-0.8160,-0.0009010,0.0001030,0.00005410,0.00000725,-3.8589899540e+00,3.8686868548e-01,0.1513,1.9602020979e+00
-0.8150,-0.0008990,0.0001030,0.00005450,0.00000723,-3.8525252342e+00,3.8694947958e-01,0.1523,1.9537373781e+00
-0.8140,-0.0008990,0.0001030,0.00005480,0.00000723,-3.8537373543e+00,3.8694947958e-01,0.1533,1.9549494982e+00
-0.8130,-0.0008960,0.0001030,0.00005570,0.00000722,-3.8452527523e+00,3.8698989153e-01,0.1543,1.9464648962e+00
-0.8120,-0.0008980,0.0001030,0.00005580,0.00000721,-3.8537375927e+00,3.8703030348e-01,0.1553,1.9549497366e+00
-0.8110,-0.0008970,0.0001030,0.00005600,0.00000720,-3.8505051136e+00,3.8707071543e-01,0.1563,1.9517172575e+00
-0.8100,-0.0008970,0.0001030,0.00005710,0.00000718,-3.8549497128e+00,3.8715150952e-01,0.1573,1.9561618567e+00
-0.8090,-0.0008920,0.0001030,0.00005770,0.00000714,-3.8371715546e+00,3.8731312752e-01,0.1583,1.9383836985e+00
-0.8080,-0.0008950,0.0001030,0.00005780,0.00000714,-3.8496968746e+00,3.8731312752e-01,0.1593,1.9509090185e+00
-0.8070,-0.0008950,0.0001030,0.00005830,0.00000714,-3.8517172337e+00,3.8731312752e-01,0.1603,1.9529293776e+00
-0.8060,-0.0008930,0.0001030,0.00005880,0.00000714,-3.8456563950e+00,3.8731312752e-01,0.1613,1.9468685389e+00
-0.8050,-0.0008920,0.0001030,0.00005860,0.00000714,-3.8408079147e+00,3.8731312752e-01,0.1623,1.9420200586e+00
-0.8040,-0.0008910,0.0001030,0.00005950,0.00000713,-3.8404037952e+00,3.8735350966e-01,0.1633,1.9416159391e+00
-0.8030,-0.0008850,0.0001030,0.00006000,0.00000710,-3.8181817532e+00,3.8747471571e-01,0.1643,1.9193938971e+00
-0.8020,-0.0008930,0.0001030,0.00006010,0.00000709,-3.8509089947e+00,3.8751515746e-01,0.1653,1.9521211386e+00
-0.8010,-0.0008900,0.0001030,0.00006060,0.00000709,-3.8408081532e+00,3.8751515746e-01,0.1663,1.9420202971e+00
-0.8000,-0.0008900,0.0001030,0.00006130,0.00000707,-3.8436365128e+00,3.8759598136e-01,0.1673,1.9448486567e+00
-0.7990,-0.0008890,0.0001030,0.00006140,0.00000706,-3.8400001526e+00,3.8763636351e-01,0.1683,1.9412122965e+00
-0.7980,-0.0008920,0.0001030,0.00006170,0.00000706,-3.8533332348e+00,3.8763636351e-01,0.1693,1.9545453787e+00
-0.7970,-0.0008870,0.0001030,0.00006210,0.00000705,-3.8347475529e+00,3.8767674565e-01,0.1703,1.9359596968e+00
-0.7960,-0.0008890,0.0001030,0.00006270,0.00000704,-3.8452527523e+00,3.8771718740e-01,0.1713,1.9464648962e+00
-0.7950,-0.0008870,0.0001030,0.00006270,0.00000704,-3.8371717930e+00,3.8771718740e-01,0.1723,1.9383839369e+00
-0.7940,-0.0008850,0.0001030,0.00006330,0.00000702,-3.8315150738e+00,3.8779798150e-01,0.1733,1.9327272177e+00
-0.7930,-0.0008860,0.0001030,0.00006360,0.00000701,-3.8367676735e+00,3.8783839345e-01,0.1743,1.9379798174e+00
-0.7920,-0.0008850,0.0001030,0.00006360,0.00000701,-3.8327271938e+00,3.8783839345e-01,0.1753,1.9339393377e+00
-0.7910,-0.0008850,0.0001030,0.00006420,0.00000700,-3.8351516724e+00,3.8787877560e-01,0.1763,1.9363638163e+00
-0.7900,-0.0008830,0.0001030,0.00006450,0.00000699,-3.8282828331e+00,3.8791918755e-01,0.1773,1.9294949770e+00
-0.7890,-0.0008770,0.0001030,0.00006450,0.00000699,-3.8040401936e+00,3.8791918755e-01,0.1783,1.9052523375e+00
-0.7880,-0.0008850,0.0001030,0.00006500,0.00000698,-3.8383839130e+00,3.8795959949e-01,0.1793,1.9395960569e+00
-0.7870,-0.0008830,0.0001030,0.00006570,0.00000696,-3.8331310749e+00,3.8804039359e-01,0.1803,1.9343432188e+00
-0.7860,-0.0008810,0.0001030,0.00006570,0.00000695,-3.8250505924e+00,3.8808080554e-01,0.1813,1.9262627363e+00
-0.7850,-0.0008810,0.0001030,0.00006600,0.00000693,-3.8262627125e+00,3.8816159964e-01,0.1823,1.9274748564e+00
-0.7840,-0.0008810,0.0001030,0.00006610,0.00000693,-3.8266665936e+00,3.8816159964e-01,0.1833,1.9278787374e+00
-0.7830,-0.0008800,0.0001030,0.00006630,0.00000694,-3.8234343529e+00,3.8812121749e-01,0.1843,1.9246464968e+00
-0.7820,-0.0008790,0.0001030,0.00006670,0.00000693,-3.8210101128e+00,3.8816159964e-01,0.1853,1.9222222567e+00
-0.7810,-0.0008780,0.0001030,0.00006720,0.00000692,-3.8189897537e+00,3.8820201159e-01,0.1863,1.9202018976e+00
-0.7800,-0.0008790,0.0001030,0.00006730,0.00000692,-3.8234343529e+00,3.8820201159e-01,0.1873,1.9246464968e+00
-0.7790,-0.0008760,0.0001020,0.00006710,0.00000692,-3.8105049133e+00,3.8416159153e-01,0.1883,1.9117170572e+00
-0.7780,-0.0008760,0.0001020,0.00006760,0.00000692,-3.8125250340e+00,3.8416159153e-01,0.1893,1.9137371778e+00
-0.7770,-0.0008770,0.0001030,0.00006800,0.00000691,-3.8181817532e+00,3.8824242353e-01,0.1903,1.9193938971e+00
-0.7760,-0.0008780,0.0001030,0.00006800,0.00000690,-3.8222222328e+00,3.8828280568e-01,0.1913,1.9234343767e+00
-0.7750,-0.0008760,0.0001030,0.00006860,0.00000689,-3.8165655136e+00,3.8832324743e-01,0.1923,1.9177776575e+00
-0.7740,-0.0008760,0.0001020,0.00006890,0.00000688,-3.8177776337e+00,3.8432323933e-01,0.1933,1.9189897776e+00
-0.7730,-0.0008750,0.0001030,0.00006890,0.00000687,-3.8137373924e+00,3.8840401173e-01,0.1943,1.9149495363e+00
-0.7720,-0.0008750,0.0001030,0.00006910,0.00000687,-3.8145456314e+00,3.8840401173e-01,0.1953,1.9157577753e+00
-0.7710,-0.0008760,0.0001030,0.00006920,0.00000687,-3.8189897537e+00,3.8840401173e-01,0.1963,1.9202018976e+00
-0.7700,-0.0008700,0.0001030,0.00006930,0.00000687,-3.7951514721e+00,3.8840401173e-01,0.1973,1.8963636160e+00
-0.7690,-0.0008740,0.0001020,0.00006960,0.00000688,-3.8125252724e+00,3.8432323933e-01,0.1983,1.9137374163e+00
-0.7680,-0.0008730,0.0001020,0.00007020,0.00000687,-3.8109092712e+00,3.8436362147e-01,0.1993,1.9121214151e+00
-0.7670,-0.0008700,0.0001020,0.00006990,0.00000688,-3.7975757122e+00,3.8432323933e-01,0.2003,1.8987878561e+00
-0.7660,-0.0008710,0.0001020,0.00007030,0.00000686,-3.8032324314e+00,3.8440403342e-01,0.2013,1.9044445753e+00
-0.7650,-0.0008640,0.0001020,0.00007040,0.00000686,-3.7753536701e+00,3.8440403342e-01,0.2023,1.8765658140e+00
-0.7640,-0.0008720,0.0001020,0.00007060,0.00000684,-3.8084850311e+00,3.8448485732e-01,0.2033,1.9096971750e+00
-0.7630,-0.0008680,0.0001020,0.00007080,0.00000683,-3.7931313515e+00,3.8452523947e-01,0.2043,1.8943434954e+00
-0.7620,-0.0008690,0.0001020,0.00007150,0.00000682,-3.7999999523e+00,3.8456565142e-01,0.2053,1.9012120962e+00
-0.7610,-0.0008680,0.0001020,0.00007140,0.00000682,-3.7955555916e+00,3.8456565142e-01,0.2063,1.8967677355e+00
-0.7600,-0.0008680,0.0001020,0.00007120,0.00000682,-3.7947473526e+00,3.8456565142e-01,0.2073,1.8959594965e+00
-0.7590,-0.0008690,0.0001020,0.00007170,0.00000681,-3.8008081913e+00,3.8460606337e-01,0.2083,1.9020203352e+00
-0.7580,-0.0008650,0.0001020,0.00007200,0.00000680,-3.7858586311e+00,3.8464644551e-01,0.2093,1.8870707750e+00
-0.7570,-0.0008670,0.0001020,0.00007220,0.00000679,-3.7947475910e+00,3.8468685746e-01,0.2103,1.8959597349e+00
-0.7560,-0.0008650,0.0001020,0.00007240,0.00000677,-3.7874748707e+00,3.8476765156e-01,0.2113,1.8886870146e+00
-0.7550,-0.0008630,0.0001020,0.00007280,0.00000676,-3.7810101509e+00,3.8480809331e-01,0.2123,1.8822222948e+00
-0.7540,-0.0008670,0.0001020,0.00007250,0.00000675,-3.7959597111e+00,3.8484847546e-01,0.2133,1.8971718550e+00
-0.7530,-0.0008660,0.0001020,0.00007250,0.00000677,-3.7919194698e+00,3.8476765156e-01,0.2143,1.8931316137e+00
-0.7520,-0.0008680,0.0001020,0.00007280,0.00000678,-3.8012118340e+00,3.8472726941e-01,0.2153,1.9024239779e+00
-0.7510,-0.0008660,0.0001020,0.00007310,0.00000678,-3.7943434715e+00,3.8472726941e-01,0.2163,1.8955556154e+00
-0.7500,-0.0008640,0.0001020,0.00007320,0.00000676,-3.7866666317e+00,3.8480809331e-01,0.2173,1.8878787756e+00
-0.7490,-0.0008620,0.0001020,0.00007370,0.00000676,-3.7806060314e+00,3.8480809331e-01,0.2183,1.8818181753e+00
-0.7480,-0.0008640,0.0001020,0.00007370,0.00000674,-3.7886867523e+00,3.8488885760e-01,0.2193,1.8898988962e+00
-0.7470,-0.0008650,0.0001020,0.00007340,0.00000674,-3.7915151119e+00,3.8488885760e-01,0.2203,1.8927272558e+00
-0.7460,-0.0008640,0.0001020,0.00007380,0.00000676,-3.7890908718e+00,3.8480809331e-01,0.2213,1.8903030157e+00
-0.7450,-0.0008630,0.0001020,0.00007410,0.00000675,-3.7862625122e+00,3.8484847546e-01,0.2223,1.8874746561e+00
-0.7440,-0.0008610,0.0001020,0.00007410,0.00000673,-3.7781815529e+00,3.8492929935e-01,0.2233,1.8793936968e+00
-0.7430,-0.0008560,0.0001020,0.00007450,0.00000672,-3.7595958710e+00,3.8496968150e-01,0.2243,1.8608080149e+00
-0.7420,-0.0008630,0.0001020,0.00007440,0.00000672,-3.7874746323e+00,3.8496968150e-01,0.2253,1.8886867762e+00
-0.7410,-0.0008580,0.0001020,0.00007400,0.00000675,-3.7656564713e+00,3.8484847546e-01,0.2263,1.8668686152e+00
-0.7400,-0.0008610,0.0001020,0.00007450,0.00000676,-3.7797977924e+00,3.8480809331e-01,0.2273,1.8810099363e+00
-0.7390,-0.0008610,0.0001020,0.00007500,0.00000673,-3.7818181515e+00,3.8492929935e-01,0.2283,1.8830302954e+00
-0.7380,-0.0008590,0.0001020,0.00007500,0.00000671,-3.7737374306e+00,3.8501009345e-01,0.2293,1.8749495745e+00
-0.7370,-0.0008610,0.0001020,0.00007540,0.00000670,-3.7834341526e+00,3.8505050540e-01,0.2303,1.8846462965e+00
-0.7360,-0.0008620,0.0001020,0.00007530,0.00000670,-3.7870705128e+00,3.8505050540e-01,0.2313,1.8882826567e+00
-0.7350,-0.0008600,0.0001020,0.00007530,0.00000671,-3.7789897919e+00,3.8501009345e-01,0.2323,1.8802019358e+00
-0.7340,-0.0008590,0.0001020,0.00007510,0.00000671,-3.7741415501e+00,3.8501009345e-01,0.2333,1.8753536940e+00
-0.7330,-0.0008580,0.0001020,0.00007510,0.00000673,-3.7701010704e+00,3.8492929935e-01,0.2343,1.8713132143e+00
-0.7320,-0.0008590,0.0001020,0.00007540,0.00000673,-3.7753536701e+00,3.8492929935e-01,0.2353,1.8765658140e+00
-0.7310,-0.0008560,0.0001020,0.00007530,0.00000674,-3.7628283501e+00,3.8488885760e-01,0.2363,1.8640404940e+00
-0.7300,-0.0008550,0.0001010,0.00007540,0.00000675,-3.7591917515e+00,3.8080808520e-01,0.2373,1.8604038954e+00
-0.7290,-0.0008560,0.0001020,0.00007590,0.00000676,-3.7652525902e+00,3.8480809331e-01,0.2383,1.8664647341e+00
-0.7280,-0.0008550,0.0001010,0.00007600,0.00000672,-3.7616162300e+00,3.8092929125e-01,0.2393,1.8628283739e+00
-0.7270,-0.0008580,0.0001010,0.00007650,0.00000668,-3.7757575512e+00,3.8109090924e-01,0.2403,1.8769696951e+00
-0.7260,-0.0008550,0.0001010,0.00007650,0.00000667,-3.7636363506e+00,3.8113129139e-01,0.2413,1.8648484945e+00
-0.7250,-0.0008500,0.0001010,0.00007640,0.00000668,-3.7430303097e+00,3.8109090924e-01,0.2423,1.8442424536e+00
-0.7240,-0.0008620,0.0001020,0.00007660,0.00000667,-3.7923231125e+00,3.8517171144e-01,0.2433,1.8935352564e+00
-0.7230,-0.0008550,0.0001010,0.00007670,0.00000668,-3.7644443512e+00,3.8109090924e-01,0.2443,1.8656564951e+00
-0.7220,-0.0008560,0.0001010,0.00007660,0.00000669,-3.7680807114e+00,3.8105049729e-01,0.2453,1.8692928553e+00
-0.7210,-0.0008570,0.0001010,0.00007690,0.00000668,-3.7733333111e+00,3.8109090924e-01,0.2463,1.8745454550e+00
-0.7200,-0.0008560,0.0001010,0.00007720,0.00000667,-3.7705051899e+00,3.8113129139e-01,0.2473,1.8717173338e+00
-0.7190,-0.0008550,0.0001010,0.00007730,0.00000665,-3.7668685913e+00,3.8121211529e-01,0.2483,1.8680807352e+00
-0.7180,-0.0008550,0.0001010,0.00007730,0.00000665,-3.7668685913e+00,3.8121211529e-01,0.2493,1.8680807352e+00
-0.7170,-0.0008540,0.0001010,0.00007810,0.00000665,-3.7660605907e+00,3.8121211529e-01,0.2503,1.8672727346e+00
-0.7160,-0.0008540,0.0001010,0.00007770,0.00000665,-3.7644443512e+00,3.8121211529e-01,0.2513,1.8656564951e+00
-0.7150,-0.0008550,0.0001010,0.00007720,0.00000666,-3.7664647102e+00,3.8117173314e-01,0.2523,1.8676768541e+00
-0.7140,-0.0008530,0.0001010,0.00007770,0.00000666,-3.7604041100e+00,3.8117173314e-01,0.2533,1.8616162539e+00
-0.7130,-0.0008520,0.0001010,0.00007820,0.00000664,-3.7583839893e+00,3.8125249743e-01,0.2543,1.8595961332e+00
-0.7120,-0.0008530,0.0001010,0.00007770,0.00000663,-3.7604041100e+00,3.8129293919e-01,0.2553,1.8616162539e+00
-0.7110,-0.0008540,0.0001010,0.00007790,0.00000664,-3.7652525902e+00,3.8125249743e-01,0.2563,1.8664647341e+00
-0.7100,-0.0008520,0.0001010,0.00007790,0.00000665,-3.7571718693e+00,3.8121211529e-01,0.2573,1.8583840132e+00
-0.7090,-0.0008530,0.0001010,0.00007790,0.00000664,-3.7612121105e+00,3.8125249743e-01,0.2583,1.8624242544e+00
-0.7080,-0.0008500,0.0001010,0.00007820,0.00000664,-3.7503030300e+00,3.8125249743e-01,0.2593,1.8515151739e+00
-0.7070,-0.0008520,0.0001010,0.00007810,0.00000664,-3.7579798698e+00,3.8125249743e-01,0.2603,1.8591920137e+00
-0.7060,-0.0008520,0.0001010,0.00007820,0.00000664,-3.7583839893e+00,3.8125249743e-01,0.2613,1.8595961332e+00
-0.7050,-0.0008490,0.0001010,0.00007850,0.00000663,-3.7474749088e+00,3.8129293919e-01,0.2623,1.8486870527e+00
-0.7040,-0.0008540,0.0001010,0.00007850,0.00000664,-3.7676768303e+00,3.8125249743e-01,0.2633,1.8688889742e+00
-0.7030,-0.0008470,0.0001010,0.00007840,0.00000664,-3.7389898300e+00,3.8125249743e-01,0.2643,1.8402019739e+00
-0.7020,-0.0008510,0.0001010,0.00007860,0.00000662,-3.7559597492e+00,3.8133332133e-01,0.2653,1.8571718931e+00
-0.7010,-0.0008510,0.0001010,0.00007870,0.00000661,-3.7563638687e+00,3.8137370348e-01,0.2663,1.8575760126e+00
-0.7000,-0.0008480,0.0001010,0.00007880,0.00000661,-3.7446465492e+00,3.8137370348e-01,0.2673,1.8458586931e+00
-0.6990,-0.0008490,0.0001000,0.00007860,0.00000662,-3.7478787899e+00,3.7729293108e-01,0.2683,1.8490909338e+00
-0.6980,-0.0008480,0.0001000,0.00007890,0.00000663,-3.7450506687e+00,3.7725251913e-01,0.2693,1.8462628126e+00
-0.6970,-0.0008480,0.0001010,0.00007900,0.00000663,-3.7454545498e+00,3.8129293919e-01,0.2703,1.8466666937e+00
-0.6960,-0.0008500,0.0001000,0.00007880,0.00000662,-3.7527275085e+00,3.7729293108e-01,0.2713,1.8539396524e+00
-0.6950,-0.0008490,0.0001000,0.00007910,0.00000661,-3.7498991489e+00,3.7733334303e-01,0.2723,1.8511112928e+00
-0.6940,-0.0008480,0.0001000,0.00007930,0.00000660,-3.7466666698e+00,3.7737372518e-01,0.2733,1.8478788137e+00
-0.6930,-0.0008490,0.0001000,0.00007890,0.00000660,-3.7490909100e+00,3.7737372518e-01,0.2743,1.8503030539e+00
-0.6920,-0.0008490,0.0001000,0.00007910,0.00000662,-3.7498991489e+00,3.7729293108e-01,0.2753,1.8511112928e+00
-0.6910,-0.0008480,0.0001000,0.00007890,0.00000663,-3.7450506687e+00,3.7725251913e-01,0.2763,1.8462628126e+00
-0.6900,-0.0008500,0.0001000,0.00007830,0.00000667,-3.7507071495e+00,3.7709090114e-01,0.2773,1.8519192934e+00
-0.6890,-0.0008450,0.0000998,0.00007870,0.00000669,-3.7321212292e+00,3.7620201707e-01,0.2783,1.8333333731e+00
-0.6880,-0.0008460,0.0000999,0.00007860,0.00000668,-3.7357575893e+00,3.7664645910e-01,0.2793,1.8369697332e+00
-0.6870,-0.0008470,0.0001000,0.00007910,0.00000667,-3.7418181896e+00,3.7709090114e-01,0.2803,1.8430303335e+00
-0.6860,-0.0008480,0.0000997,0.00007930,0.00000663,-3.7466666698e+00,3.7604042888e-01,0.2813,1.8478788137e+00
-0.6850,-0.0008420,0.0000997,0.00007940,0.00000663,-3.7228283882e+00,3.7604042888e-01,0.2823,1.8240405321e+00
-0.6840,-0.0008470,0.0000996,0.00007940,0.00000663,-3.7430303097e+00,3.7563636899e-01,0.2833,1.8442424536e+00
-0.6830,-0.0008450,0.0000996,0.00007900,0.00000663,-3.7333333492e+00,3.7563636899e-01,0.2843,1.8345454931e+00
-0.6820,-0.0008430,0.0000994,0.00007900,0.00000664,-3.7252526283e+00,3.7478786707e-01,0.2853,1.8264647722e+00
-0.6810,-0.0008450,0.0000995,0.00007920,0.00000667,-3.7341413498e+00,3.7507072091e-01,0.2863,1.8353534937e+00
-0.6800,-0.0008430,0.0000992,0.00007940,0.00000666,-3.7268688679e+00,3.7389901280e-01,0.2873,1.8280810118e+00
-0.6790,-0.0008430,0.0000995,0.00007950,0.00000663,-3.7272729874e+00,3.7523233891e-01,0.2883,1.8284851313e+00
-0.6780,-0.0008460,0.0000996,0.00007960,0.00000664,-3.7397980690e+00,3.7559595704e-01,0.2893,1.8410102129e+00
-0.6770,-0.0008450,0.0000995,0.00007930,0.00000664,-3.7345454693e+00,3.7519192696e-01,0.2903,1.8357576132e+00
-0.6760,-0.0008430,0.0000995,0.00007960,0.00000663,-3.7276768684e+00,3.7523233891e-01,0.2913,1.8288890123e+00
-0.6750,-0.0008420,0.0000992,0.00007960,0.00000664,-3.7236363888e+00,3.7397977710e-01,0.2923,1.8248485327e+00
-0.6740,-0.0008440,0.0000991,0.00007970,0.00000663,-3.7321214676e+00,3.7361615896e-01,0.2933,1.8333336115e+00
-0.6730,-0.0008410,0.0000992,0.00007990,0.00000661,-3.7208082676e+00,3.7410098314e-01,0.2943,1.8220204115e+00
-0.6720,-0.0008430,0.0000993,0.00008010,0.00000661,-3.7296972275e+00,3.7450504303e-01,0.2953,1.8309093714e+00
-0.6710,-0.0008420,0.0000993,0.00007980,0.00000662,-3.7244446278e+00,3.7446463108e-01,0.2963,1.8256567717e+00
-0.6700,-0.0008420,0.0000992,0.00008000,0.00000661,-3.7252526283e+00,3.7410098314e-01,0.2973,1.8264647722e+00
-0.6690,-0.0008440,0.0000992,0.00008000,0.00000661,-3.7333335876e+00,3.7410098314e-01,0.2983,1.8345457315e+00
-0.6680,-0.0008450,0.0000992,0.00008010,0.00000661,-3.7377774715e+00,3.7410098314e-01,0.2993,1.8389896154e+00
-0.6670,-0.0008440,0.0000991,0.00007990,0.00000661,-3.7329294682e+00,3.7369695306e-01,0.3003,1.8341416121e+00
-0.6660,-0.0008440,0.0000992,0.00008020,0.00000661,-3.7341415882e+00,3.7410098314e-01,0.3013,1.8353537321e+00
-0.6650,-0.0008430,0.0000989,0.00008020,0.00000662,-3.7301011086e+00,3.7284848094e-01,0.3023,1.8313132524e+00
-0.6640,-0.0008440,0.0000992,0.00007980,0.00000663,-3.7325253487e+00,3.7402021885e-01,0.3033,1.8337374926e+00
-0.6630,-0.0008440,0.0000990,0.00008020,0.00000662,-3.7341415882e+00,3.7325251102e-01,0.3043,1.8353537321e+00
-0.6620,-0.0008450,0.0000989,0.00008020,0.00000661,-3.7381815910e+00,3.7288886309e-01,0.3053,1.8393937349e+00
-0.6610,-0.0008420,0.0000989,0.00008010,0.00000661,-3.7256567478e+00,3.7288886309e-01,0.3063,1.8268688917e+00
-0.6600,-0.0008410,0.0000988,0.00008030,0.00000661,-3.7224242687e+00,3.7248486280e-01,0.3073,1.8236364126e+00
-0.6590,-0.0008420,0.0000987,0.00008060,0.00000659,-3.7276768684e+00,3.7216162682e-01,0.3083,1.8288890123e+00
-0.6580,-0.0008410,0.0000986,0.00008030,0.00000659,-3.7224242687e+00,3.7175756693e-01,0.3093,1.8236364126e+00
-0.6570,-0.0008410,0.0000986,0.00008040,0.00000658,-3.7228283882e+00,3.7179800868e-01,0.3103,1.8240405321e+00
-0.6560,-0.0008410,0.0000985,0.00008020,0.00000659,-3.7220203876e+00,3.7135353684e-01,0.3113,1.8232325315e+00
-0.6550,-0.0008410,0.0000985,0.00008030,0.00000661,-3.7224242687e+00,3.7127274275e-01,0.3123,1.8236364126e+00
-0.6540,-0.0008380,0.0000983,0.00007990,0.00000662,-3.7086868286e+00,3.7042424083e-01,0.3133,1.8098989725e+00
-0.6530,-0.0008390,0.0000982,0.00008000,0.00000664,-3.7131314278e+00,3.6993938684e-01,0.3143,1.8143435717e+00
-0.6520,-0.0008390,0.0000982,0.00008020,0.00000665,-3.7139394283e+00,3.6989897490e-01,0.3153,1.8151515722e+00
-0.6510,-0.0008360,0.0000980,0.00008000,0.00000664,-3.7010099888e+00,3.6913129687e-01,0.3163,1.8022221327e+00
-0.6500,-0.0008390,0.0000982,0.00008010,0.00000664,-3.7135353088e+00,3.6993938684e-01,0.3173,1.8147474527e+00
-0.6490,-0.0008380,0.0000982,0.00008060,0.00000663,-3.7115151882e+00,3.6997979879e-01,0.3183,1.8127273321e+00
-0.6480,-0.0008380,0.0000980,0.00008010,0.00000660,-3.7094950676e+00,3.6929291487e-01,0.3193,1.8107072115e+00
-0.6470,-0.0008420,0.0000982,0.00008060,0.00000659,-3.7276768684e+00,3.7014138699e-01,0.3203,1.8288890123e+00
-0.6460,-0.0008360,0.0000981,0.00008050,0.00000660,-3.7030303478e+00,3.6969697475e-01,0.3213,1.8042424917e+00
-0.6450,-0.0008450,0.0000983,0.00008000,0.00000662,-3.7373735905e+00,3.7042424083e-01,0.3223,1.8385857344e+00
-0.6440,-0.0008440,0.0000982,0.00008050,0.00000661,-3.7353537083e+00,3.7006062269e-01,0.3233,1.8365658522e+00
-0.6430,-0.0008440,0.0000983,0.00008070,0.00000661,-3.7361619473e+00,3.7046465278e-01,0.3243,1.8373740911e+00
-0.6420,-0.0008440,0.0000980,0.00008040,0.00000660,-3.7349498272e+00,3.6929291487e-01,0.3253,1.8361619711e+00
-0.6410,-0.0008420,0.0000980,0.00008030,0.00000661,-3.7264647484e+00,3.6925253272e-01,0.3263,1.8276768923e+00
-0.6400,-0.0008420,0.0000979,0.00008040,0.00000661,-3.7268688679e+00,3.6884847283e-01,0.3273,1.8280810118e+00
-0.6390,-0.0008410,0.0000977,0.00008030,0.00000662,-3.7224242687e+00,3.6800000072e-01,0.3283,1.8236364126e+00
-0.6380,-0.0008410,0.0000978,0.00008020,0.00000662,-3.7220203876e+00,3.6840406060e-01,0.3293,1.8232325315e+00
-0.6370,-0.0008430,0.0000978,0.00008040,0.00000662,-3.7309093475e+00,3.6840406060e-01,0.3303,1.8321214914e+00
-0.6360,-0.0008410,0.0000975,0.00008020,0.00000663,-3.7220203876e+00,3.6715152860e-01,0.3313,1.8232325315e+00
-0.6350,-0.0008410,0.0000976,0.00008030,0.00000663,-3.7224242687e+00,3.6755555868e-01,0.3323,1.8236364126e+00
-0.6340,-0.0008380,0.0000976,0.00008060,0.00000662,-3.7115151882e+00,3.6759597063e-01,0.3333,1.8127273321e+00
-0.6330,-0.0008420,0.0000977,0.00008050,0.00000662,-3.7272729874e+00,3.6800000072e-01,0.3343,1.8284851313e+00
-0.6320,-0.0008370,0.0000975,0.00008020,0.00000662,-3.7058587074e+00,3.6719191074e-01,0.3353,1.8070708513e+00
-0.6310,-0.0008420,0.0000976,0.00008030,0.00000663,-3.7264647484e+00,3.6755555868e-01,0.3363,1.8276768923e+00
-0.6300,-0.0008380,0.0000976,0.00008040,0.00000664,-3.7107071877e+00,3.6751514673e-01,0.3373,1.8119193316e+00
-0.6290,-0.0008400,0.0000974,0.00008030,0.00000664,-3.7183840275e+00,3.6670705676e-01,0.3383,1.8195961714e+00
-0.6280,-0.0008410,0.0000974,0.00008040,0.00000662,-3.7228283882e+00,3.6678788066e-01,0.3393,1.8240405321e+00
-0.6270,-0.0008390,0.0000975,0.00008010,0.00000664,-3.7135353088e+00,3.6711111665e-01,0.3403,1.8147474527e+00
-0.6260,-0.0008400,0.0000973,0.00008000,0.00000666,-3.7171719074e+00,3.6622223258e-01,0.3413,1.8183840513e+00
-0.6250,-0.0008400,0.0000973,0.00008000,0.00000666,-3.7171719074e+00,3.6622223258e-01,0.3423,1.8183840513e+00
-0.6240,-0.0008370,0.0000973,0.00008010,0.00000666,-3.7054545879e+00,3.6622223258e-01,0.3433,1.8066667318e+00
-0.6230,-0.0008410,0.0000970,0.00008020,0.00000665,-3.7220203876e+00,3.6505049467e-01,0.3443,1.8232325315e+00
-0.6220,-0.0008380,0.0000970,0.00008000,0.00000665,-3.7090909481e+00,3.6505049467e-01,0.3453,1.8103030920e+00
-0.6210,-0.0008410,0.0000972,0.00008040,0.00000665,-3.7228283882e+00,3.6585858464e-01,0.3463,1.8240405321e+00
-0.6200,-0.0008390,0.0000972,0.00008000,0.00000667,-3.7131314278e+00,3.6577776074e-01,0.3473,1.8143435717e+00
-0.6190,-0.0008420,0.0000970,0.00008000,0.00000666,-3.7252526283e+00,3.6501011252e-01,0.3483,1.8264647722e+00
-0.6180,-0.0008410,0.0000971,0.00008010,0.00000667,-3.7216162682e+00,3.6537373066e-01,0.3493,1.8228284121e+00
-0.6170,-0.0008400,0.0000968,0.00007990,0.00000668,-3.7167677879e+00,3.6412122846e-01,0.3503,1.8179799318e+00
-0.6160,-0.0008390,0.0000969,0.00007990,0.00000669,-3.7127273083e+00,3.6448484659e-01,0.3513,1.8139394522e+00
-0.6150,-0.0008400,0.0000969,0.00008040,0.00000667,-3.7187879086e+00,3.6456567049e-01,0.3523,1.8200000525e+00
-0.6140,-0.0008370,0.0000968,0.00008030,0.00000668,-3.7062625885e+00,3.6412122846e-01,0.3533,1.8074747324e+00
-0.6130,-0.0008390,0.0000966,0.00007970,0.00000669,-3.7119193077e+00,3.6327272654e-01,0.3543,1.8131314516e+00
-0.6120,-0.0008400,0.0000968,0.00007980,0.00000669,-3.7163636684e+00,3.6408081651e-01,0.3553,1.8175758123e+00
-0.6110,-0.0008370,0.0000966,0.00008000,0.00000668,-3.7050504684e+00,3.6331313848e-01,0.3563,1.8062626123e+00
-0.6100,-0.0008380,0.0000964,0.00007990,0.00000668,-3.7086868286e+00,3.6250504851e-01,0.3573,1.8098989725e+00
-0.6090,-0.0008370,0.0000964,0.00008000,0.00000667,-3.7050504684e+00,3.6254546046e-01,0.3583,1.8062626123e+00
-0.6080,-0.0008370,0.0000963,0.00008030,0.00000667,-3.7062625885e+00,3.6214140058e-01,0.3593,1.8074747324e+00
-0.6070,-0.0008360,0.0000962,0.00008020,0.00000666,-3.7018182278e+00,3.6177778244e-01,0.3603,1.8030303717e+00
-0.6060,-0.0008370,0.0000962,0.00008010,0.00000665,-3.7054545879e+00,3.6181816459e-01,0.3613,1.8066667318e+00
-0.6050,-0.0008370,0.0000961,0.00008020,0.00000665,-3.7058587074e+00,3.6141413450e-01,0.3623,1.8070708513e+00
-0.6040,-0.0008340,0.0000960,0.00008020,0.00000664,-3.6937372684e+00,3.6105051637e-01,0.3633,1.7949494123e+00
-0.6030,-0.0008370,0.0000962,0.00008010,0.00000665,-3.7054545879e+00,3.6181816459e-01,0.3643,1.8066667318e+00
-0.6020,-0.0008280,0.0000961,0.00008020,0.00000666,-3.6694951057e+00,3.6137375236e-01,0.3653,1.7707072496e+00
-0.6010,-0.0008430,0.0000961,0.00008010,0.00000666,-3.7296972275e+00,3.6137375236e-01,0.3663,1.8309093714e+00
-0.6000,-0.0008380,0.0000962,0.00007970,0.00000667,-3.7078788280e+00,3.6173737049e-01,0.3673,1.8090909719e+00
-0.5990,-0.0008350,0.0000957,0.00007980,0.00000667,-3.6961615086e+00,3.5971716046e-01,0.3683,1.7973736525e+00
-0.5980,-0.0008340,0.0000955,0.00007980,0.00000667,-3.6921210289e+00,3.5890907049e-01,0.3693,1.7933331728e+00
-0.5970,-0.0008350,0.0000960,0.00007980,0.00000668,-3.6961615086e+00,3.6088889837e-01,0.3703,1.7973736525e+00
-0.5960,-0.0008340,0.0000961,0.00007990,0.00000667,-3.6925251484e+00,3.6133331060e-01,0.3713,1.7937372923e+00
-0.5950,-0.0008390,0.0000962,0.00008000,0.00000667,-3.7131314278e+00,3.6173737049e-01,0.3723,1.8143435717e+00
-0.5940,-0.0008370,0.0000961,0.00007980,0.00000667,-3.7042424679e+00,3.6133331060e-01,0.3733,1.8054546118e+00
-0.5930,-0.0008360,0.0000960,0.00007960,0.00000667,-3.6993942261e+00,3.6092931032e-01,0.3743,1.8006063700e+00
-0.5920,-0.0008400,0.0000961,0.00007930,0.00000671,-3.7143435478e+00,3.6117172241e-01,0.3753,1.8155556917e+00
-0.5910,-0.0008390,0.0000960,0.00007980,0.00000671,-3.7123231888e+00,3.6076769233e-01,0.3763,1.8135353327e+00
-0.5900,-0.0008380,0.0000958,0.00008010,0.00000668,-3.7094950676e+00,3.6008080840e-01,0.3773,1.8107072115e+00
-0.5890,-0.0008420,0.0000960,0.00007980,0.00000667,-3.7244446278e+00,3.6092931032e-01,0.3783,1.8256567717e+00
-0.5880,-0.0008370,0.0000958,0.00007980,0.00000668,-3.7042424679e+00,3.6008080840e-01,0.3793,1.8054546118e+00
-0.5870,-0.0008370,0.0000957,0.00007960,0.00000667,-3.7034344673e+00,3.5971716046e-01,0.3803,1.8046466112e+00
-0.5860,-0.0008400,0.0000957,0.00007990,0.00000667,-3.7167677879e+00,3.5971716046e-01,0.3813,1.8179799318e+00
-0.5850,-0.0008360,0.0000957,0.00007980,0.00000667,-3.7002019882e+00,3.5971716046e-01,0.3823,1.8014141321e+00
-0.5840,-0.0008370,0.0000956,0.00007970,0.00000667,-3.7038385868e+00,3.5931313038e-01,0.3833,1.8050507307e+00
-0.5830,-0.0008400,0.0000956,0.00008000,0.00000666,-3.7171719074e+00,3.5935354233e-01,0.3843,1.8183840513e+00
-0.5820,-0.0008360,0.0000956,0.00008000,0.00000666,-3.7010099888e+00,3.5935354233e-01,0.3853,1.8022221327e+00
-0.5810,-0.0008360,0.0000955,0.00007970,0.00000666,-3.6997981071e+00,3.5894951224e-01,0.3863,1.8010102510e+00
-0.5800,-0.0008380,0.0000955,0.00007980,0.00000665,-3.7082829475e+00,3.5898989439e-01,0.3873,1.8094950914e+00
-0.5790,-0.0008370,0.0000954,0.00007960,0.00000667,-3.7034344673e+00,3.5850504041e-01,0.3883,1.8046466112e+00
-0.5780,-0.0008360,0.0000951,0.00007960,0.00000668,-3.6993942261e+00,3.5725250840e-01,0.3893,1.8006063700e+00
-0.5770,-0.0008350,0.0000953,0.00007970,0.00000667,-3.6957576275e+00,3.5810101032e-01,0.3903,1.7969697714e+00
-0.5760,-0.0008360,0.0000955,0.00007970,0.00000667,-3.6997981071e+00,3.5890907049e-01,0.3913,1.8010102510e+00
-0.5750,-0.0008390,0.0000955,0.00007950,0.00000669,-3.7111110687e+00,3.5882827640e-01,0.3923,1.8123232126e+00
-0.5740,-0.0008360,0.0000952,0.00007980,0.00000667,-3.7002019882e+00,3.5769695044e-01,0.3933,1.8014141321e+00
-0.5730,-0.0008390,0.0000954,0.00007960,0.00000666,-3.7115151882e+00,3.5854545236e-01,0.3943,1.8127273321e+00
-0.5720,-0.0008350,0.0000953,0.00007960,0.00000667,-3.6953537464e+00,3.5810101032e-01,0.3953,1.7965658903e+00
-0.5710,-0.0008390,0.0000952,0.00007940,0.00000668,-3.7107071877e+00,3.5765656829e-01,0.3963,1.8119193316e+00
-0.5700,-0.0008390,0.0000953,0.00007960,0.00000669,-3.7115151882e+00,3.5802018642e-01,0.3973,1.8127273321e+00
-0.5690,-0.0008360,0.0000951,0.00007950,0.00000669,-3.6989901066e+00,3.5721209645e-01,0.3983,1.8002022505e+00
-0.5680,-0.0008370,0.0000951,0.00007920,0.00000669,-3.7018184662e+00,3.5721209645e-01,0.3993,1.8030306101e+00
-0.5670,-0.0008360,0.0000953,0.00007950,0.00000669,-3.6989901066e+00,3.5802018642e-01,0.4003,1.8002022505e+00
-0.5660,-0.0008390,0.0000951,0.00007920,0.00000669,-3.7098989487e+00,3.5721209645e-01,0.4013,1.8111110926e+00
-0.5650,-0.0008390,0.0000951,0.00007920,0.00000670,-3.7098989487e+00,3.5717171431e-01,0.4023,1.8111110926e+00
-0.5640,-0.0008370,0.0000949,0.00007930,0.00000669,-3.7022223473e+00,3.5640403628e-01,0.4033,1.8034344912e+00
-0.5630,-0.0008380,0.0000950,0.00007940,0.00000671,-3.7066667080e+00,3.5672730207e-01,0.4043,1.8078788519e+00
-0.5620,-0.0008370,0.0000949,0.00007900,0.00000671,-3.7010102272e+00,3.5632324219e-01,0.4053,1.8022223711e+00
-0.5610,-0.0008360,0.0000949,0.00007910,0.00000671,-3.6973738670e+00,3.5632324219e-01,0.4063,1.7985860109e+00
-0.5600,-0.0008380,0.0000948,0.00007900,0.00000672,-3.7050504684e+00,3.5587880015e-01,0.4073,1.8062626123e+00
-0.5590,-0.0008360,0.0000948,0.00007890,0.00000672,-3.6965658665e+00,3.5587880015e-01,0.4083,1.7977780104e+00
-0.5580,-0.0008350,0.0000947,0.00007900,0.00000671,-3.6929295063e+00,3.5551515222e-01,0.4093,1.7941416502e+00
-0.5570,-0.0008360,0.0000947,0.00007910,0.00000672,-3.6973738670e+00,3.5547474027e-01,0.4103,1.7985860109e+00
-0.5560,-0.0008340,0.0000948,0.00007900,0.00000672,-3.6888890266e+00,3.5587880015e-01,0.4113,1.7901011705e+00
-0.5550,-0.0008340,0.0000943,0.00007900,0.00000671,-3.6888890266e+00,3.5389900208e-01,0.4123,1.7901011705e+00
-0.5540,-0.0008350,0.0000947,0.00007920,0.00000669,-3.6937375069e+00,3.5559594631e-01,0.4133,1.7949496508e+00
-0.5530,-0.0008350,0.0000946,0.00007910,0.00000670,-3.6933333874e+00,3.5515150428e-01,0.4143,1.7945455313e+00
-0.5520,-0.0008350,0.0000944,0.00007890,0.00000670,-3.6925253868e+00,3.5434341431e-01,0.4153,1.7937375307e+00
-0.5510,-0.0008360,0.0000944,0.00007900,0.00000670,-3.6969699860e+00,3.5434341431e-01,0.4163,1.7981821299e+00
-0.5500,-0.0008330,0.0000943,0.00007900,0.00000671,-3.6848485470e+00,3.5389900208e-01,0.4173,1.7860606909e+00
-0.5490,-0.0008340,0.0000942,0.00007860,0.00000672,-3.6872727871e+00,3.5345453024e-01,0.4183,1.7884849310e+00
-0.5480,-0.0008360,0.0000944,0.00007880,0.00000672,-3.6961617470e+00,3.5426262021e-01,0.4193,1.7973738909e+00
-0.5470,-0.0008350,0.0000943,0.00007880,0.00000672,-3.6921212673e+00,3.5385856032e-01,0.4203,1.7933334112e+00
-0.5460,-0.0008350,0.0000941,0.00007860,0.00000672,-3.6913132668e+00,3.5305050015e-01,0.4213,1.7925254107e+00
-0.5450,-0.0008320,0.0000941,0.00007860,0.00000672,-3.6791920662e+00,3.5305050015e-01,0.4223,1.7804042101e+00
-0.5440,-0.0008310,0.0000940,0.00007880,0.00000673,-3.6759595871e+00,3.5260608792e-01,0.4233,1.7771717310e+00
-0.5430,-0.0008330,0.0000940,0.00007840,0.00000675,-3.6824243069e+00,3.5252526402e-01,0.4243,1.7836364508e+00
-0.5420,-0.0008330,0.0000940,0.00007850,0.00000674,-3.6828284264e+00,3.5256564617e-01,0.4253,1.7840405703e+00
-0.5410,-0.0008320,0.0000940,0.00007860,0.00000673,-3.6791920662e+00,3.5260608792e-01,0.4263,1.7804042101e+00
-0.5400,-0.0008350,0.0000941,0.00007860,0.00000672,-3.6913132668e+00,3.5305050015e-01,0.4273,1.7925254107e+00
-0.5390,-0.0008330,0.0000938,0.00007820,0.00000672,-3.6816163063e+00,3.5183838010e-01,0.4283,1.7828284502e+00
-0.5380,-0.0008320,0.0000937,0.00007860,0.00000673,-3.6791920662e+00,3.5139393806e-01,0.4293,1.7804042101e+00
-0.5370,-0.0008300,0.0000936,0.00007840,0.00000673,-3.6703031063e+00,3.5098990798e-01,0.4303,1.7715152502e+00
-0.5360,-0.0008330,0.0000939,0.00007810,0.00000672,-3.6812121868e+00,3.5224243999e-01,0.4313,1.7824243307e+00
-0.5350,-0.0008320,0.0000938,0.00007840,0.00000672,-3.6783838272e+00,3.5183838010e-01,0.4323,1.7795959711e+00
-0.5340,-0.0008330,0.0000938,0.00007820,0.00000673,-3.6816163063e+00,3.5179799795e-01,0.4333,1.7828284502e+00
-0.5330,-0.0008340,0.0000935,0.00007810,0.00000674,-3.6852526665e+00,3.5054543614e-01,0.4343,1.7864648104e+00
-0.5320,-0.0008340,0.0000936,0.00007830,0.00000674,-3.6860606670e+00,3.5094949603e-01,0.4353,1.7872728109e+00
-0.5310,-0.0008310,0.0000935,0.00007840,0.00000673,-3.6743433475e+00,3.5058584809e-01,0.4363,1.7755554914e+00
-0.5300,-0.0008330,0.0000936,0.00007790,0.00000673,-3.6804041862e+00,3.5098990798e-01,0.4373,1.7816163301e+00
-0.5290,-0.0008330,0.0000937,0.00007830,0.00000674,-3.6820201874e+00,3.5135352612e-01,0.4383,1.7832323313e+00
-0.5280,-0.0008330,0.0000936,0.00007830,0.00000673,-3.6820201874e+00,3.5098990798e-01,0.4393,1.7832323313e+00
-0.5270,-0.0008340,0.0000936,0.00007820,0.00000673,-3.6856565475e+00,3.5098990798e-01,0.4403,1.7868686914e+00
-0.5260,-0.0008340,0.0000936,0.00007800,0.00000673,-3.6848485470e+00,3.5098990798e-01,0.4413,1.7860606909e+00
-0.5250,-0.0008330,0.0000937,0.00007800,0.00000674,-3.6808080673e+00,3.5135352612e-01,0.4423,1.7820202112e+00
-0.5240,-0.0008360,0.0000937,0.00007780,0.00000675,-3.6921212673e+00,3.5131314397e-01,0.4433,1.7933334112e+00
-0.5230,-0.0008360,0.0000936,0.00007770,0.00000676,-3.6917173862e+00,3.5086870193e-01,0.4443,1.7929295301e+00
-0.5220,-0.0008350,0.0000934,0.00007800,0.00000675,-3.6888890266e+00,3.5010099411e-01,0.4453,1.7901011705e+00
-0.5210,-0.0008340,0.0000933,0.00007790,0.00000675,-3.6844444275e+00,3.4969696403e-01,0.4463,1.7856565714e+00
-0.5200,-0.0008340,0.0000934,0.00007760,0.00000675,-3.6832323074e+00,3.5010099411e-01,0.4473,1.7844444513e+00
-0.5190,-0.0008320,0.0000933,0.00007780,0.00000675,-3.6759595871e+00,3.4969696403e-01,0.4483,1.7771717310e+00
-0.5180,-0.0008340,0.0000932,0.00007790,0.00000675,-3.6844444275e+00,3.4929290414e-01,0.4493,1.7856565714e+00
-0.5170,-0.0008340,0.0000932,0.00007750,0.00000676,-3.6828284264e+00,3.4925252199e-01,0.4503,1.7840405703e+00
-0.5160,-0.0008290,0.0000932,0.00007770,0.00000677,-3.6634345055e+00,3.4921211004e-01,0.4513,1.7646466494e+00
-0.5150,-0.0008340,0.0000930,0.00007790,0.00000675,-3.6844444275e+00,3.4848484397e-01,0.4523,1.7856565714e+00
-0.5140,-0.0008360,0.0000931,0.00007770,0.00000674,-3.6917173862e+00,3.4892928600e-01,0.4533,1.7929295301e+00
-0.5130,-0.0008320,0.0000930,0.00007760,0.00000675,-3.6751515865e+00,3.4848484397e-01,0.4543,1.7763637304e+00
-0.5120,-0.0008330,0.0000930,0.00007820,0.00000675,-3.6816163063e+00,3.4848484397e-01,0.4553,1.7828284502e+00
-0.5110,-0.0008330,0.0000930,0.00007780,0.00000674,-3.6800000668e+00,3.4852525592e-01,0.4563,1.7812122107e+00
-0.5100,-0.0008330,0.0000928,0.00007780,0.00000673,-3.6800000668e+00,3.4775757790e-01,0.4573,1.7812122107e+00
-0.5090,-0.0008330,0.0000926,0.00007760,0.00000673,-3.6791920662e+00,3.4694948792e-01,0.4583,1.7804042101e+00
-0.5080,-0.0008310,0.0000926,0.00007730,0.00000674,-3.6698989868e+00,3.4690907598e-01,0.4593,1.7711111307e+00
-0.5070,-0.0008330,0.0000928,0.00007720,0.00000676,-3.6775758266e+00,3.4763637185e-01,0.4603,1.7787879705e+00
-0.5060,-0.0008310,0.0000926,0.00007750,0.00000676,-3.6707069874e+00,3.4682828188e-01,0.4613,1.7719191313e+00
-0.5050,-0.0008340,0.0000926,0.00007750,0.00000676,-3.6828284264e+00,3.4682828188e-01,0.4623,1.7840405703e+00
-0.5040,-0.0008320,0.0000925,0.00007740,0.00000675,-3.6743433475e+00,3.4646463394e-01,0.4633,1.7755554914e+00
-0.5030,-0.0008310,0.0000924,0.00007760,0.00000674,-3.6711111069e+00,3.4610098600e-01,0.4643,1.7723232508e+00
-0.5020,-0.0008340,0.0000923,0.00007730,0.00000674,-3.6820201874e+00,3.4569695592e-01,0.4653,1.7832323313e+00
-0.5010,-0.0008290,0.0000924,0.00007720,0.00000675,-3.6614143848e+00,3.4606060386e-01,0.4663,1.7626265287e+00
-0.5000,-0.0008340,0.0000923,0.00007720,0.00000674,-3.6816163063e+00,3.4569695592e-01,0.4673,1.7828284502e+00
-0.4990,-0.0008310,0.0000919,0.00007740,0.00000675,-3.6703031063e+00,3.4404039383e-01,0.4683,1.7715152502e+00
-0.4980,-0.0008300,0.0000920,0.00007690,0.00000676,-3.6642422676e+00,3.4440407157e-01,0.4693,1.7654544115e+00
-0.4970,-0.0008310,0.0000920,0.00007680,0.00000676,-3.6678786278e+00,3.4440407157e-01,0.4703,1.7690907717e+00
-0.4960,-0.0008330,0.0000922,0.00007690,0.00000677,-3.6763637066e+00,3.4517171979e-01,0.4713,1.7775758505e+00
-0.4950,-0.0008320,0.0000920,0.00007710,0.00000676,-3.6731312275e+00,3.4440407157e-01,0.4723,1.7743433714e+00
-0.4940,-0.0008340,0.0000922,0.00007720,0.00000675,-3.6816163063e+00,3.4525254369e-01,0.4733,1.7828284502e+00
-0.4930,-0.0008370,0.0000922,0.00007700,0.00000674,-3.6929295063e+00,3.4529292583e-01,0.4743,1.7941416502e+00
-0.4920,-0.0008360,0.0000919,0.00007690,0.00000676,-3.6884849072e+00,3.4400001168e-01,0.4753,1.7896970510e+00
-0.4910,-0.0008370,0.0000918,0.00007680,0.00000676,-3.6921212673e+00,3.4359598160e-01,0.4763,1.7933334112e+00
-0.4900,-0.0008330,0.0000916,0.00007690,0.00000675,-3.6763637066e+00,3.4282827377e-01,0.4773,1.7775758505e+00
-0.4890,-0.0008350,0.0000916,0.00007690,0.00000675,-3.6844444275e+00,3.4282827377e-01,0.4783,1.7856565714e+00
-0.4880,-0.0008320,0.0000915,0.00007660,0.00000676,-3.6711111069e+00,3.4238383174e-01,0.4793,1.7723232508e+00
-0.4870,-0.0008360,0.0000914,0.00007660,0.00000677,-3.6872727871e+00,3.4193938971e-01,0.4803,1.7884849310e+00
-0.4860,-0.0008340,0.0000911,0.00007680,0.00000676,-3.6800000668e+00,3.4076771140e-01,0.4813,1.7812122107e+00
-0.4850,-0.0008350,0.0000914,0.00007660,0.00000675,-3.6832323074e+00,3.4202018380e-01,0.4823,1.7844444513e+00
-0.4840,-0.0008370,0.0000912,0.00007660,0.00000675,-3.6913132668e+00,3.4121212363e-01,0.4833,1.7925254107e+00
-0.4830,-0.0008350,0.0000910,0.00007670,0.00000675,-3.6836364269e+00,3.4040403366e-01,0.4843,1.7848485708e+00
-0.4820,-0.0008360,0.0000909,0.00007630,0.00000675,-3.6860606670e+00,3.4000000358e-01,0.4853,1.7872728109e+00
-0.4810,-0.0008390,0.0000911,0.00007660,0.00000675,-3.6993939877e+00,3.4080809355e-01,0.4863,1.8006061316e+00
-0.4800,-0.0008340,0.0000908,0.00007630,0.00000676,-3.6779799461e+00,3.3955556154e-01,0.4873,1.7791920900e+00
-0.4790,-0.0008370,0.0000908,0.00007640,0.00000676,-3.6905052662e+00,3.3955556154e-01,0.4883,1.7917174101e+00
-0.4780,-0.0008390,0.0000907,0.00007630,0.00000676,-3.6981818676e+00,3.3915153146e-01,0.4893,1.7993940115e+00
-0.4770,-0.0008340,0.0000905,0.00007610,0.00000676,-3.6771717072e+00,3.3834344149e-01,0.4903,1.7783838511e+00
-0.4760,-0.0008380,0.0000904,0.00007580,0.00000677,-3.6921210289e+00,3.3789896965e-01,0.4913,1.7933331728e+00
-0.4750,-0.0008370,0.0000903,0.00007590,0.00000679,-3.6884849072e+00,3.3741411567e-01,0.4923,1.7896970510e+00
-0.4740,-0.0008370,0.0000903,0.00007620,0.00000679,-3.6896970272e+00,3.3741411567e-01,0.4933,1.7909091711e+00
-0.4730,-0.0008370,0.0000900,0.00007640,0.00000677,-3.6905052662e+00,3.3628281951e-01,0.4943,1.7917174101e+00
-0.4720,-0.0008390,0.0000903,0.00007610,0.00000673,-3.6973736286e+00,3.3765655756e-01,0.4953,1.7985857725e+00
-0.4710,-0.0008400,0.0000900,0.00007630,0.00000673,-3.7022221088e+00,3.3644446731e-01,0.4963,1.8034342527e+00
-0.4700,-0.0008400,0.0000899,0.00007640,0.00000672,-3.7026262283e+00,3.3608081937e-01,0.4973,1.8038383722e+00
-0.4690,-0.0008390,0.0000898,0.00007580,0.00000673,-3.6961615086e+00,3.3563637733e-01,0.4983,1.7973736525e+00
-0.4680,-0.0008370,0.0000896,0.00007570,0.00000675,-3.6876769066e+00,3.3474746346e-01,0.4993,1.7888890505e+00
-0.4670,-0.0008390,0.0000896,0.00007610,0.00000676,-3.6973736286e+00,3.3470708132e-01,0.5003,1.7985857725e+00
-0.4660,-0.0008370,0.0000895,0.00007560,0.00000676,-3.6872727871e+00,3.3430302143e-01,0.5013,1.7884849310e+00
-0.4650,-0.0008380,0.0000892,0.00007550,0.00000676,-3.6909089088e+00,3.3309093118e-01,0.5023,1.7921210527e+00
-0.4640,-0.0008390,0.0000892,0.00007580,0.00000677,-3.6961615086e+00,3.3305051923e-01,0.5033,1.7973736525e+00
-0.4630,-0.0008380,0.0000892,0.00007580,0.00000676,-3.6921210289e+00,3.3309093118e-01,0.5043,1.7933331728e+00
-0.4620,-0.0008400,0.0000891,0.00007570,0.00000674,-3.6997978687e+00,3.3276766539e-01,0.5053,1.8010100126e+00
-0.4610,-0.0008410,0.0000889,0.00007590,0.00000674,-3.7046463490e+00,3.3195957541e-01,0.5063,1.8058584929e+00
-0.4600,-0.0008390,0.0000887,0.00007570,0.00000674,-3.6957573891e+00,3.3115148544e-01,0.5073,1.7969695330e+00
-0.4590,-0.0008400,0.0000886,0.00007550,0.00000673,-3.6989898682e+00,3.3078786731e-01,0.5083,1.8002020121e+00
-0.4580,-0.0008400,0.0000884,0.00007560,0.00000673,-3.6993939877e+00,3.2997977734e-01,0.5093,1.8006061316e+00
-0.4570,-0.0008380,0.0000884,0.00007570,0.00000672,-3.6917171478e+00,3.3002018929e-01,0.5103,1.7929292917e+00
-0.4560,-0.0008410,0.0000880,0.00007550,0.00000671,-3.7030303478e+00,3.2844445109e-01,0.5113,1.8042424917e+00
-0.4550,-0.0008400,0.0000882,0.00007550,0.00000671,-3.6989898682e+00,3.2925254107e-01,0.5123,1.8002020121e+00
-0.4540,-0.0008360,0.0000878,0.00007550,0.00000672,-3.6828284264e+00,3.2759594917e-01,0.5133,1.7840405703e+00
-0.4530,-0.0008420,0.0000877,0.00007540,0.00000672,-3.7066667080e+00,3.2719191909e-01,0.5143,1.8078788519e+00
-0.4520,-0.0008400,0.0000877,0.00007550,0.00000671,-3.6989898682e+00,3.2723233104e-01,0.5153,1.8002020121e+00
-0.4510,-0.0008390,0.0000873,0.00007540,0.00000671,-3.6945452690e+00,3.2561618090e-01,0.5163,1.7957574129e+00
-0.4500,-0.0008410,0.0000873,0.00007510,0.00000670,-3.7014141083e+00,3.2565656304e-01,0.5173,1.8026262522e+00
-0.4490,-0.0008400,0.0000871,0.00007480,0.00000672,-3.6961615086e+00,3.2476767898e-01,0.5183,1.7973736525e+00
-0.4480,-0.0008410,0.0000871,0.00007500,0.00000674,-3.7010099888e+00,3.2468685508e-01,0.5193,1.8022221327e+00
-0.4470,-0.0008450,0.0000873,0.00007490,0.00000674,-3.7167675495e+00,3.2549494505e-01,0.5203,1.8179796934e+00
-0.4460,-0.0008460,0.0000868,0.00007480,0.00000673,-3.7204039097e+00,3.2351514697e-01,0.5213,1.8216160536e+00
-0.4450,-0.0008450,0.0000866,0.00007470,0.00000673,-3.7159595490e+00,3.2270705700e-01,0.5223,1.8171716928e+00
-0.4440,-0.0008450,0.0000865,0.00007460,0.00000674,-3.7155554295e+00,3.2226258516e-01,0.5233,1.8167675734e+00
-0.4430,-0.0008440,0.0000863,0.00007470,0.00000673,-3.7119193077e+00,3.2149496675e-01,0.5243,1.8131314516e+00
-0.4420,-0.0008460,0.0000862,0.00007520,0.00000672,-3.7220201492e+00,3.2113131881e-01,0.5253,1.8232322931e+00
-0.4410,-0.0008450,0.0000860,0.00007490,0.00000670,-3.7167675495e+00,3.2040405273e-01,0.5263,1.8179796934e+00
-0.4400,-0.0008470,0.0000859,0.00007460,0.00000670,-3.7236363888e+00,3.1999999285e-01,0.5273,1.8248485327e+00
-0.4390,-0.0008410,0.0000858,0.00007500,0.00000668,-3.7010099888e+00,3.1967675686e-01,0.5283,1.8022221327e+00
-0.4380,-0.0008530,0.0000856,0.00007500,0.00000668,-3.7494947910e+00,3.1886866689e-01,0.5293,1.8507069349e+00
-0.4370,-0.0008440,0.0000850,0.00007450,0.00000667,-3.7111110687e+00,3.1648483872e-01,0.5303,1.8123232126e+00
-0.4360,-0.0008500,0.0000854,0.00007460,0.00000668,-3.7357575893e+00,3.1806063652e-01,0.5313,1.8369697332e+00
-0.4350,-0.0008480,0.0000850,0.00007470,0.00000668,-3.7280807495e+00,3.1644445658e-01,0.5323,1.8292928934e+00
-0.4340,-0.0008490,0.0000849,0.00007450,0.00000667,-3.7313129902e+00,3.1608080864e-01,0.5333,1.8325251341e+00
-0.4330,-0.0008490,0.0000846,0.00007450,0.00000666,-3.7313129902e+00,3.1490910053e-01,0.5343,1.8325251341e+00
-0.4320,-0.0008490,0.0000843,0.00007430,0.00000667,-3.7305049896e+00,3.1365656853e-01,0.5353,1.8317171335e+00
-0.4310,-0.0008490,0.0000841,0.00007430,0.00000668,-3.7305049896e+00,3.1280809641e-01,0.5363,1.8317171335e+00
-0.4300,-0.0008500,0.0000841,0.00007450,0.00000666,-3.7353534698e+00,3.1288889050e-01,0.5373,1.8365656137e+00
-0.4290,-0.0008520,0.0000839,0.00007430,0.00000666,-3.7426264286e+00,3.1208083034e-01,0.5383,1.8438385725e+00
-0.4280,-0.0008510,0.0000837,0.00007400,0.00000666,-3.7373738289e+00,3.1127274036e-01,0.5393,1.8385859728e+00
-0.4270,-0.0008520,0.0000835,0.00007390,0.00000667,-3.7410101891e+00,3.1042423844e-01,0.5403,1.8422223330e+00
-0.4260,-0.0008560,0.0000834,0.00007420,0.00000667,-3.7583837509e+00,3.1002020836e-01,0.5413,1.8595958948e+00
-0.4250,-0.0008540,0.0000830,0.00007410,0.00000666,-3.7498989105e+00,3.0844444036e-01,0.5423,1.8511110544e+00
-0.4240,-0.0008540,0.0000828,0.00007390,0.00000665,-3.7490906715e+00,3.0767676234e-01,0.5433,1.8503028154e+00
-0.4230,-0.0008540,0.0000825,0.00007410,0.00000665,-3.7498989105e+00,3.0646467209e-01,0.5443,1.8511110544e+00
-0.4220,-0.0008530,0.0000823,0.00007390,0.00000665,-3.7450504303e+00,3.0565658212e-01,0.5453,1.8462625742e+00
-0.4210,-0.0008550,0.0000821,0.00007360,0.00000665,-3.7519190311e+00,3.0484849215e-01,0.5463,1.8531311750e+00
-0.4200,-0.0008550,0.0000818,0.00007380,0.00000664,-3.7527272701e+00,3.0367675424e-01,0.5473,1.8539394140e+00
-0.4190,-0.0008540,0.0000815,0.00007360,0.00000664,-3.7478785515e+00,3.0246463418e-01,0.5483,1.8490906954e+00
-0.4180,-0.0008530,0.0000813,0.00007350,0.00000664,-3.7434341908e+00,3.0165654421e-01,0.5493,1.8446463346e+00
-0.4170,-0.0008560,0.0000812,0.00007350,0.00000664,-3.7555553913e+00,3.0125251412e-01,0.5503,1.8567675352e+00
-0.4160,-0.0008540,0.0000810,0.00007380,0.00000663,-3.7486867905e+00,3.0048483610e-01,0.5513,1.8498989344e+00
-0.4150,-0.0008530,0.0000805,0.00007340,0.00000663,-3.7430300713e+00,2.9846465588e-01,0.5523,1.8442422152e+00
-0.4140,-0.0008590,0.0000802,0.00007320,0.00000662,-3.7664647102e+00,2.9729291797e-01,0.5533,1.8676768541e+00
-0.4130,-0.0008580,0.0000804,0.00007330,0.00000663,-3.7628283501e+00,2.9806062579e-01,0.5543,1.8640404940e+00
-0.4120,-0.0008570,0.0000799,0.00007320,0.00000662,-3.7583837509e+00,2.9608079791e-01,0.5553,1.8595958948e+00
-0.4110,-0.0008600,0.0000796,0.00007320,0.00000662,-3.7705049515e+00,2.9486870766e-01,0.5563,1.8717170954e+00
-0.4100,-0.0008560,0.0000793,0.00007420,0.00000660,-3.7583837509e+00,2.9373738170e-01,0.5573,1.8595958948e+00
-0.4090,-0.0008590,0.0000794,0.00007370,0.00000661,-3.7684848309e+00,2.9410102963e-01,0.5583,1.8696969748e+00
-0.4080,-0.0008600,0.0000787,0.00007320,0.00000659,-3.7705049515e+00,2.9135352373e-01,0.5593,1.8717170954e+00
-0.4070,-0.0008580,0.0000784,0.00007280,0.00000659,-3.7608079910e+00,2.9014140368e-01,0.5603,1.8620201349e+00
-0.4060,-0.0008600,0.0000784,0.00007310,0.00000659,-3.7701008320e+00,2.9014140368e-01,0.5613,1.8713129759e+00
-0.4050,-0.0008600,0.0000781,0.00007300,0.00000659,-3.7696969509e+00,2.8892928362e-01,0.5623,1.8709090948e+00
-0.4040,-0.0008570,0.0000779,0.00007300,0.00000658,-3.7575757504e+00,2.8816160560e-01,0.5633,1.8587878942e+00
-0.4030,-0.0008620,0.0000777,0.00007310,0.00000656,-3.7781815529e+00,2.8743433952e-01,0.5643,1.8793936968e+00
-0.4020,-0.0008640,0.0000771,0.00007270,0.00000656,-3.7846465111e+00,2.8501006961e-01,0.5653,1.8858586550e+00
-0.4010,-0.0008600,0.0000771,0.00007280,0.00000656,-3.7688889503e+00,2.8501006961e-01,0.5663,1.8701010942e+00
-0.4000,-0.0008620,0.0000769,0.00007270,0.00000655,-3.7765657902e+00,2.8424245119e-01,0.5673,1.8777779341e+00
-0.3990,-0.0008640,0.0000767,0.00007260,0.00000655,-3.7842426300e+00,2.8343436122e-01,0.5683,1.8854547739e+00
-0.3980,-0.0008640,0.0000765,0.00007250,0.00000655,-3.7838385105e+00,2.8262627125e-01,0.5693,1.8850506544e+00
-0.3970,-0.0008630,0.0000761,0.00007260,0.00000655,-3.7802021503e+00,2.8101009130e-01,0.5703,1.8814142942e+00
-0.3960,-0.0008660,0.0000759,0.00007240,0.00000655,-3.7915153503e+00,2.8020203114e-01,0.5713,1.8927274942e+00
-0.3950,-0.0008700,0.0000760,0.00007220,0.00000654,-3.8068685532e+00,2.8064644337e-01,0.5723,1.9080806971e+00
-0.3940,-0.0008660,0.0000752,0.00007240,0.00000654,-3.7915153503e+00,2.7741411328e-01,0.5733,1.8927274942e+00
-0.3930,-0.0008670,0.0000750,0.00007260,0.00000652,-3.7963638306e+00,2.7668687701e-01,0.5743,1.8975759745e+00
-0.3920,-0.0008710,0.0000749,0.00007220,0.00000652,-3.8109090328e+00,2.7628284693e-01,0.5753,1.9121211767e+00
-0.3910,-0.0008680,0.0000743,0.00007230,0.00000651,-3.7991917133e+00,2.7389895916e-01,0.5763,1.9004038572e+00
-0.3900,-0.0008670,0.0000742,0.00007240,0.00000650,-3.7955558300e+00,2.7353534102e-01,0.5773,1.8967679739e+00
-0.3890,-0.0008680,0.0000741,0.00007200,0.00000649,-3.7979798317e+00,2.7317169309e-01,0.5783,1.8991919756e+00
-0.3880,-0.0008700,0.0000739,0.00007210,0.00000649,-3.8064646721e+00,2.7236363292e-01,0.5793,1.9076768160e+00
-0.3870,-0.0008720,0.0000735,0.00007220,0.00000648,-3.8149492741e+00,2.7078789473e-01,0.5803,1.9161614180e+00
-0.3860,-0.0008720,0.0000731,0.00007180,0.00000648,-3.8133335114e+00,2.6917171478e-01,0.5813,1.9145456553e+00
-0.3850,-0.0008720,0.0000728,0.00007170,0.00000648,-3.8129293919e+00,2.6795962453e-01,0.5823,1.9141415358e+00
-0.3840,-0.0008730,0.0000726,0.00007180,0.00000649,-3.8173739910e+00,2.6711109281e-01,0.5833,1.9185861349e+00
-0.3830,-0.0008730,0.0000723,0.00007170,0.00000648,-3.8169698715e+00,2.6593938470e-01,0.5843,1.9181820154e+00
-0.3820,-0.0008770,0.0000719,0.00007130,0.00000647,-3.8315150738e+00,2.6436364651e-01,0.5853,1.9327272177e+00
-0.3810,-0.0008730,0.0000718,0.00007120,0.00000647,-3.8149495125e+00,2.6395961642e-01,0.5863,1.9161616564e+00
-0.3800,-0.0008730,0.0000713,0.00007130,0.00000648,-3.8153536320e+00,2.6189899445e-01,0.5873,1.9165657759e+00
-0.3790,-0.0008770,0.0000711,0.00007120,0.00000647,-3.8311111927e+00,2.6113131642e-01,0.5883,1.9323233366e+00
-0.3780,-0.0008760,0.0000708,0.00007120,0.00000646,-3.8270707130e+00,2.5995957851e-01,0.5893,1.9282828569e+00
-0.3770,-0.0008760,0.0000704,0.00007120,0.00000645,-3.8270707130e+00,2.5838384032e-01,0.5903,1.9282828569e+00
-0.3760,-0.0008740,0.0000702,0.00007100,0.00000645,-3.8181819916e+00,2.5757578015e-01,0.5913,1.9193941355e+00
-0.3750,-0.0008780,0.0000699,0.00007130,0.00000644,-3.8355555534e+00,2.5640404224e-01,0.5923,1.9367676973e+00
-0.3740,-0.0008770,0.0000697,0.00007120,0.00000642,-3.8311111927e+00,2.5567677617e-01,0.5933,1.9323233366e+00
-0.3730,-0.0008780,0.0000692,0.00007110,0.00000641,-3.8347475529e+00,2.5369697809e-01,0.5943,1.9359596968e+00
-0.3720,-0.0008780,0.0000689,0.00007100,0.00000640,-3.8343434334e+00,2.5252526999e-01,0.5953,1.9355555773e+00
-0.3710,-0.0008780,0.0000686,0.00007110,0.00000641,-3.8347475529e+00,2.5127270818e-01,0.5963,1.9359596968e+00
-0.3700,-0.0008770,0.0000684,0.00007080,0.00000640,-3.8294949532e+00,2.5050505996e-01,0.5973,1.9307070971e+00
-0.3690,-0.0008800,0.0000681,0.00007070,0.00000639,-3.8412122726e+00,2.4933333695e-01,0.5983,1.9424244165e+00
-0.3680,-0.0008780,0.0000677,0.00007040,0.00000639,-3.8319191933e+00,2.4771717191e-01,0.5993,1.9331313372e+00
-0.3670,-0.0008760,0.0000669,0.00007070,0.00000639,-3.8250505924e+00,2.4448484182e-01,0.6003,1.9262627363e+00
-0.3660,-0.0008740,0.0000667,0.00007070,0.00000638,-3.8169698715e+00,2.4371716380e-01,0.6013,1.9181820154e+00
-0.3650,-0.0008730,0.0000669,0.00007080,0.00000637,-3.8133335114e+00,2.4456566572e-01,0.6023,1.9145456553e+00
-0.3640,-0.0008760,0.0000661,0.00007070,0.00000636,-3.8250505924e+00,2.4137373269e-01,0.6033,1.9262627363e+00
-0.3630,-0.0008730,0.0000662,0.00007050,0.00000635,-3.8121213913e+00,2.4181818962e-01,0.6043,1.9133335352e+00
-0.3620,-0.0008780,0.0000661,0.00007060,0.00000634,-3.8327271938e+00,2.4145455658e-01,0.6053,1.9339393377e+00
-0.3610,-0.0008780,0.0000656,0.00007050,0.00000634,-3.8323233128e+00,2.3943433166e-01,0.6063,1.9335354567e+00
-0.3600,-0.0008800,0.0000654,0.00007050,0.00000633,-3.8404040337e+00,2.3866668344e-01,0.6073,1.9416161776e+00
-0.3590,-0.0008800,0.0000651,0.00007050,0.00000632,-3.8404040337e+00,2.3749496043e-01,0.6083,1.9416161776e+00
-0.3580,-0.0008820,0.0000646,0.00007040,0.00000632,-3.8480808735e+00,2.3547473550e-01,0.6093,1.9492930174e+00
-0.3570,-0.0008820,0.0000642,0.00007010,0.00000631,-3.8468687534e+00,2.3389899731e-01,0.6103,1.9480808973e+00
-0.3560,-0.0008800,0.0000640,0.00007010,0.00000630,-3.8387880325e+00,2.3313130438e-01,0.6113,1.9400001764e+00
-0.3550,-0.0008780,0.0000636,0.00006990,0.00000630,-3.8298990726e+00,2.3151513934e-01,0.6123,1.9311112165e+00
-0.3540,-0.0008810,0.0000633,0.00007000,0.00000630,-3.8424243927e+00,2.3030303419e-01,0.6133,1.9436365366e+00
-0.3530,-0.0008800,0.0000630,0.00006990,0.00000629,-3.8379797935e+00,2.2913131118e-01,0.6143,1.9391919374e+00
-0.3520,-0.0008790,0.0000627,0.00007010,0.00000629,-3.8347475529e+00,2.2791917622e-01,0.6153,1.9359596968e+00
-0.3510,-0.0008790,0.0000625,0.00006980,0.00000628,-3.8335354328e+00,2.2715152800e-01,0.6163,1.9347475767e+00
-0.3500,-0.0008800,0.0000622,0.00006980,0.00000626,-3.8375759125e+00,2.2602020204e-01,0.6173,1.9387880564e+00
-0.3490,-0.0008830,0.0000619,0.00006980,0.00000626,-3.8496968746e+00,2.2480806708e-01,0.6183,1.9509090185e+00
-0.3480,-0.0008810,0.0000616,0.00006980,0.00000626,-3.8416161537e+00,2.2359597683e-01,0.6193,1.9428282976e+00
-0.3470,-0.0008790,0.0000614,0.00006970,0.00000624,-3.8331313133e+00,2.2286869586e-01,0.6203,1.9343434572e+00
-0.3460,-0.0008850,0.0000611,0.00006980,0.00000623,-3.8577778339e+00,2.2169697285e-01,0.6213,1.9589899778e+00
-0.3450,-0.0008820,0.0000606,0.00006980,0.00000623,-3.8456566334e+00,2.1967677772e-01,0.6223,1.9468687773e+00
-0.3440,-0.0008850,0.0000605,0.00006940,0.00000622,-3.8561615944e+00,2.1931311488e-01,0.6233,1.9573737383e+00
-0.3430,-0.0008830,0.0000601,0.00006950,0.00000621,-3.8484847546e+00,2.1773736179e-01,0.6243,1.9496968985e+00
-0.3420,-0.0008820,0.0000596,0.00006950,0.00000621,-3.8444445133e+00,2.1571716666e-01,0.6253,1.9456566572e+00
-0.3410,-0.0008830,0.0000597,0.00006910,0.00000620,-3.8468685150e+00,2.1616162360e-01,0.6263,1.9480806589e+00
-0.3400,-0.0008820,0.0000593,0.00006930,0.00000620,-3.8436365128e+00,2.1454545856e-01,0.6273,1.9448486567e+00
-0.3390,-0.0008820,0.0000587,0.00006970,0.00000619,-3.8452527523e+00,2.1216161549e-01,0.6283,1.9464648962e+00
-0.3380,-0.0008820,0.0000588,0.00006910,0.00000618,-3.8428285122e+00,2.1260607243e-01,0.6293,1.9440406561e+00
-0.3370,-0.0008820,0.0000583,0.00006890,0.00000617,-3.8420202732e+00,2.1062625945e-01,0.6303,1.9432324171e+00
-0.3360,-0.0008830,0.0000580,0.00006900,0.00000618,-3.8464646339e+00,2.0937375724e-01,0.6313,1.9476767778e+00
-0.3350,-0.0008840,0.0000580,0.00006900,0.00000619,-3.8505048752e+00,2.0933334529e-01,0.6323,1.9517170191e+00
-0.3340,-0.0008830,0.0000576,0.00006910,0.00000617,-3.8468685150e+00,2.0779797435e-01,0.6333,1.9480806589e+00
-0.3330,-0.0008860,0.0000571,0.00006910,0.00000616,-3.8589899540e+00,2.0581817627e-01,0.6343,1.9602020979e+00
-0.3320,-0.0008830,0.0000569,0.00006920,0.00000615,-3.8472726345e+00,2.0505051315e-01,0.6353,1.9484847784e+00
-0.3310,-0.0008850,0.0000565,0.00006900,0.00000612,-3.8545453548e+00,2.0355555415e-01,0.6363,1.9557574987e+00
-0.3300,-0.0008820,0.0000564,0.00006900,0.00000612,-3.8424243927e+00,2.0315150917e-01,0.6373,1.9436365366e+00
-0.3290,-0.0008840,0.0000561,0.00006890,0.00000612,-3.8501009941e+00,2.0193940401e-01,0.6383,1.9513131380e+00
-0.3280,-0.0008830,0.0000558,0.00006870,0.00000611,-3.8452525139e+00,2.0076768100e-01,0.6393,1.9464646578e+00
-0.3270,-0.0008850,0.0000554,0.00006890,0.00000611,-3.8541414738e+00,1.9915151596e-01,0.6403,1.9553536177e+00
-0.3260,-0.0008830,0.0000552,0.00006890,0.00000610,-3.8460605145e+00,1.9838383794e-01,0.6413,1.9472726583e+00
-0.3250,-0.0008830,0.0000549,0.00006870,0.00000610,-3.8452525139e+00,1.9717171788e-01,0.6423,1.9464646578e+00
-0.3240,-0.0008820,0.0000547,0.00006860,0.00000609,-3.8408081532e+00,1.9640405476e-01,0.6433,1.9420202971e+00
-0.3230,-0.0008810,0.0000543,0.00006860,0.00000608,-3.8367676735e+00,1.9482827187e-01,0.6443,1.9379798174e+00
-0.3220,-0.0008830,0.0000541,0.00006840,0.00000608,-3.8440403938e+00,1.9402019680e-01,0.6453,1.9452525377e+00
-0.3210,-0.0008810,0.0000538,0.00006840,0.00000608,-3.8359596729e+00,1.9280807674e-01,0.6463,1.9371718168e+00
-0.3200,-0.0008830,0.0000535,0.00006870,0.00000606,-3.8452525139e+00,1.9167676568e-01,0.6473,1.9464646578e+00
-0.3190,-0.0008810,0.0000531,0.00006840,0.00000605,-3.8359596729e+00,1.9010101259e-01,0.6483,1.9371718168e+00
-0.3180,-0.0008810,0.0000529,0.00006830,0.00000604,-3.8355555534e+00,1.8933331966e-01,0.6493,1.9367676973e+00
-0.3170,-0.0008810,0.0000527,0.00006840,0.00000603,-3.8359596729e+00,1.8856565654e-01,0.6503,1.9371718168e+00
-0.3160,-0.0008790,0.0000523,0.00006840,0.00000603,-3.8278787136e+00,1.8694950640e-01,0.6513,1.9290908575e+00
-0.3150,-0.0008810,0.0000522,0.00006820,0.00000602,-3.8351516724e+00,1.8658585846e-01,0.6523,1.9363638163e+00
-0.3140,-0.0008800,0.0000519,0.00006820,0.00000601,-3.8311111927e+00,1.8541413546e-01,0.6533,1.9323233366e+00
-0.3130,-0.0008790,0.0000516,0.00006810,0.00000602,-3.8266665936e+00,1.8416161835e-01,0.6543,1.9278787374e+00
-0.3120,-0.0008790,0.0000513,0.00006780,0.00000602,-3.8254544735e+00,1.8294949830e-01,0.6553,1.9266666174e+00
-0.3110,-0.0008780,0.0000511,0.00006810,0.00000601,-3.8226261139e+00,1.8218182027e-01,0.6563,1.9238382578e+00
-0.3100,-0.0008780,0.0000507,0.00006800,0.00000600,-3.8222222328e+00,1.8060605228e-01,0.6573,1.9234343767e+00
-0.3090,-0.0008730,0.0000505,0.00006790,0.00000600,-3.8016161919e+00,1.7979796231e-01,0.6583,1.9028283358e+00
-0.3080,-0.0008780,0.0000502,0.00006810,0.00000598,-3.8226261139e+00,1.7866666615e-01,0.6593,1.9238382578e+00
-0.3070,-0.0008720,0.0000500,0.00006830,0.00000598,-3.7991919518e+00,1.7785857618e-01,0.6603,1.9004040956e+00
-0.3060,-0.0008740,0.0000497,0.00006770,0.00000598,-3.8048484325e+00,1.7664647102e-01,0.6613,1.9060605764e+00
-0.3050,-0.0008740,0.0000495,0.00006770,0.00000597,-3.8048484325e+00,1.7587877810e-01,0.6623,1.9060605764e+00
-0.3040,-0.0008720,0.0000493,0.00006770,0.00000597,-3.7967677116e+00,1.7507071793e-01,0.6633,1.8979798555e+00
-0.3030,-0.0008750,0.0000489,0.00006770,0.00000597,-3.8088889122e+00,1.7345455289e-01,0.6643,1.9101010561e+00
-0.3020,-0.0008720,0.0000487,0.00006770,0.00000595,-3.7967677116e+00,1.7272727191e-01,0.6653,1.8979798555e+00
-0.3010,-0.0008710,0.0000484,0.00006770,0.00000595,-3.7927272320e+00,1.7151516676e-01,0.6663,1.8939393759e+00
-0.3000,-0.0008680,0.0000482,0.00006760,0.00000595,-3.7802019119e+00,1.7070707679e-01,0.6673,1.8814140558e+00
-0.2990,-0.0008690,0.0000478,0.00006750,0.00000594,-3.7838382721e+00,1.6913130879e-01,0.6683,1.8850504160e+00
-0.2980,-0.0008690,0.0000477,0.00006760,0.00000593,-3.7842423916e+00,1.6876767576e-01,0.6693,1.8854545355e+00
-0.2970,-0.0008660,0.0000474,0.00006770,0.00000593,-3.7725253105e+00,1.6755555570e-01,0.6703,1.8737374544e+00
-0.2960,-0.0008650,0.0000471,0.00006740,0.00000592,-3.7672727108e+00,1.6638383269e-01,0.6713,1.8684848547e+00
-0.2950,-0.0008650,0.0000470,0.00006760,0.00000591,-3.7680807114e+00,1.6602021456e-01,0.6723,1.8692928553e+00
-0.2940,-0.0008640,0.0000466,0.00006750,0.00000591,-3.7636363506e+00,1.6440403461e-01,0.6733,1.8648484945e+00
-0.2930,-0.0008590,0.0000464,0.00006730,0.00000590,-3.7426264286e+00,1.6363635659e-01,0.6743,1.8438385725e+00
-0.2920,-0.0008590,0.0000463,0.00006740,0.00000590,-3.7430303097e+00,1.6323231161e-01,0.6753,1.8442424536e+00
-0.2910,-0.0008610,0.0000461,0.00006730,0.00000589,-3.7507069111e+00,1.6246464849e-01,0.6763,1.8519190550e+00
-0.2900,-0.0008590,0.0000459,0.00006710,0.00000589,-3.7418181896e+00,1.6165655851e-01,0.6773,1.8430303335e+00
-0.2890,-0.0008610,0.0000455,0.00006710,0.00000589,-3.7498989105e+00,1.6004040837e-01,0.6783,1.8511110544e+00
-0.2880,-0.0008570,0.0000453,0.00006720,0.00000589,-3.7341413498e+00,1.5923231840e-01,0.6793,1.8353534937e+00
-0.2870,-0.0008570,0.0000450,0.00006700,0.00000589,-3.7333333492e+00,1.5802019835e-01,0.6803,1.8345454931e+00
-0.2860,-0.0008570,0.0000449,0.00006700,0.00000588,-3.7333333492e+00,1.5765656531e-01,0.6813,1.8345454931e+00
-0.2850,-0.0008550,0.0000446,0.00006690,0.00000587,-3.7248485088e+00,1.5648485720e-01,0.6823,1.8260606527e+00
-0.2840,-0.0008520,0.0000443,0.00006680,0.00000587,-3.7123231888e+00,1.5527272224e-01,0.6833,1.8135353327e+00
-0.2830,-0.0008510,0.0000442,0.00006680,0.00000587,-3.7082829475e+00,1.5486869216e-01,0.6843,1.8094950914e+00
-0.2820,-0.0008490,0.0000438,0.00006680,0.00000586,-3.7002019882e+00,1.5329293907e-01,0.6853,1.8014141321e+00
-0.2810,-0.0008460,0.0000435,0.00006690,0.00000586,-3.6884846687e+00,1.5208080411e-01,0.6863,1.7896968126e+00
-0.2800,-0.0008450,0.0000437,0.00006660,0.00000585,-3.6832320690e+00,1.5292929113e-01,0.6873,1.7844442129e+00
-0.2790,-0.0008430,0.0000433,0.00006680,0.00000584,-3.6759595871e+00,1.5135352314e-01,0.6883,1.7771717310e+00
-0.2780,-0.0008460,0.0000429,0.00006670,0.00000584,-3.6876766682e+00,1.4973737299e-01,0.6893,1.7888888121e+00
-0.2770,-0.0008440,0.0000428,0.00006630,0.00000583,-3.6779799461e+00,1.4937373996e-01,0.6903,1.7791920900e+00
-0.2760,-0.0008400,0.0000425,0.00006640,0.00000584,-3.6622221470e+00,1.4812120795e-01,0.6913,1.7634342909e+00
-0.2750,-0.0008400,0.0000423,0.00006660,0.00000584,-3.6630301476e+00,1.4731311798e-01,0.6923,1.7642422915e+00
-0.2740,-0.0008370,0.0000422,0.00006650,0.00000583,-3.6505050659e+00,1.4694949985e-01,0.6933,1.7517172098e+00
-0.2730,-0.0008360,0.0000419,0.00006650,0.00000582,-3.6464645863e+00,1.4577777684e-01,0.6943,1.7476767302e+00
-0.2720,-0.0008360,0.0000417,0.00006640,0.00000582,-3.6460607052e+00,1.4496970177e-01,0.6953,1.7472728491e+00
-0.2710,-0.0008310,0.0000414,0.00006660,0.00000581,-3.6266665459e+00,1.4379796386e-01,0.6963,1.7278786898e+00
-0.2700,-0.0008330,0.0000412,0.00006660,0.00000579,-3.6347475052e+00,1.4307071269e-01,0.6973,1.7359596491e+00
-0.2690,-0.0008280,0.0000410,0.00006670,0.00000580,-3.6149494648e+00,1.4222221076e-01,0.6983,1.7161616087e+00
-0.2680,-0.0008270,0.0000407,0.00006660,0.00000579,-3.6105051041e+00,1.4105050266e-01,0.6993,1.7117172480e+00
-0.2670,-0.0008260,0.0000406,0.00006650,0.00000578,-3.6060605049e+00,1.4068686962e-01,0.7003,1.7072726488e+00
-0.2660,-0.0008240,0.0000402,0.00006630,0.00000578,-3.5971715450e+00,1.3907071948e-01,0.7013,1.6983836889e+00
-0.2650,-0.0008150,0.0000403,0.00006660,0.00000577,-3.5620200634e+00,1.3951514661e-01,0.7023,1.6632322073e+00
-0.2640,-0.0008230,0.0000399,0.00006660,0.00000577,-3.5943431854e+00,1.3789898157e-01,0.7033,1.6955553293e+00
-0.2630,-0.0008170,0.0000396,0.00006670,0.00000576,-3.5705049038e+00,1.3672727346e-01,0.7043,1.6717170477e+00
-0.2620,-0.0008130,0.0000394,0.00006670,0.00000575,-3.5543434620e+00,1.3595959544e-01,0.7053,1.6555556059e+00
-0.2610,-0.0008110,0.0000391,0.00006660,0.00000574,-3.5458586216e+00,1.3478787243e-01,0.7063,1.6470707655e+00
-0.2600,-0.0008080,0.0000390,0.00006660,0.00000573,-3.5337371826e+00,1.3442423940e-01,0.7073,1.6349493265e+00
-0.2590,-0.0008060,0.0000387,0.00006670,0.00000573,-3.5260605812e+00,1.3321213424e-01,0.7083,1.6272727251e+00
-0.2580,-0.0008030,0.0000386,0.00006660,0.00000573,-3.5135352612e+00,1.3280808926e-01,0.7093,1.6147474051e+00
-0.2570,-0.0008010,0.0000383,0.00006660,0.00000572,-3.5054545403e+00,1.3163636625e-01,0.7103,1.6066666842e+00
-0.2560,-0.0007970,0.0000380,0.00006670,0.00000571,-3.4896969795e+00,1.3046464324e-01,0.7113,1.5909091234e+00
-0.2550,-0.0007960,0.0000379,0.00006640,0.00000571,-3.4844443798e+00,1.3006061316e-01,0.7123,1.5856565237e+00
-0.2540,-0.0007930,0.0000376,0.00006650,0.00000570,-3.4727270603e+00,1.2888889015e-01,0.7133,1.5739392042e+00
-0.2530,-0.0007910,0.0000374,0.00006650,0.00000570,-3.4646465778e+00,1.2808081508e-01,0.7143,1.5658587217e+00
-0.2520,-0.0007870,0.0000371,0.00006640,0.00000569,-3.4480807781e+00,1.2690909207e-01,0.7153,1.5492929220e+00
-0.2510,-0.0007840,0.0000369,0.00006620,0.00000569,-3.4351513386e+00,1.2610101700e-01,0.7163,1.5363634825e+00
-0.2500,-0.0007800,0.0000367,0.00006600,0.00000569,-3.4181816578e+00,1.2529292703e-01,0.7173,1.5193938017e+00
-0.2490,-0.0007770,0.0000364,0.00006590,0.00000570,-3.4056563377e+00,1.2404040992e-01,0.7183,1.5068684816e+00
-0.2480,-0.0007740,0.0000362,0.00006600,0.00000570,-3.3939394951e+00,1.2323231995e-01,0.7193,1.4951516390e+00
-0.2470,-0.0007700,0.0000362,0.00006630,0.00000568,-3.3789896965e+00,1.2331313640e-01,0.7203,1.4802018404e+00
-0.2460,-0.0007660,0.0000358,0.00006610,0.00000567,-3.3620202541e+00,1.2173736840e-01,0.7213,1.4632323980e+00
-0.2450,-0.0007630,0.0000355,0.00006600,0.00000567,-3.3494949341e+00,1.2052525580e-01,0.7223,1.4507070780e+00
-0.2440,-0.0007600,0.0000352,0.00006620,0.00000566,-3.3381817341e+00,1.1935353279e-01,0.7233,1.4393938780e+00
-0.2430,-0.0007570,0.0000350,0.00006630,0.00000565,-3.3264646530e+00,1.1858586222e-01,0.7243,1.4276767969e+00
-0.2420,-0.0007530,0.0000348,0.00006600,0.00000565,-3.3090906143e+00,1.1777777970e-01,0.7253,1.4103027582e+00
-0.2410,-0.0007490,0.0000345,0.00006630,0.00000564,-3.2941412926e+00,1.1660606414e-01,0.7263,1.3953534365e+00
-0.2400,-0.0007450,0.0000342,0.00006630,0.00000563,-3.2779798508e+00,1.1543434113e-01,0.7273,1.3791919947e+00
-0.2390,-0.0007380,0.0000339,0.00006620,0.00000563,-3.2492928505e+00,1.1422222108e-01,0.7283,1.3505049944e+00
-0.2380,-0.0007370,0.0000337,0.00006630,0.00000562,-3.2456564903e+00,1.1345453560e-01,0.7293,1.3468686342e+00
-0.2370,-0.0007300,0.0000335,0.00006650,0.00000561,-3.2181818485e+00,1.1268687248e-01,0.7303,1.3193939924e+00
-0.2360,-0.0007270,0.0000332,0.00006650,0.00000560,-3.2060606480e+00,1.1151516438e-01,0.7313,1.3072727919e+00
-0.2350,-0.0007230,0.0000329,0.00006630,0.00000559,-3.1890907288e+00,1.1034343392e-01,0.7323,1.2903028727e+00
-0.2340,-0.0007160,0.0000326,0.00006660,0.00000558,-3.1620199680e+00,1.0917171836e-01,0.7333,1.2632321119e+00
-0.2330,-0.0007130,0.0000323,0.00006670,0.00000558,-3.1503031254e+00,1.0795958340e-01,0.7343,1.2515152693e+00
-0.2320,-0.0007080,0.0000321,0.00006640,0.00000557,-3.1288888454e+00,1.0719192028e-01,0.7353,1.2301009893e+00
-0.2310,-0.0007010,0.0000318,0.00006650,0.00000557,-3.1010100842e+00,1.0597979277e-01,0.7363,1.2022222281e+00
-0.2300,-0.0006970,0.0000315,0.00006650,0.00000556,-3.0848484039e+00,1.0480808467e-01,0.7373,1.1860605478e+00
-0.2290,-0.0006870,0.0000312,0.00006650,0.00000555,-3.0444443226e+00,1.0363636911e-01,0.7383,1.1456564665e+00
-0.2280,-0.0006890,0.0000308,0.00006670,0.00000554,-3.0533332825e+00,1.0206061602e-01,0.7393,1.1545454264e+00
-0.2270,-0.0006780,0.0000305,0.00006670,0.00000553,-3.0088887215e+00,1.0088888556e-01,0.7403,1.1101008654e+00
-0.2260,-0.0006730,0.0000302,0.00006660,0.00000553,-2.9882826805e+00,9.9676765501e-02,0.7413,1.0894948244e+00
-0.2250,-0.0006680,0.0000299,0.00006690,0.00000551,-2.9692928791e+00,9.8545454443e-02,0.7423,1.0705050230e+00
-0.2240,-0.0006610,0.0000296,0.00006680,0.00000551,-2.9406061172e+00,9.7333334386e-02,0.7433,1.0418182611e+00
-0.2230,-0.0006540,0.0000293,0.00006670,0.00000551,-2.9119191170e+00,9.6121206880e-02,0.7443,1.0131312609e+00
-0.2220,-0.0006490,0.0000289,0.00006690,0.00000550,-2.8925251961e+00,9.4545453787e-02,0.7453,9.9373733997e-01
-0.2210,-0.0006410,0.0000286,0.00006700,0.00000548,-2.8606059551e+00,9.3414135277e-02,0.7463,9.6181809902e-01
-0.2200,-0.0006360,0.0000283,0.00006720,0.00000547,-2.8412120342e+00,9.2242427170e-02,0.7473,9.4242417812e-01
-0.2190,-0.0006270,0.0000279,0.00006710,0.00000546,-2.8044443130e+00,9.0666666627e-02,0.7483,9.0565645695e-01
-0.2180,-0.0006220,0.0000275,0.00006740,0.00000545,-2.7854545116e+00,8.9090913534e-02,0.7493,8.8666665554e-01
-0.2170,-0.0006130,0.0000272,0.00006750,0.00000545,-2.7494950294e+00,8.7878786027e-02,0.7503,8.5070717335e-01
-0.2160,-0.0006060,0.0000269,0.00006730,0.00000544,-2.7204041481e+00,8.6707063019e-02,0.7513,8.2161629200e-01
-0.2150,-0.0005990,0.0000265,0.00006730,0.00000543,-2.6921212673e+00,8.5131309927e-02,0.7523,7.9333341122e-01
-0.2140,-0.0005910,0.0000261,0.00006750,0.00000541,-2.6606061459e+00,8.3595961332e-02,0.7533,7.6181828976e-01
-0.2130,-0.0005830,0.0000258,0.00006750,0.00000541,-2.6282827854e+00,8.2383841276e-02,0.7543,7.2949492931e-01
-0.2120,-0.0005760,0.0000254,0.00006770,0.00000540,-2.6008081436e+00,8.0808080733e-02,0.7553,7.0202028751e-01
-0.2110,-0.0005650,0.0000250,0.00006810,0.00000538,-2.5579798222e+00,7.9272724688e-02,0.7563,6.5919196606e-01
-0.2100,-0.0005610,0.0000247,0.00006790,0.00000537,-2.5410101414e+00,7.8101009130e-02,0.7573,6.4222228527e-01
-0.2090,-0.0005510,0.0000243,0.00006810,0.00000537,-2.5014140606e+00,7.6484844089e-02,0.7583,6.0262620449e-01
-0.2080,-0.0005440,0.0000239,0.00006830,0.00000536,-2.4739394188e+00,7.4909090996e-02,0.7593,5.7515156269e-01
-0.2070,-0.0005350,0.0000235,0.00006820,0.00000535,-2.4371716976e+00,7.3333330452e-02,0.7603,5.3838384151e-01
-0.2060,-0.0005260,0.0000231,0.00006840,0.00000534,-2.4016160965e+00,7.1757577360e-02,0.7613,5.0282824039e-01
-0.2050,-0.0005180,0.0000227,0.00006890,0.00000533,-2.3713130951e+00,7.0181816816e-02,0.7623,4.7252523899e-01
-0.2040,-0.0005090,0.0000224,0.00006870,0.00000533,-2.3341412544e+00,6.8969696760e-02,0.7633,4.3535339832e-01
-0.2030,-0.0005010,0.0000219,0.00006860,0.00000531,-2.3014140129e+00,6.7030303180e-02,0.7643,4.0262615681e-01
-0.2020,-0.0004930,0.0000216,0.00006870,0.00000530,-2.2694950104e+00,6.5858587623e-02,0.7653,3.7070715427e-01
-0.2010,-0.0004830,0.0000212,0.00006900,0.00000529,-2.2303030491e+00,6.4282827079e-02,0.7663,3.3151519299e-01
-0.2000,-0.0004740,0.0000208,0.00006900,0.00000528,-2.1939394474e+00,6.2707066536e-02,0.7673,2.9515159130e-01
-0.1990,-0.0004650,0.0000204,0.00006930,0.00000527,-2.1587879658e+00,6.1131317168e-02,0.7683,2.6000010967e-01
-0.1980,-0.0004580,0.0000200,0.00006950,0.00000526,-2.1313130856e+00,5.9555552900e-02,0.7693,2.3252522945e-01
-0.1970,-0.0004480,0.0000196,0.00006950,0.00000525,-2.0909090042e+00,5.7979799807e-02,0.7703,1.9212114811e-01
-0.1960,-0.0004390,0.0000192,0.00006980,0.00000524,-2.0557575226e+00,5.6404042989e-02,0.7713,1.5696966648e-01
-0.1950,-0.0004300,0.0000188,0.00006990,0.00000523,-2.0197978020e+00,5.4828278720e-02,0.7723,1.2100994587e-01
-0.1940,-0.0004210,0.0000184,0.00007010,0.00000522,-1.9842424393e+00,5.3252529353e-02,0.7733,8.5454583168e-02
-0.1930,-0.0004120,0.0000181,0.00007030,0.00000521,-1.9486868382e+00,5.2080806345e-02,0.7743,4.9898982048e-02
-0.1920,-0.0004030,0.0000177,0.00007050,0.00000520,-1.9131313562e+00,5.0505053252e-02,0.7753,1.4343500137e-02
-0.1910,-0.0003940,0.0000173,0.00007060,0.00000518,-1.8771716356e+00,4.8969700933e-02,0.7763,2.1616220474e-02
-0.1900,-0.0003850,0.0000170,0.00007070,0.00000517,-1.8412120342e+00,4.7797981650e-02,0.7773,5.7575821877e-02
-0.1890,-0.0003750,0.0000166,0.00007090,0.00000517,-1.8016161919e+00,4.6181824058e-02,0.7783,9.7171664238e-02
-0.1880,-0.0003680,0.0000162,0.00007110,0.00000515,-1.7741415501e+00,4.4646464288e-02,0.7793,1.2464630604e-01
-0.1870,-0.0003590,0.0000158,0.00007110,0.00000514,-1.7377778292e+00,4.3070707470e-02,0.7803,1.6101002693e-01
-0.1860,-0.0003490,0.0000156,0.00007140,0.00000513,-1.6985858679e+00,4.2303036898e-02,0.7813,2.0020198822e-01
-0.1850,-0.0003400,0.0000152,0.00007170,0.00000512,-1.6634342670e+00,4.0727276355e-02,0.7823,2.3535358906e-01
-0.1840,-0.0003320,0.0000148,0.00007150,0.00000512,-1.6303030252e+00,3.9111107588e-02,0.7833,2.6848483086e-01
-0.1830,-0.0003230,0.0000145,0.00007200,0.00000510,-1.5959595442e+00,3.7979800254e-02,0.7843,3.0282831192e-01
-0.1820,-0.0003150,0.0000141,0.00007220,0.00000509,-1.5644445419e+00,3.6404039711e-02,0.7853,3.3434331417e-01
-0.1810,-0.0003060,0.0000138,0.00007240,0.00000508,-1.5288889408e+00,3.5232320428e-02,0.7863,3.6989891529e-01
-0.1800,-0.0002980,0.0000135,0.00007260,0.00000507,-1.4973737001e+00,3.4060604870e-02,0.7873,4.0141415596e-01
-0.1790,-0.0002890,0.0000132,0.00007270,0.00000506,-1.4614140987e+00,3.2888885587e-02,0.7883,4.3737375736e-01
-0.1780,-0.0002810,0.0000129,0.00007290,0.00000505,-1.4298989773e+00,3.1717170030e-02,0.7893,4.6888887882e-01
-0.1770,-0.0002740,0.0000126,0.00007310,0.00000504,-1.4024242163e+00,3.0545456335e-02,0.7903,4.9636363983e-01
-0.1760,-0.0002650,0.0000123,0.00007330,0.00000503,-1.3668687344e+00,2.9373737052e-02,0.7913,5.3191912174e-01
-0.1750,-0.0002570,0.0000120,0.00007350,0.00000502,-1.3353536129e+00,2.8202021495e-02,0.7923,5.6343424320e-01
-0.1740,-0.0002490,0.0000117,0.00007390,0.00000501,-1.3046464920e+00,2.7030302212e-02,0.7933,5.9414136410e-01
-0.1730,-0.0002410,0.0000114,0.00007400,0.00000500,-1.2727273703e+00,2.5858588517e-02,0.7943,6.2606048584e-01
-0.1720,-0.0002340,0.0000111,0.00007420,0.00000500,-1.2452526093e+00,2.4646464735e-02,0.7953,6.5353524685e-01
-0.1710,-0.0002260,0.0000109,0.00007440,0.00000498,-1.2137374878e+00,2.3919193074e-02,0.7963,6.8505036831e-01
-0.1700,-0.0002190,0.0000107,0.00007470,0.00000497,-1.1866666079e+00,2.3151513189e-02,0.7973,7.1212124825e-01
-0.1690,-0.0002110,0.0000104,0.00007490,0.00000497,-1.1551516056e+00,2.1939393133e-02,0.7983,7.4363625050e-01
-0.1680,-0.0002040,0.0000102,0.00007510,0.00000496,-1.1276767254e+00,2.1171718836e-02,0.7993,7.7111113071e-01
-0.1670,-0.0001970,0.0000099,0.00007540,0.00000495,-1.1006060839e+00,2.0080806687e-02,0.8003,7.9818177223e-01
-0.1660,-0.0001900,0.0000097,0.00007560,0.00000494,-1.0731313229e+00,1.9191920757e-02,0.8013,8.2565653324e-01
-0.1650,-0.0001830,0.0000095,0.00007580,0.00000493,-1.0456565619e+00,1.8303029239e-02,0.8023,8.5313129425e-01
-0.1640,-0.0001760,0.0000093,0.00007600,0.00000492,-1.0181818008e+00,1.7575759441e-02,0.8033,8.8060605526e-01
-0.1630,-0.0001700,0.0000090,0.00007620,0.00000492,-9.9474751949e-01,1.6686867923e-02,0.8043,9.0404033661e-01
-0.1620,-0.0001630,0.0000089,0.00007630,0.00000492,-9.6686869860e-01,1.5919191763e-02,0.8053,9.3191915751e-01
-0.1610,-0.0001570,0.0000087,0.00007670,0.00000491,-9.4424241781e-01,1.5191920102e-02,0.8063,9.5454543829e-01
-0.1600,-0.0001500,0.0000085,0.00007710,0.00000490,-9.1757583618e-01,1.4464647509e-02,0.8073,9.8121201992e-01
-0.1590,-0.0001440,0.0000083,0.00007700,0.00000490,-8.9292925596e-01,1.3656564988e-02,0.8083,1.0058586597e+00
-0.1580,-0.0001380,0.0000081,0.00007730,0.00000489,-8.6989903450e-01,1.3010099530e-02,0.8093,1.0288888216e+00
-0.1570,-0.0001320,0.0000079,0.00007760,0.00000488,-8.4686869383e-01,1.2363635935e-02,0.8103,1.0519192219e+00
-0.1560,-0.0001260,0.0000078,0.00007770,0.00000488,-8.2303035259e-01,1.1797982268e-02,0.8113,1.0757575035e+00
-0.1550,-0.0001200,0.0000076,0.00007800,0.00000487,-7.9999995232e-01,1.1111111380e-02,0.8123,1.0987879038e+00
-0.1540,-0.0001150,0.0000075,0.00007830,0.00000486,-7.8101009130e-01,1.0545454919e-02,0.8133,1.1177778244e+00
-0.1530,-0.0001100,0.0000073,0.00007840,0.00000486,-7.6121217012e-01,1.0020202957e-02,0.8143,1.1375756264e+00
-0.1520,-0.0001040,0.0000072,0.00007840,0.00000486,-7.3696964979e-01,9.4141410664e-03,0.8153,1.1618182659e+00
-0.1510,-0.0000990,0.0000071,0.00007870,0.00000485,-7.1797978878e-01,8.9292926714e-03,0.8163,1.1808080673e+00
-0.1500,-0.0000938,0.0000069,0.00007900,0.00000484,-6.9818186760e-01,8.4040397778e-03,0.8173,1.2006059885e+00
-0.1490,-0.0000889,0.0000068,0.00007900,0.00000484,-6.7838382721e-01,7.9191904515e-03,0.8183,1.2204040289e+00
-0.1480,-0.0000842,0.0000067,0.00007930,0.00000483,-6.6060602665e-01,7.4747474864e-03,0.8193,1.2381818295e+00
-0.1470,-0.0000792,0.0000066,0.00007950,0.00000483,-6.4121210575e-01,6.9899004884e-03,0.8203,1.2575757504e+00
-0.1460,-0.0000749,0.0000065,0.00007960,0.00000483,-6.2424248457e-01,6.6262623295e-03,0.8213,1.2745454311e+00
-0.1450,-0.0000702,0.0000064,0.00007980,0.00000482,-6.0606062412e-01,6.2222224660e-03,0.8223,1.2927272320e+00
-0.1440,-0.0000660,0.0000063,0.00008010,0.00000482,-5.9030306339e-01,5.8585861698e-03,0.8233,1.3084847927e+00
-0.1430,-0.0000615,0.0000062,0.00008010,0.00000481,-5.7212120295e-01,5.4949484766e-03,0.8243,1.3266665936e+00
-0.1420,-0.0000575,0.0000061,0.00008040,0.00000481,-5.5717170238e-01,5.0909086131e-03,0.8253,1.3416161537e+00
-0.1410,-0.0000532,0.0000060,0.00008070,0.00000480,-5.4101008177e-01,4.7676758841e-03,0.8263,1.3577778339e+00
-0.1400,-0.0000494,0.0000059,0.00008080,0.00000480,-5.2606064081e-01,4.4444436207e-03,0.8273,1.3727271557e+00
-0.1390,-0.0000455,0.0000058,0.00008070,0.00000479,-5.0989902020e-01,4.1616163217e-03,0.8283,1.3888888359e+00
-0.1380,-0.0000417,0.0000057,0.00008110,0.00000479,-4.9616163969e-01,3.8383835927e-03,0.8293,1.4026262760e+00
-0.1370,-0.0000379,0.0000057,0.00008140,0.00000478,-4.8202022910e-01,3.5959600937e-03,0.8303,1.4167675972e+00
-0.1360,-0.0000347,0.0000056,0.00008120,0.00000478,-4.6828281879e-01,3.3535347320e-03,0.8313,1.4305050373e+00
-0.1350,-0.0000309,0.0000055,0.00008170,0.00000477,-4.5494949818e-01,3.1111112330e-03,0.8323,1.4438383579e+00
-0.1340,-0.0000275,0.0000055,0.00008180,0.00000477,-4.4161614776e-01,2.8686858714e-03,0.8333,1.4571716785e+00
-0.1330,-0.0000243,0.0000054,0.00008180,0.00000477,-4.2868682742e-01,2.6262623724e-03,0.8343,1.4701009989e+00
-0.1320,-0.0000211,0.0000054,0.00008210,0.00000476,-4.1696968675e-01,2.4242424406e-03,0.8353,1.4818181992e+00
-0.1310,-0.0000180,0.0000053,0.00008220,0.00000476,-4.0484848619e-01,2.2222208790e-03,0.8363,1.4939393997e+00
-0.1300,-0.0000149,0.0000053,0.00008230,0.00000476,-3.9272725582e-01,2.0202009473e-03,0.8373,1.5060606003e+00
-0.1290,-0.0000117,0.0000052,0.00008250,0.00000476,-3.8060608506e-01,1.8181810156e-03,0.8383,1.5181818008e+00
-0.1280,-0.0000091,0.0000052,0.00008280,0.00000476,-3.7135353684e-01,1.6565646511e-03,0.8393,1.5274343491e+00
-0.1270,-0.0000063,0.0000051,0.00008270,0.00000476,-3.5975757241e-01,1.4545447193e-03,0.8403,1.5390303135e+00
-0.1260,-0.0000035,0.0000051,0.00008300,0.00000475,-3.4969696403e-01,1.3333339011e-03,0.8413,1.5490908623e+00
-0.1250,-0.0000008,0.0000050,0.00008300,0.00000475,-3.3868685365e-01,1.1717176531e-03,0.8423,1.5601010323e+00
-0.1240,0.0000018,0.0000050,0.00008320,0.00000475,-3.2884848118e-01,1.0101014050e-03,0.8433,1.5699393749e+00
-0.1230,0.0000042,0.0000050,0.00008320,0.00000474,-3.1927272677e-01,8.8888866594e-04,0.8443,1.5795150995e+00
-0.1220,0.0000068,0.0000049,0.00008370,0.00000474,-3.1086868048e-01,7.6767784776e-04,0.8453,1.5879192352e+00
-0.1210,0.0000091,0.0000049,0.00008360,0.00000474,-3.0109092593e-01,6.0606154148e-04,0.8463,1.5976969004e+00
-0.1200,0.0000112,0.0000049,0.00008360,0.00000474,-2.9252526164e-01,4.8484886065e-04,0.8473,1.6062625647e+00
-0.1190,0.0000135,0.0000048,0.00008390,0.00000474,-2.8444442153e-01,3.6363617983e-04,0.8483,1.6143434048e+00
-0.1180,0.0000157,0.0000048,0.00008420,0.00000473,-2.7676767111e-01,2.8282895801e-04,0.8493,1.6220202446e+00
-0.1170,0.0000178,0.0000048,0.00008410,0.00000473,-2.6787880063e-01,2.0201990264e-04,0.8503,1.6309090853e+00
-0.1160,0.0000199,0.0000047,0.00008430,0.00000473,-2.6020202041e-01,8.0807229097e-05,0.8513,1.6385858059e+00
-0.1150,0.0000219,0.0000047,0.00008460,0.00000472,-2.5333333015e-01,4.0403614548e-05,0.8523,1.6454545259e+00
-0.1140,0.0000237,0.0000047,0.00008450,0.00000472,-2.4565656483e-01,-8.0809062638e-05,0.8533,1.6531312466e+00
-0.1130,0.0000256,0.0000047,0.00008460,0.00000472,-2.3838381469e-01,-1.2121267355e-04,0.8543,1.6604040861e+00
-0.1120,0.0000275,0.0000047,0.00008480,0.00000472,-2.3151513934e-01,-2.0201990264e-04,0.8553,1.6672726870e+00
-0.1110,0.0000291,0.0000046,0.00008490,0.00000472,-2.2545452416e-01,-2.8282895801e-04,0.8563,1.6733332872e+00
-0.1100,0.0000309,0.0000046,0.00008500,0.00000472,-2.1858584881e-01,-3.6363617983e-04,0.8573,1.6802020073e+00
-0.1090,0.0000326,0.0000046,0.00008520,0.00000471,-2.1252523363e-01,-4.0404163883e-04,0.8583,1.6862626076e+00
-0.1080,0.0000343,0.0000046,0.00008530,0.00000471,-2.0606060326e-01,-4.4444526429e-04,0.8593,1.6927272081e+00
-0.1070,0.0000356,0.0000046,0.00008530,0.00000471,-2.0080807805e-01,-5.2525248611e-04,0.8603,1.6979798079e+00
-0.1060,0.0000371,0.0000046,0.00008560,0.00000471,-1.9595956802e-01,-5.6565791601e-04,0.8613,1.7028282881e+00
-0.1050,0.0000387,0.0000046,0.00008570,0.00000470,-1.8989896774e-01,-6.0605973704e-04,0.8623,1.7088888884e+00
-0.1040,0.0000399,0.0000045,0.00008570,0.00000470,-1.8505048752e-01,-6.4646330429e-04,0.8633,1.7137373686e+00
-0.1030,0.0000415,0.0000045,0.00008610,0.00000469,-1.8020200729e-01,-6.4646516694e-04,0.8643,1.7185858488e+00
-0.1020,0.0000430,0.0000045,0.00008620,0.00000470,-1.7454545200e-01,-7.2727235965e-04,0.8653,1.7242424488e+00
-0.1010,0.0000439,0.0000045,0.00008600,0.00000470,-1.7010100186e-01,-7.6767598512e-04,0.8663,1.7286868095e+00
-0.1000,0.0000453,0.0000045,0.00008610,0.00000470,-1.6484847665e-01,-8.0807961058e-04,0.8673,1.7339394093e+00
-0.0990,0.0000466,0.0000045,0.00008630,0.00000469,-1.6040404141e-01,-8.0808147322e-04,0.8683,1.7383837700e+00
-0.0980,0.0000476,0.0000045,0.00008620,0.00000469,-1.5595959127e-01,-8.4848504048e-04,0.8693,1.7428282499e+00
-0.0970,0.0000488,0.0000045,0.00008650,0.00000468,-1.5232320130e-01,-8.4848504048e-04,0.8703,1.7464646101e+00
-0.0960,0.0000501,0.0000045,0.00008660,0.00000469,-1.4747472107e-01,-8.8888866594e-04,0.8713,1.7513130903e+00
-0.0950,0.0000510,0.0000045,0.00008660,0.00000468,-1.4383836091e-01,-8.8888866594e-04,0.8723,1.7549494505e+00
-0.0940,0.0000521,0.0000044,0.00008680,0.00000467,-1.4020200074e-01,-8.8889052859e-04,0.8733,1.7585858107e+00
-0.0930,0.0000532,0.0000044,0.00008690,0.00000467,-1.3616159558e-01,-9.2929415405e-04,0.8743,1.7626262903e+00
-0.0920,0.0000540,0.0000044,0.00008710,0.00000467,-1.3373737037e-01,-9.6969772130e-04,0.8753,1.7650505304e+00
-0.0910,0.0000552,0.0000044,0.00008700,0.00000467,-1.2848484516e-01,-9.6969772130e-04,0.8763,1.7703030109e+00
-0.0900,0.0000562,0.0000044,0.00008720,0.00000467,-1.2525252998e-01,-1.0101014050e-03,0.8773,1.7735353708e+00
-0.0890,0.0000569,0.0000044,0.00008740,0.00000467,-1.2323232740e-01,-1.0505049722e-03,0.8783,1.7755554914e+00
-0.0880,0.0000578,0.0000044,0.00008720,0.00000467,-1.1878787726e-01,-1.0101014050e-03,0.8793,1.7799999714e+00
-0.0870,0.0000587,0.0000044,0.00008730,0.00000467,-1.1555556208e-01,-1.0505049722e-03,0.8803,1.7832323313e+00
-0.0860,0.0000596,0.0000044,0.00008770,0.00000466,-1.1353534460e-01,-1.0505049722e-03,0.8813,1.7852525711e+00
-0.0850,0.0000603,0.0000044,0.00008770,0.00000466,-1.1070705205e-01,-1.0505049722e-03,0.8823,1.7880808115e+00
-0.0840,0.0000611,0.0000044,0.00008770,0.00000466,-1.0747473687e-01,-1.0505049722e-03,0.8833,1.7913131714e+00
-0.0830,0.0000621,0.0000044,0.00008800,0.00000466,-1.0464645922e-01,-1.0909085395e-03,0.8843,1.7941414118e+00
-0.0820,0.0000625,0.0000044,0.00008790,0.00000466,-1.0262624174e-01,-1.1313122232e-03,0.8853,1.7961616516e+00
-0.0810,0.0000633,0.0000044,0.00008800,0.00000466,-9.9797971547e-02,-1.1313122232e-03,0.8863,1.7989898920e+00
-0.0800,0.0000641,0.0000044,0.00008820,0.00000465,-9.7373738885e-02,-1.1313122232e-03,0.8873,1.8014141321e+00
-0.0790,0.0000648,0.0000044,0.00008810,0.00000465,-9.4141416252e-02,-1.0909085395e-03,0.8883,1.8046464920e+00
-0.0780,0.0000654,0.0000044,0.00008840,0.00000465,-9.2929258943e-02,-1.1313122232e-03,0.8893,1.8058586121e+00
-0.0770,0.0000661,0.0000044,0.00008850,0.00000465,-9.0505026281e-02,-1.1313122232e-03,0.8903,1.8082828522e+00
-0.0760,0.0000667,0.0000044,0.00008870,0.00000465,-8.8888883591e-02,-1.1313122232e-03,0.8913,1.8098989725e+00
-0.0750,0.0000671,0.0000044,0.00008840,0.00000465,-8.6060576141e-02,-1.1313122232e-03,0.8923,1.8127273321e+00
-0.0740,0.0000680,0.0000044,0.00008870,0.00000465,-8.3636343479e-02,-1.1313122232e-03,0.8933,1.8151514530e+00
-0.0730,0.0000684,0.0000044,0.00008880,0.00000464,-8.2424245775e-02,-1.1313140858e-03,0.8943,1.8163635731e+00
-0.0720,0.0000687,0.0000044,0.00008880,0.00000464,-8.1212118268e-02,-1.1313140858e-03,0.8953,1.8175756931e+00
-0.0710,0.0000695,0.0000043,0.00008900,0.00000464,-7.8787885606e-02,-1.1717176531e-03,0.8963,1.8199999332e+00
-0.0700,0.0000704,0.0000043,0.00008920,0.00000464,-7.5959607959e-02,-1.1717176531e-03,0.8973,1.8228282928e+00
-0.0690,0.0000704,0.0000043,0.00008910,0.00000464,-7.5555562973e-02,-1.1717176531e-03,0.8983,1.8232322931e+00
-0.0680,0.0000712,0.0000043,0.00008920,0.00000464,-7.2727292776e-02,-1.1717176531e-03,0.8993,1.8260605335e+00
-0.0670,0.0000715,0.0000043,0.00008940,0.00000464,-7.2323217988e-02,-1.2121212203e-03,0.9003,1.8264646530e+00
-0.0660,0.0000721,0.0000043,0.00008940,0.00000463,-6.9898955524e-02,-1.1717176531e-03,0.9013,1.8288888931e+00
-0.0650,0.0000725,0.0000043,0.00008960,0.00000463,-6.9090895355e-02,-1.1717176531e-03,0.9023,1.8296970129e+00
-0.0640,0.0000732,0.0000043,0.00008970,0.00000463,-6.6666670144e-02,-1.1717176531e-03,0.9033,1.8321211338e+00
-0.0630,0.0000736,0.0000043,0.00008960,0.00000463,-6.4646452665e-02,-1.1717176531e-03,0.9043,1.8341413736e+00
-0.0620,0.0000737,0.0000043,0.00008980,0.00000463,-6.5050490201e-02,-1.2121212203e-03,0.9053,1.8337373734e+00
-0.0610,0.0000744,0.0000043,0.00008980,0.00000463,-6.2222216278e-02,-1.2121212203e-03,0.9063,1.8365656137e+00
-0.0600,0.0000748,0.0000043,0.00009010,0.00000462,-6.1818171293e-02,-1.1717157904e-03,0.9073,1.8369697332e+00
-0.0590,0.0000750,0.0000043,0.00009010,0.00000462,-6.1010085046e-02,-1.1717157904e-03,0.9083,1.8377777338e+00
-0.0580,0.0000757,0.0000043,0.00009030,0.00000462,-5.8989867568e-02,-1.2121212203e-03,0.9093,1.8397979736e+00
-0.0570,0.0000760,0.0000043,0.00009030,0.00000462,-5.7777766138e-02,-1.1717157904e-03,0.9103,1.8410100937e+00
-0.0560,0.0000761,0.0000043,0.00009040,0.00000461,-5.7777766138e-02,-1.1313122232e-03,0.9113,1.8410100937e+00
-0.0550,0.0000767,0.0000043,0.00009040,0.00000462,-5.5353503674e-02,-1.2121212203e-03,0.9123,1.8434343338e+00
-0.0540,0.0000772,0.0000043,0.00009060,0.00000461,-5.4141402245e-02,-1.1717176531e-03,0.9133,1.8446464539e+00
-0.0530,0.0000775,0.0000043,0.00009070,0.00000461,-5.3333315998e-02,-1.1717176531e-03,0.9143,1.8454545736e+00
-0.0520,0.0000773,0.0000043,0.00009080,0.00000461,-5.4545447230e-02,-1.2121212203e-03,0.9153,1.8442424536e+00
-0.0510,0.0000786,0.0000043,0.00009110,0.00000461,-5.0505042076e-02,-1.1717176531e-03,0.9163,1.8482828140e+00
-0.0500,0.0000784,0.0000043,0.00009080,0.00000461,-5.0100997090e-02,-1.1717176531e-03,0.9173,1.8486868143e+00
-0.0490,0.0000787,0.0000043,0.00009110,0.00000460,-5.0100997090e-02,-1.1717176531e-03,0.9183,1.8486868143e+00
-0.0480,0.0000792,0.0000043,0.00009110,0.00000460,-4.8080809414e-02,-1.1717176531e-03,0.9193,1.8507070541e+00
-0.0470,0.0000793,0.0000043,0.00009120,0.00000461,-4.8080809414e-02,-1.2525249040e-03,0.9203,1.8507070541e+00
-0.0460,0.0000798,0.0000043,0.00009140,0.00000460,-4.6868678182e-02,-1.2121212203e-03,0.9213,1.8519191742e+00
-0.0450,0.0000801,0.0000043,0.00009160,0.00000460,-4.6464636922e-02,-1.2121212203e-03,0.9223,1.8523231745e+00
-0.0440,0.0000803,0.0000043,0.00009160,0.00000460,-4.5656550676e-02,-1.2121212203e-03,0.9233,1.8531312943e+00
-0.0430,0.0000805,0.0000043,0.00009160,0.00000459,-4.4848460704e-02,-1.2121212203e-03,0.9243,1.8539394140e+00
-0.0420,0.0000811,0.0000043,0.00009180,0.00000459,-4.3232318014e-02,-1.2121212203e-03,0.9253,1.8555555344e+00
-0.0410,0.0000811,0.0000043,0.00009180,0.00000459,-4.3232318014e-02,-1.2121212203e-03,0.9263,1.8555555344e+00
-0.0400,0.0000812,0.0000043,0.00009190,0.00000458,-4.3232318014e-02,-1.1717176531e-03,0.9273,1.8555555344e+00
-0.0390,0.0000819,0.0000043,0.00009210,0.00000458,-4.1212130338e-02,-1.1717176531e-03,0.9283,1.8575757742e+00
-0.0380,0.0000816,0.0000043,0.00009230,0.00000458,-4.3232288212e-02,-1.1717176531e-03,0.9293,1.8555555344e+00
-0.0370,0.0000820,0.0000043,0.00009210,0.00000457,-4.0808085352e-02,-1.0909085395e-03,0.9303,1.8579797745e+00
-0.0360,0.0000828,0.0000043,0.00009240,0.00000457,-3.8787867874e-02,-1.1313122232e-03,0.9313,1.8600000143e+00
-0.0350,0.0000827,0.0000043,0.00009250,0.00000457,-3.9595957845e-02,-1.1313122232e-03,0.9323,1.8591918945e+00
-0.0340,0.0000829,0.0000043,0.00009250,0.00000458,-3.8787867874e-02,-1.1717176531e-03,0.9333,1.8600000143e+00
-0.0330,0.0000834,0.0000043,0.00009260,0.00000457,-3.7171695381e-02,-1.1313122232e-03,0.9343,1.8616161346e+00
-0.0320,0.0000836,0.0000043,0.00009290,0.00000457,-3.7575740367e-02,-1.1313122232e-03,0.9353,1.8612121344e+00
-0.0310,0.0000838,0.0000043,0.00009280,0.00000457,-3.6363638937e-02,-1.1313122232e-03,0.9363,1.8624242544e+00
-0.0300,0.0000839,0.0000043,0.00009300,0.00000456,-3.6767680198e-02,-1.1313122232e-03,0.9373,1.8620201349e+00
-0.0290,0.0000843,0.0000043,0.00009310,0.00000456,-3.5555548966e-02,-1.1313122232e-03,0.9383,1.8632322550e+00
-0.0280,0.0000848,0.0000043,0.00009310,0.00000456,-3.3535361290e-02,-1.0909085395e-03,0.9393,1.8652524948e+00
-0.0270,0.0000846,0.0000043,0.00009330,0.00000455,-3.5151507705e-02,-1.0909085395e-03,0.9403,1.8636363745e+00
-0.0260,0.0000850,0.0000043,0.00009350,0.00000456,-3.4343421459e-02,-1.1313122232e-03,0.9413,1.8644444942e+00
-0.0250,0.0000852,0.0000043,0.00009340,0.00000456,-3.3131290227e-02,-1.1313122232e-03,0.9423,1.8656566143e+00
-0.0240,0.0000852,0.0000043,0.00009340,0.00000456,-3.3131290227e-02,-1.1717176531e-03,0.9433,1.8656566143e+00
-0.0230,0.0000854,0.0000043,0.00009380,0.00000455,-3.3939376473e-02,-1.0909085395e-03,0.9443,1.8648484945e+00
-0.0220,0.0000859,0.0000043,0.00009380,0.00000455,-3.1919188797e-02,-1.0909085395e-03,0.9453,1.8668686152e+00
-0.0210,0.0000862,0.0000043,0.00009390,0.00000455,-3.1111104414e-02,-1.1313140858e-03,0.9463,1.8676767349e+00
-0.0200,0.0000862,0.0000043,0.00009410,0.00000454,-3.1919188797e-02,-1.0909104021e-03,0.9473,1.8668686152e+00
-0.0190,0.0000866,0.0000043,0.00009430,0.00000454,-3.1111104414e-02,-1.0909104021e-03,0.9483,1.8676767349e+00
-0.0180,0.0000867,0.0000043,0.00009410,0.00000454,-2.9899002984e-02,-1.0909104021e-03,0.9493,1.8688888550e+00
-0.0170,0.0000869,0.0000043,0.00009440,0.00000454,-3.0303016305e-02,-1.0909104021e-03,0.9503,1.8684848547e+00
-0.0160,0.0000872,0.0000043,0.00009440,0.00000454,-2.9090886936e-02,-1.1313140858e-03,0.9513,1.8696969748e+00
-0.0150,0.0000874,0.0000043,0.00009460,0.00000454,-2.9090886936e-02,-1.0909104021e-03,0.9523,1.8696969748e+00
-0.0140,0.0000877,0.0000043,0.00009470,0.00000453,-2.8282828629e-02,-1.0909085395e-03,0.9533,1.8705049753e+00
-0.0130,0.0000879,0.0000043,0.00009490,0.00000453,-2.8282828629e-02,-1.0909085395e-03,0.9543,1.8705049753e+00
-0.0120,0.0000881,0.0000043,0.00009500,0.00000453,-2.7878785506e-02,-1.0909085395e-03,0.9553,1.8709090948e+00
-0.0110,0.0000882,0.0000043,0.00009500,0.00000453,-2.7474742383e-02,-1.1313122232e-03,0.9563,1.8713130951e+00
-0.0100,0.0000884,0.0000043,0.00009510,0.00000453,-2.7070697397e-02,-1.1313122232e-03,0.9573,1.8717172146e+00
-0.0090,0.0000885,0.0000043,0.00009530,0.00000452,-2.7474742383e-02,-1.0909085395e-03,0.9583,1.8713130951e+00
-0.0080,0.0000888,0.0000042,0.00009540,0.00000453,-2.6666654274e-02,-1.1717157904e-03,0.9593,1.8721212149e+00
-0.0070,0.0000889,0.0000042,0.00009570,0.00000452,-2.7474742383e-02,-1.1313122232e-03,0.9603,1.8713130951e+00
-0.0060,0.0000896,0.0000042,0.00009570,0.00000452,-2.4646466598e-02,-1.1313122232e-03,0.9613,1.8741413355e+00
-0.0050,0.0000894,0.0000042,0.00009560,0.00000452,-2.5050509721e-02,-1.1313122232e-03,0.9623,1.8737373352e+00
-0.0040,0.0000895,0.0000042,0.00009600,0.00000452,-2.6262640953e-02,-1.1313122232e-03,0.9633,1.8725252151e+00
-0.0030,0.0000900,0.0000042,0.00009610,0.00000452,-2.4646436796e-02,-1.1313122232e-03,0.9643,1.8741414547e+00
-0.0020,0.0000899,0.0000042,0.00009600,0.00000452,-2.4646466598e-02,-1.1313122232e-03,0.9653,1.8741413355e+00
-0.0010,0.0000903,0.0000042,0.00009640,0.00000451,-2.4646466598e-02,-1.0909085395e-03,0.9663,1.8741413355e+00
0.0000,0.0000914,0.0000042,0.00009720,0.00000451,-2.3434335366e-02,-1.1313140858e-03,0.9673,1.8753535748e+00
0.0010,0.0000907,0.0000043,0.00009660,0.00000452,-2.3838380352e-02,-1.0909085395e-03,0.9683,1.8749494553e+00
0.0020,0.0000911,0.0000042,0.00009670,0.00000451,-2.2626249120e-02,-1.1313140858e-03,0.9693,1.8761615753e+00
0.0030,0.0000911,0.0000042,0.00009680,0.00000451,-2.3030292243e-02,-1.1313140858e-03,0.9703,1.8757575750e+00
0.0040,0.0000913,0.0000042,0.00009700,0.00000451,-2.3030292243e-02,-1.1313140858e-03,0.9713,1.8757575750e+00
0.0050,0.0000916,0.0000042,0.00009700,0.00000450,-2.1818162873e-02,-1.1313140858e-03,0.9723,1.8769696951e+00
0.0060,0.0000917,0.0000042,0.00009720,0.00000450,-2.2222205997e-02,-1.0909104021e-03,0.9733,1.8765656948e+00
0.0070,0.0000920,0.0000042,0.00009730,0.00000450,-2.1414119750e-02,-1.1313140858e-03,0.9743,1.8773736954e+00
0.0080,0.0000920,0.0000042,0.00009720,0.00000450,-2.1010074764e-02,-1.1313140858e-03,0.9753,1.8777778149e+00
0.0090,0.0000923,0.0000042,0.00009760,0.00000449,-2.1414147690e-02,-1.0909085395e-03,0.9763,1.8773736954e+00
0.0100,0.0000927,0.0000042,0.00009770,0.00000449,-2.0202018321e-02,-1.0909085395e-03,0.9773,1.8785858154e+00
0.0110,0.0000926,0.0000042,0.00009770,0.00000449,-2.0606061444e-02,-1.0909085395e-03,0.9783,1.8781818151e+00
0.0120,0.0000928,0.0000042,0.00009800,0.00000449,-2.1010074764e-02,-1.1313122232e-03,0.9793,1.8777778149e+00
0.0130,0.0000932,0.0000042,0.00009820,0.00000448,-2.0202018321e-02,-1.0909085395e-03,0.9803,1.8785858154e+00
0.0140,0.0000930,0.0000042,0.00009810,0.00000449,-2.0606031641e-02,-1.1313122232e-03,0.9813,1.8781818151e+00
0.0150,0.0000937,0.0000042,0.00009830,0.00000448,-1.8585843965e-02,-1.0909085395e-03,0.9823,1.8802020550e+00
0.0160,0.0000935,0.0000042,0.00009850,0.00000448,-2.0202018321e-02,-1.1313122232e-03,0.9833,1.8785858154e+00
0.0170,0.0000941,0.0000042,0.00009850,0.00000448,-1.7777757719e-02,-1.1313122232e-03,0.9843,1.8810100555e+00
0.0180,0.0000941,0.0000042,0.00009870,0.00000448,-1.8585843965e-02,-1.1313122232e-03,0.9853,1.8802020550e+00
0.0190,0.0000943,0.0000042,0.00009900,0.00000448,-1.8989887089e-02,-1.0909085395e-03,0.9863,1.8797979355e+00
0.0200,0.0000947,0.0000042,0.00009900,0.00000448,-1.7373712733e-02,-1.0505049722e-03,0.9873,1.8814141750e+00
0.0210,0.0000946,0.0000042,0.00009900,0.00000448,-1.7777757719e-02,-1.0909085395e-03,0.9883,1.8810100555e+00
0.0220,0.0000947,0.0000042,0.00009950,0.00000447,-1.9393930212e-02,-1.0505049722e-03,0.9893,1.8793939352e+00
0.0230,0.0000953,0.0000042,0.00009950,0.00000447,-1.6969699413e-02,-1.0505049722e-03,0.9903,1.8818181753e+00
0.0240,0.0000952,0.0000042,0.00009950,0.00000447,-1.7373742536e-02,-1.0505049722e-03,0.9913,1.8814140558e+00
0.0250,0.0000955,0.0000042,0.00009980,0.00000447,-1.7373742536e-02,-1.0909085395e-03,0.9923,1.8814140558e+00
0.0260,0.0000958,0.0000042,0.00010000,0.00000446,-1.6969669610e-02,-1.0505049722e-03,0.9933,1.8818181753e+00
0.0270,0.0000958,0.0000042,0.00010000,0.00000446,-1.6969669610e-02,-1.0505049722e-03,0.9943,1.8818181753e+00
0.0280,0.0000961,0.0000042,0.00010000,0.00000446,-1.5757568181e-02,-1.0505049722e-03,0.9953,1.8830302954e+00
0.0290,0.0000963,0.0000042,0.00010000,0.00000446,-1.4949481003e-02,-1.0909104021e-03,0.9963,1.8838384151e+00
0.0300,0.0000964,0.0000042,0.00010000,0.00000446,-1.4545437880e-02,-1.0505049722e-03,0.9973,1.8842424154e+00
0.0310,0.0000968,0.0000042,0.00010100,0.00000446,-1.6969669610e-02,-1.0909104021e-03,0.9983,1.8818181753e+00
0.0320,0.0000970,0.0000042,0.00010100,0.00000446,-1.6161613166e-02,-1.0909104021e-03,0.9993,1.8826262951e+00
0.0330,0.0000970,0.0000042,0.00010100,0.00000445,-1.6161613166e-02,-1.0505049722e-03,1.0003,1.8826262951e+00
0.0340,0.0000974,0.0000042,0.00010100,0.00000445,-1.4545437880e-02,-1.0505049722e-03,1.0013,1.8842424154e+00
0.0350,0.0000976,0.0000042,0.00010100,0.00000445,-1.3737350702e-02,-1.0505049722e-03,1.0023,1.8850505352e+00
0.0360,0.0000979,0.0000042,0.00010100,0.00000445,-1.2525220402e-02,-1.0909085395e-03,1.0033,1.8862626553e+00
0.0370,0.0000981,0.0000042,0.00010200,0.00000444,-1.5757568181e-02,-1.0909085395e-03,1.0043,1.8830302954e+00
0.0380,0.0000983,0.0000042,0.00010200,0.00000445,-1.4949481003e-02,-1.0909085395e-03,1.0053,1.8838384151e+00
0.0390,0.0000984,0.0000042,0.00010200,0.00000444,-1.4545437880e-02,-1.0505049722e-03,1.0063,1.8842424154e+00
0.0400,0.0000985,0.0000042,0.00010200,0.00000444,-1.4141393825e-02,-1.0505049722e-03,1.0073,1.8846464157e+00
0.0410,0.0000989,0.0000042,0.00010200,0.00000444,-1.2525249273e-02,-1.0505049722e-03,1.0083,1.8862626553e+00
0.0420,0.0000991,0.0000042,0.00010200,0.00000443,-1.1717162095e-02,-1.0505049722e-03,1.0093,1.8870706558e+00
0.0430,0.0000991,0.0000042,0.00010200,0.00000443,-1.1717162095e-02,-1.0505049722e-03,1.0103,1.8870706558e+00
0.0440,0.0000995,0.0000042,0.00010300,0.00000443,-1.4141393825e-02,-1.0505049722e-03,1.0113,1.8846464157e+00
0.0450,0.0000999,0.0000042,0.00010300,0.00000443,-1.2525249273e-02,-1.0909085395e-03,1.0123,1.8862626553e+00
0.0460,0.0000996,0.0000042,0.00010300,0.00000443,-1.3737350702e-02,-1.0505049722e-03,1.0133,1.8850505352e+00
0.0470,0.0001000,0.0000042,0.00010300,0.00000442,-1.2121206149e-02,-1.0101014050e-03,1.0143,1.8866666555e+00
0.0480,0.0001000,0.0000042,0.00010300,0.00000442,-1.2121206149e-02,-1.0505049722e-03,1.0153,1.8866666555e+00
0.0490,0.0001010,0.0000042,0.00010300,0.00000442,-8.0808009952e-03,-1.0101014050e-03,1.0163,1.8907070160e+00
0.0500,0.0001010,0.0000042,0.00010400,0.00000441,-1.2121206149e-02,-1.0101014050e-03,1.0173,1.8866666555e+00
0.0510,0.0001010,0.0000042,0.00010400,0.00000442,-1.2121206149e-02,-1.0101014050e-03,1.0183,1.8866666555e+00
0.0520,0.0001010,0.0000042,0.00010400,0.00000441,-1.2121206149e-02,-9.6969772130e-04,1.0193,1.8866666555e+00
0.0530,0.0001010,0.0000042,0.00010400,0.00000441,-1.2121206149e-02,-1.0101014050e-03,1.0203,1.8866666555e+00
0.0540,0.0001020,0.0000042,0.00010400,0.00000441,-8.0808009952e-03,-1.0101014050e-03,1.0213,1.8907070160e+00
0.0550,0.0001020,0.0000042,0.00010400,0.00000441,-8.0808009952e-03,-1.0505049722e-03,1.0223,1.8907070160e+00
0.0560,0.0001020,0.0000042,0.00010500,0.00000441,-1.2121206149e-02,-1.0101014050e-03,1.0233,1.8866666555e+00
0.0570,0.0001020,0.0000042,0.00010500,0.00000441,-1.2121206149e-02,-1.0505049722e-03,1.0243,1.8866666555e+00
0.0580,0.0001030,0.0000042,0.00010500,0.00000441,-8.0808009952e-03,-1.0101014050e-03,1.0253,1.8907070160e+00
0.0590,0.0001030,0.0000042,0.00010500,0.00000441,-8.0808009952e-03,-1.0505049722e-03,1.0263,1.8907070160e+00
0.0600,0.0001030,0.0000042,0.00010500,0.00000441,-8.0808009952e-03,-1.0505049722e-03,1.0273,1.8907070160e+00
0.0610,0.0001030,0.0000042,0.00010600,0.00000441,-1.2121206149e-02,-1.0505049722e-03,1.0283,1.8866666555e+00
0.0620,0.0001030,0.0000042,0.00010600,0.00000440,-1.2121206149e-02,-1.0100995423e-03,1.0293,1.8866666555e+00
0.0630,0.0001040,0.0000041,0.00010600,0.00000440,-8.0808009952e-03,-1.0505049722e-03,1.0303,1.8907070160e+00
0.0640,0.0001040,0.0000041,0.00010600,0.00000440,-8.0808009952e-03,-1.0909085395e-03,1.0313,1.8907070160e+00
0.0650,0.0001040,0.0000041,0.00010600,0.00000440,-8.0808009952e-03,-1.0505049722e-03,1.0323,1.8907070160e+00
0.0660,0.0001040,0.0000041,0.00010600,0.00000440,-8.0808009952e-03,-1.0505049722e-03,1.0333,1.8907070160e+00
0.0670,0.0001040,0.0000041,0.00010700,0.00000440,-1.2121206149e-02,-1.0909085395e-03,1.0343,1.8866666555e+00
0.0680,0.0001050,0.0000041,0.00010700,0.00000440,-8.0808009952e-03,-1.0505049722e-03,1.0353,1.8907070160e+00
0.0690,0.0001050,0.0000041,0.00010700,0.00000439,-8.0808009952e-03,-1.0101014050e-03,1.0363,1.8907070160e+00
0.0700,0.0001060,0.0000041,0.00010700,0.00000439,-4.0403958410e-03,-1.0101014050e-03,1.0373,1.8947474957e+00
0.0710,0.0001060,0.0000041,0.00010700,0.00000439,-4.0403958410e-03,-1.0101014050e-03,1.0383,1.8947474957e+00
0.0720,0.0001060,0.0000041,0.00010700,0.00000439,-4.0403958410e-03,-1.0505049722e-03,1.0393,1.8947474957e+00
0.0730,0.0001060,0.0000041,0.00010800,0.00000439,-8.0808009952e-03,-1.0505049722e-03,1.0403,1.8907070160e+00
0.0740,0.0001060,0.0000041,0.00010800,0.00000439,-8.0808009952e-03,-1.0101014050e-03,1.0413,1.8907070160e+00
0.0750,0.0001070,0.0000041,0.00010800,0.00000439,-4.0403958410e-03,-1.0101014050e-03,1.0423,1.8947474957e+00
0.0760,0.0001070,0.0000041,0.00010800,0.00000439,-4.0403958410e-03,-1.0505049722e-03,1.0433,1.8947474957e+00
0.0770,0.0001070,0.0000041,0.00010900,0.00000439,-8.0808009952e-03,-1.0505049722e-03,1.0443,1.8907070160e+00
0.0780,0.0001070,0.0000041,0.00010900,0.00000438,-8.0808009952e-03,-1.0101014050e-03,1.0453,1.8907070160e+00
0.0790,0.0001070,0.0000041,0.00010900,0.00000438,-8.0808009952e-03,-1.0101014050e-03,1.0463,1.8907070160e+00
0.0800,0.0001080,0.0000041,0.00010900,0.00000438,-4.0403958410e-03,-1.0101014050e-03,1.0473,1.8947474957e+00
0.0810,0.0001080,0.0000041,0.00010900,0.00000438,-4.0403958410e-03,-1.0101014050e-03,1.0483,1.8947474957e+00
0.0820,0.0001080,0.0000041,0.00011000,0.00000437,-8.0808009952e-03,-1.0101014050e-03,1.0493,1.8907070160e+00
0.0830,0.0001090,0.0000041,0.00011000,0.00000437,-4.0403958410e-03,-1.0101014050e-03,1.0503,1.8947474957e+00
0.0840,0.0001090,0.0000041,0.00011000,0.00000437,-4.0403958410e-03,-9.6969772130e-04,1.0513,1.8947474957e+00
0.0850,0.0001090,0.0000041,0.00011000,0.00000436,-4.0403958410e-03,-9.2929229140e-04,1.0523,1.8947474957e+00
0.0860,0.0001090,0.0000041,0.00011000,0.00000436,-4.0403958410e-03,-9.6969591687e-04,1.0533,1.8947474957e+00
0.0870,0.0001100,0.0000041,0.00011100,0.00000437,-4.0403958410e-03,-1.0101014050e-03,1.0543,1.8947474957e+00
0.0880,0.0001100,0.0000041,0.00011100,0.00000436,-4.0403958410e-03,-9.6969591687e-04,1.0553,1.8947474957e+00
0.0890,0.0001100,0.0000041,0.00011100,0.00000436,-4.0403958410e-03,-9.6969591687e-04,1.0563,1.8947474957e+00
0.0900,0.0001100,0.0000041,0.00011100,0.00000436,-4.0403958410e-03,-9.6969591687e-04,1.0573,1.8947474957e+00
0.0910,0.0001110,0.0000041,0.00011100,0.00000436,9.9999999392e-09,-9.6969591687e-04,1.0583,1.8987878561e+00
0.0920,0.0001110,0.0000041,0.00011200,0.00000436,-4.0403958410e-03,-1.0100995423e-03,1.0593,1.8947474957e+00
0.0930,0.0001110,0.0000041,0.00011200,0.00000436,-4.0403958410e-03,-9.6969591687e-04,1.0603,1.8947474957e+00
0.0940,0.0001110,0.0000041,0.00011200,0.00000436,-4.0403958410e-03,-9.6969591687e-04,1.0613,1.8947474957e+00
0.0950,0.0001120,0.0000041,0.00011200,0.00000435,9.9999999392e-09,-9.6969591687e-04,1.0623,1.8987878561e+00
0.0960,0.0001120,0.0000041,0.00011300,0.00000436,-4.0403958410e-03,-1.0505049722e-03,1.0633,1.8947474957e+00
0.0970,0.0001120,0.0000041,0.00011300,0.00000436,-4.0403958410e-03,-1.0100995423e-03,1.0643,1.8947474957e+00
0.0980,0.0001130,0.0000041,0.00011300,0.00000435,9.9999999392e-09,-1.0101014050e-03,1.0653,1.8987878561e+00
0.0990,0.0001130,0.0000041,0.00011300,0.00000435,9.9999999392e-09,-1.0101014050e-03,1.0663,1.8987878561e+00
0.1000,0.0001130,0.0000041,0.00011400,0.00000436,-4.0403958410e-03,-1.0505049722e-03,1.0673,1.8947474957e+00
0.1010,0.0001140,0.0000041,0.00011400,0.00000435,9.9999999392e-09,-1.0101014050e-03,1.0683,1.8987878561e+00
0.1020,0.0001140,0.0000041,0.00011400,0.00000435,9.9999999392e-09,-1.0101014050e-03,1.0693,1.8987878561e+00
0.1030,0.0001140,0.0000041,0.00011400,0.00000435,9.9999999392e-09,-1.0101014050e-03,1.0703,1.8987878561e+00
0.1040,0.0001140,0.0000041,0.00011400,0.00000435,9.9999999392e-09,-1.0101014050e-03,1.0713,1.8987878561e+00
0.1050,0.0001150,0.0000041,0.00011500,0.00000435,9.9999999392e-09,-1.0101014050e-03,1.0723,1.8987878561e+00
0.1060,0.0001150,0.0000041,0.00011500,0.00000434,9.9999999392e-09,-9.6969772130e-04,1.0733,1.8987878561e+00
0.1070,0.0001150,0.0000041,0.00011500,0.00000435,9.9999999392e-09,-1.0505049722e-03,1.0743,1.8987878561e+00
0.1080,0.0001160,0.0000041,0.00011600,0.00000434,9.9999999392e-09,-1.0101014050e-03,1.0753,1.8987878561e+00
0.1090,0.0001160,0.0000041,0.00011600,0.00000434,9.9999999392e-09,-1.0101014050e-03,1.0763,1.8987878561e+00
0.1100,0.0001160,0.0000041,0.00011600,0.00000435,9.9999999392e-09,-1.0505049722e-03,1.0773,1.8987878561e+00
0.1110,0.0001170,0.0000041,0.00011600,0.00000434,4.0404153988e-03,-1.0101014050e-03,1.0783,1.9028282166e+00
0.1120,0.0001170,0.0000041,0.00011700,0.00000433,9.9999999392e-09,-9.6969772130e-04,1.0793,1.8987878561e+00
0.1130,0.0001170,0.0000041,0.00011700,0.00000434,9.9999999392e-09,-1.0101014050e-03,1.0803,1.8987878561e+00
0.1140,0.0001180,0.0000041,0.00011700,0.00000434,4.0404153988e-03,-1.0505049722e-03,1.0813,1.9028282166e+00
0.1150,0.0001180,0.0000041,0.00011700,0.00000433,4.0404153988e-03,-9.6969772130e-04,1.0823,1.9028282166e+00
0.1160,0.0001180,0.0000041,0.00011800,0.00000433,9.9999999392e-09,-9.6969772130e-04,1.0833,1.8987878561e+00
0.1170,0.0001180,0.0000041,0.00011800,0.00000433,9.9999999392e-09,-9.6969772130e-04,1.0843,1.8987878561e+00
0.1180,0.0001190,0.0000041,0.00011800,0.00000433,4.0403855965e-03,-1.0101014050e-03,1.0853,1.9028282166e+00
0.1190,0.0001190,0.0000041,0.00011800,0.00000433,4.0403855965e-03,-9.6969772130e-04,1.0863,1.9028282166e+00
0.1200,0.0001190,0.0000041,0.00011900,0.00000432,9.9999999392e-09,-9.6969591687e-04,1.0873,1.8987878561e+00
0.1210,0.0001200,0.0000041,0.00011900,0.00000432,4.0404153988e-03,-9.6969591687e-04,1.0883,1.9028282166e+00
0.1220,0.0001200,0.0000041,0.00011900,0.00000432,4.0404153988e-03,-9.2929229140e-04,1.0893,1.9028282166e+00
0.1230,0.0001200,0.0000041,0.00012000,0.00000432,9.9999999392e-09,-9.6969591687e-04,1.0903,1.8987878561e+00
0.1240,0.0001210,0.0000041,0.00012000,0.00000432,4.0404153988e-03,-9.6969591687e-04,1.0913,1.9028282166e+00
0.1250,0.0001200,0.0000041,0.00012000,0.00000431,9.9999999392e-09,-1.0101014050e-03,1.0923,1.8987878561e+00
0.1260,0.0001220,0.0000041,0.00012000,0.00000431,8.0808214843e-03,-8.8888866594e-04,1.0933,1.9068686962e+00
0.1270,0.0001220,0.0000041,0.00012100,0.00000431,4.0404153988e-03,-9.6969591687e-04,1.0943,1.9028282166e+00
0.1280,0.0001220,0.0000041,0.00012100,0.00000431,4.0404153988e-03,-9.2929229140e-04,1.0953,1.9028282166e+00
0.1290,0.0001230,0.0000041,0.00012100,0.00000430,8.0808503553e-03,-8.8888866594e-04,1.0963,1.9068686962e+00
0.1300,0.0001230,0.0000041,0.00012200,0.00000430,4.0404447354e-03,-9.2929229140e-04,1.0973,1.9028283358e+00
0.1310,0.0001230,0.0000041,0.00012200,0.00000430,4.0404447354e-03,-9.2929229140e-04,1.0983,1.9028283358e+00
0.1320,0.0001240,0.0000041,0.00012200,0.00000429,8.0808214843e-03,-8.4848504048e-04,1.0993,1.9068686962e+00
0.1330,0.0001240,0.0000041,0.00012200,0.00000429,8.0808214843e-03,-8.8888866594e-04,1.1003,1.9068686962e+00
0.1340,0.0001240,0.0000041,0.00012300,0.00000429,4.0403855965e-03,-9.2929415405e-04,1.1013,1.9028282166e+00
0.1350,0.0001250,0.0000041,0.00012300,0.00000429,8.0808214843e-03,-8.4848504048e-04,1.1023,1.9068686962e+00
0.1360,0.0001250,0.0000041,0.00012300,0.00000429,8.0808214843e-03,-8.8888866594e-04,1.1033,1.9068686962e+00
0.1370,0.0001260,0.0000041,0.00012400,0.00000429,8.0808214843e-03,-8.8888866594e-04,1.1043,1.9068686962e+00
0.1380,0.0001260,0.0000041,0.00012400,0.00000429,8.0808214843e-03,-8.8888866594e-04,1.1053,1.9068686962e+00
0.1390,0.0001260,0.0000041,0.00012500,0.00000429,4.0403855965e-03,-8.8888866594e-04,1.1063,1.9028282166e+00
0.1400,0.0001270,0.0000041,0.00012500,0.00000429,8.0808214843e-03,-9.2929415405e-04,1.1073,1.9068686962e+00
0.1410,0.0001270,0.0000041,0.00012500,0.00000429,8.0808214843e-03,-9.2929415405e-04,1.1083,1.9068686962e+00
0.1420,0.0001280,0.0000041,0.00012600,0.00000429,8.0808214843e-03,-8.8888866594e-04,1.1093,1.9068686962e+00
0.1430,0.0001280,0.0000041,0.00012600,0.00000429,8.0808214843e-03,-9.2929415405e-04,1.1103,1.9068686962e+00
0.1440,0.0001280,0.0000040,0.00012600,0.00000428,8.0808214843e-03,-9.2929415405e-04,1.1113,1.9068686962e+00
0.1450,0.0001290,0.0000041,0.00012700,0.00000428,8.0807618797e-03,-8.8889052859e-04,1.1123,1.9068685770e+00
0.1460,0.0001290,0.0000040,0.00012700,0.00000428,8.0807618797e-03,-9.2929415405e-04,1.1133,1.9068685770e+00
0.1470,0.0001300,0.0000040,0.00012800,0.00000428,8.0808214843e-03,-9.2929415405e-04,1.1143,1.9068686962e+00
0.1480,0.0001300,0.0000040,0.00012800,0.00000428,8.0808214843e-03,-9.2929415405e-04,1.1153,1.9068686962e+00
0.1490,0.0001310,0.0000040,0.00012800,0.00000428,1.2121196836e-02,-9.6969772130e-04,1.1163,1.9109090567e+00
0.1500,0.0001310,0.0000040,0.00012900,0.00000428,8.0808214843e-03,-9.6969772130e-04,1.1173,1.9068686962e+00
0.1510,0.0001320,0.0000040,0.00012900,0.00000428,1.2121255510e-02,-9.6969772130e-04,1.1183,1.9109090567e+00
0.1520,0.0001320,0.0000040,0.00012900,0.00000428,1.2121255510e-02,-1.0101014050e-03,1.1193,1.9109090567e+00
0.1530,0.0001330,0.0000040,0.00013000,0.00000427,1.2121196836e-02,-1.0101014050e-03,1.1203,1.9109090567e+00
0.1540,0.0001330,0.0000040,0.00013000,0.00000427,1.2121196836e-02,-9.2929229140e-04,1.1213,1.9109090567e+00
0.1550,0.0001330,0.0000040,0.00013100,0.00000427,8.0808214843e-03,-9.6969591687e-04,1.1223,1.9068686962e+00
0.1560,0.0001340,0.0000040,0.00013100,0.00000427,1.2121255510e-02,-9.6969591687e-04,1.1233,1.9109090567e+00
0.1570,0.0001340,0.0000040,0.00013100,0.00000427,1.2121255510e-02,-9.6969591687e-04,1.1243,1.9109090567e+00
0.1580,0.0001350,0.0000040,0.00013200,0.00000427,1.2121196836e-02,-9.6969591687e-04,1.1253,1.9109090567e+00
0.1590,0.0001360,0.0000040,0.00013200,0.00000427,1.6161631793e-02,-9.6969591687e-04,1.1263,1.9149495363e+00
0.1600,0.0001360,0.0000040,0.00013300,0.00000427,1.2121255510e-02,-9.6969591687e-04,1.1273,1.9109090567e+00
0.1610,0.0001360,0.0000040,0.00013300,0.00000427,1.2121255510e-02,-9.6969591687e-04,1.1283,1.9109090567e+00
0.1620,0.0001370,0.0000040,0.00013300,0.00000427,1.6161631793e-02,-9.6969591687e-04,1.1293,1.9149495363e+00
0.1630,0.0001370,0.0000040,0.00013400,0.00000426,1.2121196836e-02,-9.6969772130e-04,1.1303,1.9109090567e+00
0.1640,0.0001380,0.0000040,0.00013400,0.00000426,1.6161631793e-02,-9.6969772130e-04,1.1313,1.9149495363e+00
0.1650,0.0001390,0.0000040,0.00013500,0.00000426,1.6161631793e-02,-9.6969772130e-04,1.1323,1.9149495363e+00
0.1660,0.0001390,0.0000040,0.00013500,0.00000425,1.6161631793e-02,-9.2929415405e-04,1.1333,1.9149495363e+00
0.1670,0.0001400,0.0000040,0.00013600,0.00000425,1.6161631793e-02,-8.8888866594e-04,1.1343,1.9149495363e+00
0.1680,0.0001400,0.0000040,0.00013600,0.00000426,1.6161631793e-02,-9.2929229140e-04,1.1353,1.9149495363e+00
0.1690,0.0001400,0.0000040,0.00013700,0.00000425,1.2121255510e-02,-9.2929415405e-04,1.1363,1.9109090567e+00
0.1700,0.0001420,0.0000040,0.00013700,0.00000425,2.0202064887e-02,-8.8888866594e-04,1.1373,1.9189898968e+00
0.1710,0.0001420,0.0000040,0.00013800,0.00000425,1.6161631793e-02,-9.2929415405e-04,1.1383,1.9149495363e+00
0.1720,0.0001420,0.0000040,0.00013800,0.00000425,1.6161631793e-02,-9.2929415405e-04,1.1393,1.9149495363e+00
0.1730,0.0001430,0.0000040,0.00013900,0.00000424,1.6161631793e-02,-8.4848504048e-04,1.1403,1.9149495363e+00
0.1740,0.0001430,0.0000040,0.00013900,0.00000425,1.6161631793e-02,-9.2929415405e-04,1.1413,1.9149495363e+00
0.1750,0.0001440,0.0000040,0.00014000,0.00000424,1.6161631793e-02,-8.8889052859e-04,1.1423,1.9149495363e+00
0.1760,0.0001450,0.0000040,0.00014000,0.00000424,2.0202007145e-02,-8.8889052859e-04,1.1433,1.9189898968e+00
0.1770,0.0001450,0.0000040,0.00014100,0.00000424,1.6161631793e-02,-8.8889052859e-04,1.1443,1.9149495363e+00
0.1780,0.0001460,0.0000040,0.00014100,0.00000424,2.0202064887e-02,-8.8889052859e-04,1.1453,1.9189898968e+00
0.1790,0.0001470,0.0000040,0.00014200,0.00000424,2.0202007145e-02,-9.2929415405e-04,1.1463,1.9189898968e+00
0.1800,0.0001470,0.0000040,0.00014200,0.00000423,2.0202007145e-02,-8.8888866594e-04,1.1473,1.9189898968e+00
0.1810,0.0001480,0.0000040,0.00014300,0.00000423,2.0202064887e-02,-8.8888866594e-04,1.1483,1.9189898968e+00
0.1820,0.0001490,0.0000040,0.00014300,0.00000423,2.4242442101e-02,-8.8888866594e-04,1.1493,1.9230302572e+00
0.1830,0.0001490,0.0000040,0.00014400,0.00000423,2.0202007145e-02,-8.8888866594e-04,1.1503,1.9189898968e+00
0.1840,0.0001500,0.0000040,0.00014400,0.00000423,2.4242442101e-02,-8.8888866594e-04,1.1513,1.9230302572e+00
0.1850,0.0001500,0.0000040,0.00014500,0.00000423,2.0202064887e-02,-8.8888866594e-04,1.1523,1.9189898968e+00
0.1860,0.0001510,0.0000040,0.00014600,0.00000423,2.0202007145e-02,-9.2929229140e-04,1.1533,1.9189898968e+00
0.1870,0.0001520,0.0000040,0.00014600,0.00000423,2.4242382497e-02,-9.2929229140e-04,1.1543,1.9230302572e+00
0.1880,0.0001520,0.0000040,0.00014700,0.00000422,2.0202007145e-02,-8.8888866594e-04,1.1553,1.9189898968e+00
0.1890,0.0001530,0.0000040,0.00014700,0.00000422,2.4242442101e-02,-8.8888866594e-04,1.1563,1.9230302572e+00
0.1900,0.0001540,0.0000040,0.00014800,0.00000422,2.4242382497e-02,-9.2929229140e-04,1.1573,1.9230302572e+00
0.1910,0.0001550,0.0000040,0.00014800,0.00000422,2.8282817453e-02,-9.2929229140e-04,1.1583,1.9270706177e+00
0.1920,0.0001550,0.0000040,0.00014900,0.00000421,2.4242442101e-02,-8.8888866594e-04,1.1593,1.9230302572e+00
0.1930,0.0001560,0.0000040,0.00015000,0.00000422,2.4242382497e-02,-8.8888866594e-04,1.1603,1.9230302572e+00
0.1940,0.0001560,0.0000040,0.00015000,0.00000422,2.4242382497e-02,-9.6969591687e-04,1.1613,1.9230302572e+00
0.1950,0.0001570,0.0000040,0.00015100,0.00000421,2.4242442101e-02,-8.8888866594e-04,1.1623,1.9230302572e+00
0.1960,0.0001580,0.0000040,0.00015200,0.00000421,2.4242442101e-02,-8.8888866594e-04,1.1633,1.9230302572e+00
0.1970,0.0001590,0.0000040,0.00015200,0.00000421,2.8282877058e-02,-9.2929229140e-04,1.1643,1.9270707369e+00
0.1980,0.0001600,0.0000040,0.00015300,0.00000421,2.8282817453e-02,-8.8888866594e-04,1.1653,1.9270706177e+00
0.1990,0.0001600,0.0000040,0.00015400,0.00000421,2.4242442101e-02,-8.8888866594e-04,1.1663,1.9230302572e+00
