Potential,Disk-O2,Ring-O2,Disk-N2,Ring-N2,Disk-Density,Ring-Density,Potential_RHE,ABS
-0.9000,-0.0013700,0.0000873,-0.00036400,0.00001540,-4.0646462440e+00,2.9050505161e-01,0.0673,1.8725249767e+00
-0.8990,-0.0013400,0.0000877,-0.00033200,0.00001520,-4.0727272034e+00,2.9292929173e-01,0.0683,1.8806059361e+00
-0.8980,-0.0013200,0.0000871,-0.00030500,0.00001500,-4.1010103226e+00,2.9131314158e-01,0.0693,1.9088890553e+00
-0.8970,-0.0013000,0.0000869,-0.00028300,0.00001490,-4.1090912819e+00,2.9090911150e-01,0.0703,1.9169700146e+00
-0.8960,-0.0012900,0.0000872,-0.00026300,0.00001470,-4.1494951248e+00,2.9292929173e-01,0.0713,1.9573738575e+00
-0.8950,-0.0012800,0.0000865,-0.00024500,0.00001460,-4.1818180084e+00,2.9050502181e-01,0.0723,1.9896967411e+00
-0.8940,-0.0012700,0.0000870,-0.00023000,0.00001440,-4.2020201683e+00,2.9333332181e-01,0.0733,2.0098989010e+00
-0.8930,-0.0012600,0.0000861,-0.00021500,0.00001430,-4.2222223282e+00,2.9010102153e-01,0.0743,2.0301010609e+00
-0.8920,-0.0012500,0.0000872,-0.00020300,0.00001410,-4.2303028107e+00,2.9535356164e-01,0.0753,2.0381815434e+00
-0.8910,-0.0012400,0.0000858,-0.00019100,0.00001400,-4.2383842468e+00,2.9010102153e-01,0.0763,2.0462629795e+00
-0.8900,-0.0012400,0.0000865,-0.00018000,0.00001390,-4.2828283310e+00,2.9333332181e-01,0.0773,2.0907070637e+00
-0.8890,-0.0012300,0.0000863,-0.00017000,0.00001380,-4.2828283310e+00,2.9292929173e-01,0.0783,2.0907070637e+00
-0.8880,-0.0012200,0.0000860,-0.00016100,0.00001360,-4.2787876129e+00,2.9252523184e-01,0.0793,2.0866663456e+00
-0.8870,-0.0012200,0.0000861,-0.00015200,0.00001350,-4.3151516914e+00,2.9333332181e-01,0.0803,2.1230304241e+00
-0.8860,-0.0012100,0.0000852,-0.00014400,0.00001340,-4.3070707321e+00,2.9010102153e-01,0.0813,2.1149494648e+00
-0.8850,-0.0012100,0.0000859,-0.00013600,0.00001330,-4.3393940926e+00,2.9333332181e-01,0.0823,2.1472728252e+00
-0.8840,-0.0012000,0.0000853,-0.00012900,0.00001320,-4.3272728920e+00,2.9131314158e-01,0.0833,2.1351516247e+00
-0.8830,-0.0012000,0.0000856,-0.00012200,0.00001310,-4.3555560112e+00,2.9292929173e-01,0.0843,2.1634347439e+00
-0.8820,-0.0011900,0.0000849,-0.00011700,0.00001300,-4.3353538513e+00,2.9050505161e-01,0.0853,2.1432325840e+00
-0.8810,-0.0011900,0.0000855,-0.00011100,0.00001290,-4.3595957756e+00,2.9333332181e-01,0.0863,2.1674745083e+00
-0.8800,-0.0011800,0.0000850,-0.00010500,0.00001280,-4.3434343338e+00,2.9171717167e-01,0.0873,2.1513130665e+00
-0.8790,-0.0011800,0.0000851,-0.00010000,0.00001270,-4.3636364937e+00,2.9252523184e-01,0.0883,2.1715152264e+00
-0.8780,-0.0011800,0.0000846,-0.00009530,0.00001260,-4.3826260567e+00,2.9090908170e-01,0.0893,2.1905047894e+00
-0.8770,-0.0011700,0.0000843,-0.00009050,0.00001250,-4.3616161346e+00,2.9010102153e-01,0.0903,2.1694948673e+00
-0.8760,-0.0011700,0.0000845,-0.00008590,0.00001250,-4.3802018166e+00,2.9090911150e-01,0.0913,2.1880805492e+00
-0.8750,-0.0011700,0.0000839,-0.00008190,0.00001240,-4.3963632584e+00,2.8888887167e-01,0.0923,2.2042419910e+00
-0.8740,-0.0011600,0.0000842,-0.00007790,0.00001230,-4.3721213341e+00,2.9050505161e-01,0.0933,2.1800000668e+00
-0.8730,-0.0011600,0.0000838,-0.00007420,0.00001220,-4.3870706558e+00,2.8929293156e-01,0.0943,2.1949493885e+00
-0.8720,-0.0011600,0.0000840,-0.00007060,0.00001210,-4.4016160965e+00,2.9050505161e-01,0.0953,2.2094948292e+00
-0.8710,-0.0011500,0.0000837,-0.00006730,0.00001210,-4.3745455742e+00,2.8929293156e-01,0.0963,2.1824243069e+00
-0.8700,-0.0011500,0.0000836,-0.00006380,0.00001200,-4.3886871338e+00,2.8929296136e-01,0.0973,2.1965658665e+00
-0.8690,-0.0011500,0.0000840,-0.00006070,0.00001190,-4.4012122154e+00,2.9131311178e-01,0.0983,2.2090909481e+00
-0.8680,-0.0011400,0.0000837,-0.00005770,0.00001190,-4.3729290962e+00,2.9010099173e-01,0.0993,2.1808078289e+00
-0.8670,-0.0011400,0.0000843,-0.00005490,0.00001180,-4.3842425346e+00,2.9292929173e-01,0.1003,2.1921212673e+00
-0.8660,-0.0011300,0.0000841,-0.00005220,0.00001180,-4.3547472954e+00,2.9212120175e-01,0.1013,2.1626260281e+00
-0.8650,-0.0011300,0.0000841,-0.00004960,0.00001170,-4.3652524948e+00,2.9252523184e-01,0.1023,2.1731312275e+00
-0.8640,-0.0011300,0.0000840,-0.00004690,0.00001160,-4.3761615753e+00,2.9252523184e-01,0.1033,2.1840403080e+00
-0.8630,-0.0011200,0.0000836,-0.00004450,0.00001160,-4.3454546928e+00,2.9090911150e-01,0.1043,2.1533334255e+00
-0.8620,-0.0011300,0.0000842,-0.00004220,0.00001150,-4.3951516151e+00,2.9373738170e-01,0.1053,2.2030303478e+00
-0.8610,-0.0011200,0.0000833,-0.00003990,0.00001150,-4.3640408516e+00,2.9010102153e-01,0.1063,2.1719195843e+00
-0.8600,-0.0011200,0.0000840,-0.00003780,0.00001140,-4.3725252151e+00,2.9333332181e-01,0.1073,2.1804039478e+00
-0.8590,-0.0011200,0.0000831,-0.00003560,0.00001140,-4.3814139366e+00,2.8969696164e-01,0.1083,2.1892926693e+00
-0.8580,-0.0011200,0.0000839,-0.00003350,0.00001130,-4.3898992538e+00,2.9333332181e-01,0.1093,2.1977779865e+00
-0.8570,-0.0011100,0.0000831,-0.00003150,0.00001130,-4.3575754166e+00,2.9010102153e-01,0.1103,2.1654541492e+00
-0.8560,-0.0011100,0.0000831,-0.00002960,0.00001120,-4.3652524948e+00,2.9050505161e-01,0.1113,2.1731312275e+00
-0.8550,-0.0011100,0.0000831,-0.00002780,0.00001120,-4.3725252151e+00,2.9050505161e-01,0.1123,2.1804039478e+00
-0.8540,-0.0011100,0.0000828,-0.00002610,0.00001110,-4.3793940544e+00,2.8969696164e-01,0.1133,2.1872727871e+00
-0.8530,-0.0011100,0.0000833,-0.00002440,0.00001110,-4.3862624168e+00,2.9171720147e-01,0.1143,2.1941411495e+00
-0.8520,-0.0011100,0.0000824,-0.00002280,0.00001100,-4.3927268982e+00,2.8848487139e-01,0.1153,2.2006056309e+00
-0.8510,-0.0011100,0.0000830,-0.00002100,0.00001100,-4.3999996185e+00,2.9090908170e-01,0.1163,2.2078783512e+00
-0.8500,-0.0011000,0.0000826,-0.00001960,0.00001100,-4.3652524948e+00,2.8929296136e-01,0.1173,2.1731312275e+00
-0.8490,-0.0011000,0.0000823,-0.00001800,0.00001090,-4.3717169762e+00,2.8848484159e-01,0.1183,2.1795957088e+00
-0.8480,-0.0011000,0.0000830,-0.00001670,0.00001090,-4.3769698143e+00,2.9131311178e-01,0.1193,2.1848485470e+00
-0.8470,-0.0011000,0.0000821,-0.00001520,0.00001080,-4.3830304146e+00,2.8808081150e-01,0.1203,2.1909091473e+00
-0.8460,-0.0011000,0.0000827,-0.00001390,0.00001080,-4.3882827759e+00,2.9050502181e-01,0.1213,2.1961615086e+00
-0.8450,-0.0011000,0.0000820,-0.00001260,0.00001080,-4.3935356140e+00,2.8767675161e-01,0.1223,2.2014143467e+00
-0.8440,-0.0011000,0.0000820,-0.00001130,0.00001070,-4.3987879753e+00,2.8808081150e-01,0.1233,2.2066667080e+00
-0.8430,-0.0011000,0.0000823,-0.00001010,0.00001070,-4.4036364555e+00,2.8929293156e-01,0.1243,2.2115151882e+00
-0.8420,-0.0010900,0.0000815,-0.00000880,0.00001060,-4.3684849739e+00,2.8646466136e-01,0.1253,2.1763637066e+00
-0.8410,-0.0010900,0.0000822,-0.00000773,0.00001060,-4.3728084564e+00,2.8929293156e-01,0.1263,2.1806871891e+00
-0.8400,-0.0010900,0.0000821,-0.00000654,0.00001060,-4.3776164055e+00,2.8888887167e-01,0.1273,2.1854951382e+00
-0.8390,-0.0010900,0.0000814,-0.00000535,0.00001050,-4.3824243546e+00,2.8646466136e-01,0.1283,2.1903030872e+00
-0.8380,-0.0010900,0.0000822,-0.00000421,0.00001050,-4.3870301247e+00,2.8969696164e-01,0.1293,2.1949088573e+00
-0.8370,-0.0010900,0.0000814,-0.00000309,0.00001050,-4.3915557861e+00,2.8646466136e-01,0.1303,2.1994345188e+00
-0.8360,-0.0010900,0.0000823,-0.00000207,0.00001040,-4.3956770897e+00,2.9050505161e-01,0.1313,2.2035558224e+00
-0.8350,-0.0010900,0.0000816,-0.00000100,0.00001040,-4.4000082016e+00,2.8767678142e-01,0.1323,2.2078869343e+00
-0.8340,-0.0010900,0.0000824,-0.00000005,0.00001040,-4.4038329124e+00,2.9090911150e-01,0.1333,2.2117116451e+00
-0.8330,-0.0010900,0.0000818,0.00000092,0.00001040,-4.4077415466e+00,2.8848484159e-01,0.1343,2.2156202793e+00
-0.8320,-0.0010900,0.0000821,0.00000189,0.00001030,-4.4116768837e+00,2.9010102153e-01,0.1353,2.2195556164e+00
-0.8310,-0.0010900,0.0000818,0.00000281,0.00001030,-4.4153943062e+00,2.8888887167e-01,0.1363,2.2232730389e+00
-0.8300,-0.0010900,0.0000818,0.00000363,0.00001030,-4.4187068939e+00,2.8888887167e-01,0.1373,2.2265856266e+00
-0.8290,-0.0010800,0.0000815,0.00000446,0.00001020,-4.3816561699e+00,2.8808084130e-01,0.1383,2.1895349026e+00
-0.8280,-0.0010800,0.0000817,0.00000529,0.00001020,-4.3850102425e+00,2.8888887167e-01,0.1393,2.1928889751e+00
-0.8270,-0.0010800,0.0000815,0.00000613,0.00001020,-4.3884038925e+00,2.8808084130e-01,0.1403,2.1962826252e+00
-0.8260,-0.0010800,0.0000812,0.00000699,0.00001010,-4.3918786049e+00,2.8727275133e-01,0.1413,2.1997573376e+00
-0.8250,-0.0010800,0.0000816,0.00000781,0.00001010,-4.3951916695e+00,2.8888890147e-01,0.1423,2.2030704021e+00
-0.8240,-0.0010800,0.0000810,0.00000852,0.00001010,-4.3980603218e+00,2.8646466136e-01,0.1433,2.2059390545e+00
-0.8230,-0.0010800,0.0000817,0.00000927,0.00001010,-4.4010910988e+00,2.8929293156e-01,0.1443,2.2089698315e+00
-0.8220,-0.0010800,0.0000807,0.00001010,0.00001000,-4.4044442177e+00,2.8565657139e-01,0.1453,2.2123229504e+00
-0.8210,-0.0010800,0.0000814,0.00001080,0.00000999,-4.4072723389e+00,2.8852525353e-01,0.1463,2.2151510715e+00
-0.8200,-0.0010800,0.0000810,0.00001140,0.00000998,-4.4096965790e+00,2.8694948554e-01,0.1473,2.2175753117e+00
-0.8190,-0.0010800,0.0000812,0.00001250,0.00000995,-4.4141411781e+00,2.8787878156e-01,0.1483,2.2220199108e+00
-0.8180,-0.0010800,0.0000808,0.00001300,0.00000992,-4.4161615372e+00,2.8638383746e-01,0.1493,2.2240402699e+00
-0.8170,-0.0010800,0.0000814,0.00001360,0.00000990,-4.4185857773e+00,2.8888887167e-01,0.1503,2.2264645100e+00
-0.8160,-0.0010800,0.0000807,0.00001410,0.00000989,-4.4206056595e+00,2.8610104322e-01,0.1513,2.2284843922e+00
-0.8150,-0.0010800,0.0000810,0.00001480,0.00000985,-4.4234342575e+00,2.8747472167e-01,0.1523,2.2313129902e+00
-0.8140,-0.0010700,0.0000803,0.00001540,0.00000983,-4.3854546547e+00,2.8472727537e-01,0.1533,2.1933333874e+00
-0.8130,-0.0010700,0.0000810,0.00001600,0.00000983,-4.3878788948e+00,2.8755554557e-01,0.1543,2.1957576275e+00
-0.8120,-0.0010700,0.0000810,0.00001660,0.00000978,-4.3903031349e+00,2.8775757551e-01,0.1553,2.1981818676e+00
-0.8110,-0.0010700,0.0000806,0.00001710,0.00000976,-4.3923234940e+00,2.8622224927e-01,0.1563,2.2002022266e+00
-0.8100,-0.0010700,0.0000808,0.00001770,0.00000975,-4.3947477341e+00,2.8707069159e-01,0.1573,2.2026264668e+00
-0.8090,-0.0010700,0.0000804,0.00001830,0.00000972,-4.3971719742e+00,2.8557574749e-01,0.1583,2.2050507069e+00
-0.8080,-0.0010700,0.0000810,0.00001880,0.00000969,-4.3991918564e+00,2.8812122345e-01,0.1593,2.2070705891e+00
-0.8070,-0.0010700,0.0000804,0.00001940,0.00000968,-4.4016160965e+00,2.8573739529e-01,0.1603,2.2094948292e+00
-0.8060,-0.0010700,0.0000806,0.00001990,0.00000966,-4.4036364555e+00,2.8662627935e-01,0.1613,2.2115151882e+00
-0.8050,-0.0010700,0.0000802,0.00002040,0.00000963,-4.4056568146e+00,2.8513130546e-01,0.1623,2.2135355473e+00
-0.8040,-0.0010700,0.0000805,0.00002100,0.00000961,-4.4080810547e+00,2.8642424941e-01,0.1633,2.2159597874e+00
-0.8030,-0.0010700,0.0000798,0.00002140,0.00000961,-4.4096970558e+00,2.8359594941e-01,0.1643,2.2175757885e+00
-0.8020,-0.0010700,0.0000802,0.00002190,0.00000957,-4.4117174149e+00,2.8537371755e-01,0.1653,2.2195961475e+00
-0.8010,-0.0010700,0.0000795,0.00002250,0.00000955,-4.4141416550e+00,2.8262627125e-01,0.1663,2.2220203876e+00
-0.8000,-0.0010700,0.0000803,0.00002300,0.00000954,-4.4161615372e+00,2.8589898348e-01,0.1673,2.2240402699e+00
-0.7990,-0.0010700,0.0000797,0.00002340,0.00000951,-4.4177775383e+00,2.8359594941e-01,0.1683,2.2256562710e+00
-0.7980,-0.0010700,0.0000804,0.00002390,0.00000948,-4.4197978973e+00,2.8654545546e-01,0.1693,2.2276766300e+00
-0.7970,-0.0010600,0.0000796,0.00002430,0.00000946,-4.3810100555e+00,2.8339394927e-01,0.1703,2.1888887882e+00
-0.7960,-0.0010700,0.0000803,0.00002470,0.00000945,-4.4230298996e+00,2.8626263142e-01,0.1713,2.2309086323e+00
-0.7950,-0.0010600,0.0000796,0.00002510,0.00000942,-4.3842425346e+00,2.8355556726e-01,0.1723,2.1921212673e+00
-0.7940,-0.0010600,0.0000798,0.00002560,0.00000940,-4.3862624168e+00,2.8444442153e-01,0.1733,2.1941411495e+00
-0.7930,-0.0010600,0.0000795,0.00002600,0.00000940,-4.3878788948e+00,2.8323233128e-01,0.1743,2.1957576275e+00
-0.7920,-0.0010600,0.0000799,0.00002640,0.00000938,-4.3894948959e+00,2.8492930532e-01,0.1753,2.1973736286e+00
-0.7910,-0.0010600,0.0000789,0.00002680,0.00000937,-4.3911113739e+00,2.8092926741e-01,0.1763,2.1989901066e+00
-0.7900,-0.0010600,0.0000793,0.00002730,0.00000937,-4.3931312561e+00,2.8254544735e-01,0.1773,2.2010099888e+00
-0.7890,-0.0010600,0.0000796,0.00002760,0.00000933,-4.3943433762e+00,2.8391921520e-01,0.1783,2.2022221088e+00
-0.7880,-0.0010600,0.0000793,0.00002800,0.00000931,-4.3959598541e+00,2.8278785944e-01,0.1793,2.2038385868e+00
-0.7870,-0.0010600,0.0000793,0.00002840,0.00000931,-4.3975758553e+00,2.8278785944e-01,0.1803,2.2054545879e+00
-0.7860,-0.0010600,0.0000787,0.00002870,0.00000929,-4.3987879753e+00,2.8044444323e-01,0.1813,2.2066667080e+00
-0.7850,-0.0010600,0.0000800,0.00002910,0.00000926,-4.4004039764e+00,2.8581815958e-01,0.1823,2.2082827091e+00
-0.7840,-0.0010600,0.0000791,0.00002950,0.00000925,-4.4020204544e+00,2.8222221136e-01,0.1833,2.2098991871e+00
-0.7830,-0.0010600,0.0000797,0.00002990,0.00000925,-4.4036364555e+00,2.8464648128e-01,0.1843,2.2115151882e+00
-0.7820,-0.0010600,0.0000785,0.00003020,0.00000922,-4.4048485756e+00,2.7991920710e-01,0.1853,2.2127273083e+00
-0.7810,-0.0010600,0.0000793,0.00003060,0.00000921,-4.4064650536e+00,2.8319191933e-01,0.1863,2.2143437862e+00
-0.7800,-0.0010600,0.0000785,0.00003100,0.00000920,-4.4080810547e+00,2.8000003099e-01,0.1873,2.2159597874e+00
-0.7790,-0.0010600,0.0000793,0.00003120,0.00000919,-4.4088892937e+00,2.8327271342e-01,0.1883,2.2167680264e+00
-0.7780,-0.0010600,0.0000785,0.00003160,0.00000916,-4.4105052948e+00,2.8016161919e-01,0.1893,2.2183840275e+00
-0.7770,-0.0010600,0.0000792,0.00003200,0.00000915,-4.4121212959e+00,2.8303030133e-01,0.1903,2.2200000286e+00
-0.7760,-0.0010600,0.0000787,0.00003220,0.00000915,-4.4129295349e+00,2.8101012111e-01,0.1913,2.2208082676e+00
-0.7750,-0.0010600,0.0000790,0.00003260,0.00000912,-4.4145455360e+00,2.8234344721e-01,0.1923,2.2224242687e+00
-0.7740,-0.0010600,0.0000786,0.00003300,0.00000910,-4.4161620140e+00,2.8080809116e-01,0.1933,2.2240407467e+00
-0.7730,-0.0010600,0.0000786,0.00003320,0.00000910,-4.4169697762e+00,2.8080809116e-01,0.1943,2.2248485088e+00
-0.7720,-0.0010500,0.0000786,0.00003350,0.00000908,-4.3777775764e+00,2.8088888526e-01,0.1953,2.1856563091e+00
-0.7710,-0.0010500,0.0000783,0.00003380,0.00000907,-4.3789896965e+00,2.7971717715e-01,0.1963,2.1868684292e+00
-0.7700,-0.0010500,0.0000783,0.00003410,0.00000906,-4.3802018166e+00,2.7975755930e-01,0.1973,2.1880805492e+00
-0.7690,-0.0010500,0.0000779,0.00003440,0.00000905,-4.3814139366e+00,2.7818182111e-01,0.1983,2.1892926693e+00
-0.7680,-0.0010500,0.0000786,0.00003470,0.00000902,-4.3826260567e+00,2.8113132715e-01,0.1993,2.1905047894e+00
-0.7670,-0.0010500,0.0000779,0.00003510,0.00000903,-4.3842425346e+00,2.7826261520e-01,0.2003,2.1921212673e+00
-0.7660,-0.0010500,0.0000782,0.00003520,0.00000902,-4.3846464157e+00,2.7951514721e-01,0.2013,2.1925251484e+00
-0.7650,-0.0010500,0.0000777,0.00003550,0.00000899,-4.3858585358e+00,2.7761617303e-01,0.2023,2.1937372684e+00
-0.7640,-0.0010500,0.0000782,0.00003590,0.00000898,-4.3874745369e+00,2.7967676520e-01,0.2033,2.1953532696e+00
-0.7630,-0.0010500,0.0000780,0.00003610,0.00000897,-4.3882827759e+00,2.7890908718e-01,0.2043,2.1961615086e+00
-0.7620,-0.0010500,0.0000772,0.00003640,0.00000894,-4.3894948959e+00,2.7579799294e-01,0.2053,2.1973736286e+00
-0.7610,-0.0010500,0.0000779,0.00003660,0.00000894,-4.3903031349e+00,2.7862626314e-01,0.2063,2.1981818676e+00
-0.7600,-0.0010500,0.0000774,0.00003680,0.00000894,-4.3911113739e+00,2.7660608292e-01,0.2073,2.1989901066e+00
-0.7590,-0.0010500,0.0000778,0.00003700,0.00000891,-4.3919191360e+00,2.7834343910e-01,0.2083,2.1997978687e+00
-0.7580,-0.0010500,0.0000775,0.00003720,0.00000889,-4.3927273750e+00,2.7721214294e-01,0.2093,2.2006061077e+00
-0.7570,-0.0010500,0.0000774,0.00003750,0.00000888,-4.3939394951e+00,2.7684849501e-01,0.2103,2.2018182278e+00
-0.7560,-0.0010500,0.0000779,0.00003770,0.00000889,-4.3947477341e+00,2.7882829309e-01,0.2113,2.2026264668e+00
-0.7550,-0.0010500,0.0000776,0.00003800,0.00000886,-4.3959593773e+00,2.7773737907e-01,0.2123,2.2038381100e+00
-0.7540,-0.0010500,0.0000780,0.00003820,0.00000885,-4.3967671394e+00,2.7939391136e-01,0.2133,2.2046458721e+00
-0.7530,-0.0010500,0.0000776,0.00003840,0.00000884,-4.3975753784e+00,2.7781820297e-01,0.2143,2.2054541111e+00
-0.7520,-0.0010500,0.0000776,0.00003880,0.00000884,-4.3991913795e+00,2.7781820297e-01,0.2153,2.2070701122e+00
-0.7510,-0.0010500,0.0000774,0.00003900,0.00000882,-4.3999996185e+00,2.7709090710e-01,0.2163,2.2078783512e+00
-0.7500,-0.0010500,0.0000779,0.00003920,0.00000880,-4.4008078575e+00,2.7919191122e-01,0.2173,2.2086865902e+00
-0.7490,-0.0010500,0.0000772,0.00003950,0.00000879,-4.4020199776e+00,2.7640405297e-01,0.2183,2.2098987103e+00
-0.7480,-0.0010500,0.0000775,0.00003970,0.00000879,-4.4028277397e+00,2.7761617303e-01,0.2193,2.2107064724e+00
-0.7470,-0.0010500,0.0000772,0.00003980,0.00000878,-4.4032320976e+00,2.7644443512e-01,0.2203,2.2111108303e+00
-0.7460,-0.0010400,0.0000776,0.00004000,0.00000876,-4.3636360168e+00,2.7814143896e-01,0.2213,2.1715147495e+00
-0.7450,-0.0010500,0.0000771,0.00004030,0.00000876,-4.4052519798e+00,2.7612119913e-01,0.2223,2.2131307125e+00
-0.7440,-0.0010500,0.0000775,0.00004040,0.00000876,-4.4056563377e+00,2.7773737907e-01,0.2233,2.2135350704e+00
-0.7430,-0.0010400,0.0000768,0.00004070,0.00000873,-4.3664646149e+00,2.7503031492e-01,0.2243,2.1743433475e+00
-0.7420,-0.0010400,0.0000771,0.00004090,0.00000872,-4.3672723770e+00,2.7628281713e-01,0.2253,2.1751511097e+00
-0.7410,-0.0010400,0.0000767,0.00004110,0.00000872,-4.3680806160e+00,2.7466666698e-01,0.2263,2.1759593487e+00
-0.7400,-0.0010400,0.0000770,0.00004130,0.00000871,-4.3688888550e+00,2.7591919899e-01,0.2273,2.1767675877e+00
-0.7390,-0.0010400,0.0000767,0.00004150,0.00000869,-4.3696970940e+00,2.7478790283e-01,0.2283,2.1775758266e+00
-0.7380,-0.0010500,0.0000776,0.00004170,0.00000869,-4.4109086990e+00,2.7842423320e-01,0.2293,2.2187874317e+00
-0.7370,-0.0010400,0.0000765,0.00004190,0.00000869,-4.3713130951e+00,2.7397981286e-01,0.2303,2.1791918278e+00
-0.7360,-0.0010400,0.0000772,0.00004210,0.00000866,-4.3721213341e+00,2.7692928910e-01,0.2313,2.1800000668e+00
-0.7350,-0.0010400,0.0000766,0.00004230,0.00000866,-4.3729290962e+00,2.7450507879e-01,0.2323,2.1808078289e+00
-0.7340,-0.0010400,0.0000772,0.00004240,0.00000866,-4.3733334541e+00,2.7692928910e-01,0.2333,2.1812121868e+00
-0.7330,-0.0010400,0.0000769,0.00004260,0.00000864,-4.3741412163e+00,2.7579802275e-01,0.2343,2.1820199490e+00
-0.7320,-0.0010400,0.0000766,0.00004280,0.00000863,-4.3749494553e+00,2.7462628484e-01,0.2353,2.1828281879e+00
-0.7310,-0.0010400,0.0000767,0.00004290,0.00000862,-4.3753533363e+00,2.7507069707e-01,0.2363,2.1832320690e+00
-0.7300,-0.0010400,0.0000766,0.00004320,0.00000862,-4.3765654564e+00,2.7466666698e-01,0.2373,2.1844441891e+00
-0.7290,-0.0010400,0.0000765,0.00004340,0.00000859,-4.3773736954e+00,2.7438384295e-01,0.2383,2.1852524281e+00
-0.7280,-0.0010400,0.0000761,0.00004350,0.00000859,-4.3777775764e+00,2.7276766300e-01,0.2393,2.1856563091e+00
-0.7270,-0.0010400,0.0000765,0.00004370,0.00000859,-4.3785858154e+00,2.7438384295e-01,0.2403,2.1864645481e+00
-0.7260,-0.0010400,0.0000759,0.00004380,0.00000857,-4.3789896965e+00,2.7204042673e-01,0.2413,2.1868684292e+00
-0.7250,-0.0010400,0.0000758,0.00004410,0.00000856,-4.3802018166e+00,2.7167677879e-01,0.2423,2.1880805492e+00
-0.7240,-0.0010400,0.0000760,0.00004430,0.00000856,-4.3810100555e+00,2.7248480916e-01,0.2433,2.1888887882e+00
-0.7230,-0.0010400,0.0000757,0.00004450,0.00000856,-4.3818182945e+00,2.7127274871e-01,0.2443,2.1896970272e+00
-0.7220,-0.0010400,0.0000761,0.00004460,0.00000854,-4.3822221756e+00,2.7296966314e-01,0.2453,2.1901009083e+00
-0.7210,-0.0010400,0.0000753,0.00004480,0.00000854,-4.3830304146e+00,2.6973736286e-01,0.2463,2.1909091473e+00
-0.7200,-0.0010400,0.0000762,0.00004500,0.00000854,-4.3838381767e+00,2.7337372303e-01,0.2473,2.1917169094e+00
-0.7190,-0.0010400,0.0000755,0.00004510,0.00000851,-4.3842425346e+00,2.7066668868e-01,0.2483,2.1921212673e+00
-0.7180,-0.0010400,0.0000762,0.00004530,0.00000852,-4.3850502968e+00,2.7345454693e-01,0.2493,2.1929290295e+00
-0.7170,-0.0010400,0.0000753,0.00004550,0.00000852,-4.3858585358e+00,2.6981818676e-01,0.2503,2.1937372684e+00
-0.7160,-0.0010400,0.0000761,0.00004570,0.00000849,-4.3866667747e+00,2.7317169309e-01,0.2513,2.1945455074e+00
-0.7150,-0.0010400,0.0000753,0.00004580,0.00000849,-4.3870706558e+00,2.6993939281e-01,0.2523,2.1949493885e+00
-0.7140,-0.0010400,0.0000761,0.00004590,0.00000849,-4.3874745369e+00,2.7317169309e-01,0.2533,2.1953532696e+00
-0.7130,-0.0010400,0.0000749,0.00004610,0.00000846,-4.3882827759e+00,2.6844444871e-01,0.2543,2.1961615086e+00
-0.7120,-0.0010400,0.0000755,0.00004620,0.00000846,-4.3886871338e+00,2.7086871862e-01,0.2553,2.1965658665e+00
-0.7110,-0.0010300,0.0000748,0.00004620,0.00000846,-4.3482828140e+00,2.6804038882e-01,0.2563,2.1561615467e+00
-0.7100,-0.0010300,0.0000754,0.00004660,0.00000844,-4.3498992920e+00,2.7054545283e-01,0.2573,2.1577780247e+00
-0.7090,-0.0010300,0.0000749,0.00004660,0.00000843,-4.3498992920e+00,2.6856568456e-01,0.2583,2.1577780247e+00
-0.7080,-0.0010300,0.0000751,0.00004670,0.00000844,-4.3503031731e+00,2.6933330297e-01,0.2593,2.1581819057e+00
-0.7070,-0.0010300,0.0000750,0.00004690,0.00000841,-4.3511114120e+00,2.6905050874e-01,0.2603,2.1589901447e+00
-0.7060,-0.0010300,0.0000753,0.00004700,0.00000840,-4.3515152931e+00,2.7030304074e-01,0.2613,2.1593940258e+00
-0.7050,-0.0010300,0.0000747,0.00004720,0.00000840,-4.3523235321e+00,2.6787880063e-01,0.2623,2.1602022648e+00
-0.7040,-0.0010300,0.0000753,0.00004730,0.00000838,-4.3527274132e+00,2.7038383484e-01,0.2633,2.1606061459e+00
-0.7030,-0.0010300,0.0000746,0.00004750,0.00000837,-4.3535356522e+00,2.6759597659e-01,0.2643,2.1614143848e+00
-0.7020,-0.0010300,0.0000753,0.00004760,0.00000837,-4.3539395332e+00,2.7042424679e-01,0.2653,2.1618182659e+00
-0.7010,-0.0010300,0.0000745,0.00004770,0.00000837,-4.3543438911e+00,2.6719191670e-01,0.2663,2.1622226238e+00
-0.7000,-0.0010300,0.0000751,0.00004790,0.00000835,-4.3551516533e+00,2.6969698071e-01,0.2673,2.1630303860e+00
-0.6990,-0.0010300,0.0000744,0.00004790,0.00000834,-4.3551516533e+00,2.6690909266e-01,0.2683,2.1630303860e+00
-0.6980,-0.0010300,0.0000749,0.00004820,0.00000835,-4.3563637733e+00,2.6888892055e-01,0.2693,2.1642425060e+00
-0.6970,-0.0010300,0.0000742,0.00004830,0.00000833,-4.3567681313e+00,2.6614141464e-01,0.2703,2.1646468639e+00
-0.6960,-0.0010300,0.0000749,0.00004840,0.00000831,-4.3571720123e+00,2.6905050874e-01,0.2713,2.1650507450e+00
-0.6950,-0.0010300,0.0000742,0.00004850,0.00000832,-4.3575758934e+00,2.6618179679e-01,0.2723,2.1654546261e+00
-0.6940,-0.0010300,0.0000746,0.00004870,0.00000833,-4.3583841324e+00,2.6775759459e-01,0.2733,2.1662628651e+00
-0.6930,-0.0010300,0.0000740,0.00004880,0.00000830,-4.3587880135e+00,2.6545456052e-01,0.2743,2.1666667461e+00
-0.6920,-0.0010300,0.0000749,0.00004890,0.00000831,-4.3591923714e+00,2.6905050874e-01,0.2753,2.1670711040e+00
-0.6910,-0.0010300,0.0000739,0.00004910,0.00000831,-4.3600001335e+00,2.6501008868e-01,0.2763,2.1678788662e+00
-0.6900,-0.0010300,0.0000747,0.00004910,0.00000828,-4.3600001335e+00,2.6836365461e-01,0.2773,2.1678788662e+00
-0.6890,-0.0010300,0.0000739,0.00004930,0.00000828,-4.3608083725e+00,2.6513132453e-01,0.2783,2.1686871052e+00
-0.6880,-0.0010300,0.0000747,0.00004930,0.00000829,-4.3608083725e+00,2.6832324266e-01,0.2793,2.1686871052e+00
-0.6870,-0.0010300,0.0000741,0.00004950,0.00000827,-4.3616166115e+00,2.6597979665e-01,0.2803,2.1694953442e+00
-0.6860,-0.0010300,0.0000743,0.00004950,0.00000826,-4.3616166115e+00,2.6682826877e-01,0.2813,2.1694953442e+00
-0.6850,-0.0010300,0.0000743,0.00004970,0.00000827,-4.3624243736e+00,2.6678788662e-01,0.2823,2.1703031063e+00
-0.6840,-0.0010300,0.0000739,0.00004990,0.00000825,-4.3632326126e+00,2.6525256038e-01,0.2833,2.1711113453e+00
-0.6830,-0.0010300,0.0000742,0.00005000,0.00000824,-4.3636364937e+00,2.6650503278e-01,0.2843,2.1715152264e+00
-0.6820,-0.0010300,0.0000737,0.00005010,0.00000823,-4.3640408516e+00,2.6452523470e-01,0.2853,2.1719195843e+00
-0.6810,-0.0010300,0.0000742,0.00005020,0.00000823,-4.3644447327e+00,2.6654544473e-01,0.2863,2.1723234653e+00
-0.6800,-0.0010300,0.0000732,0.00005020,0.00000821,-4.3644447327e+00,2.6258584857e-01,0.2873,2.1723234653e+00
-0.6790,-0.0010300,0.0000741,0.00005040,0.00000820,-4.3652529716e+00,2.6626262069e-01,0.2883,2.1731317043e+00
-0.6780,-0.0010300,0.0000735,0.00005050,0.00000820,-4.3656568527e+00,2.6383838058e-01,0.2893,2.1735355854e+00
-0.6770,-0.0010300,0.0000739,0.00005060,0.00000821,-4.3660607338e+00,2.6541414857e-01,0.2903,2.1739394665e+00
-0.6760,-0.0010300,0.0000737,0.00005070,0.00000819,-4.3664650917e+00,2.6468688250e-01,0.2913,2.1743438244e+00
-0.6750,-0.0010300,0.0000735,0.00005080,0.00000819,-4.3668689728e+00,2.6387879252e-01,0.2923,2.1747477055e+00
-0.6740,-0.0010200,0.0000738,0.00005090,0.00000818,-4.3268685341e+00,2.6513132453e-01,0.2933,2.1347472668e+00
-0.6730,-0.0010200,0.0000730,0.00005100,0.00000818,-4.3272728920e+00,2.6189899445e-01,0.2943,2.1351516247e+00
-0.6720,-0.0010300,0.0000737,0.00005110,0.00000816,-4.3680810928e+00,2.6480808854e-01,0.2953,2.1759598255e+00
-0.6710,-0.0010200,0.0000729,0.00005130,0.00000816,-4.3284850121e+00,2.6157575846e-01,0.2963,2.1363637447e+00
-0.6700,-0.0010300,0.0000735,0.00005130,0.00000816,-4.3688893318e+00,2.6399999857e-01,0.2973,2.1767680645e+00
-0.6690,-0.0010200,0.0000729,0.00005150,0.00000817,-4.3292927742e+00,2.6153537631e-01,0.2983,2.1371715069e+00
-0.6680,-0.0010300,0.0000730,0.00005160,0.00000815,-4.3701014519e+00,2.6202020049e-01,0.2993,2.1779801846e+00
-0.6670,-0.0010300,0.0000730,0.00005160,0.00000814,-4.3701014519e+00,2.6206061244e-01,0.3003,2.1779801846e+00
-0.6660,-0.0010200,0.0000731,0.00005180,0.00000814,-4.3305048943e+00,2.6246464252e-01,0.3013,2.1383836269e+00
-0.6650,-0.0010300,0.0000735,0.00005190,0.00000814,-4.3713135719e+00,2.6408082247e-01,0.3023,2.1791923046e+00
-0.6640,-0.0010200,0.0000727,0.00005190,0.00000812,-4.3309092522e+00,2.6092931628e-01,0.3033,2.1387879848e+00
-0.6630,-0.0010300,0.0000732,0.00005200,0.00000812,-4.3717174530e+00,2.6294949651e-01,0.3043,2.1795961857e+00
-0.6620,-0.0010200,0.0000725,0.00005210,0.00000812,-4.3317170143e+00,2.6012122631e-01,0.3053,2.1395957470e+00
-0.6610,-0.0010300,0.0000731,0.00005210,0.00000812,-4.3721218109e+00,2.6254543662e-01,0.3063,2.1800005436e+00
-0.6600,-0.0010300,0.0000728,0.00005230,0.00000810,-4.3729295731e+00,2.6141414046e-01,0.3073,2.1808083057e+00
-0.6590,-0.0010200,0.0000730,0.00005240,0.00000810,-4.3329296112e+00,2.6222223043e-01,0.3083,2.1408083439e+00
-0.6580,-0.0010200,0.0000729,0.00005240,0.00000811,-4.3329296112e+00,2.6177778840e-01,0.3093,2.1408083439e+00
-0.6570,-0.0010200,0.0000725,0.00005250,0.00000809,-4.3333334923e+00,2.6024243236e-01,0.3103,2.1412122250e+00
-0.6560,-0.0010300,0.0000730,0.00005250,0.00000808,-4.3737378120e+00,2.6230302453e-01,0.3113,2.1816165447e+00
-0.6550,-0.0010200,0.0000725,0.00005270,0.00000809,-4.3341417313e+00,2.6024243236e-01,0.3123,2.1420204639e+00
-0.6540,-0.0010200,0.0000726,0.00005270,0.00000808,-4.3341417313e+00,2.6068687439e-01,0.3133,2.1420204639e+00
-0.6530,-0.0010300,0.0000729,0.00005290,0.00000807,-4.3753538132e+00,2.6193940639e-01,0.3143,2.1832325459e+00
-0.6520,-0.0010200,0.0000720,0.00005300,0.00000807,-4.3353538513e+00,2.5830304623e-01,0.3153,2.1432325840e+00
-0.6510,-0.0010200,0.0000728,0.00005300,0.00000807,-4.3353538513e+00,2.6153537631e-01,0.3163,2.1432325840e+00
-0.6500,-0.0010200,0.0000718,0.00005310,0.00000805,-4.3357577324e+00,2.5757575035e-01,0.3173,2.1436364651e+00
-0.6490,-0.0010200,0.0000724,0.00005320,0.00000805,-4.3361616135e+00,2.5999999046e-01,0.3183,2.1440403461e+00
-0.6480,-0.0010200,0.0000719,0.00005330,0.00000805,-4.3365654945e+00,2.5797978044e-01,0.3193,2.1444442272e+00
-0.6470,-0.0010200,0.0000722,0.00005330,0.00000805,-4.3365654945e+00,2.5919190049e-01,0.3203,2.1444442272e+00
-0.6460,-0.0010200,0.0000721,0.00005360,0.00000803,-4.3377780914e+00,2.5886869431e-01,0.3213,2.1456568241e+00
-0.6450,-0.0010200,0.0000715,0.00005360,0.00000804,-4.3377780914e+00,2.5640404224e-01,0.3223,2.1456568241e+00
-0.6440,-0.0010200,0.0000722,0.00005360,0.00000804,-4.3377780914e+00,2.5923231244e-01,0.3233,2.1456568241e+00
-0.6430,-0.0010200,0.0000717,0.00005380,0.00000802,-4.3385853767e+00,2.5729295611e-01,0.3243,2.1464641094e+00
-0.6420,-0.0010200,0.0000726,0.00005380,0.00000801,-4.3385853767e+00,2.6096969843e-01,0.3253,2.1464641094e+00
-0.6410,-0.0010200,0.0000714,0.00005380,0.00000801,-4.3385853767e+00,2.5612121820e-01,0.3263,2.1464641094e+00
-0.6400,-0.0010200,0.0000720,0.00005390,0.00000800,-4.3389897346e+00,2.5858587027e-01,0.3273,2.1468684673e+00
-0.6390,-0.0010200,0.0000715,0.00005410,0.00000799,-4.3397974968e+00,2.5660607219e-01,0.3283,2.1476762295e+00
-0.6380,-0.0010200,0.0000717,0.00005410,0.00000798,-4.3397974968e+00,2.5745454431e-01,0.3293,2.1476762295e+00
-0.6370,-0.0010200,0.0000720,0.00005410,0.00000799,-4.3397974968e+00,2.5862628222e-01,0.3303,2.1476762295e+00
-0.6360,-0.0010200,0.0000714,0.00005430,0.00000798,-4.3406057358e+00,2.5624242425e-01,0.3313,2.1484844685e+00
-0.6350,-0.0010200,0.0000718,0.00005420,0.00000797,-4.3402018547e+00,2.5789898634e-01,0.3323,2.1480805874e+00
-0.6340,-0.0010200,0.0000713,0.00005440,0.00000797,-4.3410096169e+00,2.5587877631e-01,0.3333,2.1488883495e+00
-0.6330,-0.0010200,0.0000717,0.00005450,0.00000797,-4.3414139748e+00,2.5749492645e-01,0.3343,2.1492927074e+00
-0.6320,-0.0010200,0.0000716,0.00005450,0.00000795,-4.3414139748e+00,2.5717172027e-01,0.3353,2.1492927074e+00
-0.6310,-0.0010200,0.0000714,0.00005460,0.00000795,-4.3418178558e+00,2.5636363029e-01,0.3363,2.1496965885e+00
-0.6300,-0.0010200,0.0000716,0.00005470,0.00000795,-4.3422217369e+00,2.5717172027e-01,0.3373,2.1501004696e+00
-0.6290,-0.0010200,0.0000709,0.00005470,0.00000796,-4.3422217369e+00,2.5430303812e-01,0.3383,2.1501004696e+00
-0.6280,-0.0010200,0.0000714,0.00005480,0.00000794,-4.3426260948e+00,2.5640404224e-01,0.3393,2.1505048275e+00
-0.6270,-0.0010200,0.0000710,0.00005490,0.00000793,-4.3430299759e+00,2.5482830405e-01,0.3403,2.1509087086e+00
-0.6260,-0.0010200,0.0000715,0.00005500,0.00000793,-4.3434338570e+00,2.5684848428e-01,0.3413,2.1513125896e+00
-0.6250,-0.0010200,0.0000713,0.00005500,0.00000793,-4.3434338570e+00,2.5604039431e-01,0.3423,2.1513125896e+00
-0.6240,-0.0010200,0.0000709,0.00005500,0.00000792,-4.3434338570e+00,2.5446465611e-01,0.3433,2.1513125896e+00
-0.6230,-0.0010200,0.0000712,0.00005510,0.00000792,-4.3438382149e+00,2.5567674637e-01,0.3443,2.1517169476e+00
-0.6220,-0.0010200,0.0000706,0.00005520,0.00000793,-4.3442420959e+00,2.5321212411e-01,0.3453,2.1521208286e+00
-0.6210,-0.0010200,0.0000712,0.00005530,0.00000791,-4.3446459770e+00,2.5571715832e-01,0.3463,2.1525247097e+00
-0.6200,-0.0010200,0.0000704,0.00005540,0.00000790,-4.3450503349e+00,2.5252524018e-01,0.3473,2.1529290676e+00
-0.6190,-0.0010200,0.0000712,0.00005530,0.00000790,-4.3446459770e+00,2.5575754046e-01,0.3483,2.1525247097e+00
-0.6180,-0.0010100,0.0000703,0.00005540,0.00000791,-4.3046464920e+00,2.5208079815e-01,0.3493,2.1125252247e+00
-0.6170,-0.0010200,0.0000712,0.00005550,0.00000790,-4.3454542160e+00,2.5575754046e-01,0.3503,2.1533329487e+00
-0.6160,-0.0010200,0.0000706,0.00005550,0.00000790,-4.3454542160e+00,2.5333333015e-01,0.3513,2.1533329487e+00
-0.6150,-0.0010100,0.0000707,0.00005560,0.00000791,-4.3054542542e+00,2.5369697809e-01,0.3523,2.1133329868e+00
-0.6140,-0.0010100,0.0000710,0.00005590,0.00000789,-4.3066663742e+00,2.5498992205e-01,0.3533,2.1145451069e+00
-0.6130,-0.0010200,0.0000707,0.00005580,0.00000789,-4.3466663361e+00,2.5377780199e-01,0.3543,2.1545450687e+00
-0.6120,-0.0010100,0.0000712,0.00005580,0.00000790,-4.3062624931e+00,2.5575754046e-01,0.3553,2.1141412258e+00
-0.6110,-0.0010100,0.0000704,0.00005590,0.00000788,-4.3066663742e+00,2.5260606408e-01,0.3563,2.1145451069e+00
-0.6100,-0.0010100,0.0000710,0.00005590,0.00000788,-4.3066663742e+00,2.5503030419e-01,0.3573,2.1145451069e+00
-0.6090,-0.0010100,0.0000704,0.00005590,0.00000789,-4.3066663742e+00,2.5256565213e-01,0.3583,2.1145451069e+00
-0.6080,-0.0010100,0.0000707,0.00005600,0.00000786,-4.3070707321e+00,2.5389900804e-01,0.3593,2.1149494648e+00
-0.6070,-0.0010100,0.0000702,0.00005600,0.00000786,-4.3070707321e+00,2.5187879801e-01,0.3603,2.1149494648e+00
-0.6060,-0.0010100,0.0000701,0.00005600,0.00000786,-4.3070707321e+00,2.5147476792e-01,0.3613,2.1149494648e+00
-0.6050,-0.0010100,0.0000706,0.00005620,0.00000785,-4.3078784943e+00,2.5353533030e-01,0.3623,2.1157572269e+00
-0.6040,-0.0010100,0.0000700,0.00005620,0.00000784,-4.3078784943e+00,2.5115153193e-01,0.3633,2.1157572269e+00
-0.6030,-0.0010100,0.0000708,0.00005620,0.00000784,-4.3078784943e+00,2.5438386202e-01,0.3643,2.1157572269e+00
-0.6020,-0.0010100,0.0000701,0.00005630,0.00000785,-4.3082828522e+00,2.5151515007e-01,0.3653,2.1161615849e+00
-0.6010,-0.0010100,0.0000707,0.00005640,0.00000783,-4.3086867332e+00,2.5402021408e-01,0.3663,2.1165654659e+00
-0.6000,-0.0010100,0.0000701,0.00005640,0.00000783,-4.3086867332e+00,2.5159597397e-01,0.3673,2.1165654659e+00
-0.5990,-0.0010100,0.0000704,0.00005650,0.00000783,-4.3090906143e+00,2.5280806422e-01,0.3683,2.1169693470e+00
-0.5980,-0.0010100,0.0000705,0.00005660,0.00000782,-4.3094949722e+00,2.5325250626e-01,0.3693,2.1173737049e+00
-0.5970,-0.0010100,0.0000701,0.00005660,0.00000781,-4.3094949722e+00,2.5167679787e-01,0.3703,2.1173737049e+00
-0.5960,-0.0010100,0.0000706,0.00005650,0.00000780,-4.3090906143e+00,2.5373736024e-01,0.3713,2.1169693470e+00
-0.5950,-0.0010100,0.0000700,0.00005680,0.00000782,-4.3103027344e+00,2.5123232603e-01,0.3723,2.1181814671e+00
-0.5940,-0.0010100,0.0000704,0.00005670,0.00000780,-4.3098988533e+00,2.5292927027e-01,0.3733,2.1177775860e+00
-0.5930,-0.0010100,0.0000705,0.00005670,0.00000780,-4.3098988533e+00,2.5333333015e-01,0.3743,2.1177775860e+00
-0.5920,-0.0010100,0.0000701,0.00005690,0.00000780,-4.3107070923e+00,2.5171718001e-01,0.3753,2.1185858250e+00
-0.5910,-0.0010100,0.0000706,0.00005690,0.00000779,-4.3107070923e+00,2.5377777219e-01,0.3763,2.1185858250e+00
-0.5900,-0.0010100,0.0000700,0.00005690,0.00000778,-4.3107070923e+00,2.5139394403e-01,0.3773,2.1185858250e+00
-0.5890,-0.0010100,0.0000702,0.00005700,0.00000778,-4.3111109734e+00,2.5220203400e-01,0.3783,2.1189897060e+00
-0.5880,-0.0010100,0.0000703,0.00005700,0.00000779,-4.3111109734e+00,2.5256562233e-01,0.3793,2.1189897060e+00
-0.5870,-0.0010100,0.0000699,0.00005700,0.00000777,-4.3111109734e+00,2.5103029609e-01,0.3803,2.1189897060e+00
-0.5860,-0.0010100,0.0000707,0.00005710,0.00000777,-4.3115148544e+00,2.5426262617e-01,0.3813,2.1193935871e+00
-0.5850,-0.0010100,0.0000699,0.00005720,0.00000777,-4.3119192123e+00,2.5103029609e-01,0.3823,2.1197979450e+00
-0.5840,-0.0010100,0.0000702,0.00005720,0.00000775,-4.3119192123e+00,2.5232324004e-01,0.3833,2.1197979450e+00
-0.5830,-0.0010100,0.0000703,0.00005730,0.00000775,-4.3123230934e+00,2.5272727013e-01,0.3843,2.1202018261e+00
-0.5820,-0.0010100,0.0000696,0.00005740,0.00000774,-4.3127269745e+00,2.4993941188e-01,0.3853,2.1206057072e+00
-0.5810,-0.0010100,0.0000705,0.00005730,0.00000775,-4.3123230934e+00,2.5353533030e-01,0.3863,2.1202018261e+00
-0.5800,-0.0010100,0.0000700,0.00005740,0.00000774,-4.3127269745e+00,2.5155559182e-01,0.3873,2.1206057072e+00
-0.5790,-0.0010100,0.0000698,0.00005740,0.00000774,-4.3127269745e+00,2.5074750185e-01,0.3883,2.1206057072e+00
-0.5780,-0.0010100,0.0000704,0.00005740,0.00000774,-4.3127269745e+00,2.5317168236e-01,0.3893,2.1206057072e+00
-0.5770,-0.0010100,0.0000697,0.00005750,0.00000775,-4.3131313324e+00,2.5030303001e-01,0.3903,2.1210100651e+00
-0.5760,-0.0010100,0.0000703,0.00005760,0.00000773,-4.3135352135e+00,2.5280806422e-01,0.3913,2.1214139462e+00
-0.5750,-0.0010100,0.0000697,0.00005750,0.00000772,-4.3131313324e+00,2.5042423606e-01,0.3923,2.1210100651e+00
-0.5740,-0.0010100,0.0000699,0.00005760,0.00000773,-4.3135352135e+00,2.5119191408e-01,0.3933,2.1214139462e+00
-0.5730,-0.0010100,0.0000701,0.00005770,0.00000772,-4.3139390945e+00,2.5204041600e-01,0.3943,2.1218178272e+00
-0.5720,-0.0010100,0.0000695,0.00005780,0.00000771,-4.3143434525e+00,2.4965657294e-01,0.3953,2.1222221851e+00
-0.5710,-0.0010100,0.0000702,0.00005780,0.00000771,-4.3143434525e+00,2.5248485804e-01,0.3963,2.1222221851e+00
-0.5700,-0.0010100,0.0000697,0.00005790,0.00000771,-4.3147473335e+00,2.5046464801e-01,0.3973,2.1226260662e+00
-0.5690,-0.0010000,0.0000696,0.00005790,0.00000771,-4.2743434906e+00,2.5006061792e-01,0.3983,2.0822222233e+00
-0.5680,-0.0010100,0.0000699,0.00005790,0.00000769,-4.3147473335e+00,2.5135356188e-01,0.3993,2.1226260662e+00
-0.5670,-0.0010000,0.0000695,0.00005780,0.00000769,-4.2739396095e+00,2.4973738194e-01,0.4003,2.0818183422e+00
-0.5660,-0.0010100,0.0000700,0.00005800,0.00000770,-4.3151516914e+00,2.5171718001e-01,0.4013,2.1230304241e+00
-0.5650,-0.0010000,0.0000694,0.00005790,0.00000770,-4.2743434906e+00,2.4929291010e-01,0.4023,2.0822222233e+00
-0.5640,-0.0010100,0.0000701,0.00005800,0.00000769,-4.3151516914e+00,2.5216165185e-01,0.4033,2.1230304241e+00
-0.5630,-0.0010100,0.0000694,0.00005820,0.00000768,-4.3159594536e+00,2.4937373400e-01,0.4043,2.1238381863e+00
-0.5620,-0.0010100,0.0000697,0.00005810,0.00000769,-4.3155555725e+00,2.5054547191e-01,0.4053,2.1234343052e+00
-0.5610,-0.0010000,0.0000699,0.00005810,0.00000767,-4.2751517296e+00,2.5143435597e-01,0.4063,2.0830304623e+00
-0.5600,-0.0010000,0.0000693,0.00005820,0.00000768,-4.2755556107e+00,2.4896968901e-01,0.4073,2.0834343433e+00
-0.5590,-0.0010000,0.0000700,0.00005820,0.00000769,-4.2755556107e+00,2.5175759196e-01,0.4083,2.0834343433e+00
-0.5580,-0.0010000,0.0000694,0.00005820,0.00000767,-4.2755556107e+00,2.4941413105e-01,0.4093,2.0834343433e+00
-0.5570,-0.0010000,0.0000698,0.00005820,0.00000767,-4.2755556107e+00,2.5103029609e-01,0.4103,2.0834343433e+00
-0.5560,-0.0010000,0.0000699,0.00005830,0.00000767,-4.2759594917e+00,2.5143435597e-01,0.4113,2.0838382244e+00
-0.5550,-0.0010000,0.0000694,0.00005840,0.00000767,-4.2763638496e+00,2.4941413105e-01,0.4123,2.0842425823e+00
-0.5540,-0.0010000,0.0000700,0.00005840,0.00000765,-4.2763638496e+00,2.5191920996e-01,0.4133,2.0842425823e+00
-0.5530,-0.0010000,0.0000693,0.00005850,0.00000765,-4.2767677307e+00,2.4909089506e-01,0.4143,2.0846464634e+00
-0.5520,-0.0010000,0.0000694,0.00005840,0.00000767,-4.2763638496e+00,2.4941413105e-01,0.4153,2.0842425823e+00
-0.5510,-0.0010000,0.0000697,0.00005850,0.00000764,-4.2767677307e+00,2.5074747205e-01,0.4163,2.0846464634e+00
-0.5500,-0.0010000,0.0000693,0.00005850,0.00000764,-4.2767677307e+00,2.4913129210e-01,0.4173,2.0846464634e+00
-0.5490,-0.0010000,0.0000698,0.00005860,0.00000764,-4.2771716118e+00,2.5115150213e-01,0.4183,2.0850503445e+00
-0.5480,-0.0010000,0.0000692,0.00005860,0.00000764,-4.2771716118e+00,2.4872727692e-01,0.4193,2.0850503445e+00
-0.5470,-0.0010000,0.0000698,0.00005860,0.00000762,-4.2771716118e+00,2.5123232603e-01,0.4203,2.0850503445e+00
-0.5460,-0.0010000,0.0000694,0.00005860,0.00000763,-4.2771716118e+00,2.4957574904e-01,0.4213,2.0850503445e+00
-0.5450,-0.0010000,0.0000693,0.00005870,0.00000763,-4.2775759697e+00,2.4917170405e-01,0.4223,2.0854547024e+00
-0.5440,-0.0010000,0.0000696,0.00005880,0.00000763,-4.2779798508e+00,2.5038385391e-01,0.4233,2.0858585835e+00
-0.5430,-0.0010000,0.0000692,0.00005880,0.00000762,-4.2779798508e+00,2.4880808592e-01,0.4243,2.0858585835e+00
-0.5420,-0.0009980,0.0000698,0.00005870,0.00000762,-4.2694950104e+00,2.5123232603e-01,0.4253,2.0773737431e+00
-0.5410,-0.0010000,0.0000692,0.00005880,0.00000762,-4.2779798508e+00,2.4880808592e-01,0.4263,2.0858585835e+00
-0.5400,-0.0010000,0.0000693,0.00005880,0.00000762,-4.2779798508e+00,2.4921210110e-01,0.4273,2.0858585835e+00
-0.5390,-0.0009980,0.0000694,0.00005880,0.00000761,-4.2698988914e+00,2.4965657294e-01,0.4283,2.0777776241e+00
-0.5380,-0.0009990,0.0000689,0.00005890,0.00000761,-4.2743434906e+00,2.4763637781e-01,0.4293,2.0822222233e+00
-0.5370,-0.0009980,0.0000696,0.00005890,0.00000761,-4.2703032494e+00,2.5046464801e-01,0.4303,2.0781819820e+00
-0.5360,-0.0009980,0.0000687,0.00005900,0.00000760,-4.2707071304e+00,2.4686868489e-01,0.4313,2.0785858631e+00
-0.5350,-0.0009980,0.0000694,0.00005900,0.00000760,-4.2707071304e+00,2.4969695508e-01,0.4323,2.0785858631e+00
-0.5340,-0.0009960,0.0000688,0.00005910,0.00000760,-4.2630305290e+00,2.4727272987e-01,0.4333,2.0709092617e+00
-0.5330,-0.0009980,0.0000693,0.00005900,0.00000759,-4.2707071304e+00,2.4933330715e-01,0.4343,2.0785858631e+00
-0.5320,-0.0009960,0.0000686,0.00005910,0.00000758,-4.2630305290e+00,2.4654546380e-01,0.4353,2.0709092617e+00
-0.5310,-0.0009960,0.0000692,0.00005920,0.00000758,-4.2634344101e+00,2.4896971881e-01,0.4363,2.0713131428e+00
-0.5300,-0.0009980,0.0000697,0.00005910,0.00000759,-4.2711110115e+00,2.5094947219e-01,0.4373,2.0789897442e+00
-0.5290,-0.0009950,0.0000685,0.00005910,0.00000757,-4.2589898109e+00,2.4618180096e-01,0.4383,2.0668685436e+00
-0.5280,-0.0009970,0.0000699,0.00005920,0.00000756,-4.2674746513e+00,2.5187876821e-01,0.4393,2.0753533840e+00
-0.5270,-0.0009980,0.0000689,0.00005930,0.00000757,-4.2719192505e+00,2.4779798090e-01,0.4403,2.0797979832e+00
-0.5260,-0.0009970,0.0000693,0.00005920,0.00000757,-4.2674746513e+00,2.4941413105e-01,0.4413,2.0753533840e+00
-0.5250,-0.0009960,0.0000693,0.00005930,0.00000756,-4.2638382912e+00,2.4945451319e-01,0.4423,2.0717170238e+00
-0.5240,-0.0009970,0.0000688,0.00005930,0.00000757,-4.2678790092e+00,2.4739393592e-01,0.4433,2.0757577419e+00
-0.5230,-0.0009960,0.0000694,0.00005930,0.00000757,-4.2638382912e+00,2.4981816113e-01,0.4443,2.0717170238e+00
-0.5220,-0.0009960,0.0000690,0.00005930,0.00000755,-4.2638382912e+00,2.4828283489e-01,0.4453,2.0717170238e+00
-0.5210,-0.0009960,0.0000691,0.00005930,0.00000755,-4.2638382912e+00,2.4868687987e-01,0.4463,2.0717170238e+00
-0.5200,-0.0009970,0.0000696,0.00005930,0.00000756,-4.2678790092e+00,2.5066664815e-01,0.4473,2.0757577419e+00
-0.5190,-0.0009950,0.0000690,0.00005940,0.00000754,-4.2602019310e+00,2.4832323194e-01,0.4483,2.0680806637e+00
-0.5180,-0.0009970,0.0000690,0.00005950,0.00000755,-4.2686867714e+00,2.4828283489e-01,0.4493,2.0765655041e+00
-0.5170,-0.0009950,0.0000695,0.00005950,0.00000756,-4.2606062889e+00,2.5026261806e-01,0.4503,2.0684850216e+00
-0.5160,-0.0009950,0.0000689,0.00005950,0.00000754,-4.2606062889e+00,2.4791918695e-01,0.4513,2.0684850216e+00
-0.5150,-0.0009940,0.0000690,0.00005960,0.00000754,-4.2569694519e+00,2.4832323194e-01,0.4523,2.0648481846e+00
-0.5140,-0.0009930,0.0000695,0.00005950,0.00000755,-4.2525253296e+00,2.5030303001e-01,0.4533,2.0604040623e+00
-0.5130,-0.0009930,0.0000689,0.00005950,0.00000753,-4.2525253296e+00,2.4795961380e-01,0.4543,2.0604040623e+00
-0.5120,-0.0009950,0.0000691,0.00005960,0.00000753,-4.2610101700e+00,2.4876768887e-01,0.4553,2.0688889027e+00
-0.5110,-0.0009950,0.0000694,0.00005970,0.00000753,-4.2614140511e+00,2.4997979403e-01,0.4563,2.0692927837e+00
-0.5100,-0.0009940,0.0000687,0.00005970,0.00000753,-4.2573738098e+00,2.4715152383e-01,0.4573,2.0652525425e+00
-0.5090,-0.0009950,0.0000689,0.00005970,0.00000752,-4.2614140511e+00,2.4799999595e-01,0.4583,2.0692927837e+00
-0.5080,-0.0009940,0.0000692,0.00005970,0.00000752,-4.2573738098e+00,2.4921213090e-01,0.4593,2.0652525425e+00
-0.5070,-0.0009920,0.0000684,0.00005970,0.00000753,-4.2492928505e+00,2.4593937397e-01,0.4603,2.0571715832e+00
-0.5060,-0.0009920,0.0000689,0.00005970,0.00000752,-4.2492928505e+00,2.4799999595e-01,0.4613,2.0571715832e+00
-0.5050,-0.0009940,0.0000692,0.00005970,0.00000752,-4.2573738098e+00,2.4921213090e-01,0.4623,2.0652525425e+00
-0.5040,-0.0009930,0.0000686,0.00005980,0.00000752,-4.2537374496e+00,2.4678787589e-01,0.4633,2.0616161823e+00
-0.5030,-0.0009920,0.0000689,0.00005980,0.00000752,-4.2496967316e+00,2.4799999595e-01,0.4643,2.0575754642e+00
-0.5020,-0.0009930,0.0000687,0.00005980,0.00000750,-4.2537374496e+00,2.4727272987e-01,0.4653,2.0616161823e+00
-0.5010,-0.0009910,0.0000684,0.00005980,0.00000750,-4.2456564903e+00,2.4606059492e-01,0.4663,2.0535352230e+00
-0.5000,-0.0009910,0.0000690,0.00005980,0.00000751,-4.2456564903e+00,2.4844443798e-01,0.4673,2.0535352230e+00
-0.4990,-0.0009910,0.0000686,0.00005990,0.00000750,-4.2460603714e+00,2.4686868489e-01,0.4683,2.0539391041e+00
-0.4980,-0.0009920,0.0000685,0.00005990,0.00000750,-4.2501010895e+00,2.4646463990e-01,0.4693,2.0579798222e+00
-0.4970,-0.0009910,0.0000689,0.00005990,0.00000750,-4.2460603714e+00,2.4808081985e-01,0.4703,2.0539391041e+00
-0.4960,-0.0009920,0.0000684,0.00005990,0.00000750,-4.2501010895e+00,2.4606059492e-01,0.4713,2.0579798222e+00
-0.4950,-0.0009920,0.0000685,0.00005990,0.00000749,-4.2501010895e+00,2.4650503695e-01,0.4723,2.0579798222e+00
-0.4940,-0.0009900,0.0000687,0.00005990,0.00000750,-4.2420201302e+00,2.4727272987e-01,0.4733,2.0498988628e+00
-0.4930,-0.0009900,0.0000681,0.00005990,0.00000750,-4.2420201302e+00,2.4484850466e-01,0.4743,2.0498988628e+00
-0.4920,-0.0009910,0.0000685,0.00006000,0.00000749,-4.2464647293e+00,2.4650503695e-01,0.4753,2.0543434620e+00
-0.4910,-0.0009900,0.0000685,0.00006000,0.00000749,-4.2424240112e+00,2.4650503695e-01,0.4763,2.0503027439e+00
-0.4900,-0.0009880,0.0000679,0.00006000,0.00000748,-4.2343430519e+00,2.4412120879e-01,0.4773,2.0422217846e+00
-0.4890,-0.0009910,0.0000682,0.00006010,0.00000748,-4.2468686104e+00,2.4533334374e-01,0.4783,2.0547473431e+00
-0.4880,-0.0009900,0.0000682,0.00006000,0.00000747,-4.2424240112e+00,2.4537375569e-01,0.4793,2.0503027439e+00
-0.4870,-0.0009890,0.0000676,0.00006020,0.00000749,-4.2391915321e+00,2.4286867678e-01,0.4803,2.0470702648e+00
-0.4860,-0.0009900,0.0000684,0.00006010,0.00000747,-4.2428283691e+00,2.4618180096e-01,0.4813,2.0507071018e+00
-0.4850,-0.0009890,0.0000680,0.00006010,0.00000747,-4.2387876511e+00,2.4456566572e-01,0.4823,2.0466663837e+00
-0.4840,-0.0009900,0.0000679,0.00006020,0.00000748,-4.2432322502e+00,2.4412120879e-01,0.4833,2.0511109829e+00
-0.4830,-0.0009890,0.0000684,0.00006020,0.00000747,-4.2391915321e+00,2.4618180096e-01,0.4843,2.0470702648e+00
-0.4820,-0.0009890,0.0000674,0.00006010,0.00000747,-4.2387876511e+00,2.4214139581e-01,0.4853,2.0466663837e+00
-0.4810,-0.0009880,0.0000682,0.00006020,0.00000748,-4.2351512909e+00,2.4533334374e-01,0.4863,2.0430300236e+00
-0.4800,-0.0009880,0.0000681,0.00006030,0.00000747,-4.2355551720e+00,2.4496971071e-01,0.4873,2.0434339046e+00
-0.4790,-0.0009890,0.0000674,0.00006030,0.00000745,-4.2395958900e+00,2.4222221971e-01,0.4883,2.0474746227e+00
-0.4780,-0.0009890,0.0000679,0.00006020,0.00000745,-4.2391915321e+00,2.4424242973e-01,0.4893,2.0470702648e+00
-0.4770,-0.0009890,0.0000678,0.00006030,0.00000746,-4.2395958900e+00,2.4379798770e-01,0.4903,2.0474746227e+00
-0.4760,-0.0009910,0.0000674,0.00006030,0.00000744,-4.2476768494e+00,2.4226260185e-01,0.4913,2.0555555820e+00
-0.4750,-0.0009880,0.0000674,0.00006040,0.00000744,-4.2359595299e+00,2.4226260185e-01,0.4923,2.0438382626e+00
-0.4740,-0.0009860,0.0000669,0.00006030,0.00000746,-4.2274751663e+00,2.4016161263e-01,0.4933,2.0353538990e+00
-0.4730,-0.0009880,0.0000676,0.00006040,0.00000744,-4.2359595299e+00,2.4307069182e-01,0.4943,2.0438382626e+00
-0.4720,-0.0009870,0.0000674,0.00006040,0.00000744,-4.2319188118e+00,2.4226260185e-01,0.4953,2.0397975445e+00
-0.4710,-0.0009860,0.0000671,0.00006040,0.00000744,-4.2278790474e+00,2.4105051160e-01,0.4963,2.0357577801e+00
-0.4700,-0.0009870,0.0000676,0.00006040,0.00000744,-4.2319188118e+00,2.4307069182e-01,0.4973,2.0397975445e+00
-0.4690,-0.0009870,0.0000675,0.00006040,0.00000743,-4.2319188118e+00,2.4270705879e-01,0.4983,2.0397975445e+00
-0.4680,-0.0009870,0.0000668,0.00006050,0.00000743,-4.2323231697e+00,2.3987878859e-01,0.4993,2.0402019024e+00
-0.4670,-0.0009870,0.0000673,0.00006060,0.00000743,-4.2327270508e+00,2.4189899862e-01,0.5003,2.0406057835e+00
-0.4660,-0.0009870,0.0000670,0.00006050,0.00000743,-4.2323231697e+00,2.4068686366e-01,0.5013,2.0402019024e+00
-0.4650,-0.0009840,0.0000666,0.00006050,0.00000742,-4.2202019691e+00,2.3911111057e-01,0.5023,2.0280807018e+00
-0.4640,-0.0009860,0.0000672,0.00006040,0.00000742,-4.2278790474e+00,2.4153536558e-01,0.5033,2.0357577801e+00
-0.4630,-0.0009860,0.0000667,0.00006060,0.00000743,-4.2286872864e+00,2.3947474360e-01,0.5043,2.0365660191e+00
-0.4620,-0.0009860,0.0000666,0.00006050,0.00000742,-4.2282829285e+00,2.3911111057e-01,0.5053,2.0361616611e+00
-0.4610,-0.0009850,0.0000669,0.00006060,0.00000741,-4.2246465683e+00,2.4036364257e-01,0.5063,2.0325253010e+00
-0.4600,-0.0009860,0.0000663,0.00006060,0.00000741,-4.2286872864e+00,2.3793941736e-01,0.5073,2.0365660191e+00
-0.4590,-0.0009860,0.0000665,0.00006060,0.00000742,-4.2286872864e+00,2.3870706558e-01,0.5083,2.0365660191e+00
-0.4580,-0.0009850,0.0000663,0.00006060,0.00000741,-4.2246465683e+00,2.3793941736e-01,0.5093,2.0325253010e+00
-0.4570,-0.0009830,0.0000656,0.00006060,0.00000740,-4.2165656090e+00,2.3515151441e-01,0.5103,2.0244443417e+00
-0.4560,-0.0009840,0.0000665,0.00006050,0.00000741,-4.2202019691e+00,2.3874746263e-01,0.5113,2.0280807018e+00
-0.4550,-0.0009820,0.0000654,0.00006060,0.00000742,-4.2125253677e+00,2.3426264524e-01,0.5123,2.0204041004e+00
-0.4540,-0.0009800,0.0000658,0.00006060,0.00000739,-4.2044444084e+00,2.3599998653e-01,0.5133,2.0123231411e+00
-0.4530,-0.0009810,0.0000657,0.00006060,0.00000740,-4.2084851265e+00,2.3555555940e-01,0.5143,2.0163638592e+00
-0.4520,-0.0009820,0.0000655,0.00006060,0.00000740,-4.2125253677e+00,2.3474746943e-01,0.5153,2.0204041004e+00
-0.4510,-0.0009830,0.0000665,0.00006050,0.00000740,-4.2161617279e+00,2.3878787458e-01,0.5163,2.0240404606e+00
-0.4500,-0.0009860,0.0000658,0.00006060,0.00000739,-4.2286872864e+00,2.3599998653e-01,0.5173,2.0365660191e+00
-0.4490,-0.0009860,0.0000656,0.00006070,0.00000739,-4.2290911674e+00,2.3519191146e-01,0.5183,2.0369699001e+00
-0.4480,-0.0009850,0.0000660,0.00006070,0.00000740,-4.2250509262e+00,2.3676769435e-01,0.5193,2.0329296589e+00
-0.4470,-0.0009860,0.0000652,0.00006080,0.00000739,-4.2294950485e+00,2.3357576132e-01,0.5203,2.0373737812e+00
-0.4460,-0.0009850,0.0000655,0.00006070,0.00000739,-4.2250509262e+00,2.3478786647e-01,0.5213,2.0329296589e+00
-0.4450,-0.0009840,0.0000656,0.00006070,0.00000739,-4.2210102081e+00,2.3519191146e-01,0.5223,2.0288889408e+00
-0.4440,-0.0009850,0.0000648,0.00006080,0.00000739,-4.2254548073e+00,2.3195958138e-01,0.5233,2.0333335400e+00
-0.4430,-0.0009850,0.0000652,0.00006080,0.00000738,-4.2254548073e+00,2.3361617327e-01,0.5243,2.0333335400e+00
-0.4420,-0.0009830,0.0000652,0.00006080,0.00000738,-4.2173738480e+00,2.3361617327e-01,0.5253,2.0252525806e+00
-0.4410,-0.0009840,0.0000646,0.00006080,0.00000738,-4.2214140892e+00,2.3119190335e-01,0.5263,2.0292928219e+00
-0.4400,-0.0009830,0.0000649,0.00006070,0.00000737,-4.2169699669e+00,2.3244445026e-01,0.5273,2.0248486996e+00
-0.4390,-0.0009820,0.0000648,0.00006080,0.00000737,-4.2133336067e+00,2.3204040527e-01,0.5283,2.0212123394e+00
-0.4380,-0.0009830,0.0000645,0.00006090,0.00000737,-4.2177777290e+00,2.3082827032e-01,0.5293,2.0256564617e+00
-0.4370,-0.0009830,0.0000648,0.00006080,0.00000738,-4.2173738480e+00,2.3199999332e-01,0.5303,2.0252525806e+00
-0.4360,-0.0009830,0.0000647,0.00006090,0.00000737,-4.2177777290e+00,2.3163636029e-01,0.5313,2.0256564617e+00
-0.4350,-0.0009840,0.0000641,0.00006090,0.00000736,-4.2218184471e+00,2.2925253212e-01,0.5323,2.0296971798e+00
-0.4340,-0.0009840,0.0000641,0.00006090,0.00000736,-4.2218184471e+00,2.2925253212e-01,0.5333,2.0296971798e+00
-0.4330,-0.0009830,0.0000646,0.00006080,0.00000736,-4.2173738480e+00,2.3127272725e-01,0.5343,2.0252525806e+00
-0.4320,-0.0009830,0.0000639,0.00006090,0.00000735,-4.2177777290e+00,2.2848483920e-01,0.5353,2.0256564617e+00
-0.4310,-0.0009830,0.0000637,0.00006090,0.00000735,-4.2177777290e+00,2.2767674923e-01,0.5363,2.0256564617e+00
-0.4300,-0.0009810,0.0000641,0.00006090,0.00000736,-4.2096972466e+00,2.2925253212e-01,0.5373,2.0175759792e+00
-0.4290,-0.0009820,0.0000634,0.00006090,0.00000735,-4.2137374878e+00,2.2646465898e-01,0.5383,2.0216162205e+00
-0.4280,-0.0009810,0.0000634,0.00006100,0.00000734,-4.2101011276e+00,2.2650505602e-01,0.5393,2.0179798603e+00
-0.4270,-0.0009810,0.0000637,0.00006090,0.00000735,-4.2096972466e+00,2.2767674923e-01,0.5403,2.0175759792e+00
-0.4260,-0.0009820,0.0000630,0.00006090,0.00000734,-4.2137374878e+00,2.2488889098e-01,0.5413,2.0216162205e+00
-0.4250,-0.0009810,0.0000630,0.00006090,0.00000732,-4.2096972466e+00,2.2496969998e-01,0.5423,2.0175759792e+00
-0.4240,-0.0009800,0.0000634,0.00006100,0.00000732,-4.2060608864e+00,2.2658587992e-01,0.5433,2.0139396191e+00
-0.4230,-0.0009800,0.0000629,0.00006100,0.00000733,-4.2060608864e+00,2.2452524304e-01,0.5443,2.0139396191e+00
-0.4220,-0.0009800,0.0000627,0.00006090,0.00000732,-4.2056565285e+00,2.2375756502e-01,0.5453,2.0135352612e+00
-0.4210,-0.0009790,0.0000628,0.00006100,0.00000731,-4.2020201683e+00,2.2420200706e-01,0.5463,2.0098989010e+00
-0.4200,-0.0009800,0.0000627,0.00006090,0.00000732,-4.2056565285e+00,2.2375756502e-01,0.5473,2.0135352612e+00
-0.4190,-0.0009800,0.0000620,0.00006100,0.00000733,-4.2060608864e+00,2.2088888288e-01,0.5483,2.0139396191e+00
-0.4180,-0.0009800,0.0000618,0.00006100,0.00000731,-4.2060608864e+00,2.2016160190e-01,0.5493,2.0139396191e+00
-0.4170,-0.0009790,0.0000622,0.00006100,0.00000731,-4.2020201683e+00,2.2177776694e-01,0.5503,2.0098989010e+00
-0.4160,-0.0009800,0.0000618,0.00006110,0.00000732,-4.2064647675e+00,2.2012120485e-01,0.5513,2.0143435001e+00
-0.4150,-0.0009780,0.0000615,0.00006110,0.00000731,-4.1983838081e+00,2.1894949675e-01,0.5523,2.0062625408e+00
-0.4140,-0.0009780,0.0000617,0.00006110,0.00000731,-4.1983838081e+00,2.1975755692e-01,0.5533,2.0062625408e+00
-0.4130,-0.0009770,0.0000614,0.00006110,0.00000732,-4.1943435669e+00,2.1850506961e-01,0.5543,2.0022222996e+00
-0.4120,-0.0009780,0.0000609,0.00006110,0.00000730,-4.1983838081e+00,2.1656565368e-01,0.5553,2.0062625408e+00
-0.4110,-0.0009780,0.0000612,0.00006100,0.00000730,-4.1979799271e+00,2.1777777374e-01,0.5563,2.0058586597e+00
-0.4100,-0.0009790,0.0000610,0.00006120,0.00000731,-4.2028284073e+00,2.1692928672e-01,0.5573,2.0107071400e+00
-0.4090,-0.0009760,0.0000604,0.00006130,0.00000730,-4.1911110878e+00,2.1454545856e-01,0.5583,1.9989898205e+00
-0.4080,-0.0009770,0.0000604,0.00006120,0.00000730,-4.1947474480e+00,2.1454545856e-01,0.5593,2.0026261806e+00
-0.4070,-0.0009780,0.0000603,0.00006110,0.00000731,-4.1983838081e+00,2.1410100162e-01,0.5603,2.0062625408e+00
-0.4060,-0.0009760,0.0000602,0.00006110,0.00000730,-4.1903028488e+00,2.1373736858e-01,0.5613,1.9981815815e+00
-0.4050,-0.0009760,0.0000598,0.00006110,0.00000729,-4.1903028488e+00,2.1216161549e-01,0.5623,1.9981815815e+00
-0.4040,-0.0009760,0.0000598,0.00006120,0.00000731,-4.1907072067e+00,2.1208082139e-01,0.5633,1.9985859394e+00
-0.4030,-0.0009760,0.0000596,0.00006120,0.00000730,-4.1907072067e+00,2.1131312847e-01,0.5643,1.9985859394e+00
-0.4020,-0.0009760,0.0000592,0.00006120,0.00000729,-4.1907072067e+00,2.0973737538e-01,0.5653,1.9985859394e+00
-0.4010,-0.0009750,0.0000590,0.00006120,0.00000728,-4.1866664886e+00,2.0896971226e-01,0.5663,1.9945452213e+00
-0.4000,-0.0009740,0.0000591,0.00006110,0.00000729,-4.1822223663e+00,2.0933333039e-01,0.5673,1.9901010990e+00
-0.3990,-0.0009750,0.0000588,0.00006120,0.00000728,-4.1866664886e+00,2.0816162229e-01,0.5683,1.9945452213e+00
-0.3980,-0.0009740,0.0000582,0.00006120,0.00000728,-4.1826262474e+00,2.0573736727e-01,0.5693,1.9905049801e+00
-0.3970,-0.0009730,0.0000582,0.00006110,0.00000729,-4.1781821251e+00,2.0569697022e-01,0.5703,1.9860608578e+00
-0.3960,-0.0009740,0.0000582,0.00006130,0.00000728,-4.1830306053e+00,2.0573736727e-01,0.5713,1.9909093380e+00
-0.3950,-0.0009730,0.0000576,0.00006120,0.00000727,-4.1785855293e+00,2.0335353911e-01,0.5723,1.9864642620e+00
-0.3940,-0.0009740,0.0000574,0.00006120,0.00000729,-4.1826262474e+00,2.0246465504e-01,0.5733,1.9905049801e+00
-0.3930,-0.0009740,0.0000577,0.00006120,0.00000728,-4.1826262474e+00,2.0371717215e-01,0.5743,1.9905049801e+00
-0.3920,-0.0009740,0.0000571,0.00006120,0.00000727,-4.1826262474e+00,2.0133332908e-01,0.5753,1.9905049801e+00
-0.3910,-0.0009730,0.0000568,0.00006110,0.00000727,-4.1781821251e+00,2.0012122393e-01,0.5763,1.9860608578e+00
-0.3900,-0.0009730,0.0000569,0.00006130,0.00000728,-4.1789903641e+00,2.0048485696e-01,0.5773,1.9868690968e+00
-0.3890,-0.0009720,0.0000565,0.00006130,0.00000727,-4.1749496460e+00,1.9890910387e-01,0.5783,1.9828283787e+00
-0.3880,-0.0009720,0.0000561,0.00006130,0.00000727,-4.1749496460e+00,1.9729293883e-01,0.5793,1.9828283787e+00
-0.3870,-0.0009710,0.0000563,0.00006120,0.00000728,-4.1705050468e+00,1.9806060195e-01,0.5803,1.9783837795e+00
-0.3860,-0.0009720,0.0000560,0.00006130,0.00000727,-4.1749496460e+00,1.9688889384e-01,0.5813,1.9828283787e+00
-0.3850,-0.0009710,0.0000555,0.00006130,0.00000726,-4.1709094048e+00,1.9490908086e-01,0.5823,1.9787881374e+00
-0.3840,-0.0009710,0.0000553,0.00006130,0.00000727,-4.1709094048e+00,1.9406060874e-01,0.5833,1.9787881374e+00
-0.3830,-0.0009700,0.0000552,0.00006130,0.00000727,-4.1668686867e+00,1.9365656376e-01,0.5843,1.9747474194e+00
-0.3820,-0.0009700,0.0000549,0.00006130,0.00000726,-4.1668686867e+00,1.9248484075e-01,0.5853,1.9747474194e+00
-0.3810,-0.0009690,0.0000543,0.00006130,0.00000726,-4.1628284454e+00,1.9006060064e-01,0.5863,1.9707071781e+00
-0.3800,-0.0009690,0.0000542,0.00006130,0.00000726,-4.1628284454e+00,1.8965657055e-01,0.5873,1.9707071781e+00
-0.3790,-0.0009680,0.0000542,0.00006130,0.00000725,-4.1587882042e+00,1.8969696760e-01,0.5883,1.9666669369e+00
-0.3780,-0.0009680,0.0000534,0.00006130,0.00000724,-4.1587882042e+00,1.8650504947e-01,0.5893,1.9666669369e+00
-0.3770,-0.0009670,0.0000535,0.00006140,0.00000725,-4.1551518440e+00,1.8686868250e-01,0.5903,1.9630305767e+00
-0.3760,-0.0009670,0.0000534,0.00006120,0.00000724,-4.1543436050e+00,1.8650504947e-01,0.5913,1.9622223377e+00
-0.3750,-0.0009670,0.0000528,0.00006120,0.00000724,-4.1543436050e+00,1.8408080935e-01,0.5923,1.9622223377e+00
-0.3740,-0.0009660,0.0000526,0.00006130,0.00000724,-4.1507072449e+00,1.8327273428e-01,0.5933,1.9585859776e+00
-0.3730,-0.0009680,0.0000526,0.00006120,0.00000725,-4.1583833694e+00,1.8323232234e-01,0.5943,1.9662621021e+00
-0.3720,-0.0009670,0.0000522,0.00006130,0.00000723,-4.1547474861e+00,1.8169698119e-01,0.5953,1.9626262188e+00
-0.3710,-0.0009650,0.0000517,0.00006130,0.00000723,-4.1466665268e+00,1.7967677116e-01,0.5963,1.9545452595e+00
-0.3700,-0.0009660,0.0000518,0.00006140,0.00000724,-4.1511111259e+00,1.8004040420e-01,0.5973,1.9589898586e+00
-0.3690,-0.0009640,0.0000512,0.00006120,0.00000724,-4.1422224045e+00,1.7761616409e-01,0.5983,1.9501011372e+00
-0.3680,-0.0009640,0.0000507,0.00006140,0.00000723,-4.1430301666e+00,1.7563636601e-01,0.5993,1.9509088993e+00
-0.3670,-0.0009650,0.0000508,0.00006130,0.00000723,-4.1466665268e+00,1.7604041100e-01,0.6003,1.9545452595e+00
-0.3660,-0.0009640,0.0000504,0.00006120,0.00000724,-4.1422224045e+00,1.7438384891e-01,0.6013,1.9501011372e+00
-0.3650,-0.0009630,0.0000497,0.00006140,0.00000722,-4.1389899254e+00,1.7163637280e-01,0.6023,1.9468686581e+00
-0.3640,-0.0009630,0.0000497,0.00006140,0.00000723,-4.1389899254e+00,1.7159596086e-01,0.6033,1.9468686581e+00
-0.3630,-0.0009630,0.0000495,0.00006130,0.00000723,-4.1385860443e+00,1.7078787088e-01,0.6043,1.9464647770e+00
-0.3620,-0.0009620,0.0000485,0.00006130,0.00000722,-4.1345453262e+00,1.6678787768e-01,0.6053,1.9424240589e+00
-0.3610,-0.0009610,0.0000486,0.00006130,0.00000722,-4.1305050850e+00,1.6719192266e-01,0.6063,1.9383838177e+00
-0.3600,-0.0009600,0.0000485,0.00006130,0.00000722,-4.1264643669e+00,1.6678787768e-01,0.6073,1.9343430996e+00
-0.3590,-0.0009600,0.0000479,0.00006130,0.00000723,-4.1264643669e+00,1.6432324052e-01,0.6083,1.9343430996e+00
-0.3580,-0.0009610,0.0000480,0.00006140,0.00000722,-4.1309089661e+00,1.6476769745e-01,0.6093,1.9387876987e+00
-0.3570,-0.0009600,0.0000479,0.00006130,0.00000721,-4.1264643669e+00,1.6440403461e-01,0.6103,1.9343430996e+00
-0.3560,-0.0009600,0.0000472,0.00006130,0.00000722,-4.1264643669e+00,1.6153533757e-01,0.6113,1.9343430996e+00
-0.3550,-0.0009580,0.0000468,0.00006120,0.00000721,-4.1179800034e+00,1.5995958447e-01,0.6123,1.9258587360e+00
-0.3540,-0.0009580,0.0000466,0.00006130,0.00000721,-4.1183838844e+00,1.5915150940e-01,0.6133,1.9262626171e+00
-0.3530,-0.0009580,0.0000464,0.00006130,0.00000721,-4.1183838844e+00,1.5834343433e-01,0.6143,1.9262626171e+00
-0.3520,-0.0009570,0.0000457,0.00006140,0.00000721,-4.1147480011e+00,1.5551514924e-01,0.6153,1.9226267338e+00
-0.3510,-0.0009550,0.0000453,0.00006130,0.00000720,-4.1062622070e+00,1.5393939614e-01,0.6163,1.9141409397e+00
-0.3500,-0.0009540,0.0000454,0.00006120,0.00000720,-4.1018185616e+00,1.5434344113e-01,0.6173,1.9096972942e+00
-0.3490,-0.0009540,0.0000449,0.00006130,0.00000720,-4.1022219658e+00,1.5232323110e-01,0.6183,1.9101006985e+00
-0.3480,-0.0009540,0.0000444,0.00006130,0.00000720,-4.1022219658e+00,1.5030303597e-01,0.6193,1.9101006985e+00
-0.3470,-0.0009520,0.0000442,0.00006120,0.00000719,-4.0937376022e+00,1.4953534305e-01,0.6203,1.9016163349e+00
-0.3460,-0.0009530,0.0000440,0.00006130,0.00000719,-4.0981817245e+00,1.4872728288e-01,0.6213,1.9060604572e+00
-0.3450,-0.0009520,0.0000434,0.00006130,0.00000720,-4.0941410065e+00,1.4626261592e-01,0.6223,1.9020197392e+00
-0.3440,-0.0009510,0.0000429,0.00006120,0.00000719,-4.0896968842e+00,1.4428283274e-01,0.6233,1.8975756168e+00
-0.3430,-0.0009520,0.0000427,0.00006130,0.00000719,-4.0941410065e+00,1.4347475767e-01,0.6243,1.9020197392e+00
-0.3420,-0.0009500,0.0000426,0.00006130,0.00000719,-4.0860605240e+00,1.4307071269e-01,0.6253,1.8939392567e+00
-0.3410,-0.0009500,0.0000418,0.00006130,0.00000720,-4.0860605240e+00,1.3979798555e-01,0.6263,1.8939392567e+00
-0.3400,-0.0009470,0.0000416,0.00006130,0.00000719,-4.0739393234e+00,1.3903030753e-01,0.6273,1.8818180561e+00
-0.3390,-0.0009470,0.0000415,0.00006130,0.00000718,-4.0739393234e+00,1.3866667449e-01,0.6283,1.8818180561e+00
-0.3380,-0.0009470,0.0000409,0.00006130,0.00000720,-4.0739393234e+00,1.3616161048e-01,0.6293,1.8818180561e+00
-0.3370,-0.0009450,0.0000404,0.00006130,0.00000719,-4.0658583641e+00,1.3418181241e-01,0.6303,1.8737370968e+00
-0.3360,-0.0009450,0.0000404,0.00006130,0.00000719,-4.0658583641e+00,1.3418181241e-01,0.6313,1.8737370968e+00
-0.3350,-0.0009440,0.0000399,0.00006130,0.00000719,-4.0618185997e+00,1.3216161728e-01,0.6323,1.8696973324e+00
-0.3340,-0.0009410,0.0000391,0.00006130,0.00000718,-4.0496973991e+00,1.2896969914e-01,0.6333,1.8575761318e+00
-0.3330,-0.0009420,0.0000394,0.00006130,0.00000717,-4.0537376404e+00,1.3022221625e-01,0.6343,1.8616163731e+00
-0.3320,-0.0009430,0.0000389,0.00006140,0.00000717,-4.0581817627e+00,1.2820202112e-01,0.6353,1.8660604954e+00
-0.3310,-0.0009410,0.0000383,0.00006130,0.00000718,-4.0496973991e+00,1.2573738396e-01,0.6363,1.8575761318e+00
-0.3300,-0.0009420,0.0000381,0.00006130,0.00000717,-4.0537376404e+00,1.2496969104e-01,0.6373,1.8616163731e+00
-0.3290,-0.0009400,0.0000379,0.00006130,0.00000717,-4.0456566811e+00,1.2416161597e-01,0.6383,1.8535354137e+00
-0.3280,-0.0009400,0.0000374,0.00006120,0.00000717,-4.0452523232e+00,1.2214142084e-01,0.6393,1.8531310558e+00
-0.3270,-0.0009380,0.0000369,0.00006130,0.00000718,-4.0375757217e+00,1.2008080631e-01,0.6403,1.8454544544e+00
-0.3260,-0.0009370,0.0000367,0.00006120,0.00000716,-4.0331311226e+00,1.1935353279e-01,0.6413,1.8410098553e+00
-0.3250,-0.0009380,0.0000365,0.00006120,0.00000717,-4.0371713638e+00,1.1850506067e-01,0.6423,1.8450500965e+00
-0.3240,-0.0009350,0.0000360,0.00006120,0.00000718,-4.0250506401e+00,1.1644444615e-01,0.6433,1.8329293728e+00
-0.3230,-0.0009350,0.0000354,0.00006120,0.00000716,-4.0250506401e+00,1.1410100758e-01,0.6443,1.8329293728e+00
-0.3220,-0.0009350,0.0000352,0.00006120,0.00000716,-4.0250506401e+00,1.1329292506e-01,0.6453,1.8329293728e+00
-0.3210,-0.0009330,0.0000350,0.00006130,0.00000717,-4.0173735619e+00,1.1244445294e-01,0.6463,1.8252522945e+00
-0.3200,-0.0009330,0.0000345,0.00006120,0.00000716,-4.0169696808e+00,1.1046464741e-01,0.6473,1.8248484135e+00
-0.3190,-0.0009310,0.0000341,0.00006130,0.00000716,-4.0092930794e+00,1.0884848982e-01,0.6483,1.8171718121e+00
-0.3180,-0.0009290,0.0000338,0.00006130,0.00000717,-4.0012121201e+00,1.0759595782e-01,0.6493,1.8090908527e+00
-0.3170,-0.0009290,0.0000335,0.00006130,0.00000715,-4.0012121201e+00,1.0646464676e-01,0.6503,1.8090908527e+00
-0.3160,-0.0009270,0.0000330,0.00006120,0.00000714,-3.9927275181e+00,1.0448485613e-01,0.6513,1.8006062508e+00
-0.3150,-0.0009280,0.0000327,0.00006130,0.00000715,-3.9971716404e+00,1.0323233157e-01,0.6523,1.8050503731e+00
-0.3140,-0.0009260,0.0000326,0.00006130,0.00000715,-3.9890906811e+00,1.0282828659e-01,0.6533,1.7969694138e+00
-0.3130,-0.0009240,0.0000322,0.00006130,0.00000714,-3.9810099602e+00,1.0125253350e-01,0.6543,1.7888886929e+00
-0.3120,-0.0009240,0.0000316,0.00006120,0.00000714,-3.9806063175e+00,9.8828285933e-02,0.6553,1.7884850502e+00
-0.3110,-0.0009240,0.0000315,0.00006130,0.00000714,-3.9810099602e+00,9.8424248397e-02,0.6563,1.7888886929e+00
-0.3100,-0.0009220,0.0000312,0.00006120,0.00000715,-3.9725253582e+00,9.7171723843e-02,0.6573,1.7804040909e+00
-0.3090,-0.0009210,0.0000308,0.00006130,0.00000714,-3.9688889980e+00,9.5595970750e-02,0.6583,1.7767677307e+00
-0.3080,-0.0009200,0.0000303,0.00006130,0.00000715,-3.9648485184e+00,9.3535356224e-02,0.6593,1.7727272511e+00
-0.3070,-0.0009190,0.0000301,0.00006130,0.00000715,-3.9608080387e+00,9.2727273703e-02,0.6603,1.7686867714e+00
-0.3060,-0.0009180,0.0000300,0.00006130,0.00000714,-3.9567677975e+00,9.2363640666e-02,0.6613,1.7646465302e+00
-0.3050,-0.0009170,0.0000295,0.00006120,0.00000714,-3.9523231983e+00,9.0343438089e-02,0.6623,1.7602019310e+00
-0.3040,-0.0009160,0.0000290,0.00006120,0.00000714,-3.9482827187e+00,8.8323235512e-02,0.6633,1.7561614513e+00
-0.3030,-0.0009150,0.0000288,0.00006120,0.00000713,-3.9442424774e+00,8.7555550039e-02,0.6643,1.7521212101e+00
-0.3020,-0.0009130,0.0000287,0.00006120,0.00000713,-3.9361617565e+00,8.7151512504e-02,0.6653,1.7440404892e+00
-0.3010,-0.0009150,0.0000282,0.00006130,0.00000714,-3.9446463585e+00,8.5090912879e-02,0.6663,1.7525250912e+00
-0.3000,-0.0009120,0.0000279,0.00006130,0.00000713,-3.9325253963e+00,8.3919189870e-02,0.6673,1.7404041290e+00
-0.2990,-0.0009100,0.0000275,0.00006110,0.00000712,-3.9236364365e+00,8.2343436778e-02,0.6683,1.7315151691e+00
-0.2980,-0.0009080,0.0000273,0.00006130,0.00000713,-3.9163637161e+00,8.1494949758e-02,0.6693,1.7242424488e+00
-0.2970,-0.0009070,0.0000270,0.00006120,0.00000712,-3.9119191170e+00,8.0323234200e-02,0.6703,1.7197978497e+00
-0.2960,-0.0009070,0.0000266,0.00006120,0.00000712,-3.9119191170e+00,7.8707076609e-02,0.6713,1.7197978497e+00
-0.2950,-0.0009040,0.0000264,0.00006120,0.00000712,-3.8997981548e+00,7.7898986638e-02,0.6723,1.7076768875e+00
-0.2940,-0.0009030,0.0000262,0.00006120,0.00000712,-3.8957576752e+00,7.7090904117e-02,0.6733,1.7036364079e+00
-0.2930,-0.0009020,0.0000258,0.00006120,0.00000711,-3.8917171955e+00,7.5515151024e-02,0.6743,1.6995959282e+00
-0.2920,-0.0009010,0.0000254,0.00006120,0.00000711,-3.8876767159e+00,7.3898993433e-02,0.6753,1.6955554485e+00
-0.2910,-0.0008990,0.0000252,0.00006120,0.00000712,-3.8795959949e+00,7.3050513864e-02,0.6763,1.6874747276e+00
-0.2900,-0.0008980,0.0000251,0.00006110,0.00000711,-3.8751516342e+00,7.2686865926e-02,0.6773,1.6830303669e+00
-0.2890,-0.0008970,0.0000247,0.00006120,0.00000711,-3.8715152740e+00,7.1070708334e-02,0.6783,1.6793940067e+00
-0.2880,-0.0008950,0.0000243,0.00006130,0.00000712,-3.8638384342e+00,6.9414138794e-02,0.6793,1.6717171669e+00
-0.2870,-0.0008940,0.0000242,0.00006120,0.00000711,-3.8593938351e+00,6.9050505757e-02,0.6803,1.6672725677e+00
-0.2860,-0.0008930,0.0000239,0.00006120,0.00000710,-3.8553535938e+00,6.7878790200e-02,0.6813,1.6632323265e+00
-0.2850,-0.0008910,0.0000237,0.00006120,0.00000710,-3.8472726345e+00,6.7070707679e-02,0.6823,1.6551513672e+00
-0.2840,-0.0008900,0.0000234,0.00006120,0.00000711,-3.8432323933e+00,6.5818183124e-02,0.6833,1.6511111259e+00
-0.2830,-0.0008880,0.0000233,0.00006120,0.00000710,-3.8351516724e+00,6.5454542637e-02,0.6843,1.6430304050e+00
-0.2820,-0.0008860,0.0000230,0.00006120,0.00000709,-3.8270707130e+00,6.4282827079e-02,0.6853,1.6349494457e+00
-0.2810,-0.0008860,0.0000226,0.00006120,0.00000711,-3.8270707130e+00,6.2585853040e-02,0.6863,1.6349494457e+00
-0.2800,-0.0008830,0.0000224,0.00006120,0.00000711,-3.8149492741e+00,6.1777774245e-02,0.6873,1.6228280067e+00
-0.2790,-0.0008820,0.0000223,0.00006110,0.00000709,-3.8105051517e+00,6.1454545707e-02,0.6883,1.6183838844e+00
-0.2780,-0.0008790,0.0000220,0.00006120,0.00000709,-3.7987878323e+00,6.0242421925e-02,0.6893,1.6066665649e+00
-0.2770,-0.0008790,0.0000216,0.00006110,0.00000711,-3.7983839512e+00,5.8545455337e-02,0.6903,1.6062626839e+00
-0.2760,-0.0008770,0.0000216,0.00006110,0.00000709,-3.7903029919e+00,5.8626264334e-02,0.6913,1.5981817245e+00
-0.2750,-0.0008760,0.0000215,0.00006130,0.00000709,-3.7870705128e+00,5.8222219348e-02,0.6923,1.5949492455e+00
-0.2740,-0.0008750,0.0000212,0.00006110,0.00000710,-3.7822222710e+00,5.6969698519e-02,0.6933,1.5901010036e+00
-0.2730,-0.0008740,0.0000208,0.00006110,0.00000709,-3.7781817913e+00,5.5393937975e-02,0.6943,1.5860605240e+00
-0.2720,-0.0008720,0.0000206,0.00006110,0.00000709,-3.7701010704e+00,5.4585859179e-02,0.6953,1.5779798031e+00
-0.2710,-0.0008690,0.0000205,0.00006120,0.00000710,-3.7583837509e+00,5.4141413420e-02,0.6963,1.5662624836e+00
-0.2700,-0.0008680,0.0000203,0.00006110,0.00000709,-3.7539393902e+00,5.3373735398e-02,0.6973,1.5618181229e+00
-0.2690,-0.0008660,0.0000200,0.00006110,0.00000709,-3.7458586693e+00,5.2161611617e-02,0.6983,1.5537374020e+00
-0.2680,-0.0008650,0.0000199,0.00006110,0.00000709,-3.7418181896e+00,5.1757577807e-02,0.6993,1.5496969223e+00
-0.2670,-0.0008630,0.0000198,0.00006100,0.00000709,-3.7333333492e+00,5.1353532821e-02,0.7003,1.5412120819e+00
-0.2660,-0.0008610,0.0000194,0.00006110,0.00000707,-3.7256565094e+00,4.9818184227e-02,0.7013,1.5335352421e+00
-0.2650,-0.0008590,0.0000191,0.00006110,0.00000707,-3.7175757885e+00,4.8606060445e-02,0.7023,1.5254545212e+00
-0.2640,-0.0008570,0.0000191,0.00006110,0.00000708,-3.7094950676e+00,4.8565655947e-02,0.7033,1.5173738003e+00
-0.2630,-0.0008560,0.0000190,0.00006110,0.00000707,-3.7054545879e+00,4.8202019185e-02,0.7043,1.5133333206e+00
-0.2620,-0.0008540,0.0000188,0.00006110,0.00000706,-3.6973736286e+00,4.7434341162e-02,0.7053,1.5052523613e+00
-0.2610,-0.0008510,0.0000185,0.00006110,0.00000707,-3.6852526665e+00,4.6181824058e-02,0.7063,1.4931313992e+00
-0.2600,-0.0008490,0.0000183,0.00006110,0.00000708,-3.6771717072e+00,4.5333333313e-02,0.7073,1.4850504398e+00
-0.2590,-0.0008480,0.0000182,0.00006120,0.00000706,-3.6735353470e+00,4.5010101050e-02,0.7083,1.4814140797e+00
-0.2580,-0.0008470,0.0000181,0.00006110,0.00000706,-3.6690909863e+00,4.4606059790e-02,0.7093,1.4769697189e+00
-0.2570,-0.0008450,0.0000178,0.00006110,0.00000707,-3.6610100269e+00,4.3353531510e-02,0.7103,1.4688887596e+00
-0.2560,-0.0008430,0.0000178,0.00006120,0.00000708,-3.6533334255e+00,4.3313130736e-02,0.7113,1.4612121582e+00
-0.2550,-0.0008420,0.0000176,0.00006110,0.00000706,-3.6488888264e+00,4.2585857213e-02,0.7123,1.4567675591e+00
-0.2540,-0.0008390,0.0000174,0.00006110,0.00000706,-3.6367676258e+00,4.1777778417e-02,0.7133,1.4446463585e+00
-0.2530,-0.0008370,0.0000173,0.00006110,0.00000707,-3.6286869049e+00,4.1333336383e-02,0.7143,1.4365656376e+00
-0.2520,-0.0008340,0.0000171,0.00006110,0.00000706,-3.6165657043e+00,4.0565654635e-02,0.7153,1.4244444370e+00
-0.2510,-0.0008340,0.0000169,0.00006110,0.00000706,-3.6165657043e+00,3.9757575840e-02,0.7163,1.4244444370e+00
-0.2500,-0.0008310,0.0000169,0.00006110,0.00000706,-3.6044445038e+00,3.9757575840e-02,0.7173,1.4123232365e+00
-0.2490,-0.0008280,0.0000166,0.00006100,0.00000705,-3.5919191837e+00,3.8585864007e-02,0.7183,1.3997979164e+00
-0.2480,-0.0008260,0.0000163,0.00006110,0.00000705,-3.5842423439e+00,3.7373740226e-02,0.7193,1.3921210766e+00
-0.2470,-0.0008250,0.0000163,0.00006110,0.00000705,-3.5802021027e+00,3.7373740226e-02,0.7203,1.3880808353e+00
-0.2460,-0.0008220,0.0000162,0.00006110,0.00000705,-3.5680806637e+00,3.6969695240e-02,0.7213,1.3759593964e+00
-0.2450,-0.0008200,0.0000160,0.00006110,0.00000704,-3.5600001812e+00,3.6202020943e-02,0.7223,1.3678789139e+00
-0.2440,-0.0008190,0.0000159,0.00006110,0.00000704,-3.5559597015e+00,3.5797975957e-02,0.7233,1.3638384342e+00
-0.2430,-0.0008150,0.0000157,0.00006110,0.00000705,-3.5397977829e+00,3.4949492663e-02,0.7243,1.3476765156e+00
-0.2420,-0.0008130,0.0000156,0.00006110,0.00000705,-3.5317173004e+00,3.4545455128e-02,0.7253,1.3395960331e+00
-0.2410,-0.0008110,0.0000155,0.00006110,0.00000704,-3.5236363411e+00,3.4181818366e-02,0.7263,1.3315150738e+00
-0.2400,-0.0008080,0.0000153,0.00006110,0.00000704,-3.5115151405e+00,3.3373735845e-02,0.7273,1.3193938732e+00
-0.2390,-0.0008060,0.0000151,0.00006110,0.00000705,-3.5034344196e+00,3.2525252551e-02,0.7283,1.3113131523e+00
-0.2380,-0.0008040,0.0000150,0.00006120,0.00000705,-3.4957575798e+00,3.2121211290e-02,0.7293,1.3036363125e+00
-0.2370,-0.0008010,0.0000149,0.00006110,0.00000703,-3.4832322598e+00,3.1797979027e-02,0.7303,1.2911109924e+00
-0.2360,-0.0007990,0.0000148,0.00006110,0.00000704,-3.4751513004e+00,3.1353533268e-02,0.7313,1.2830300331e+00
-0.2350,-0.0007970,0.0000146,0.00006110,0.00000704,-3.4670708179e+00,3.0545454472e-02,0.7323,1.2749495506e+00
-0.2340,-0.0007940,0.0000144,0.00006110,0.00000704,-3.4549493790e+00,2.9737371951e-02,0.7333,1.2628281116e+00
-0.2330,-0.0007910,0.0000144,0.00006110,0.00000703,-3.4428284168e+00,2.9777776450e-02,0.7343,1.2507071495e+00
-0.2320,-0.0007900,0.0000143,0.00006100,0.00000704,-3.4383838177e+00,2.9333332554e-02,0.7353,1.2462625504e+00
-0.2310,-0.0007860,0.0000141,0.00006110,0.00000704,-3.4226262569e+00,2.8525251895e-02,0.7363,1.2305049896e+00
-0.2300,-0.0007830,0.0000139,0.00006110,0.00000703,-3.4105050564e+00,2.7757577598e-02,0.7373,1.2183837891e+00
-0.2290,-0.0007810,0.0000138,0.00006110,0.00000703,-3.4024243355e+00,2.7353534475e-02,0.7383,1.2103030682e+00
-0.2280,-0.0007790,0.0000138,0.00006100,0.00000703,-3.3939394951e+00,2.7353534475e-02,0.7393,1.2018182278e+00
-0.2270,-0.0007770,0.0000136,0.00006110,0.00000702,-3.3862626553e+00,2.6585858315e-02,0.7403,1.1941413879e+00
-0.2260,-0.0007730,0.0000135,0.00006110,0.00000702,-3.3701009750e+00,2.6181818917e-02,0.7413,1.1779797077e+00
-0.2250,-0.0007710,0.0000133,0.00006110,0.00000703,-3.3620202541e+00,2.5333335623e-02,0.7423,1.1698989868e+00
-0.2240,-0.0007670,0.0000133,0.00006110,0.00000703,-3.3458585739e+00,2.5333335623e-02,0.7433,1.1537373066e+00
-0.2230,-0.0007640,0.0000131,0.00006110,0.00000702,-3.3337373734e+00,2.4565655738e-02,0.7443,1.1416161060e+00
-0.2220,-0.0007620,0.0000130,0.00006100,0.00000702,-3.3252525330e+00,2.4161616340e-02,0.7453,1.1331312656e+00
-0.2210,-0.0007580,0.0000129,0.00006110,0.00000702,-3.3094949722e+00,2.3757576942e-02,0.7463,1.1173737049e+00
-0.2200,-0.0007550,0.0000127,0.00006120,0.00000701,-3.2977776527e+00,2.2989900783e-02,0.7473,1.1056563854e+00
-0.2190,-0.0007530,0.0000126,0.00006110,0.00000701,-3.2892928123e+00,2.2585861385e-02,0.7483,1.0971715450e+00
-0.2180,-0.0007490,0.0000125,0.00006120,0.00000702,-3.2735352516e+00,2.2141413763e-02,0.7493,1.0814139843e+00
-0.2170,-0.0007460,0.0000124,0.00006120,0.00000701,-3.2614140511e+00,2.1777777001e-02,0.7503,1.0692927837e+00
-0.2160,-0.0007430,0.0000123,0.00006110,0.00000700,-3.2488889694e+00,2.1414140239e-02,0.7513,1.0567677021e+00
-0.2150,-0.0007400,0.0000121,0.00006110,0.00000702,-3.2367675304e+00,2.0525254309e-02,0.7523,1.0446462631e+00
-0.2140,-0.0007360,0.0000120,0.00006110,0.00000701,-3.2206060886e+00,2.0161617547e-02,0.7533,1.0284848213e+00
-0.2130,-0.0007330,0.0000119,0.00006110,0.00000700,-3.2084848881e+00,1.9797978923e-02,0.7543,1.0163636208e+00
-0.2120,-0.0007310,0.0000117,0.00006100,0.00000701,-3.1999998093e+00,1.8949495628e-02,0.7553,1.0078785419e+00
-0.2110,-0.0007260,0.0000116,0.00006120,0.00000700,-3.1806061268e+00,1.8585858867e-02,0.7563,9.8848485947e-01
-0.2100,-0.0007230,0.0000116,0.00006120,0.00000700,-3.1684846878e+00,1.8585858867e-02,0.7573,9.7636342049e-01
-0.2090,-0.0007210,0.0000115,0.00006110,0.00000700,-3.1600000858e+00,1.8181819469e-02,0.7583,9.6787881851e-01
-0.2080,-0.0007170,0.0000113,0.00006120,0.00000700,-3.1442422867e+00,1.7373735085e-02,0.7593,9.5212101936e-01
-0.2070,-0.0007140,0.0000111,0.00006120,0.00000699,-3.1321213245e+00,1.6606058925e-02,0.7603,9.4000005722e-01
-0.2060,-0.0007080,0.0000111,0.00006110,0.00000700,-3.1074745655e+00,1.6565656289e-02,0.7613,9.1535329819e-01
-0.2050,-0.0007050,0.0000110,0.00006120,0.00000700,-3.0957577229e+00,1.6161616892e-02,0.7623,9.0363645554e-01
-0.2040,-0.0007020,0.0000109,0.00006140,0.00000700,-3.0844445229e+00,1.5757575631e-02,0.7633,8.9232325554e-01
-0.2030,-0.0006980,0.0000108,0.00006130,0.00000700,-3.0678789616e+00,1.5353536233e-02,0.7643,8.7575769424e-01
-0.2020,-0.0006940,0.0000106,0.00006130,0.00000700,-3.0517170429e+00,1.4545453712e-02,0.7653,8.5959577560e-01
-0.2010,-0.0006910,0.0000106,0.00006130,0.00000700,-3.0395960808e+00,1.4545453712e-02,0.7663,8.4747481346e-01
-0.2000,-0.0006860,0.0000105,0.00006120,0.00000698,-3.0189898014e+00,1.4222222380e-02,0.7673,8.2686853409e-01
-0.1990,-0.0006840,0.0000104,0.00006120,0.00000698,-3.0109093189e+00,1.3818182983e-02,0.7683,8.1878805161e-01
-0.1980,-0.0006780,0.0000102,0.00006130,0.00000699,-2.9870705605e+00,1.2969697826e-02,0.7693,7.9494929314e-01
-0.1970,-0.0006760,0.0000101,0.00006120,0.00000698,-2.9785859585e+00,1.2606059201e-02,0.7703,7.8646469116e-01
-0.1960,-0.0006720,0.0000100,0.00006120,0.00000697,-2.9624242783e+00,1.2242423370e-02,0.7713,7.7030301094e-01
-0.1950,-0.0006670,0.0000099,0.00006130,0.00000698,-2.9426262379e+00,1.1919191107e-02,0.7723,7.5050497055e-01
-0.1940,-0.0006640,0.0000099,0.00006120,0.00000698,-2.9301009178e+00,1.1676768772e-02,0.7733,7.3797965050e-01
-0.1930,-0.0006600,0.0000097,0.00006120,0.00000698,-2.9139394760e+00,1.1111111380e-02,0.7743,7.2181820869e-01
-0.1920,-0.0006550,0.0000096,0.00006130,0.00000697,-2.8941414356e+00,1.0626263916e-02,0.7753,7.0202016830e-01
-0.1910,-0.0006490,0.0000095,0.00006130,0.00000697,-2.8698990345e+00,1.0424242355e-02,0.7763,6.7777776718e-01
-0.1900,-0.0006470,0.0000094,0.00006120,0.00000697,-2.8614139557e+00,9.8989922553e-03,0.7773,6.6929268837e-01
-0.1890,-0.0006420,0.0000094,0.00006120,0.00000698,-2.8412120342e+00,9.6565661952e-03,0.7783,6.4909076691e-01
-0.1880,-0.0006380,0.0000093,0.00006130,0.00000697,-2.8254547119e+00,9.3737374991e-03,0.7793,6.3333344460e-01
-0.1870,-0.0006330,0.0000091,0.00006130,0.00000697,-2.8052525520e+00,8.8080791757e-03,0.7803,6.1313128471e-01
-0.1860,-0.0006290,0.0000091,0.00006130,0.00000699,-2.7890908718e+00,8.5252523422e-03,0.7813,5.9696960449e-01
-0.1850,-0.0006240,0.0000090,0.00006130,0.00000697,-2.7688887119e+00,8.2424255088e-03,0.7823,5.7676744461e-01
-0.1840,-0.0006200,0.0000090,0.00006130,0.00000697,-2.7527272701e+00,8.0808075145e-03,0.7833,5.6060600281e-01
-0.1830,-0.0006160,0.0000089,0.00006130,0.00000696,-2.7365655899e+00,7.7171707526e-03,0.7843,5.4444432259e-01
-0.1820,-0.0006110,0.0000088,0.00006120,0.00000697,-2.7159595490e+00,7.2323237546e-03,0.7853,5.2383828163e-01
-0.1810,-0.0006060,0.0000087,0.00006130,0.00000696,-2.6961617470e+00,7.0303021930e-03,0.7863,5.0404047966e-01
-0.1800,-0.0006010,0.0000086,0.00006130,0.00000696,-2.6759595871e+00,6.6262623295e-03,0.7873,4.8383831978e-01
-0.1790,-0.0005960,0.0000085,0.00006140,0.00000696,-2.6561615467e+00,6.3434336334e-03,0.7883,4.6404027939e-01
-0.1780,-0.0005920,0.0000085,0.00006130,0.00000696,-2.6395959854e+00,6.1818188988e-03,0.7893,4.4747471809e-01
-0.1770,-0.0005860,0.0000084,0.00006130,0.00000695,-2.6153535843e+00,5.8181826025e-03,0.7903,4.2323231697e-01
-0.1760,-0.0005820,0.0000083,0.00006140,0.00000695,-2.5995960236e+00,5.5353539065e-03,0.7913,4.0747475624e-01
-0.1750,-0.0005770,0.0000082,0.00006140,0.00000696,-2.5793941021e+00,5.1717176102e-03,0.7923,3.8727283478e-01
-0.1740,-0.0005720,0.0000082,0.00006150,0.00000696,-2.5595958233e+00,4.9292924814e-03,0.7933,3.6747455597e-01
-0.1730,-0.0005660,0.0000081,0.00006150,0.00000694,-2.5353536606e+00,4.6464651823e-03,0.7943,3.4323239326e-01
-0.1720,-0.0005620,0.0000081,0.00006150,0.00000694,-2.5191917419e+00,4.5656580478e-03,0.7953,3.2707047462e-01
-0.1710,-0.0005560,0.0000080,0.00006140,0.00000694,-2.4945454597e+00,4.2424253188e-03,0.7963,3.0242419243e-01
-0.1700,-0.0005510,0.0000079,0.00006140,0.00000694,-2.4743435383e+00,3.9191925898e-03,0.7973,2.8222227097e-01
-0.1690,-0.0005460,0.0000079,0.00006150,0.00000694,-2.4545454979e+00,3.7575783208e-03,0.7983,2.6242423058e-01
-0.1680,-0.0005410,0.0000078,0.00006140,0.00000693,-2.4339394569e+00,3.4747493919e-03,0.7993,2.4181818962e-01
-0.1670,-0.0005350,0.0000078,0.00006150,0.00000693,-2.4101009369e+00,3.4747493919e-03,0.8003,2.1797966957e-01
-0.1660,-0.0005300,0.0000077,0.00006150,0.00000694,-2.3898990154e+00,3.0303022359e-03,0.8013,1.9777774811e-01
-0.1650,-0.0005250,0.0000077,0.00006130,0.00000694,-2.3688888550e+00,2.8686877340e-03,0.8023,1.7676758766e-01
-0.1640,-0.0005190,0.0000076,0.00006140,0.00000694,-2.3450505733e+00,2.5454552379e-03,0.8033,1.5292930603e-01
-0.1630,-0.0005130,0.0000075,0.00006150,0.00000694,-2.3212120533e+00,2.4242424406e-03,0.8043,1.2909078598e-01
-0.1620,-0.0005080,0.0000075,0.00006150,0.00000695,-2.3010101318e+00,2.3030298762e-03,0.8053,1.0888886452e-01
-0.1610,-0.0005030,0.0000074,0.00006150,0.00000693,-2.2808079720e+00,2.0606063772e-03,0.8063,8.8686704636e-02
-0.1600,-0.0004970,0.0000074,0.00006160,0.00000693,-2.2569696903e+00,1.9797990099e-03,0.8073,6.4848423004e-02
-0.1590,-0.0004920,0.0000074,0.00006150,0.00000693,-2.2363636494e+00,1.6969700810e-03,0.8083,4.4242382050e-02
-0.1580,-0.0004860,0.0000073,0.00006150,0.00000694,-2.2121212482e+00,1.5757574001e-03,0.8093,1.9999980927e-02
-0.1570,-0.0004810,0.0000073,0.00006150,0.00000692,-2.1919190884e+00,1.5353538329e-03,0.8103,2.0217895508e-04
-0.1560,-0.0004750,0.0000072,0.00006160,0.00000692,-2.1680808067e+00,1.2929284712e-03,0.8113,2.4040460587e-02
-0.1550,-0.0004690,0.0000072,0.00006160,0.00000692,-2.1438381672e+00,1.2121212203e-03,0.8123,4.8283100128e-02
-0.1540,-0.0004630,0.0000072,0.00006170,0.00000692,-2.1199998856e+00,1.0505049722e-03,0.8133,7.2121381760e-02
-0.1530,-0.0004580,0.0000071,0.00006170,0.00000691,-2.0997979641e+00,8.4848504048e-04,0.8143,9.2323303223e-02
-0.1520,-0.0004520,0.0000071,0.00006160,0.00000691,-2.0751516819e+00,8.8888866594e-04,0.8153,1.1696958542e-01
-0.1510,-0.0004460,0.0000071,0.00006170,0.00000691,-2.0513129234e+00,6.0605973704e-04,0.8163,1.4080834389e-01
-0.1500,-0.0004400,0.0000071,0.00006160,0.00000691,-2.0266666412e+00,5.6565611158e-04,0.8173,1.6545462608e-01
-0.1490,-0.0004350,0.0000070,0.00006170,0.00000690,-2.0068686008e+00,4.4444526429e-04,0.8183,1.8525266647e-01
-0.1480,-0.0004280,0.0000070,0.00006170,0.00000689,-1.9785858393e+00,3.2323258347e-04,0.8193,2.1353542805e-01
-0.1470,-0.0004230,0.0000070,0.00006180,0.00000690,-1.9587879181e+00,2.4242534710e-04,0.8203,2.3333334923e-01
-0.1460,-0.0004170,0.0000069,0.00006170,0.00000691,-1.9341413975e+00,1.2121084001e-04,0.8213,2.5797986984e-01
-0.1450,-0.0004110,0.0000069,0.00006170,0.00000690,-1.9098989964e+00,-8.0807229097e-05,0.8223,2.8222227097e-01
-0.1440,-0.0004050,0.0000069,0.00006170,0.00000689,-1.8856565952e+00,-8.0807229097e-05,0.8233,3.0646467209e-01
-0.1430,-0.0003990,0.0000069,0.00006180,0.00000690,-1.8618181944e+00,-1.6161445819e-04,0.8243,3.3030307293e-01
-0.1420,-0.0003930,0.0000068,0.00006180,0.00000691,-1.8375757933e+00,-4.0404163883e-04,0.8253,3.5454547405e-01
-0.1410,-0.0003880,0.0000068,0.00006180,0.00000690,-1.8173737526e+00,-3.6363617983e-04,0.8263,3.7474751472e-01
-0.1400,-0.0003810,0.0000068,0.00006180,0.00000690,-1.7890908718e+00,-5.6565611158e-04,0.8273,4.0303039551e-01
-0.1390,-0.0003750,0.0000067,0.00006190,0.00000690,-1.7652525902e+00,-6.8686692975e-04,0.8283,4.2686867714e-01
-0.1380,-0.0003700,0.0000067,0.00006180,0.00000690,-1.7446464300e+00,-6.8686692975e-04,0.8293,4.4747483730e-01
-0.1370,-0.0003640,0.0000067,0.00006180,0.00000689,-1.7204041481e+00,-6.4646330429e-04,0.8303,4.7171711922e-01
-0.1360,-0.0003580,0.0000067,0.00006190,0.00000689,-1.6965656281e+00,-8.4848504048e-04,0.8313,4.9555563927e-01
-0.1350,-0.0003520,0.0000067,0.00006190,0.00000690,-1.6723232269e+00,-8.0807961058e-04,0.8323,5.1979804039e-01
-0.1340,-0.0003450,0.0000067,0.00006200,0.00000689,-1.6444444656e+00,-9.6969591687e-04,0.8333,5.4767680168e-01
-0.1330,-0.0003400,0.0000067,0.00006200,0.00000688,-1.6242424250e+00,-8.8888866594e-04,0.8343,5.6787884235e-01
-0.1320,-0.0003340,0.0000066,0.00006200,0.00000688,-1.6000000238e+00,-9.6969772130e-04,0.8353,5.9212124348e-01
-0.1310,-0.0003280,0.0000066,0.00006210,0.00000689,-1.5761616230e+00,-1.0505049722e-03,0.8363,6.1595964432e-01
-0.1300,-0.0003220,0.0000066,0.00006210,0.00000688,-1.5519192219e+00,-1.1313140858e-03,0.8373,6.4020204544e-01
-0.1290,-0.0003160,0.0000066,0.00006210,0.00000688,-1.5276768208e+00,-1.2121212203e-03,0.8383,6.6444444656e-01
-0.1280,-0.0003100,0.0000066,0.00006210,0.00000688,-1.5034344196e+00,-1.1717176531e-03,0.8393,6.8868684769e-01
-0.1270,-0.0003040,0.0000066,0.00006220,0.00000689,-1.4795958996e+00,-1.3333321549e-03,0.8403,7.1252536774e-01
-0.1260,-0.0002980,0.0000065,0.00006210,0.00000688,-1.4549494982e+00,-1.3333339011e-03,0.8413,7.3717176914e-01
-0.1250,-0.0002920,0.0000065,0.00006220,0.00000688,-1.4311112165e+00,-1.4141411521e-03,0.8423,7.6101005077e-01
-0.1240,-0.0002860,0.0000065,0.00006220,0.00000688,-1.4068686962e+00,-1.4141411521e-03,0.8433,7.8525257111e-01
-0.1230,-0.0002800,0.0000065,0.00006220,0.00000689,-1.3826262951e+00,-1.5757574001e-03,0.8443,8.0949497223e-01
-0.1220,-0.0002750,0.0000065,0.00006230,0.00000687,-1.3628283739e+00,-1.4141411521e-03,0.8453,8.2929289341e-01
-0.1210,-0.0002680,0.0000065,0.00006240,0.00000688,-1.3349494934e+00,-1.5757574001e-03,0.8463,8.5717177391e-01
-0.1200,-0.0002640,0.0000065,0.00006230,0.00000688,-1.3183839321e+00,-1.6161610838e-03,0.8473,8.7373733521e-01
-0.1190,-0.0002570,0.0000065,0.00006240,0.00000688,-1.2905051708e+00,-1.6565665137e-03,0.8483,9.0161609650e-01
-0.1180,-0.0002520,0.0000065,0.00006240,0.00000687,-1.2703030109e+00,-1.6565665137e-03,0.8493,9.2181825638e-01
-0.1170,-0.0002460,0.0000064,0.00006230,0.00000686,-1.2456566095e+00,-1.6969700810e-03,0.8503,9.4646465778e-01
-0.1160,-0.0002400,0.0000065,0.00006240,0.00000687,-1.2218182087e+00,-1.6969700810e-03,0.8513,9.7030305862e-01
-0.1150,-0.0002340,0.0000064,0.00006250,0.00000687,-1.1979799271e+00,-1.7373737646e-03,0.8523,9.9414134026e-01
-0.1140,-0.0002290,0.0000064,0.00006240,0.00000687,-1.1773737669e+00,-1.8585864455e-03,0.8533,1.0147475004e+00
-0.1130,-0.0002230,0.0000064,0.00006260,0.00000687,-1.1539393663e+00,-1.8585864455e-03,0.8543,1.0381819010e+00
-0.1120,-0.0002180,0.0000064,0.00006260,0.00000688,-1.1337373257e+00,-1.9797971472e-03,0.8553,1.0583839417e+00
-0.1110,-0.0002120,0.0000064,0.00006260,0.00000686,-1.1094949245e+00,-1.8585864455e-03,0.8563,1.0826263428e+00
-0.1100,-0.0002070,0.0000064,0.00006270,0.00000686,-1.0896970034e+00,-1.8989900127e-03,0.8573,1.1024242640e+00
-0.1090,-0.0002010,0.0000064,0.00006270,0.00000687,-1.0654546022e+00,-1.9797990099e-03,0.8583,1.1266666651e+00
-0.1080,-0.0001960,0.0000064,0.00006280,0.00000687,-1.0456565619e+00,-1.9393936964e-03,0.8593,1.1464647055e+00
-0.1070,-0.0001910,0.0000064,0.00006270,0.00000685,-1.0250505209e+00,-1.8989900127e-03,0.8603,1.1670707464e+00
-0.1060,-0.0001850,0.0000064,0.00006280,0.00000686,-1.0012121201e+00,-1.9797990099e-03,0.8613,1.1909091473e+00
-0.1050,-0.0001800,0.0000064,0.00006290,0.00000687,-9.8141413927e-01,-2.0202028099e-03,0.8623,1.2107071877e+00
-0.1040,-0.0001750,0.0000064,0.00006280,0.00000686,-9.6080803871e-01,-2.0606063772e-03,0.8633,1.2313132286e+00
-0.1030,-0.0001700,0.0000064,0.00006290,0.00000685,-9.4101011753e-01,-2.0202009473e-03,0.8643,1.2511111498e+00
-0.1020,-0.0001640,0.0000064,0.00006300,0.00000685,-9.1717171669e-01,-2.0202009473e-03,0.8653,1.2749495506e+00
-0.1010,-0.0001600,0.0000063,0.00006300,0.00000686,-9.0101009607e-01,-2.1414153744e-03,0.8663,1.2911112309e+00
-0.1000,-0.0001540,0.0000063,0.00006300,0.00000685,-8.7676763535e-01,-2.0606063772e-03,0.8673,1.3153536320e+00
-0.0990,-0.0001500,0.0000063,0.00006310,0.00000685,-8.6101013422e-01,-2.1010099445e-03,0.8683,1.3311111927e+00
-0.0980,-0.0001450,0.0000063,0.00006310,0.00000685,-8.4080809355e-01,-2.1010099445e-03,0.8693,1.3513131142e+00
-0.0970,-0.0001400,0.0000063,0.00006310,0.00000685,-8.2060605288e-01,-2.1414135117e-03,0.8703,1.3715152740e+00
-0.0960,-0.0001350,0.0000063,0.00006320,0.00000684,-8.0080807209e-01,-2.1010099445e-03,0.8713,1.3913131952e+00
-0.0950,-0.0001310,0.0000063,0.00006320,0.00000684,-7.8464645147e-01,-2.1010099445e-03,0.8723,1.4074747562e+00
-0.0940,-0.0001260,0.0000063,0.00006320,0.00000684,-7.6444447041e-01,-2.1414135117e-03,0.8733,1.4276767969e+00
-0.0930,-0.0001220,0.0000063,0.00006330,0.00000685,-7.4868685007e-01,-2.1818170790e-03,0.8743,1.4434344769e+00
-0.0920,-0.0001170,0.0000063,0.00006330,0.00000683,-7.2848486900e-01,-2.1414135117e-03,0.8753,1.4636363983e+00
-0.0910,-0.0001130,0.0000063,0.00006330,0.00000683,-7.1232324839e-01,-2.1414135117e-03,0.8763,1.4797980785e+00
-0.0900,-0.0001080,0.0000063,0.00006340,0.00000683,-6.9252520800e-01,-2.1818189416e-03,0.8773,1.4995961189e+00
-0.0890,-0.0001040,0.0000063,0.00006350,0.00000684,-6.7676764727e-01,-2.1818170790e-03,0.8783,1.5153536797e+00
-0.0880,-0.0001000,0.0000063,0.00006340,0.00000683,-6.6020196676e-01,-2.1818189416e-03,0.8793,1.5319192410e+00
-0.0870,-0.0000956,0.0000063,0.00006340,0.00000682,-6.4242428541e-01,-2.1010099445e-03,0.8803,1.5496969223e+00
-0.0860,-0.0000916,0.0000063,0.00006360,0.00000682,-6.2707066536e-01,-2.1818189416e-03,0.8813,1.5650506020e+00
-0.0850,-0.0000876,0.0000063,0.00006350,0.00000683,-6.1050504446e-01,-2.2222225089e-03,0.8823,1.5816161633e+00
-0.0840,-0.0000836,0.0000063,0.00006360,0.00000682,-5.9474748373e-01,-2.2222225089e-03,0.8833,1.5973737240e+00
-0.0830,-0.0000797,0.0000063,0.00006380,0.00000681,-5.7979798317e-01,-2.1818170790e-03,0.8843,1.6123232841e+00
-0.0820,-0.0000759,0.0000063,0.00006370,0.00000682,-5.6404042244e-01,-2.2222225089e-03,0.8853,1.6280808449e+00
-0.0810,-0.0000722,0.0000063,0.00006370,0.00000682,-5.4909086227e-01,-2.1818189416e-03,0.8863,1.6430304050e+00
-0.0800,-0.0000685,0.0000063,0.00006370,0.00000683,-5.3414136171e-01,-2.2626263089e-03,0.8873,1.6579799652e+00
-0.0790,-0.0000649,0.0000063,0.00006380,0.00000682,-5.1999998093e-01,-2.2222225089e-03,0.8883,1.6721212864e+00
-0.0780,-0.0000615,0.0000063,0.00006390,0.00000682,-5.0666666031e-01,-2.2222225089e-03,0.8893,1.6854546070e+00
-0.0770,-0.0000580,0.0000063,0.00006390,0.00000682,-4.9252524972e-01,-2.2222225089e-03,0.8903,1.6995960474e+00
-0.0760,-0.0000545,0.0000063,0.00006400,0.00000682,-4.7878786922e-01,-2.1818189416e-03,0.8913,1.7133333683e+00
-0.0750,-0.0000513,0.0000063,0.00006400,0.00000681,-4.6585860848e-01,-2.1818170790e-03,0.8923,1.7262626886e+00
-0.0740,-0.0000481,0.0000063,0.00006410,0.00000681,-4.5333331823e-01,-2.1818170790e-03,0.8933,1.7387878895e+00
-0.0730,-0.0000448,0.0000063,0.00006420,0.00000681,-4.4040405750e-01,-2.2222208790e-03,0.8943,1.7517172098e+00
-0.0720,-0.0000418,0.0000063,0.00006420,0.00000682,-4.2828285694e-01,-2.2626263089e-03,0.8953,1.7638384104e+00
-0.0710,-0.0000387,0.0000063,0.00006420,0.00000681,-4.1575756669e-01,-2.2222208790e-03,0.8963,1.7763637304e+00
-0.0700,-0.0000357,0.0000063,0.00006430,0.00000681,-4.0404042602e-01,-2.2222208790e-03,0.8973,1.7880808115e+00
-0.0690,-0.0000329,0.0000063,0.00006430,0.00000680,-3.9272725582e-01,-2.1818170790e-03,0.8983,1.7993940115e+00
-0.0680,-0.0000301,0.0000063,0.00006450,0.00000681,-3.8222220540e-01,-2.2222208790e-03,0.8993,1.8098990917e+00
-0.0670,-0.0000273,0.0000063,0.00006450,0.00000680,-3.7090909481e-01,-2.1818170790e-03,0.9003,1.8212121725e+00
-0.0660,-0.0000246,0.0000063,0.00006450,0.00000679,-3.5999998450e-01,-2.1414135117e-03,0.9013,1.8321212530e+00
-0.0650,-0.0000220,0.0000062,0.00006460,0.00000680,-3.4989899397e-01,-2.2222225089e-03,0.9023,1.8422222137e+00
-0.0640,-0.0000194,0.0000063,0.00006460,0.00000679,-3.3939394355e-01,-2.1414135117e-03,0.9033,1.8527272940e+00
-0.0630,-0.0000170,0.0000063,0.00006460,0.00000680,-3.2969695330e-01,-2.1818170790e-03,0.9043,1.8624243736e+00
-0.0620,-0.0000145,0.0000062,0.00006450,0.00000678,-3.1919190288e-01,-2.1414153744e-03,0.9053,1.8729293346e+00
-0.0610,-0.0000121,0.0000062,0.00006480,0.00000679,-3.1070706248e-01,-2.1818189416e-03,0.9063,1.8814141750e+00
-0.0600,-0.0000098,0.0000062,0.00006480,0.00000679,-3.0157575011e-01,-2.1818189416e-03,0.9073,1.8905454874e+00
-0.0590,-0.0000076,0.0000062,0.00006480,0.00000681,-2.9256564379e-01,-2.2626263089e-03,0.9083,1.8995556831e+00
-0.0580,-0.0000053,0.0000062,0.00006490,0.00000679,-2.8375759721e-01,-2.1818189416e-03,0.9093,1.9083636999e+00
-0.0570,-0.0000031,0.0000062,0.00006500,0.00000679,-2.7511110902e-01,-2.2222225089e-03,0.9103,1.9170101881e+00
-0.0560,-0.0000012,0.0000062,0.00006500,0.00000679,-2.6731312275e-01,-2.2222225089e-03,0.9113,1.9248081446e+00
-0.0550,0.0000010,0.0000062,0.00006500,0.00000679,-2.5875553489e-01,-2.2222225089e-03,0.9123,1.9333657026e+00
-0.0540,0.0000030,0.0000062,0.00006510,0.00000679,-2.5107070804e-01,-2.2222225089e-03,0.9133,1.9410505295e+00
-0.0530,0.0000048,0.0000062,0.00006510,0.00000678,-2.4355553091e-01,-2.1414153744e-03,0.9143,1.9485657215e+00
-0.0520,0.0000067,0.0000062,0.00006530,0.00000679,-2.3688888550e-01,-2.2222225089e-03,0.9153,1.9552323818e+00
-0.0510,0.0000085,0.0000062,0.00006540,0.00000679,-2.2973737121e-01,-2.2222225089e-03,0.9163,1.9623838663e+00
-0.0500,0.0000101,0.0000062,0.00006530,0.00000677,-2.2303029895e-01,-2.1818170790e-03,0.9173,1.9690909386e+00
-0.0490,0.0000119,0.0000062,0.00006540,0.00000678,-2.1616162360e-01,-2.1818189416e-03,0.9183,1.9759596586e+00
-0.0480,0.0000135,0.0000062,0.00006550,0.00000678,-2.1010097861e-01,-2.1818189416e-03,0.9193,1.9820202589e+00
-0.0470,0.0000150,0.0000062,0.00006550,0.00000678,-2.0404037833e-01,-2.1818189416e-03,0.9203,1.9880808592e+00
-0.0460,0.0000166,0.0000062,0.00006550,0.00000677,-1.9757571816e-01,-2.1414135117e-03,0.9213,1.9945455790e+00
-0.0450,0.0000181,0.0000062,0.00006560,0.00000677,-1.9191916287e-01,-2.1818170790e-03,0.9223,2.0002021790e+00
-0.0440,0.0000196,0.0000062,0.00006570,0.00000677,-1.8626260757e-01,-2.1414135117e-03,0.9233,2.0058586597e+00
-0.0430,0.0000208,0.0000062,0.00006570,0.00000678,-1.8141412735e-01,-2.1818189416e-03,0.9243,2.0107071400e+00
-0.0420,0.0000222,0.0000062,0.00006570,0.00000677,-1.7575754225e-01,-2.1414135117e-03,0.9253,2.0163636208e+00
-0.0410,0.0000236,0.0000062,0.00006590,0.00000677,-1.7090909183e-01,-2.1414135117e-03,0.9263,2.0212121010e+00
-0.0400,0.0000248,0.0000062,0.00006590,0.00000677,-1.6606059670e-01,-2.1414135117e-03,0.9273,2.0260605812e+00
-0.0390,0.0000261,0.0000062,0.00006590,0.00000677,-1.6080805659e-01,-2.1818170790e-03,0.9283,2.0313131809e+00
-0.0380,0.0000273,0.0000062,0.00006600,0.00000676,-1.5636362135e-01,-2.1414135117e-03,0.9293,2.0357575417e+00
-0.0370,0.0000283,0.0000062,0.00006610,0.00000676,-1.5272726119e-01,-2.1010099445e-03,0.9303,2.0393939018e+00
-0.0360,0.0000295,0.0000062,0.00006610,0.00000675,-1.4787878096e-01,-2.1010099445e-03,0.9313,2.0442423820e+00
-0.0350,0.0000305,0.0000062,0.00006620,0.00000675,-1.4424242079e-01,-2.1010099445e-03,0.9323,2.0478787422e+00
-0.0340,0.0000316,0.0000062,0.00006630,0.00000675,-1.4020201564e-01,-2.1010099445e-03,0.9333,2.0519192219e+00
-0.0330,0.0000326,0.0000062,0.00006640,0.00000674,-1.3656565547e-01,-2.0606063772e-03,0.9343,2.0555555820e+00
-0.0320,0.0000337,0.0000062,0.00006650,0.00000674,-1.3252523541e-01,-2.0202028099e-03,0.9353,2.0595960617e+00
-0.0310,0.0000345,0.0000062,0.00006660,0.00000676,-1.2969695032e-01,-2.1010099445e-03,0.9363,2.0624244213e+00
-0.0300,0.0000355,0.0000062,0.00006660,0.00000675,-1.2565654516e-01,-2.1010099445e-03,0.9373,2.0664646626e+00
-0.0290,0.0000363,0.0000062,0.00006660,0.00000674,-1.2242422998e-01,-2.0202028099e-03,0.9383,2.0696971416e+00
-0.0280,0.0000372,0.0000062,0.00006670,0.00000675,-1.1919190735e-01,-2.1010099445e-03,0.9393,2.0729293823e+00
-0.0270,0.0000379,0.0000062,0.00006670,0.00000675,-1.1636362225e-01,-2.1010099445e-03,0.9403,2.0757577419e+00
-0.0260,0.0000388,0.0000062,0.00006680,0.00000674,-1.1313129961e-01,-2.0606063772e-03,0.9413,2.0789899826e+00
-0.0250,0.0000396,0.0000062,0.00006690,0.00000674,-1.1030302197e-01,-2.0606063772e-03,0.9423,2.0818183422e+00
-0.0240,0.0000402,0.0000062,0.00006700,0.00000675,-1.0828281939e-01,-2.1010099445e-03,0.9433,2.0838384628e+00
-0.0230,0.0000410,0.0000062,0.00006700,0.00000674,-1.0505050421e-01,-2.1010099445e-03,0.9443,2.0870707035e+00
-0.0220,0.0000418,0.0000062,0.00006720,0.00000674,-1.0262625664e-01,-2.1010099445e-03,0.9453,2.0894949436e+00
-0.0210,0.0000424,0.0000062,0.00006720,0.00000674,-1.0020202398e-01,-2.0606063772e-03,0.9463,2.0919191837e+00
-0.0200,0.0000431,0.0000062,0.00006720,0.00000674,-9.7373738885e-02,-2.0606063772e-03,0.9473,2.0947475433e+00
-0.0190,0.0000438,0.0000062,0.00006740,0.00000673,-9.5353521407e-02,-2.0606063772e-03,0.9483,2.0967676640e+00
-0.0180,0.0000442,0.0000062,0.00006740,0.00000673,-9.3737356365e-02,-2.0606063772e-03,0.9493,2.0983839035e+00
-0.0170,0.0000449,0.0000062,0.00006740,0.00000674,-9.0909071267e-02,-2.1010099445e-03,0.9503,2.1012122631e+00
-0.0160,0.0000455,0.0000062,0.00006750,0.00000673,-8.8888868690e-02,-2.0606063772e-03,0.9513,2.1032323837e+00
-0.0150,0.0000460,0.0000062,0.00006760,0.00000672,-8.7272711098e-02,-1.9797971472e-03,0.9523,2.1048486233e+00
-0.0140,0.0000466,0.0000062,0.00006760,0.00000671,-8.4848478436e-02,-1.9797971472e-03,0.9533,2.1072728634e+00
-0.0130,0.0000471,0.0000062,0.00006790,0.00000672,-8.4040403366e-02,-2.0606063772e-03,0.9543,2.1080808640e+00
-0.0120,0.0000477,0.0000062,0.00006790,0.00000673,-8.1616155803e-02,-2.1010118071e-03,0.9553,2.1105051041e+00
-0.0110,0.0000481,0.0000062,0.00006790,0.00000671,-7.9999998212e-02,-2.0202028099e-03,0.9563,2.1121213436e+00
-0.0100,0.0000487,0.0000062,0.00006800,0.00000671,-7.7979795635e-02,-2.0202028099e-03,0.9573,2.1141414642e+00
-0.0090,0.0000491,0.0000062,0.00006810,0.00000672,-7.6767683029e-02,-2.0606063772e-03,0.9583,2.1153535843e+00
-0.0080,0.0000496,0.0000062,0.00006810,0.00000672,-7.4747480452e-02,-2.1010099445e-03,0.9593,2.1173737049e+00
-0.0070,0.0000501,0.0000062,0.00006820,0.00000670,-7.3131315410e-02,-2.0202028099e-03,0.9603,2.1189899445e+00
-0.0060,0.0000506,0.0000062,0.00006840,0.00000670,-7.1919173002e-02,-1.9797990099e-03,0.9613,2.1202020645e+00
-0.0050,0.0000509,0.0000062,0.00006840,0.00000669,-7.0707060397e-02,-1.9393954426e-03,0.9623,2.1214141846e+00
-0.0040,0.0000513,0.0000062,0.00006850,0.00000670,-6.9494925439e-02,-2.0202028099e-03,0.9633,2.1226263046e+00
-0.0030,0.0000517,0.0000062,0.00006860,0.00000669,-6.8282812834e-02,-1.9797990099e-03,0.9643,2.1238384247e+00
-0.0020,0.0000522,0.0000062,0.00006870,0.00000669,-6.6666655242e-02,-1.9393954426e-03,0.9653,2.1254546642e+00
-0.0010,0.0000525,0.0000062,0.00006880,0.00000670,-6.5858580172e-02,-1.9797990099e-03,0.9663,2.1262626648e+00
0.0000,0.0000535,0.0000062,0.00006900,0.00000670,-6.2626264989e-02,-1.9797990099e-03,0.9673,2.1294949055e+00
0.0010,0.0000533,0.0000062,0.00006910,0.00000670,-6.3838392496e-02,-1.9797990099e-03,0.9683,2.1282827854e+00
0.0020,0.0000536,0.0000062,0.00006910,0.00000669,-6.2626264989e-02,-1.9797990099e-03,0.9693,2.1294949055e+00
0.0030,0.0000540,0.0000062,0.00006900,0.00000669,-6.0606054962e-02,-1.9797990099e-03,0.9703,2.1315152645e+00
0.0040,0.0000544,0.0000062,0.00006930,0.00000670,-6.0201998800e-02,-2.0202028099e-03,0.9713,2.1319193840e+00
0.0050,0.0000546,0.0000062,0.00006910,0.00000668,-5.8585852385e-02,-1.9393936964e-03,0.9723,2.1335353851e+00
0.0060,0.0000550,0.0000062,0.00006930,0.00000669,-5.7777751237e-02,-2.0202028099e-03,0.9733,2.1343436241e+00
0.0070,0.0000553,0.0000062,0.00006950,0.00000669,-5.7373721153e-02,-2.0202028099e-03,0.9743,2.1347475052e+00
0.0080,0.0000554,0.0000062,0.00006950,0.00000670,-5.6969679892e-02,-2.0202028099e-03,0.9753,2.1351516247e+00
0.0090,0.0000560,0.0000062,0.00006950,0.00000668,-5.4545432329e-02,-1.9393936964e-03,0.9763,2.1375758648e+00
0.0100,0.0000561,0.0000062,0.00006960,0.00000668,-5.4545432329e-02,-1.9797971472e-03,0.9773,2.1375758648e+00
0.0110,0.0000565,0.0000062,0.00006970,0.00000668,-5.3333315998e-02,-1.9797971472e-03,0.9783,2.1387879848e+00
0.0120,0.0000567,0.0000062,0.00006980,0.00000669,-5.2929289639e-02,-2.0202028099e-03,0.9793,2.1391918659e+00
0.0130,0.0000572,0.0000062,0.00006990,0.00000668,-5.1313128322e-02,-1.9797971472e-03,0.9803,2.1408081055e+00
0.0140,0.0000572,0.0000062,0.00006990,0.00000668,-5.1313128322e-02,-1.9797971472e-03,0.9813,2.1408081055e+00
0.0150,0.0000575,0.0000062,0.00007000,0.00000668,-5.0505042076e-02,-1.9797971472e-03,0.9823,2.1416163445e+00
0.0160,0.0000578,0.0000062,0.00007010,0.00000668,-4.9696970731e-02,-1.9797971472e-03,0.9833,2.1424243450e+00
0.0170,0.0000581,0.0000062,0.00007030,0.00000667,-4.9292910844e-02,-1.9393936964e-03,0.9843,2.1428284645e+00
0.0180,0.0000583,0.0000062,0.00007030,0.00000667,-4.8484824598e-02,-1.9393936964e-03,0.9853,2.1436364651e+00
0.0190,0.0000587,0.0000062,0.00007040,0.00000667,-4.7272708267e-02,-1.9393936964e-03,0.9863,2.1448485851e+00
0.0200,0.0000588,0.0000062,0.00007050,0.00000668,-4.7272708267e-02,-1.9797971472e-03,0.9873,2.1448485851e+00
0.0210,0.0000591,0.0000062,0.00007050,0.00000666,-4.6060591936e-02,-1.9393936964e-03,0.9883,2.1460607052e+00
0.0220,0.0000594,0.0000062,0.00007060,0.00000667,-4.5252505690e-02,-1.9797971472e-03,0.9893,2.1468687057e+00
0.0230,0.0000596,0.0000062,0.00007060,0.00000667,-4.4444434345e-02,-1.9797971472e-03,0.9903,2.1476769447e+00
0.0240,0.0000598,0.0000062,0.00007080,0.00000667,-4.4444434345e-02,-1.9393936964e-03,0.9913,2.1476769447e+00
0.0250,0.0000600,0.0000062,0.00007100,0.00000666,-4.4444449246e-02,-1.9393936964e-03,0.9923,2.1476767063e+00
0.0260,0.0000604,0.0000062,0.00007100,0.00000665,-4.2828273028e-02,-1.9393954426e-03,0.9933,2.1492929459e+00
0.0270,0.0000605,0.0000062,0.00007110,0.00000666,-4.2828287929e-02,-1.9797990099e-03,0.9943,2.1492929459e+00
0.0280,0.0000608,0.0000062,0.00007120,0.00000666,-4.2020171881e-02,-1.9797990099e-03,0.9953,2.1501011848e+00
0.0290,0.0000610,0.0000062,0.00007130,0.00000664,-4.1616145521e-02,-1.8585845828e-03,0.9963,2.1505050659e+00
0.0300,0.0000611,0.0000062,0.00007130,0.00000665,-4.1212100536e-02,-1.8989900127e-03,0.9973,2.1509091854e+00
0.0310,0.0000615,0.0000062,0.00007140,0.00000665,-3.9999969304e-02,-1.9797990099e-03,0.9983,2.1521213055e+00
0.0320,0.0000617,0.0000062,0.00007150,0.00000665,-3.9595957845e-02,-1.9393954426e-03,0.9993,2.1525254250e+00
0.0330,0.0000618,0.0000062,0.00007170,0.00000664,-3.9999999106e-02,-1.9393936964e-03,1.0003,2.1521213055e+00
0.0340,0.0000621,0.0000062,0.00007190,0.00000664,-3.9595957845e-02,-1.9393936964e-03,1.0013,2.1525254250e+00
0.0350,0.0000624,0.0000062,0.00007190,0.00000664,-3.8383826613e-02,-1.9393936964e-03,1.0023,2.1537375450e+00
0.0360,0.0000625,0.0000062,0.00007190,0.00000664,-3.7979781628e-02,-1.9393936964e-03,1.0033,2.1541414261e+00
0.0370,0.0000626,0.0000061,0.00007200,0.00000663,-3.7979811430e-02,-1.9393936964e-03,1.0043,2.1541414261e+00
0.0380,0.0000630,0.0000061,0.00007210,0.00000663,-3.6767680198e-02,-1.9797971472e-03,1.0053,2.1553535461e+00
0.0390,0.0000632,0.0000061,0.00007230,0.00000663,-3.6767650396e-02,-1.9393936964e-03,1.0063,2.1553535461e+00
0.0400,0.0000632,0.0000061,0.00007240,0.00000664,-3.7171695381e-02,-1.9797971472e-03,1.0073,2.1549496651e+00
0.0410,0.0000635,0.0000061,0.00007240,0.00000663,-3.5959564149e-02,-1.9393936964e-03,1.0083,2.1561617851e+00
0.0420,0.0000638,0.0000061,0.00007250,0.00000662,-3.5151507705e-02,-1.9393936964e-03,1.0093,2.1569697857e+00
0.0430,0.0000639,0.0000061,0.00007250,0.00000662,-3.4747462720e-02,-1.8989900127e-03,1.0103,2.1573739052e+00
0.0440,0.0000642,0.0000061,0.00007280,0.00000663,-3.4747462720e-02,-1.9393936964e-03,1.0113,2.1573739052e+00
0.0450,0.0000644,0.0000061,0.00007280,0.00000663,-3.3939376473e-02,-1.9797971472e-03,1.0123,2.1581819057e+00
0.0460,0.0000645,0.0000061,0.00007290,0.00000662,-3.3939406276e-02,-1.9393936964e-03,1.0133,2.1581819057e+00
0.0470,0.0000646,0.0000061,0.00007310,0.00000662,-3.4343421459e-02,-1.9393936964e-03,1.0143,2.1577777863e+00
0.0480,0.0000649,0.0000061,0.00007320,0.00000663,-3.3535331488e-02,-1.9393936964e-03,1.0153,2.1585860252e+00
0.0490,0.0000651,0.0000061,0.00007320,0.00000662,-3.2727245241e-02,-1.8989900127e-03,1.0163,2.1593940258e+00
0.0500,0.0000653,0.0000061,0.00007330,0.00000661,-3.2323203981e-02,-1.8585864455e-03,1.0173,2.1597981453e+00
0.0510,0.0000655,0.0000061,0.00007350,0.00000662,-3.2323233783e-02,-1.9393936964e-03,1.0183,2.1597981453e+00
0.0520,0.0000658,0.0000061,0.00007370,0.00000662,-3.1919188797e-02,-1.9393936964e-03,1.0193,2.1602020264e+00
0.0530,0.0000658,0.0000061,0.00007360,0.00000661,-3.1515143812e-02,-1.9393936964e-03,1.0203,2.1606061459e+00
0.0540,0.0000659,0.0000061,0.00007380,0.00000661,-3.1919188797e-02,-1.8989900127e-03,1.0213,2.1602020264e+00
0.0550,0.0000664,0.0000061,0.00007380,0.00000662,-2.9898973182e-02,-1.9393936964e-03,1.0223,2.1622223854e+00
0.0560,0.0000664,0.0000061,0.00007400,0.00000661,-3.0707059428e-02,-1.9393936964e-03,1.0233,2.1614141464e+00
0.0570,0.0000665,0.0000061,0.00007400,0.00000660,-3.0303046107e-02,-1.8989881501e-03,1.0243,2.1618182659e+00
0.0580,0.0000670,0.0000061,0.00007430,0.00000660,-2.9494930059e-02,-1.8989881501e-03,1.0253,2.1626262665e+00
0.0590,0.0000669,0.0000061,0.00007430,0.00000662,-2.9898973182e-02,-1.9797971472e-03,1.0263,2.1622223854e+00
0.0600,0.0000673,0.0000061,0.00007420,0.00000660,-2.7878755704e-02,-1.8989881501e-03,1.0273,2.1642425060e+00
0.0610,0.0000674,0.0000061,0.00007460,0.00000660,-2.9090914875e-02,-1.8989881501e-03,1.0283,2.1630303860e+00
0.0620,0.0000676,0.0000061,0.00007470,0.00000660,-2.8686871752e-02,-1.9393936964e-03,1.0293,2.1634345055e+00
0.0630,0.0000678,0.0000061,0.00007470,0.00000660,-2.7878785506e-02,-1.9393936964e-03,1.0303,2.1642425060e+00
0.0640,0.0000681,0.0000061,0.00007490,0.00000659,-2.7474742383e-02,-1.8989900127e-03,1.0313,2.1646466255e+00
0.0650,0.0000682,0.0000061,0.00007500,0.00000659,-2.7474742383e-02,-1.8989900127e-03,1.0323,2.1646466255e+00
0.0660,0.0000683,0.0000061,0.00007500,0.00000658,-2.7070697397e-02,-1.8585864455e-03,1.0333,2.1650505066e+00
0.0670,0.0000686,0.0000061,0.00007530,0.00000659,-2.7070697397e-02,-1.9393936964e-03,1.0343,2.1650505066e+00
0.0680,0.0000687,0.0000061,0.00007540,0.00000659,-2.7070697397e-02,-1.9393936964e-03,1.0353,2.1650505066e+00
0.0690,0.0000690,0.0000061,0.00007540,0.00000658,-2.5858568028e-02,-1.8989900127e-03,1.0363,2.1662626266e+00
0.0700,0.0000692,0.0000061,0.00007560,0.00000658,-2.5858568028e-02,-1.8989900127e-03,1.0373,2.1662626266e+00
0.0710,0.0000694,0.0000061,0.00007580,0.00000659,-2.5858597830e-02,-1.9393936964e-03,1.0383,2.1662626266e+00
0.0720,0.0000694,0.0000061,0.00007590,0.00000658,-2.6262640953e-02,-1.9393936964e-03,1.0393,2.1658587456e+00
0.0730,0.0000698,0.0000061,0.00007590,0.00000657,-2.4646466598e-02,-1.8989900127e-03,1.0403,2.1674747467e+00
0.0740,0.0000699,0.0000061,0.00007630,0.00000658,-2.5858568028e-02,-1.9393936964e-03,1.0413,2.1662626266e+00
0.0750,0.0000701,0.0000061,0.00007620,0.00000659,-2.4646436796e-02,-1.9797971472e-03,1.0423,2.1674747467e+00
0.0760,0.0000704,0.0000061,0.00007640,0.00000657,-2.4242423475e-02,-1.9393936964e-03,1.0433,2.1678788662e+00
0.0770,0.0000705,0.0000061,0.00007650,0.00000657,-2.4242423475e-02,-1.8989900127e-03,1.0443,2.1678788662e+00
0.0780,0.0000708,0.0000061,0.00007670,0.00000657,-2.3838380352e-02,-1.8585864455e-03,1.0453,2.1682829857e+00
0.0790,0.0000709,0.0000061,0.00007670,0.00000657,-2.3434335366e-02,-1.8585864455e-03,1.0463,2.1686868668e+00
0.0800,0.0000710,0.0000061,0.00007680,0.00000656,-2.3434335366e-02,-1.8585864455e-03,1.0473,2.1686868668e+00
0.0810,0.0000713,0.0000061,0.00007700,0.00000656,-2.3030292243e-02,-1.8585864455e-03,1.0483,2.1690909863e+00
0.0820,0.0000716,0.0000061,0.00007710,0.00000656,-2.2222205997e-02,-1.8585864455e-03,1.0493,2.1698989868e+00
0.0830,0.0000717,0.0000061,0.00007720,0.00000656,-2.2222205997e-02,-1.8585864455e-03,1.0503,2.1698989868e+00
0.0840,0.0000720,0.0000061,0.00007750,0.00000655,-2.2222205997e-02,-1.8989900127e-03,1.0513,2.1698989868e+00
0.0850,0.0000721,0.0000061,0.00007750,0.00000655,-2.1818162873e-02,-1.8989900127e-03,1.0523,2.1703031063e+00
0.0860,0.0000723,0.0000061,0.00007780,0.00000656,-2.2222235799e-02,-1.9393954426e-03,1.0533,2.1698989868e+00
0.0870,0.0000725,0.0000061,0.00007780,0.00000656,-2.1414147690e-02,-1.8989900127e-03,1.0543,2.1707072258e+00
0.0880,0.0000727,0.0000061,0.00007800,0.00000655,-2.1414119750e-02,-1.8989900127e-03,1.0553,2.1707072258e+00
0.0890,0.0000730,0.0000061,0.00007810,0.00000655,-2.0606031641e-02,-1.9393936964e-03,1.0563,2.1715152264e+00
0.0900,0.0000732,0.0000061,0.00007820,0.00000655,-2.0202018321e-02,-1.8989900127e-03,1.0573,2.1719193459e+00
0.0910,0.0000733,0.0000061,0.00007840,0.00000655,-2.0606061444e-02,-1.8989900127e-03,1.0583,2.1715152264e+00
0.0920,0.0000736,0.0000061,0.00007850,0.00000654,-1.9797975197e-02,-1.8989900127e-03,1.0593,2.1723232269e+00
0.0930,0.0000739,0.0000061,0.00007860,0.00000654,-1.8989887089e-02,-1.9393936964e-03,1.0603,2.1731314659e+00
0.0940,0.0000741,0.0000061,0.00007880,0.00000655,-1.8989916891e-02,-1.8989900127e-03,1.0613,2.1731314659e+00
0.0950,0.0000742,0.0000061,0.00007890,0.00000655,-1.8989887089e-02,-1.8989900127e-03,1.0623,2.1731314659e+00
0.0960,0.0000746,0.0000061,0.00007910,0.00000653,-1.8181800842e-02,-1.8585864455e-03,1.0633,2.1739394665e+00
0.0970,0.0000747,0.0000061,0.00007920,0.00000653,-1.8181800842e-02,-1.8989900127e-03,1.0643,2.1739394665e+00
0.0980,0.0000750,0.0000061,0.00007920,0.00000654,-1.6969669610e-02,-1.8989900127e-03,1.0653,2.1751515865e+00
0.0990,0.0000753,0.0000061,0.00007940,0.00000654,-1.6565656289e-02,-1.8585864455e-03,1.0663,2.1755557060e+00
0.1000,0.0000755,0.0000061,0.00007970,0.00000653,-1.6969699413e-02,-1.8585864455e-03,1.0673,2.1751515865e+00
0.1010,0.0000756,0.0000061,0.00007970,0.00000653,-1.6565656289e-02,-1.8989900127e-03,1.0683,2.1755557060e+00
0.1020,0.0000761,0.0000061,0.00008000,0.00000653,-1.5757568181e-02,-1.8585864455e-03,1.0693,2.1763637066e+00
0.1030,0.0000763,0.0000061,0.00008020,0.00000654,-1.5757568181e-02,-1.8989900127e-03,1.0703,2.1763637066e+00
0.1040,0.0000763,0.0000061,0.00008020,0.00000653,-1.5757568181e-02,-1.8181827618e-03,1.0713,2.1763637066e+00
0.1050,0.0000766,0.0000061,0.00008040,0.00000653,-1.5353524126e-02,-1.8585864455e-03,1.0723,2.1767678261e+00
0.1060,0.0000768,0.0000061,0.00008050,0.00000653,-1.4949481003e-02,-1.8989900127e-03,1.0733,2.1771717072e+00
0.1070,0.0000770,0.0000061,0.00008070,0.00000653,-1.4949510805e-02,-1.8585864455e-03,1.0743,2.1771717072e+00
0.1080,0.0000774,0.0000061,0.00008080,0.00000652,-1.3737350702e-02,-1.8181827618e-03,1.0753,2.1783838272e+00
0.1090,0.0000776,0.0000061,0.00008110,0.00000652,-1.4141393825e-02,-1.8585864455e-03,1.0763,2.1779799461e+00
0.1100,0.0000776,0.0000061,0.00008110,0.00000652,-1.4141393825e-02,-1.8585864455e-03,1.0773,2.1779799461e+00
0.1110,0.0000781,0.0000061,0.00008120,0.00000653,-1.2525249273e-02,-1.9393936964e-03,1.0783,2.1795959473e+00
0.1120,0.0000783,0.0000061,0.00008150,0.00000652,-1.2929293327e-02,-1.8585864455e-03,1.0793,2.1791920662e+00
0.1130,0.0000785,0.0000061,0.00008160,0.00000652,-1.2525249273e-02,-1.8585864455e-03,1.0803,2.1795959473e+00
0.1140,0.0000787,0.0000061,0.00008180,0.00000652,-1.2525220402e-02,-1.8989900127e-03,1.0813,2.1795959473e+00
0.1150,0.0000791,0.0000061,0.00008200,0.00000653,-1.1717162095e-02,-1.9393936964e-03,1.0823,2.1804041862e+00
0.1160,0.0000792,0.0000061,0.00008220,0.00000650,-1.2121206149e-02,-1.8181810156e-03,1.0833,2.1800000668e+00
0.1170,0.0000794,0.0000061,0.00008230,0.00000651,-1.1717162095e-02,-1.8181810156e-03,1.0843,2.1804041862e+00
0.1180,0.0000798,0.0000061,0.00008250,0.00000651,-1.0909104720e-02,-1.8585845828e-03,1.0853,2.1812121868e+00
0.1190,0.0000800,0.0000061,0.00008280,0.00000652,-1.1313118972e-02,-1.8585864455e-03,1.0863,2.1808080673e+00
0.1200,0.0000803,0.0000061,0.00008290,0.00000650,-1.0505031794e-02,-1.8181810156e-03,1.0873,2.1816163063e+00
0.1210,0.0000806,0.0000061,0.00008300,0.00000649,-9.6969455481e-03,-1.7777773319e-03,1.0883,2.1824243069e+00
0.1220,0.0000809,0.0000061,0.00008320,0.00000649,-9.2929312959e-03,-1.7777773319e-03,1.0893,2.1828284264e+00
0.1230,0.0000811,0.0000061,0.00008340,0.00000650,-9.2929312959e-03,-1.8181810156e-03,1.0903,2.1828284264e+00
0.1240,0.0000813,0.0000060,0.00008360,0.00000650,-9.2929312959e-03,-1.8585864455e-03,1.0913,2.1828284264e+00
0.1250,0.0000816,0.0000060,0.00008370,0.00000648,-8.4848143160e-03,-1.8181827618e-03,1.0923,2.1836364269e+00
0.1260,0.0000819,0.0000061,0.00008380,0.00000648,-7.6767574064e-03,-1.7373737646e-03,1.0933,2.1844444275e+00
0.1270,0.0000822,0.0000061,0.00008410,0.00000648,-7.6767574064e-03,-1.7373737646e-03,1.0943,2.1844444275e+00
0.1280,0.0000825,0.0000061,0.00008430,0.00000649,-7.2727142833e-03,-1.7777773319e-03,1.0953,2.1848485470e+00
0.1290,0.0000827,0.0000060,0.00008440,0.00000648,-6.8687000312e-03,-1.7777791945e-03,1.0963,2.1852526665e+00
0.1300,0.0000830,0.0000060,0.00008480,0.00000648,-7.2727142833e-03,-1.7777791945e-03,1.0973,2.1848485470e+00
0.1310,0.0000834,0.0000060,0.00008480,0.00000648,-5.6565403938e-03,-1.7777791945e-03,1.0983,2.1864647865e+00
0.1320,0.0000837,0.0000060,0.00008520,0.00000649,-6.0606128536e-03,-1.8181827618e-03,1.0993,2.1860606670e+00
0.1330,0.0000839,0.0000060,0.00008530,0.00000648,-5.6565697305e-03,-1.8181827618e-03,1.1003,2.1864647865e+00
0.1340,0.0000843,0.0000060,0.00008550,0.00000647,-4.8484825529e-03,-1.7777773319e-03,1.1013,2.1872727871e+00
0.1350,0.0000845,0.0000060,0.00008560,0.00000647,-4.4444096275e-03,-1.7777773319e-03,1.1023,2.1876769066e+00
0.1360,0.0000848,0.0000060,0.00008590,0.00000648,-4.4444389641e-03,-1.8181827618e-03,1.1033,2.1876769066e+00
0.1370,0.0000851,0.0000060,0.00008610,0.00000648,-4.0403958410e-03,-1.8181827618e-03,1.1043,2.1880807877e+00
0.1380,0.0000856,0.0000060,0.00008640,0.00000646,-3.2323377673e-03,-1.7373737646e-03,1.1053,2.1888890266e+00
0.1390,0.0000857,0.0000060,0.00008650,0.00000646,-3.2323084306e-03,-1.7373737646e-03,1.1063,2.1888890266e+00
0.1400,0.0000861,0.0000060,0.00008680,0.00000647,-2.8282650746e-03,-1.7777773319e-03,1.1073,2.1892929077e+00
0.1410,0.0000864,0.0000060,0.00008700,0.00000647,-2.4242214859e-03,-1.8181810156e-03,1.1083,2.1896970272e+00
0.1420,0.0000868,0.0000060,0.00008720,0.00000646,-1.6161638778e-03,-1.8181810156e-03,1.1093,2.1905050278e+00
0.1430,0.0000873,0.0000060,0.00008750,0.00000647,-8.0804753816e-04,-1.8585845828e-03,1.1103,2.1913132668e+00
0.1440,0.0000873,0.0000060,0.00008770,0.00000648,-1.6161345411e-03,-1.8989900127e-03,1.1113,2.1905050278e+00
0.1450,0.0000878,0.0000060,0.00008800,0.00000646,-8.0807693303e-04,-1.8181810156e-03,1.1123,2.1913132668e+00
0.1460,0.0000882,0.0000060,0.00008820,0.00000646,9.9999999392e-09,-1.8585845828e-03,1.1133,2.1921212673e+00
0.1470,0.0000886,0.0000060,0.00008840,0.00000646,8.0809695646e-04,-1.8585845828e-03,1.1143,2.1929292679e+00
0.1480,0.0000888,0.0000060,0.00008880,0.00000647,9.9999999392e-09,-1.8585845828e-03,1.1153,2.1921212673e+00
0.1490,0.0000891,0.0000060,0.00008900,0.00000646,4.0405348409e-04,-1.8181810156e-03,1.1163,2.1925253868e+00
0.1500,0.0000896,0.0000060,0.00008920,0.00000646,1.6161545645e-03,-1.8585845828e-03,1.1173,2.1937375069e+00
0.1510,0.0000900,0.0000060,0.00008950,0.00000645,2.0202274900e-03,-1.7777773319e-03,1.1183,2.1941413879e+00
0.1520,0.0000903,0.0000060,0.00008970,0.00000647,2.4242415093e-03,-1.8585845828e-03,1.1193,2.1945455074e+00
0.1530,0.0000907,0.0000060,0.00009000,0.00000645,2.8282850981e-03,-1.8181810156e-03,1.1203,2.1949496269e+00
0.1540,0.0000911,0.0000060,0.00009030,0.00000645,3.2323577907e-03,-1.8181810156e-03,1.1213,2.1953535080e+00
0.1550,0.0000914,0.0000060,0.00009050,0.00000645,3.6363720428e-03,-1.8585864455e-03,1.1223,2.1957576275e+00
0.1560,0.0000918,0.0000060,0.00009060,0.00000645,4.8485021107e-03,-1.8181810156e-03,1.1233,2.1969697475e+00
0.1570,0.0000922,0.0000060,0.00009100,0.00000645,4.8485021107e-03,-1.8181810156e-03,1.1243,2.1969697475e+00
0.1580,0.0000925,0.0000060,0.00009120,0.00000644,5.2525163628e-03,-1.7777773319e-03,1.1253,2.1973738670e+00
0.1590,0.0000930,0.0000060,0.00009150,0.00000644,6.0606324114e-03,-1.8181827618e-03,1.1263,2.1981818676e+00
0.1600,0.0000935,0.0000060,0.00009180,0.00000645,6.8686902523e-03,-1.8181810156e-03,1.1273,2.1989898682e+00
0.1610,0.0000936,0.0000060,0.00009200,0.00000644,6.4646466635e-03,-1.7777773319e-03,1.1283,2.1985859871e+00
0.1620,0.0000942,0.0000060,0.00009230,0.00000643,7.6767769642e-03,-1.7777791945e-03,1.1293,2.1997981071e+00
0.1630,0.0000946,0.0000060,0.00009250,0.00000643,8.4848646075e-03,-1.7777791945e-03,1.1303,2.2006061077e+00
0.1640,0.0000950,0.0000060,0.00009270,0.00000643,9.2929517850e-03,-1.7777791945e-03,1.1313,2.2014141083e+00
0.1650,0.0000953,0.0000060,0.00009300,0.00000644,9.2929219827e-03,-1.8181827618e-03,1.1323,2.2014141083e+00
0.1660,0.0000960,0.0000060,0.00009350,0.00000642,1.0101038031e-02,-1.6969683347e-03,1.1333,2.2022223473e+00
0.1670,0.0000962,0.0000060,0.00009360,0.00000642,1.0505052283e-02,-1.7777773319e-03,1.1343,2.2026262283e+00
0.1680,0.0000967,0.0000060,0.00009410,0.00000642,1.0505052283e-02,-1.8181810156e-03,1.1353,2.2026262283e+00
0.1690,0.0000971,0.0000060,0.00009440,0.00000643,1.0909096338e-02,-1.8181827618e-03,1.1363,2.2030303478e+00
0.1700,0.0000977,0.0000060,0.00009460,0.00000642,1.2525269762e-02,-1.7777773319e-03,1.1373,2.2046465874e+00
0.1710,0.0000981,0.0000060,0.00009490,0.00000642,1.2929284014e-02,-1.7777773319e-03,1.1383,2.2050504684e+00
0.1720,0.0000984,0.0000060,0.00009520,0.00000642,1.2929313816e-02,-1.8181810156e-03,1.1393,2.2050504684e+00
0.1730,0.0000991,0.0000060,0.00009560,0.00000643,1.4141414315e-02,-1.8585864455e-03,1.1403,2.2062625885e+00
0.1740,0.0000994,0.0000060,0.00009600,0.00000643,1.3737371191e-02,-1.8181827618e-03,1.1413,2.2058587074e+00
0.1750,0.0001000,0.0000060,0.00009630,0.00000642,1.4949501492e-02,-1.7777773319e-03,1.1423,2.2070708275e+00
0.1760,0.0001000,0.0000060,0.00009670,0.00000642,1.3333327137e-02,-1.7777773319e-03,1.1433,2.2054545879e+00
0.1770,0.0001010,0.0000060,0.00009700,0.00000643,1.6161631793e-02,-1.8585864455e-03,1.1443,2.2082829475e+00
0.1780,0.0001010,0.0000060,0.00009730,0.00000643,1.4949501492e-02,-1.8585864455e-03,1.1453,2.2070708275e+00
0.1790,0.0001020,0.0000060,0.00009760,0.00000642,1.7777776346e-02,-1.8181810156e-03,1.1463,2.2098989487e+00
0.1800,0.0001030,0.0000060,0.00009800,0.00000642,2.0202036947e-02,-1.8181810156e-03,1.1473,2.2123231888e+00
0.1810,0.0001030,0.0000060,0.00009830,0.00000643,1.8989905715e-02,-1.8989900127e-03,1.1483,2.2111110687e+00
0.1820,0.0001030,0.0000060,0.00009870,0.00000641,1.7373731360e-02,-1.8181810156e-03,1.1493,2.2094950676e+00
0.1830,0.0001040,0.0000060,0.00009910,0.00000641,1.9797993824e-02,-1.8181810156e-03,1.1503,2.2119193077e+00
0.1840,0.0001050,0.0000059,0.00009940,0.00000641,2.2626267746e-02,-1.8585864455e-03,1.1513,2.2147474289e+00
0.1850,0.0001050,0.0000059,0.00009980,0.00000641,2.1010093391e-02,-1.8585864455e-03,1.1523,2.2131314278e+00
0.1860,0.0001050,0.0000059,0.00010000,0.00000640,2.0202036947e-02,-1.8181827618e-03,1.1533,2.2123231888e+00
0.1870,0.0001060,0.0000059,0.00010100,0.00000641,2.0202036947e-02,-1.8585864455e-03,1.1543,2.2123231888e+00
0.1880,0.0001070,0.0000059,0.00010100,0.00000640,2.4242442101e-02,-1.8181827618e-03,1.1553,2.2163636684e+00
0.1890,0.0001070,0.0000060,0.00010100,0.00000641,2.4242442101e-02,-1.8181810156e-03,1.1563,2.2163636684e+00
0.1900,0.0001080,0.0000059,0.00010200,0.00000639,2.4242442101e-02,-1.7777791945e-03,1.1573,2.2163636684e+00
0.1910,0.0001080,0.0000059,0.00010200,0.00000639,2.4242442101e-02,-1.8181827618e-03,1.1583,2.2163636684e+00
0.1920,0.0001090,0.0000059,0.00010300,0.00000640,2.4242442101e-02,-1.8585864455e-03,1.1593,2.2163636684e+00
0.1930,0.0001090,0.0000059,0.00010300,0.00000641,2.4242442101e-02,-1.8585864455e-03,1.1603,2.2163636684e+00
0.1940,0.0001100,0.0000059,0.00010300,0.00000638,2.8282847255e-02,-1.8181810156e-03,1.1613,2.2204041481e+00
0.1950,0.0001100,0.0000059,0.00010400,0.00000638,2.4242442101e-02,-1.7777773319e-03,1.1623,2.2163636684e+00
0.1960,0.0001110,0.0000059,0.00010400,0.00000638,2.8282847255e-02,-1.8181810156e-03,1.1633,2.2204041481e+00
0.1970,0.0001120,0.0000059,0.00010500,0.00000640,2.8282847255e-02,-1.8585864455e-03,1.1643,2.2204041481e+00
0.1980,0.0001120,0.0000059,0.00010500,0.00000639,2.8282847255e-02,-1.7777791945e-03,1.1653,2.2204041481e+00
0.1990,0.0001130,0.0000059,0.00010600,0.00000638,2.8282847255e-02,-1.8181810156e-03,1.1663,2.2204041481e+00
