Potential,Disk-O2,Ring-O2,Disk-N2,Ring-N2,Disk-Density,Ring-Density,Potential_RHE,ABS
-0.9000,-0.0015600,0.0000509,-0.00078200,0.00001110,-3.1434342861e+00,1.6080807149e-01,0.0673,7.0363640785e-01
-0.8990,-0.0014900,0.0000510,-0.00069500,0.00001090,-3.2121214867e+00,1.6202020645e-01,0.0683,7.7232360840e-01
-0.8980,-0.0014500,0.0000509,-0.00061900,0.00001080,-3.3575756550e+00,1.6202020645e-01,0.0693,9.1777777672e-01
-0.8970,-0.0014300,0.0000509,-0.00055300,0.00001070,-3.5434341431e+00,1.6242425144e-01,0.0703,1.1036362648e+00
-0.8960,-0.0014100,0.0000511,-0.00049400,0.00001060,-3.7010102272e+00,1.6363635659e-01,0.0713,1.2612123489e+00
-0.8950,-0.0013900,0.0000508,-0.00044100,0.00001050,-3.8343434334e+00,1.6282828152e-01,0.0723,1.3945455551e+00
-0.8940,-0.0013800,0.0000508,-0.00039500,0.00001040,-3.9797980785e+00,1.6323232651e-01,0.0733,1.5400002003e+00
-0.8930,-0.0013600,0.0000508,-0.00035300,0.00001030,-4.0686869621e+00,1.6363637149e-01,0.0743,1.6288890839e+00
-0.8920,-0.0013500,0.0000505,-0.00031600,0.00001020,-4.1777782440e+00,1.6282826662e-01,0.0753,1.7379803658e+00
-0.8910,-0.0013300,0.0000505,-0.00028300,0.00001020,-4.2303032875e+00,1.6282826662e-01,0.0763,1.7905054092e+00
-0.8900,-0.0013300,0.0000506,-0.00025300,0.00001010,-4.3515152931e+00,1.6363635659e-01,0.0773,1.9117174149e+00
-0.8890,-0.0013200,0.0000504,-0.00022600,0.00001000,-4.4202022552e+00,1.6323232651e-01,0.0783,1.9804043770e+00
-0.8880,-0.0013100,0.0000504,-0.00020200,0.00000993,-4.4767675400e+00,1.6351516545e-01,0.0793,2.0369696617e+00
-0.8870,-0.0013100,0.0000504,-0.00018100,0.00000986,-4.5616159439e+00,1.6379798949e-01,0.0803,2.1218180656e+00
-0.8860,-0.0012900,0.0000503,-0.00016100,0.00000980,-4.5616159439e+00,1.6363637149e-01,0.0813,2.1218180656e+00
-0.8850,-0.0012900,0.0000503,-0.00014300,0.00000972,-4.6343436241e+00,1.6395960748e-01,0.0823,2.1945457458e+00
-0.8840,-0.0012900,0.0000504,-0.00012700,0.00000965,-4.6989898682e+00,1.6464647651e-01,0.0833,2.2591919899e+00
-0.8830,-0.0012700,0.0000501,-0.00011200,0.00000959,-4.6787877083e+00,1.6367676854e-01,0.0843,2.2389898300e+00
-0.8820,-0.0012700,0.0000502,-0.00009910,0.00000953,-4.7309088707e+00,1.6432322562e-01,0.0853,2.2911109924e+00
-0.8810,-0.0012700,0.0000503,-0.00008690,0.00000947,-4.7802023888e+00,1.6496969759e-01,0.0863,2.3404045105e+00
-0.8800,-0.0012600,0.0000501,-0.00007560,0.00000941,-4.7854547501e+00,1.6440403461e-01,0.0873,2.3456568718e+00
-0.8790,-0.0012600,0.0000499,-0.00006560,0.00000934,-4.8258585930e+00,1.6387878358e-01,0.0883,2.3860607147e+00
-0.8780,-0.0012600,0.0000502,-0.00005620,0.00000929,-4.8638386726e+00,1.6529293358e-01,0.0893,2.4240407944e+00
-0.8770,-0.0012500,0.0000501,-0.00004750,0.00000924,-4.8585858345e+00,1.6509090364e-01,0.0903,2.4187879562e+00
-0.8760,-0.0012500,0.0000500,-0.00003970,0.00000918,-4.8901009560e+00,1.6492928565e-01,0.0913,2.4503030777e+00
-0.8750,-0.0012400,0.0000502,-0.00003260,0.00000912,-4.8783836365e+00,1.6597978771e-01,0.0923,2.4385857582e+00
-0.8740,-0.0012400,0.0000500,-0.00002570,0.00000907,-4.9062628746e+00,1.6537372768e-01,0.0933,2.4664649963e+00
-0.8730,-0.0012400,0.0000500,-0.00001950,0.00000901,-4.9313130379e+00,1.6561615467e-01,0.0943,2.4915151596e+00
-0.8720,-0.0012300,0.0000501,-0.00001360,0.00000896,-4.9147477150e+00,1.6622221470e-01,0.0953,2.4749498367e+00
-0.8710,-0.0012300,0.0000502,-0.00000818,0.00000891,-4.9366464615e+00,1.6682828963e-01,0.0963,2.4968485832e+00
-0.8700,-0.0012300,0.0000500,-0.00000307,0.00000886,-4.9572930336e+00,1.6622221470e-01,0.0973,2.5174951553e+00
-0.8690,-0.0012200,0.0000501,0.00000171,0.00000880,-4.9362020493e+00,1.6686868668e-01,0.0983,2.4964041710e+00
-0.8680,-0.0012300,0.0000501,0.00000587,0.00000875,-4.9934144020e+00,1.6707070172e-01,0.0993,2.5536165237e+00
-0.8670,-0.0012200,0.0000500,0.00001000,0.00000871,-4.9696965218e+00,1.6682827473e-01,0.1003,2.5298986435e+00
-0.8660,-0.0012200,0.0000501,0.00001380,0.00000866,-4.9850502014e+00,1.6743433475e-01,0.1013,2.5452523232e+00
-0.8650,-0.0012200,0.0000500,0.00001730,0.00000862,-4.9991917610e+00,1.6719192266e-01,0.1023,2.5593938828e+00
-0.8640,-0.0012100,0.0000501,0.00002090,0.00000857,-4.9733333588e+00,1.6779796779e-01,0.1033,2.5335354805e+00
-0.8630,-0.0012200,0.0000501,0.00002410,0.00000852,-5.0266661644e+00,1.6799999774e-01,0.1043,2.5868682861e+00
-0.8620,-0.0012100,0.0000502,0.00002690,0.00000848,-4.9975757599e+00,1.6856564581e-01,0.1053,2.5577778816e+00
-0.8610,-0.0012100,0.0000501,0.00002990,0.00000844,-5.0096969604e+00,1.6832323372e-01,0.1063,2.5698990822e+00
-0.8600,-0.0012100,0.0000500,0.00003230,0.00000840,-5.0193939209e+00,1.6808079183e-01,0.1073,2.5795960426e+00
-0.8590,-0.0012100,0.0000504,0.00003480,0.00000836,-5.0294952393e+00,1.6985860467e-01,0.1083,2.5896973610e+00
-0.8580,-0.0012100,0.0000500,0.00003720,0.00000832,-5.0391921997e+00,1.6840404272e-01,0.1093,2.5993943214e+00
-0.8570,-0.0012000,0.0000501,0.00003930,0.00000828,-5.0072727203e+00,1.6896969080e-01,0.1103,2.5674748421e+00
-0.8560,-0.0012000,0.0000501,0.00004140,0.00000824,-5.0157575607e+00,1.6913130879e-01,0.1113,2.5759596825e+00
-0.8550,-0.0012000,0.0000502,0.00004330,0.00000820,-5.0234346390e+00,1.6969697177e-01,0.1123,2.5836367607e+00
-0.8540,-0.0011900,0.0000501,0.00004530,0.00000817,-4.9911108017e+00,1.6941413283e-01,0.1133,2.5513129234e+00
-0.8530,-0.0012000,0.0000502,0.00004700,0.00000813,-5.0383839607e+00,1.6997981071e-01,0.1143,2.5985860825e+00
-0.8520,-0.0011900,0.0000502,0.00004860,0.00000809,-5.0044445992e+00,1.7014141381e-01,0.1153,2.5646467209e+00
-0.8510,-0.0012000,0.0000502,0.00005030,0.00000806,-5.0517177582e+00,1.7026261985e-01,0.1163,2.6119198799e+00
-0.8500,-0.0011900,0.0000503,0.00005180,0.00000803,-5.0173740387e+00,1.7078788579e-01,0.1173,2.5775761604e+00
-0.8490,-0.0011900,0.0000503,0.00005330,0.00000799,-5.0234346390e+00,1.7094948888e-01,0.1183,2.5836367607e+00
-0.8480,-0.0011900,0.0000503,0.00005480,0.00000796,-5.0294947624e+00,1.7107070982e-01,0.1193,2.5896968842e+00
-0.8470,-0.0011800,0.0000503,0.00005610,0.00000793,-4.9943432808e+00,1.7119191587e-01,0.1203,2.5545454025e+00
-0.8460,-0.0011900,0.0000503,0.00005760,0.00000790,-5.0408077240e+00,1.7131313682e-01,0.1213,2.6010098457e+00
-0.8450,-0.0011800,0.0000503,0.00005890,0.00000786,-5.0056567192e+00,1.7147475481e-01,0.1223,2.5658588409e+00
-0.8440,-0.0011900,0.0000504,0.00006020,0.00000783,-5.0513129234e+00,1.7200000584e-01,0.1233,2.6115150452e+00
-0.8430,-0.0011800,0.0000505,0.00006120,0.00000780,-5.0149497986e+00,1.7252524197e-01,0.1243,2.5751519203e+00
-0.8420,-0.0011800,0.0000504,0.00006230,0.00000777,-5.0193939209e+00,1.7224243283e-01,0.1253,2.5795960426e+00
-0.8410,-0.0011800,0.0000503,0.00006350,0.00000774,-5.0242424011e+00,1.7195959389e-01,0.1263,2.5844445229e+00
-0.8400,-0.0011800,0.0000505,0.00006440,0.00000771,-5.0278787613e+00,1.7288887501e-01,0.1273,2.5880808830e+00
-0.8390,-0.0011700,0.0000505,0.00006560,0.00000769,-4.9923233986e+00,1.7296969891e-01,0.1283,2.5525255203e+00
-0.8380,-0.0011800,0.0000505,0.00006670,0.00000766,-5.0371718407e+00,1.7309090495e-01,0.1293,2.5973739624e+00
-0.8370,-0.0011800,0.0000507,0.00006750,0.00000762,-5.0404043198e+00,1.7406059802e-01,0.1303,2.6006064415e+00
-0.8360,-0.0011700,0.0000507,0.00006830,0.00000760,-5.0032324791e+00,1.7414142191e-01,0.1313,2.5634346008e+00
-0.8350,-0.0011800,0.0000507,0.00006920,0.00000757,-5.0472726822e+00,1.7426262796e-01,0.1323,2.6074748039e+00
-0.8340,-0.0011700,0.0000507,0.00007000,0.00000755,-5.0101008415e+00,1.7434343696e-01,0.1333,2.5703029633e+00
-0.8330,-0.0011700,0.0000507,0.00007090,0.00000752,-5.0137372017e+00,1.7446464300e-01,0.1343,2.5739393234e+00
-0.8320,-0.0011700,0.0000508,0.00007180,0.00000749,-5.0173735619e+00,1.7498989403e-01,0.1353,2.5775756836e+00
-0.8310,-0.0011700,0.0000509,0.00007260,0.00000747,-5.0206055641e+00,1.7547474802e-01,0.1363,2.5808076859e+00
-0.8300,-0.0011700,0.0000509,0.00007320,0.00000745,-5.0230298042e+00,1.7555555701e-01,0.1373,2.5832319260e+00
-0.8290,-0.0011600,0.0000507,0.00007390,0.00000742,-4.9854545593e+00,1.7486868799e-01,0.1383,2.5456566811e+00
-0.8280,-0.0011600,0.0000510,0.00007470,0.00000739,-4.9886865616e+00,1.7620201409e-01,0.1393,2.5488886833e+00
-0.8270,-0.0011600,0.0000508,0.00007540,0.00000737,-4.9915151596e+00,1.7547474802e-01,0.1403,2.5517172813e+00
-0.8260,-0.0011600,0.0000509,0.00007610,0.00000734,-4.9943432808e+00,1.7599998415e-01,0.1413,2.5545454025e+00
-0.8250,-0.0011600,0.0000511,0.00007680,0.00000732,-4.9971718788e+00,1.7688889802e-01,0.1423,2.5573740005e+00
-0.8240,-0.0011600,0.0000509,0.00007730,0.00000729,-4.9991917610e+00,1.7620201409e-01,0.1433,2.5593938828e+00
-0.8230,-0.0011600,0.0000510,0.00007800,0.00000727,-5.0020203590e+00,1.7668686807e-01,0.1443,2.5622224808e+00
-0.8220,-0.0011600,0.0000511,0.00007860,0.00000725,-5.0044445992e+00,1.7717170715e-01,0.1453,2.5646467209e+00
-0.8210,-0.0011500,0.0000511,0.00007910,0.00000722,-4.9660606384e+00,1.7729292810e-01,0.1463,2.5262627602e+00
-0.8200,-0.0011500,0.0000511,0.00007980,0.00000721,-4.9688892365e+00,1.7733332515e-01,0.1473,2.5290913582e+00
-0.8190,-0.0011600,0.0000513,0.00008070,0.00000718,-5.0129294395e+00,1.7826263607e-01,0.1483,2.5731315613e+00
-0.8180,-0.0011500,0.0000513,0.00008120,0.00000717,-4.9745459557e+00,1.7830303311e-01,0.1493,2.5347480774e+00
-0.8170,-0.0011500,0.0000513,0.00008150,0.00000715,-4.9757580757e+00,1.7838384211e-01,0.1503,2.5359601974e+00
-0.8160,-0.0011500,0.0000514,0.00008200,0.00000713,-4.9777779579e+00,1.7886866629e-01,0.1513,2.5379800797e+00
-0.8150,-0.0011500,0.0000514,0.00008240,0.00000711,-4.9793944359e+00,1.7894949019e-01,0.1523,2.5395965576e+00
-0.8140,-0.0011500,0.0000514,0.00008290,0.00000709,-4.9814143181e+00,1.7903029919e-01,0.1533,2.5416164398e+00
-0.8130,-0.0011500,0.0000516,0.00008330,0.00000707,-4.9830307961e+00,1.7991918325e-01,0.1543,2.5432329178e+00
-0.8120,-0.0011500,0.0000516,0.00008380,0.00000705,-4.9850506783e+00,1.8000000715e-01,0.1553,2.5452528000e+00
-0.8110,-0.0011500,0.0000517,0.00008420,0.00000704,-4.9866671562e+00,1.8044444919e-01,0.1563,2.5468692780e+00
-0.8100,-0.0011500,0.0000517,0.00008460,0.00000702,-4.9882826805e+00,1.8052525818e-01,0.1573,2.5484848022e+00
-0.8090,-0.0011400,0.0000519,0.00008490,0.00000699,-4.9490904808e+00,1.8145453930e-01,0.1583,2.5092926025e+00
-0.8080,-0.0011400,0.0000518,0.00008540,0.00000698,-4.9511108398e+00,1.8109090626e-01,0.1593,2.5113129616e+00
-0.8070,-0.0011400,0.0000519,0.00008580,0.00000696,-4.9527268410e+00,1.8157576025e-01,0.1603,2.5129289627e+00
-0.8060,-0.0011400,0.0000520,0.00008630,0.00000694,-4.9547472000e+00,1.8206059933e-01,0.1613,2.5149493217e+00
-0.8050,-0.0011400,0.0000520,0.00008650,0.00000693,-4.9555554390e+00,1.8210101128e-01,0.1623,2.5157575607e+00
-0.8040,-0.0011400,0.0000520,0.00008690,0.00000691,-4.9571714401e+00,1.8218182027e-01,0.1633,2.5173735619e+00
-0.8030,-0.0011400,0.0000521,0.00008720,0.00000689,-4.9583835602e+00,1.8266665936e-01,0.1643,2.5185856819e+00
-0.8020,-0.0011400,0.0000521,0.00008760,0.00000688,-4.9599995613e+00,1.8270707130e-01,0.1653,2.5202016830e+00
-0.8010,-0.0011300,0.0000523,0.00008800,0.00000686,-4.9212121964e+00,1.8359595537e-01,0.1663,2.4814143181e+00
-0.8000,-0.0011300,0.0000523,0.00008840,0.00000684,-4.9228281975e+00,1.8367677927e-01,0.1673,2.4830303192e+00
-0.7990,-0.0011400,0.0000524,0.00008880,0.00000683,-4.9648480415e+00,1.8412120640e-01,0.1683,2.5250501633e+00
-0.7980,-0.0011300,0.0000525,0.00008920,0.00000681,-4.9260606766e+00,1.8460606039e-01,0.1693,2.4862627983e+00
-0.7970,-0.0011300,0.0000526,0.00008960,0.00000679,-4.9276766777e+00,1.8509091437e-01,0.1703,2.4878787994e+00
-0.7960,-0.0011300,0.0000526,0.00008980,0.00000678,-4.9284849167e+00,1.8513131142e-01,0.1713,2.4886870384e+00
-0.7950,-0.0011300,0.0000527,0.00009000,0.00000677,-4.9292926788e+00,1.8557576835e-01,0.1723,2.4894948006e+00
-0.7940,-0.0011300,0.0000527,0.00009040,0.00000675,-4.9309091568e+00,1.8565656245e-01,0.1733,2.4911112785e+00
-0.7930,-0.0011300,0.0000529,0.00009080,0.00000674,-4.9325251579e+00,1.8650504947e-01,0.1743,2.4927272797e+00
-0.7920,-0.0011300,0.0000529,0.00009100,0.00000672,-4.9333333969e+00,1.8658585846e-01,0.1753,2.4935355186e+00
-0.7910,-0.0011300,0.0000530,0.00009140,0.00000672,-4.9349493980e+00,1.8698990345e-01,0.1763,2.4951515198e+00
-0.7900,-0.0011300,0.0000530,0.00009160,0.00000670,-4.9357576370e+00,1.8707071245e-01,0.1773,2.4959597588e+00
-0.7890,-0.0011200,0.0000530,0.00009190,0.00000668,-4.8965659142e+00,1.8715152144e-01,0.1783,2.4567680359e+00
-0.7880,-0.0011300,0.0000533,0.00009220,0.00000667,-4.9381818771e+00,1.8840402365e-01,0.1793,2.4983839989e+00
-0.7870,-0.0011200,0.0000533,0.00009250,0.00000665,-4.8989901543e+00,1.8848484755e-01,0.1803,2.4591922760e+00
-0.7860,-0.0011300,0.0000532,0.00009280,0.00000664,-4.9406061172e+00,1.8812122941e-01,0.1813,2.5008082390e+00
-0.7850,-0.0011200,0.0000535,0.00009310,0.00000662,-4.9014143944e+00,1.8941414356e-01,0.1823,2.4616165161e+00
-0.7840,-0.0011200,0.0000536,0.00009340,0.00000661,-4.9026265144e+00,1.8985858560e-01,0.1833,2.4628286362e+00
-0.7830,-0.0011200,0.0000536,0.00009370,0.00000660,-4.9038386345e+00,1.8989899755e-01,0.1843,2.4640407562e+00
-0.7820,-0.0011200,0.0000536,0.00009390,0.00000659,-4.9046468735e+00,1.8993940949e-01,0.1853,2.4648489952e+00
-0.7810,-0.0011200,0.0000537,0.00009420,0.00000658,-4.9058589935e+00,1.9038383663e-01,0.1863,2.4660611153e+00
-0.7800,-0.0011200,0.0000537,0.00009450,0.00000657,-4.9070711136e+00,1.9042424858e-01,0.1873,2.4672732353e+00
-0.7790,-0.0011200,0.0000540,0.00009470,0.00000655,-4.9078788757e+00,1.9171717763e-01,0.1883,2.4680809975e+00
-0.7780,-0.0011200,0.0000539,0.00009500,0.00000654,-4.9090909958e+00,1.9135354459e-01,0.1893,2.4692931175e+00
-0.7770,-0.0011100,0.0000540,0.00009530,0.00000653,-4.8698987961e+00,1.9179797173e-01,0.1903,2.4301009178e+00
-0.7760,-0.0011200,0.0000543,0.00009540,0.00000652,-4.9107074738e+00,1.9305050373e-01,0.1913,2.4709095955e+00
-0.7750,-0.0011200,0.0000542,0.00009570,0.00000651,-4.9119195938e+00,1.9268688560e-01,0.1923,2.4721217155e+00
-0.7740,-0.0011200,0.0000543,0.00009610,0.00000650,-4.9135355949e+00,1.9313131273e-01,0.1933,2.4737377167e+00
-0.7730,-0.0011100,0.0000544,0.00009620,0.00000648,-4.8735351562e+00,1.9361615181e-01,0.1943,2.4337372780e+00
-0.7720,-0.0011100,0.0000544,0.00009630,0.00000647,-4.8739395142e+00,1.9365656376e-01,0.1953,2.4341416359e+00
-0.7710,-0.0011100,0.0000546,0.00009660,0.00000646,-4.8751516342e+00,1.9450506568e-01,0.1963,2.4353537560e+00
-0.7700,-0.0011100,0.0000545,0.00009690,0.00000645,-4.8763637543e+00,1.9414141774e-01,0.1973,2.4365658760e+00
-0.7690,-0.0011100,0.0000547,0.00009710,0.00000643,-4.8771715164e+00,1.9503031671e-01,0.1983,2.4373736382e+00
-0.7680,-0.0011100,0.0000548,0.00009760,0.00000643,-4.8791918755e+00,1.9543433189e-01,0.1993,2.4393939972e+00
-0.7670,-0.0011100,0.0000549,0.00009770,0.00000641,-4.8795957565e+00,1.9591920078e-01,0.2003,2.4397978783e+00
-0.7660,-0.0011100,0.0000549,0.00009790,0.00000640,-4.8804039955e+00,1.9595958292e-01,0.2013,2.4406061172e+00
-0.7650,-0.0011100,0.0000551,0.00009820,0.00000639,-4.8816161156e+00,1.9680808485e-01,0.2023,2.4418182373e+00
-0.7640,-0.0011000,0.0000550,0.00009840,0.00000638,-4.8420205116e+00,1.9644445181e-01,0.2033,2.4022226334e+00
-0.7630,-0.0011100,0.0000552,0.00009850,0.00000637,-4.8828282356e+00,1.9729292393e-01,0.2043,2.4430303574e+00
-0.7620,-0.0011000,0.0000553,0.00009880,0.00000636,-4.8436365128e+00,1.9773736596e-01,0.2053,2.4038386345e+00
-0.7610,-0.0011000,0.0000553,0.00009900,0.00000635,-4.8444447517e+00,1.9777776301e-01,0.2063,2.4046468735e+00
-0.7600,-0.0011000,0.0000555,0.00009920,0.00000634,-4.8452525139e+00,1.9862626493e-01,0.2073,2.4054546356e+00
-0.7590,-0.0011000,0.0000555,0.00009940,0.00000633,-4.8460607529e+00,1.9866667688e-01,0.2083,2.4062628746e+00
-0.7580,-0.0011000,0.0000555,0.00009960,0.00000632,-4.8468689919e+00,1.9870707393e-01,0.2093,2.4070711136e+00
-0.7570,-0.0011000,0.0000557,0.00009980,0.00000631,-4.8476772308e+00,1.9955554605e-01,0.2103,2.4078793526e+00
-0.7560,-0.0011000,0.0000558,0.00010000,0.00000631,-4.8484845161e+00,1.9995959103e-01,0.2113,2.4086866379e+00
-0.7550,-0.0011000,0.0000558,0.00010000,0.00000630,-4.8484845161e+00,1.9999998808e-01,0.2123,2.4086866379e+00
-0.7540,-0.0011000,0.0000560,0.00010000,0.00000629,-4.8484845161e+00,2.0084849000e-01,0.2133,2.4086866379e+00
-0.7530,-0.0011000,0.0000562,0.00010100,0.00000628,-4.8525252342e+00,2.0169696212e-01,0.2143,2.4127273560e+00
-0.7520,-0.0011000,0.0000561,0.00010100,0.00000627,-4.8525252342e+00,2.0133332908e-01,0.2153,2.4127273560e+00
-0.7510,-0.0011000,0.0000563,0.00010100,0.00000626,-4.8525252342e+00,2.0218181610e-01,0.2163,2.4127273560e+00
-0.7500,-0.0011000,0.0000564,0.00010100,0.00000625,-4.8525252342e+00,2.0262625813e-01,0.2173,2.4127273560e+00
-0.7490,-0.0010900,0.0000564,0.00010100,0.00000625,-4.8121213913e+00,2.0262625813e-01,0.2183,2.3723235130e+00
-0.7480,-0.0011000,0.0000565,0.00010200,0.00000624,-4.8565654755e+00,2.0307071507e-01,0.2193,2.4167675972e+00
-0.7470,-0.0010900,0.0000567,0.00010200,0.00000622,-4.8161616325e+00,2.0395958424e-01,0.2203,2.3763637543e+00
-0.7460,-0.0010900,0.0000566,0.00010200,0.00000621,-4.8161616325e+00,2.0359596610e-01,0.2213,2.3763637543e+00
-0.7450,-0.0011000,0.0000566,0.00010200,0.00000621,-4.8565654755e+00,2.0359596610e-01,0.2223,2.4167675972e+00
-0.7440,-0.0010900,0.0000569,0.00010200,0.00000620,-4.8161616325e+00,2.0484848320e-01,0.2233,2.3763637543e+00
-0.7430,-0.0010900,0.0000568,0.00010200,0.00000618,-4.8161616325e+00,2.0452526212e-01,0.2243,2.3763637543e+00
-0.7420,-0.0010900,0.0000570,0.00010300,0.00000618,-4.8202018738e+00,2.0533335209e-01,0.2253,2.3804039955e+00
-0.7410,-0.0010900,0.0000570,0.00010300,0.00000618,-4.8202018738e+00,2.0533335209e-01,0.2263,2.3804039955e+00
-0.7400,-0.0010900,0.0000571,0.00010300,0.00000617,-4.8202018738e+00,2.0577776432e-01,0.2273,2.3804039955e+00
-0.7390,-0.0010900,0.0000571,0.00010300,0.00000616,-4.8202018738e+00,2.0581817627e-01,0.2283,2.3804039955e+00
-0.7380,-0.0010900,0.0000573,0.00010300,0.00000615,-4.8202018738e+00,2.0666666329e-01,0.2293,2.3804039955e+00
-0.7370,-0.0010800,0.0000574,0.00010400,0.00000613,-4.7838382721e+00,2.0715151727e-01,0.2303,2.3440403938e+00
-0.7360,-0.0010900,0.0000574,0.00010400,0.00000614,-4.8242425919e+00,2.0711112022e-01,0.2313,2.3844447136e+00
-0.7350,-0.0010800,0.0000576,0.00010400,0.00000614,-4.7838382721e+00,2.0791919529e-01,0.2323,2.3440403938e+00
-0.7340,-0.0010800,0.0000576,0.00010400,0.00000613,-4.7838382721e+00,2.0795957744e-01,0.2333,2.3440403938e+00
-0.7330,-0.0010800,0.0000576,0.00010400,0.00000612,-4.7838382721e+00,2.0799998939e-01,0.2343,2.3440403938e+00
-0.7320,-0.0010800,0.0000578,0.00010400,0.00000611,-4.7838382721e+00,2.0884849131e-01,0.2353,2.3440403938e+00
-0.7310,-0.0010800,0.0000578,0.00010500,0.00000610,-4.7878785133e+00,2.0888888836e-01,0.2363,2.3480806351e+00
-0.7300,-0.0010800,0.0000579,0.00010500,0.00000609,-4.7878785133e+00,2.0933333039e-01,0.2373,2.3480806351e+00
-0.7290,-0.0010800,0.0000581,0.00010500,0.00000608,-4.7878785133e+00,2.1018180251e-01,0.2383,2.3480806351e+00
-0.7280,-0.0010800,0.0000581,0.00010500,0.00000607,-4.7878785133e+00,2.1022221446e-01,0.2393,2.3480806351e+00
-0.7270,-0.0010800,0.0000583,0.00010500,0.00000606,-4.7878785133e+00,2.1107071638e-01,0.2403,2.3480806351e+00
-0.7260,-0.0010800,0.0000583,0.00010500,0.00000606,-4.7878785133e+00,2.1107071638e-01,0.2413,2.3480806351e+00
-0.7250,-0.0010700,0.0000583,0.00010500,0.00000606,-4.7474746704e+00,2.1107071638e-01,0.2423,2.3076767921e+00
-0.7240,-0.0010700,0.0000583,0.00010600,0.00000605,-4.7515149117e+00,2.1111111343e-01,0.2433,2.3117170334e+00
-0.7230,-0.0010800,0.0000584,0.00010600,0.00000605,-4.7919192314e+00,2.1151515841e-01,0.2443,2.3521213531e+00
-0.7220,-0.0010700,0.0000588,0.00010600,0.00000604,-4.7515149117e+00,2.1317170560e-01,0.2453,2.3117170334e+00
-0.7210,-0.0010700,0.0000586,0.00010600,0.00000603,-4.7515149117e+00,2.1240402758e-01,0.2463,2.3117170334e+00
-0.7200,-0.0010800,0.0000588,0.00010600,0.00000603,-4.7919192314e+00,2.1321211755e-01,0.2473,2.3521213531e+00
-0.7190,-0.0010700,0.0000588,0.00010700,0.00000602,-4.7555556297e+00,2.1325252950e-01,0.2483,2.3157577515e+00
-0.7180,-0.0010700,0.0000590,0.00010700,0.00000602,-4.7555556297e+00,2.1406061947e-01,0.2493,2.3157577515e+00
-0.7170,-0.0010700,0.0000588,0.00010700,0.00000601,-4.7555556297e+00,2.1329294145e-01,0.2503,2.3157577515e+00
-0.7160,-0.0010700,0.0000592,0.00010700,0.00000601,-4.7555556297e+00,2.1490909159e-01,0.2513,2.3157577515e+00
-0.7150,-0.0010700,0.0000591,0.00010700,0.00000600,-4.7555556297e+00,2.1454544365e-01,0.2523,2.3157577515e+00
-0.7140,-0.0010700,0.0000592,0.00010700,0.00000600,-4.7555556297e+00,2.1494948864e-01,0.2533,2.3157577515e+00
-0.7130,-0.0010700,0.0000594,0.00010700,0.00000600,-4.7555556297e+00,2.1575757861e-01,0.2543,2.3157577515e+00
-0.7120,-0.0010700,0.0000595,0.00010700,0.00000598,-4.7555556297e+00,2.1624241769e-01,0.2553,2.3157577515e+00
-0.7110,-0.0010700,0.0000595,0.00010800,0.00000598,-4.7595958710e+00,2.1624241769e-01,0.2563,2.3197979927e+00
-0.7100,-0.0010600,0.0000596,0.00010800,0.00000597,-4.7191920280e+00,2.1668685973e-01,0.2573,2.2793941498e+00
-0.7090,-0.0010700,0.0000596,0.00010800,0.00000597,-4.7595958710e+00,2.1668685973e-01,0.2583,2.3197979927e+00
-0.7080,-0.0010600,0.0000597,0.00010800,0.00000596,-4.7191920280e+00,2.1713131666e-01,0.2593,2.2793941498e+00
-0.7070,-0.0010600,0.0000597,0.00010800,0.00000595,-4.7191920280e+00,2.1717172861e-01,0.2603,2.2793941498e+00
-0.7060,-0.0010600,0.0000597,0.00010800,0.00000595,-4.7191920280e+00,2.1717172861e-01,0.2613,2.2793941498e+00
-0.7050,-0.0010600,0.0000600,0.00010800,0.00000594,-4.7191920280e+00,2.1842423081e-01,0.2623,2.2793941498e+00
-0.7040,-0.0010500,0.0000601,0.00010900,0.00000594,-4.6828284264e+00,2.1882827580e-01,0.2633,2.2430305481e+00
-0.7030,-0.0010600,0.0000601,0.00010900,0.00000593,-4.7232327461e+00,2.1886868775e-01,0.2643,2.2834348679e+00
-0.7020,-0.0010600,0.0000602,0.00010900,0.00000592,-4.7232327461e+00,2.1931312978e-01,0.2653,2.2834348679e+00
-0.7010,-0.0010500,0.0000602,0.00010900,0.00000592,-4.6828284264e+00,2.1931312978e-01,0.2663,2.2430305481e+00
-0.7000,-0.0010600,0.0000603,0.00010900,0.00000591,-4.7232327461e+00,2.1975758672e-01,0.2673,2.2834348679e+00
-0.6990,-0.0010600,0.0000604,0.00010900,0.00000591,-4.7232327461e+00,2.2016163170e-01,0.2683,2.2834348679e+00
-0.6980,-0.0010500,0.0000604,0.00010900,0.00000591,-4.6828284264e+00,2.2016163170e-01,0.2693,2.2430305481e+00
-0.6970,-0.0010600,0.0000605,0.00011000,0.00000590,-4.7272729874e+00,2.2060604393e-01,0.2703,2.2874751091e+00
-0.6960,-0.0010500,0.0000606,0.00011000,0.00000590,-4.6868686676e+00,2.2101008892e-01,0.2713,2.2470707893e+00
-0.6950,-0.0010500,0.0000607,0.00011000,0.00000589,-4.6868686676e+00,2.2145454586e-01,0.2723,2.2470707893e+00
-0.6940,-0.0010500,0.0000609,0.00011000,0.00000589,-4.6868686676e+00,2.2226263583e-01,0.2733,2.2470707893e+00
-0.6930,-0.0010500,0.0000609,0.00011000,0.00000588,-4.6868686676e+00,2.2230303288e-01,0.2743,2.2470707893e+00
-0.6920,-0.0010500,0.0000611,0.00011000,0.00000588,-4.6868686676e+00,2.2311110795e-01,0.2753,2.2470707893e+00
-0.6910,-0.0010600,0.0000612,0.00011000,0.00000587,-4.7272729874e+00,2.2355556488e-01,0.2763,2.2874751091e+00
-0.6900,-0.0010500,0.0000612,0.00011100,0.00000586,-4.6909089088e+00,2.2359597683e-01,0.2773,2.2511110306e+00
-0.6890,-0.0010500,0.0000613,0.00011000,0.00000586,-4.6868686676e+00,2.2400000691e-01,0.2783,2.2470707893e+00
-0.6880,-0.0010500,0.0000614,0.00011100,0.00000585,-4.6909089088e+00,2.2444444895e-01,0.2793,2.2511110306e+00
-0.6870,-0.0010500,0.0000613,0.00011100,0.00000585,-4.6909089088e+00,2.2404040396e-01,0.2803,2.2511110306e+00
-0.6860,-0.0010500,0.0000614,0.00011100,0.00000584,-4.6909089088e+00,2.2448486090e-01,0.2813,2.2511110306e+00
-0.6850,-0.0010500,0.0000615,0.00011100,0.00000583,-4.6909089088e+00,2.2492930293e-01,0.2823,2.2511110306e+00
-0.6840,-0.0010500,0.0000615,0.00011100,0.00000583,-4.6909089088e+00,2.2492930293e-01,0.2833,2.2511110306e+00
-0.6830,-0.0010400,0.0000615,0.00011100,0.00000582,-4.6505050659e+00,2.2496971488e-01,0.2843,2.2107071877e+00
-0.6820,-0.0010400,0.0000618,0.00011200,0.00000581,-4.6545457840e+00,2.2622220218e-01,0.2853,2.2147479057e+00
-0.6810,-0.0010500,0.0000618,0.00011200,0.00000581,-4.6949496269e+00,2.2622220218e-01,0.2863,2.2551517487e+00
-0.6800,-0.0010400,0.0000619,0.00011200,0.00000581,-4.6545457840e+00,2.2662624717e-01,0.2873,2.2147479057e+00
-0.6790,-0.0010400,0.0000620,0.00011200,0.00000579,-4.6545457840e+00,2.2711111605e-01,0.2883,2.2147479057e+00
-0.6780,-0.0010400,0.0000619,0.00011200,0.00000579,-4.6545457840e+00,2.2670707107e-01,0.2893,2.2147479057e+00
-0.6770,-0.0010400,0.0000622,0.00011200,0.00000579,-4.6545457840e+00,2.2791919112e-01,0.2903,2.2147479057e+00
-0.6760,-0.0010400,0.0000622,0.00011200,0.00000579,-4.6545457840e+00,2.2791919112e-01,0.2913,2.2147479057e+00
-0.6750,-0.0010400,0.0000623,0.00011200,0.00000579,-4.6545457840e+00,2.2832323611e-01,0.2923,2.2147479057e+00
-0.6740,-0.0010400,0.0000623,0.00011300,0.00000578,-4.6585860252e+00,2.2836364806e-01,0.2933,2.2187881470e+00
-0.6730,-0.0010400,0.0000625,0.00011200,0.00000577,-4.6545457840e+00,2.2921212018e-01,0.2943,2.2147479057e+00
-0.6720,-0.0010400,0.0000625,0.00011300,0.00000577,-4.6585860252e+00,2.2921212018e-01,0.2953,2.2187881470e+00
-0.6710,-0.0010400,0.0000626,0.00011300,0.00000578,-4.6585860252e+00,2.2957575321e-01,0.2963,2.2187881470e+00
-0.6700,-0.0010400,0.0000628,0.00011300,0.00000577,-4.6585860252e+00,2.3042422533e-01,0.2973,2.2187881470e+00
-0.6690,-0.0010400,0.0000627,0.00011300,0.00000577,-4.6585860252e+00,2.3002018034e-01,0.2983,2.2187881470e+00
-0.6680,-0.0010400,0.0000628,0.00011300,0.00000576,-4.6585860252e+00,2.3046463728e-01,0.2993,2.2187881470e+00
-0.6670,-0.0010400,0.0000629,0.00011300,0.00000576,-4.6585860252e+00,2.3086868227e-01,0.3003,2.2187881470e+00
-0.6660,-0.0010300,0.0000629,0.00011300,0.00000575,-4.6181821823e+00,2.3090907931e-01,0.3013,2.1783843040e+00
-0.6650,-0.0010300,0.0000630,0.00011300,0.00000575,-4.6181821823e+00,2.3131312430e-01,0.3023,2.1783843040e+00
-0.6640,-0.0010300,0.0000631,0.00011400,0.00000575,-4.6222224236e+00,2.3171716928e-01,0.3033,2.1824245453e+00
-0.6630,-0.0010400,0.0000633,0.00011300,0.00000574,-4.6585860252e+00,2.3256567121e-01,0.3043,2.2187881470e+00
-0.6620,-0.0010300,0.0000632,0.00011400,0.00000574,-4.6222224236e+00,2.3216162622e-01,0.3053,2.1824245453e+00
-0.6610,-0.0010300,0.0000634,0.00011400,0.00000574,-4.6222224236e+00,2.3296971619e-01,0.3063,2.1824245453e+00
-0.6600,-0.0010300,0.0000633,0.00011400,0.00000573,-4.6222224236e+00,2.3260606825e-01,0.3073,2.1824245453e+00
-0.6590,-0.0010300,0.0000635,0.00011400,0.00000572,-4.6222224236e+00,2.3345455527e-01,0.3083,2.1824245453e+00
-0.6580,-0.0010300,0.0000634,0.00011400,0.00000573,-4.6222224236e+00,2.3301011324e-01,0.3093,2.1824245453e+00
-0.6570,-0.0010300,0.0000636,0.00011400,0.00000572,-4.6222224236e+00,2.3385857046e-01,0.3103,2.1824245453e+00
-0.6560,-0.0010200,0.0000637,0.00011400,0.00000572,-4.5818181038e+00,2.3426261544e-01,0.3113,2.1420202255e+00
-0.6550,-0.0010300,0.0000638,0.00011500,0.00000571,-4.6262631416e+00,2.3470705748e-01,0.3123,2.1864652634e+00
-0.6540,-0.0010300,0.0000639,0.00011500,0.00000571,-4.6262631416e+00,2.3511110246e-01,0.3133,2.1864652634e+00
-0.6530,-0.0010200,0.0000638,0.00011500,0.00000571,-4.5858588219e+00,2.3470705748e-01,0.3143,2.1460609436e+00
-0.6520,-0.0010300,0.0000640,0.00011500,0.00000571,-4.6262631416e+00,2.3551514745e-01,0.3153,2.1864652634e+00
-0.6510,-0.0010200,0.0000641,0.00011500,0.00000571,-4.5858588219e+00,2.3591919243e-01,0.3163,2.1460609436e+00
-0.6500,-0.0010200,0.0000641,0.00011500,0.00000569,-4.5858588219e+00,2.3600000143e-01,0.3173,2.1460609436e+00
-0.6490,-0.0010200,0.0000642,0.00011500,0.00000569,-4.5858588219e+00,2.3640404642e-01,0.3183,2.1460609436e+00
-0.6480,-0.0010300,0.0000645,0.00011500,0.00000568,-4.6262631416e+00,2.3765656352e-01,0.3193,2.1864652634e+00
-0.6470,-0.0010200,0.0000644,0.00011500,0.00000568,-4.5858588219e+00,2.3725254834e-01,0.3203,2.1460609436e+00
-0.6460,-0.0010200,0.0000643,0.00011600,0.00000568,-4.5898985863e+00,2.3684850335e-01,0.3213,2.1501007080e+00
-0.6450,-0.0010200,0.0000645,0.00011600,0.00000567,-4.5898985863e+00,2.3769694567e-01,0.3223,2.1501007080e+00
-0.6440,-0.0010200,0.0000646,0.00011600,0.00000567,-4.5898985863e+00,2.3810099065e-01,0.3233,2.1501007080e+00
-0.6430,-0.0010200,0.0000646,0.00011600,0.00000567,-4.5898985863e+00,2.3810099065e-01,0.3243,2.1501007080e+00
-0.6420,-0.0010200,0.0000648,0.00011600,0.00000566,-4.5898985863e+00,2.3894949257e-01,0.3253,2.1501007080e+00
-0.6410,-0.0010100,0.0000648,0.00011600,0.00000567,-4.5494947433e+00,2.3890908062e-01,0.3263,2.1096968651e+00
-0.6400,-0.0010200,0.0000650,0.00011600,0.00000567,-4.5898985863e+00,2.3971717060e-01,0.3273,2.1501007080e+00
-0.6390,-0.0010200,0.0000650,0.00011600,0.00000566,-4.5898985863e+00,2.3975758255e-01,0.3283,2.1501007080e+00
-0.6380,-0.0010200,0.0000650,0.00011600,0.00000566,-4.5898985863e+00,2.3975758255e-01,0.3293,2.1501007080e+00
-0.6370,-0.0010200,0.0000652,0.00011700,0.00000566,-4.5939393044e+00,2.4056565762e-01,0.3303,2.1541414261e+00
-0.6360,-0.0010100,0.0000651,0.00011700,0.00000564,-4.5535354614e+00,2.4024243653e-01,0.3313,2.1137375832e+00
-0.6350,-0.0010200,0.0000653,0.00011700,0.00000564,-4.5939393044e+00,2.4105052650e-01,0.3323,2.1541414261e+00
-0.6340,-0.0010100,0.0000654,0.00011700,0.00000563,-4.5535354614e+00,2.4149495363e-01,0.3333,2.1137375832e+00
-0.6330,-0.0010100,0.0000654,0.00011700,0.00000563,-4.5535354614e+00,2.4149495363e-01,0.3343,2.1137375832e+00
-0.6320,-0.0010100,0.0000656,0.00011700,0.00000563,-4.5535354614e+00,2.4230301380e-01,0.3353,2.1137375832e+00
-0.6310,-0.0010100,0.0000657,0.00011700,0.00000563,-4.5535354614e+00,2.4270705879e-01,0.3363,2.1137375832e+00
-0.6300,-0.0010100,0.0000658,0.00011700,0.00000563,-4.5535354614e+00,2.4311110377e-01,0.3373,2.1137375832e+00
-0.6290,-0.0010100,0.0000658,0.00011700,0.00000562,-4.5535354614e+00,2.4315151572e-01,0.3383,2.1137375832e+00
-0.6280,-0.0010100,0.0000659,0.00011700,0.00000562,-4.5535354614e+00,2.4355554581e-01,0.3393,2.1137375832e+00
-0.6270,-0.0010100,0.0000660,0.00011700,0.00000561,-4.5535354614e+00,2.4400000274e-01,0.3403,2.1137375832e+00
-0.6260,-0.0010100,0.0000661,0.00011800,0.00000562,-4.5575757027e+00,2.4436363578e-01,0.3413,2.1177778244e+00
-0.6250,-0.0010100,0.0000661,0.00011800,0.00000561,-4.5575757027e+00,2.4440404773e-01,0.3423,2.1177778244e+00
-0.6240,-0.0010100,0.0000662,0.00011800,0.00000561,-4.5575757027e+00,2.4480809271e-01,0.3433,2.1177778244e+00
-0.6230,-0.0010100,0.0000664,0.00011800,0.00000560,-4.5575757027e+00,2.4565657973e-01,0.3443,2.1177778244e+00
-0.6220,-0.0010100,0.0000665,0.00011800,0.00000559,-4.5575757027e+00,2.4610099196e-01,0.3453,2.1177778244e+00
-0.6210,-0.0010100,0.0000666,0.00011800,0.00000559,-4.5575757027e+00,2.4650503695e-01,0.3463,2.1177778244e+00
-0.6200,-0.0010100,0.0000666,0.00011800,0.00000560,-4.5575757027e+00,2.4646463990e-01,0.3473,2.1177778244e+00
-0.6190,-0.0010000,0.0000666,0.00011800,0.00000560,-4.5171718597e+00,2.4646463990e-01,0.3483,2.0773739815e+00
-0.6180,-0.0010000,0.0000667,0.00011800,0.00000559,-4.5171718597e+00,2.4690908194e-01,0.3493,2.0773739815e+00
-0.6170,-0.0010100,0.0000668,0.00011900,0.00000559,-4.5616159439e+00,2.4731312692e-01,0.3503,2.1218180656e+00
-0.6160,-0.0010000,0.0000670,0.00011900,0.00000558,-4.5212121010e+00,2.4816162884e-01,0.3513,2.0814142227e+00
-0.6150,-0.0010000,0.0000670,0.00011900,0.00000558,-4.5212121010e+00,2.4816162884e-01,0.3523,2.0814142227e+00
-0.6140,-0.0010000,0.0000671,0.00011900,0.00000558,-4.5212121010e+00,2.4856567383e-01,0.3533,2.0814142227e+00
-0.6130,-0.0009980,0.0000672,0.00011900,0.00000558,-4.5131311417e+00,2.4896971881e-01,0.3543,2.0733332634e+00
-0.6120,-0.0010000,0.0000673,0.00011900,0.00000557,-4.5212121010e+00,2.4941416085e-01,0.3553,2.0814142227e+00
-0.6110,-0.0009990,0.0000674,0.00011900,0.00000557,-4.5171718597e+00,2.4981816113e-01,0.3563,2.0773739815e+00
-0.6100,-0.0009960,0.0000673,0.00011900,0.00000557,-4.5050506592e+00,2.4941416085e-01,0.3573,2.0652527809e+00
-0.6090,-0.0009990,0.0000674,0.00011900,0.00000556,-4.5171718597e+00,2.4985855818e-01,0.3583,2.0773739815e+00
-0.6080,-0.0009980,0.0000676,0.00012000,0.00000556,-4.5171718597e+00,2.5066664815e-01,0.3593,2.0773739815e+00
-0.6070,-0.0009940,0.0000677,0.00012000,0.00000556,-4.5010099411e+00,2.5107067823e-01,0.3603,2.0612120628e+00
-0.6060,-0.0009950,0.0000677,0.00012000,0.00000555,-4.5050506592e+00,2.5111111999e-01,0.3613,2.0652527809e+00
-0.6050,-0.0009900,0.0000678,0.00012000,0.00000555,-4.4848484993e+00,2.5151515007e-01,0.3623,2.0450506210e+00
-0.6040,-0.0009950,0.0000679,0.00012000,0.00000555,-4.5050506592e+00,2.5191920996e-01,0.3633,2.0652527809e+00
-0.6030,-0.0009930,0.0000679,0.00012000,0.00000555,-4.4969696999e+00,2.5191920996e-01,0.3643,2.0571718216e+00
-0.6020,-0.0009900,0.0000679,0.00012000,0.00000554,-4.4848484993e+00,2.5195959210e-01,0.3653,2.0450506210e+00
-0.6010,-0.0009950,0.0000682,0.00012000,0.00000554,-4.5050506592e+00,2.5317171216e-01,0.3663,2.0652527809e+00
-0.6000,-0.0009890,0.0000682,0.00012000,0.00000554,-4.4808077812e+00,2.5317171216e-01,0.3673,2.0410099030e+00
-0.5990,-0.0009910,0.0000684,0.00012100,0.00000554,-4.4929289818e+00,2.5397977233e-01,0.3683,2.0531311035e+00
-0.5980,-0.0009940,0.0000685,0.00012100,0.00000553,-4.5050506592e+00,2.5442424417e-01,0.3693,2.0652527809e+00
-0.5970,-0.0009860,0.0000686,0.00012100,0.00000553,-4.4727272987e+00,2.5482830405e-01,0.3703,2.0329294205e+00
-0.5960,-0.0009900,0.0000685,0.00012100,0.00000552,-4.4888887405e+00,2.5446462631e-01,0.3713,2.0490908623e+00
-0.5950,-0.0009860,0.0000688,0.00012100,0.00000553,-4.4727272987e+00,2.5563636422e-01,0.3723,2.0329294205e+00
-0.5940,-0.0009880,0.0000689,0.00012100,0.00000552,-4.4808077812e+00,2.5608080626e-01,0.3733,2.0410099030e+00
-0.5930,-0.0009890,0.0000689,0.00012100,0.00000552,-4.4848484993e+00,2.5608080626e-01,0.3743,2.0450506210e+00
-0.5920,-0.0009870,0.0000690,0.00012100,0.00000551,-4.4767675400e+00,2.5652524829e-01,0.3753,2.0369696617e+00
-0.5910,-0.0009840,0.0000691,0.00012100,0.00000551,-4.4646468163e+00,2.5692927837e-01,0.3763,2.0248489380e+00
-0.5900,-0.0009870,0.0000693,0.00012100,0.00000550,-4.4767675400e+00,2.5777778029e-01,0.3773,2.0369696617e+00
-0.5890,-0.0009890,0.0000693,0.00012100,0.00000550,-4.4848484993e+00,2.5777778029e-01,0.3783,2.0450506210e+00
-0.5880,-0.0009860,0.0000696,0.00012200,0.00000550,-4.4767680168e+00,2.5898990035e-01,0.3793,2.0369701385e+00
-0.5870,-0.0009820,0.0000695,0.00012100,0.00000550,-4.4565658569e+00,2.5858587027e-01,0.3803,2.0167679787e+00
-0.5860,-0.0009820,0.0000696,0.00012100,0.00000549,-4.4565658569e+00,2.5903028250e-01,0.3813,2.0167679787e+00
-0.5850,-0.0009850,0.0000698,0.00012200,0.00000549,-4.4727272987e+00,2.5983837247e-01,0.3823,2.0329294205e+00
-0.5840,-0.0009800,0.0000698,0.00012200,0.00000550,-4.4525251389e+00,2.5979799032e-01,0.3833,2.0127272606e+00
-0.5830,-0.0009820,0.0000699,0.00012200,0.00000549,-4.4606060982e+00,2.6024243236e-01,0.3843,2.0208082199e+00
-0.5820,-0.0009760,0.0000699,0.00012200,0.00000548,-4.4363636971e+00,2.6028284431e-01,0.3853,1.9965658188e+00
-0.5810,-0.0009770,0.0000699,0.00012200,0.00000548,-4.4404039383e+00,2.6028284431e-01,0.3863,2.0006060600e+00
-0.5800,-0.0009780,0.0000701,0.00012200,0.00000548,-4.4444446564e+00,2.6109093428e-01,0.3873,2.0046467781e+00
-0.5790,-0.0009780,0.0000703,0.00012200,0.00000548,-4.4444446564e+00,2.6189899445e-01,0.3883,2.0046467781e+00
-0.5780,-0.0009740,0.0000702,0.00012200,0.00000548,-4.4282827377e+00,2.6149496436e-01,0.3893,1.9884848595e+00
-0.5770,-0.0009780,0.0000704,0.00012200,0.00000547,-4.4444446564e+00,2.6234343648e-01,0.3903,2.0046467781e+00
-0.5760,-0.0009730,0.0000706,0.00012300,0.00000547,-4.4282827377e+00,2.6315152645e-01,0.3913,1.9884848595e+00
-0.5750,-0.0009740,0.0000707,0.00012200,0.00000547,-4.4282827377e+00,2.6355555654e-01,0.3923,1.9884848595e+00
-0.5740,-0.0009760,0.0000707,0.00012200,0.00000547,-4.4363636971e+00,2.6355555654e-01,0.3933,1.9965658188e+00
-0.5730,-0.0009740,0.0000709,0.00012300,0.00000546,-4.4323229790e+00,2.6440402865e-01,0.3943,1.9925251007e+00
-0.5720,-0.0009720,0.0000710,0.00012300,0.00000546,-4.4242424965e+00,2.6480808854e-01,0.3953,1.9844446182e+00
-0.5710,-0.0009740,0.0000710,0.00012300,0.00000546,-4.4323229790e+00,2.6480808854e-01,0.3963,1.9925251007e+00
-0.5700,-0.0009700,0.0000712,0.00012300,0.00000545,-4.4161615372e+00,2.6565656066e-01,0.3973,1.9763636589e+00
-0.5690,-0.0009700,0.0000712,0.00012300,0.00000545,-4.4161615372e+00,2.6565656066e-01,0.3983,1.9763636589e+00
-0.5680,-0.0009700,0.0000714,0.00012300,0.00000545,-4.4161615372e+00,2.6646465063e-01,0.3993,1.9763636589e+00
-0.5670,-0.0009670,0.0000714,0.00012300,0.00000544,-4.4040403366e+00,2.6650503278e-01,0.4003,1.9642424583e+00
-0.5660,-0.0009660,0.0000715,0.00012300,0.00000545,-4.4000000954e+00,2.6686868072e-01,0.4013,1.9602022171e+00
-0.5650,-0.0009700,0.0000716,0.00012300,0.00000545,-4.4161615372e+00,2.6727274060e-01,0.4023,1.9763636589e+00
-0.5640,-0.0009640,0.0000718,0.00012300,0.00000544,-4.3919191360e+00,2.6812121272e-01,0.4033,1.9521212578e+00
-0.5630,-0.0009710,0.0000718,0.00012400,0.00000544,-4.4242424965e+00,2.6812121272e-01,0.4043,1.9844446182e+00
-0.5620,-0.0009650,0.0000721,0.00012400,0.00000544,-4.4000000954e+00,2.6933333278e-01,0.4053,1.9602022171e+00
-0.5610,-0.0009680,0.0000722,0.00012400,0.00000544,-4.4121208191e+00,2.6973736286e-01,0.4063,1.9723229408e+00
-0.5600,-0.0009670,0.0000723,0.00012400,0.00000543,-4.4080810547e+00,2.7018180490e-01,0.4073,1.9682831764e+00
-0.5590,-0.0009580,0.0000721,0.00012400,0.00000543,-4.3717169762e+00,2.6937377453e-01,0.4083,1.9319190979e+00
-0.5580,-0.0009710,0.0000726,0.00012400,0.00000543,-4.4242424965e+00,2.7139392495e-01,0.4093,1.9844446182e+00
-0.5570,-0.0009590,0.0000726,0.00012400,0.00000543,-4.3757576942e+00,2.7139392495e-01,0.4103,1.9359598160e+00
-0.5560,-0.0009620,0.0000727,0.00012400,0.00000542,-4.3878788948e+00,2.7183839679e-01,0.4113,1.9480810165e+00
-0.5550,-0.0009620,0.0000728,0.00012400,0.00000542,-4.3878788948e+00,2.7224242687e-01,0.4123,1.9480810165e+00
-0.5540,-0.0009600,0.0000728,0.00012400,0.00000542,-4.3797979355e+00,2.7224242687e-01,0.4133,1.9400000572e+00
-0.5530,-0.0009620,0.0000730,0.00012400,0.00000542,-4.3878788948e+00,2.7305051684e-01,0.4143,1.9480810165e+00
-0.5520,-0.0009620,0.0000732,0.00012400,0.00000542,-4.3878788948e+00,2.7385857701e-01,0.4153,1.9480810165e+00
-0.5510,-0.0009560,0.0000731,0.00012400,0.00000541,-4.3636360168e+00,2.7349492908e-01,0.4163,1.9238381386e+00
-0.5500,-0.0009600,0.0000734,0.00012400,0.00000541,-4.3797979355e+00,2.7470704913e-01,0.4173,1.9400000572e+00
-0.5490,-0.0009600,0.0000735,0.00012400,0.00000541,-4.3797979355e+00,2.7511110902e-01,0.4183,1.9400000572e+00
-0.5480,-0.0009570,0.0000736,0.00012400,0.00000541,-4.3676767349e+00,2.7551513910e-01,0.4193,1.9278788567e+00
-0.5470,-0.0009570,0.0000737,0.00012400,0.00000541,-4.3676767349e+00,2.7591919899e-01,0.4203,1.9278788567e+00
-0.5460,-0.0009590,0.0000737,0.00012400,0.00000540,-4.3757576942e+00,2.7595961094e-01,0.4213,1.9359598160e+00
-0.5450,-0.0009550,0.0000740,0.00012500,0.00000541,-4.3636360168e+00,2.7713131905e-01,0.4223,1.9238381386e+00
-0.5440,-0.0009540,0.0000739,0.00012500,0.00000540,-4.3595957756e+00,2.7676770091e-01,0.4233,1.9197978973e+00
-0.5430,-0.0009570,0.0000741,0.00012500,0.00000540,-4.3717169762e+00,2.7757576108e-01,0.4243,1.9319190979e+00
-0.5420,-0.0009510,0.0000743,0.00012400,0.00000539,-4.3434343338e+00,2.7842423320e-01,0.4253,1.9036364555e+00
-0.5410,-0.0009540,0.0000743,0.00012500,0.00000541,-4.3595957756e+00,2.7834340930e-01,0.4263,1.9197978973e+00
-0.5400,-0.0009520,0.0000744,0.00012500,0.00000540,-4.3515148163e+00,2.7878788114e-01,0.4273,1.9117169380e+00
-0.5390,-0.0009530,0.0000746,0.00012500,0.00000540,-4.3555555344e+00,2.7959597111e-01,0.4283,1.9157576561e+00
-0.5380,-0.0009500,0.0000747,0.00012500,0.00000540,-4.3434343338e+00,2.8000003099e-01,0.4293,1.9036364555e+00
-0.5370,-0.0009500,0.0000747,0.00012500,0.00000540,-4.3434343338e+00,2.8000003099e-01,0.4303,1.9036364555e+00
-0.5360,-0.0009510,0.0000750,0.00012500,0.00000539,-4.3474750519e+00,2.8125253320e-01,0.4313,1.9076771736e+00
-0.5350,-0.0009480,0.0000751,0.00012500,0.00000539,-4.3353538513e+00,2.8165656328e-01,0.4323,1.8955559731e+00
-0.5340,-0.0009510,0.0000751,0.00012500,0.00000539,-4.3474750519e+00,2.8165656328e-01,0.4333,1.9076771736e+00
-0.5330,-0.0009450,0.0000753,0.00012500,0.00000539,-4.3232321739e+00,2.8246465325e-01,0.4343,1.8834342957e+00
-0.5320,-0.0009460,0.0000753,0.00012500,0.00000538,-4.3272728920e+00,2.8250503540e-01,0.4353,1.8874750137e+00
-0.5310,-0.0009500,0.0000756,0.00012500,0.00000539,-4.3434343338e+00,2.8367677331e-01,0.4363,1.9036364555e+00
-0.5300,-0.0009440,0.0000757,0.00012500,0.00000539,-4.3191919327e+00,2.8408080339e-01,0.4373,1.8793940544e+00
-0.5290,-0.0009480,0.0000757,0.00012500,0.00000538,-4.3353538513e+00,2.8412121534e-01,0.4383,1.8955559731e+00
-0.5280,-0.0009430,0.0000758,0.00012500,0.00000538,-4.3151516914e+00,2.8452524543e-01,0.4393,1.8753538132e+00
-0.5270,-0.0009460,0.0000760,0.00012500,0.00000537,-4.3272728920e+00,2.8537371755e-01,0.4403,1.8874750137e+00
-0.5260,-0.0009430,0.0000761,0.00012600,0.00000537,-4.3191919327e+00,2.8577777743e-01,0.4413,1.8793940544e+00
-0.5250,-0.0009460,0.0000762,0.00012600,0.00000536,-4.3313131332e+00,2.8622221947e-01,0.4423,1.8915152550e+00
-0.5240,-0.0009440,0.0000765,0.00012600,0.00000537,-4.3232321739e+00,2.8739395738e-01,0.4433,1.8834342957e+00
-0.5230,-0.0009420,0.0000764,0.00012500,0.00000536,-4.3111109734e+00,2.8703030944e-01,0.4443,1.8713130951e+00
-0.5220,-0.0009430,0.0000766,0.00012600,0.00000536,-4.3191919327e+00,2.8783836961e-01,0.4453,1.8793940544e+00
-0.5210,-0.0009430,0.0000767,0.00012600,0.00000537,-4.3191919327e+00,2.8820204735e-01,0.4463,1.8793940544e+00
-0.5200,-0.0009400,0.0000769,0.00012600,0.00000537,-4.3070707321e+00,2.8901010752e-01,0.4473,1.8672728539e+00
-0.5190,-0.0009430,0.0000770,0.00012600,0.00000537,-4.3191919327e+00,2.8941413760e-01,0.4483,1.8793940544e+00
-0.5180,-0.0009370,0.0000770,0.00012600,0.00000536,-4.2949490547e+00,2.8945451975e-01,0.4493,1.8551511765e+00
-0.5170,-0.0009390,0.0000771,0.00012600,0.00000536,-4.3030300140e+00,2.8985857964e-01,0.4503,1.8632321358e+00
-0.5160,-0.0009380,0.0000772,0.00012600,0.00000535,-4.2989897728e+00,2.9030305147e-01,0.4513,1.8591918945e+00
-0.5150,-0.0009350,0.0000773,0.00012600,0.00000536,-4.2868690491e+00,2.9066666961e-01,0.4523,1.8470711708e+00
-0.5140,-0.0009370,0.0000775,0.00012600,0.00000535,-4.2949490547e+00,2.9151517153e-01,0.4533,1.8551511765e+00
-0.5130,-0.0009400,0.0000776,0.00012600,0.00000535,-4.3070707321e+00,2.9191920161e-01,0.4543,1.8672728539e+00
-0.5120,-0.0009330,0.0000778,0.00012600,0.00000535,-4.2787880898e+00,2.9272729158e-01,0.4553,1.8389902115e+00
-0.5110,-0.0009360,0.0000778,0.00012600,0.00000536,-4.2909092903e+00,2.9268687963e-01,0.4563,1.8511114120e+00
-0.5100,-0.0009330,0.0000780,0.00012600,0.00000535,-4.2787880898e+00,2.9353535175e-01,0.4573,1.8389902115e+00
-0.5090,-0.0009320,0.0000779,0.00012600,0.00000535,-4.2747473717e+00,2.9313132167e-01,0.4583,1.8349494934e+00
-0.5080,-0.0009360,0.0000782,0.00012600,0.00000535,-4.2909092903e+00,2.9434344172e-01,0.4593,1.8511114120e+00
-0.5070,-0.0009330,0.0000783,0.00012600,0.00000535,-4.2787880898e+00,2.9474747181e-01,0.4603,1.8389902115e+00
-0.5060,-0.0009330,0.0000783,0.00012600,0.00000535,-4.2787880898e+00,2.9474747181e-01,0.4613,1.8389902115e+00
-0.5050,-0.0009320,0.0000784,0.00012600,0.00000534,-4.2747473717e+00,2.9519191384e-01,0.4623,1.8349494934e+00
-0.5040,-0.0009320,0.0000786,0.00012600,0.00000534,-4.2747473717e+00,2.9600000381e-01,0.4633,1.8349494934e+00
-0.5030,-0.0009270,0.0000786,0.00012600,0.00000534,-4.2545452118e+00,2.9600000381e-01,0.4643,1.8147473335e+00
-0.5020,-0.0009320,0.0000787,0.00012600,0.00000534,-4.2747473717e+00,2.9640406370e-01,0.4653,1.8349494934e+00
-0.5010,-0.0009310,0.0000789,0.00012600,0.00000534,-4.2707071304e+00,2.9721212387e-01,0.4663,1.8309092522e+00
-0.5000,-0.0009280,0.0000791,0.00012600,0.00000533,-4.2585859299e+00,2.9806059599e-01,0.4673,1.8187880516e+00
-0.4990,-0.0009290,0.0000791,0.00012600,0.00000532,-4.2626261711e+00,2.9810100794e-01,0.4683,1.8228282928e+00
-0.4980,-0.0009280,0.0000793,0.00012600,0.00000534,-4.2585859299e+00,2.9882827401e-01,0.4693,1.8187880516e+00
-0.4970,-0.0009270,0.0000794,0.00012600,0.00000533,-4.2545452118e+00,2.9927271605e-01,0.4703,1.8147473335e+00
-0.4960,-0.0009270,0.0000794,0.00012600,0.00000534,-4.2545452118e+00,2.9923233390e-01,0.4713,1.8147473335e+00
-0.4950,-0.0009240,0.0000797,0.00012600,0.00000533,-4.2424240112e+00,3.0048483610e-01,0.4723,1.8026261330e+00
-0.4940,-0.0009330,0.0000797,0.00012600,0.00000533,-4.2787880898e+00,3.0048483610e-01,0.4733,1.8389902115e+00
-0.4930,-0.0009210,0.0000797,0.00012600,0.00000533,-4.2303032875e+00,3.0048483610e-01,0.4743,1.7905054092e+00
-0.4920,-0.0009260,0.0000799,0.00012600,0.00000533,-4.2505049706e+00,3.0129289627e-01,0.4753,1.8107070923e+00
-0.4910,-0.0009220,0.0000798,0.00012600,0.00000533,-4.2343430519e+00,3.0088886619e-01,0.4763,1.7945451736e+00
-0.4900,-0.0009200,0.0000798,0.00012600,0.00000533,-4.2262630463e+00,3.0088886619e-01,0.4773,1.7864651680e+00
-0.4890,-0.0009220,0.0000801,0.00012600,0.00000532,-4.2343430519e+00,3.0214142799e-01,0.4783,1.7945451736e+00
-0.4880,-0.0009210,0.0000801,0.00012700,0.00000532,-4.2343435287e+00,3.0214142799e-01,0.4793,1.7945456505e+00
-0.4870,-0.0009200,0.0000802,0.00012600,0.00000531,-4.2262630463e+00,3.0258584023e-01,0.4803,1.7864651680e+00
-0.4860,-0.0009220,0.0000804,0.00012600,0.00000532,-4.2343430519e+00,3.0335354805e-01,0.4813,1.7945451736e+00
-0.4850,-0.0009180,0.0000805,0.00012600,0.00000532,-4.2181820869e+00,3.0375757813e-01,0.4823,1.7783842087e+00
-0.4840,-0.0009170,0.0000806,0.00012700,0.00000530,-4.2181820869e+00,3.0424246192e-01,0.4833,1.7783842087e+00
-0.4830,-0.0009200,0.0000807,0.00012600,0.00000530,-4.2262630463e+00,3.0464649200e-01,0.4843,1.7864651680e+00
-0.4820,-0.0009200,0.0000807,0.00012600,0.00000531,-4.2262630463e+00,3.0460608006e-01,0.4853,1.7864651680e+00
-0.4810,-0.0009210,0.0000811,0.00012600,0.00000530,-4.2303032875e+00,3.0626264215e-01,0.4863,1.7905054092e+00
-0.4800,-0.0009160,0.0000810,0.00012700,0.00000530,-4.2141413689e+00,3.0585858226e-01,0.4873,1.7743434906e+00
-0.4790,-0.0009230,0.0000812,0.00012700,0.00000530,-4.2424240112e+00,3.0666667223e-01,0.4883,1.8026261330e+00
-0.4780,-0.0009130,0.0000813,0.00012700,0.00000531,-4.2020201683e+00,3.0703029037e-01,0.4893,1.7622222900e+00
-0.4770,-0.0009230,0.0000812,0.00012600,0.00000530,-4.2383837700e+00,3.0666667223e-01,0.4903,1.7985858917e+00
-0.4760,-0.0009150,0.0000815,0.00012600,0.00000530,-4.2060608864e+00,3.0787882209e-01,0.4913,1.7662630081e+00
-0.4750,-0.0009140,0.0000815,0.00012700,0.00000530,-4.2060608864e+00,3.0787882209e-01,0.4923,1.7662630081e+00
-0.4740,-0.0009210,0.0000816,0.00012700,0.00000530,-4.2343435287e+00,3.0828285217e-01,0.4933,1.7945456505e+00
-0.4730,-0.0009150,0.0000818,0.00012700,0.00000529,-4.2101011276e+00,3.0913129449e-01,0.4943,1.7703032494e+00
-0.4720,-0.0009200,0.0000817,0.00012700,0.00000530,-4.2303032875e+00,3.0868688226e-01,0.4953,1.7905054092e+00
-0.4710,-0.0009120,0.0000817,0.00012600,0.00000529,-4.1939392090e+00,3.0872726440e-01,0.4963,1.7541413307e+00
-0.4700,-0.0009120,0.0000818,0.00012700,0.00000529,-4.1979799271e+00,3.0913129449e-01,0.4973,1.7581820488e+00
-0.4690,-0.0009130,0.0000819,0.00012700,0.00000529,-4.2020201683e+00,3.0953535438e-01,0.4983,1.7622222900e+00
-0.4680,-0.0009090,0.0000819,0.00012600,0.00000529,-4.1818180084e+00,3.0953535438e-01,0.4993,1.7420201302e+00
-0.4670,-0.0009140,0.0000820,0.00012700,0.00000530,-4.2060608864e+00,3.0989900231e-01,0.5003,1.7662630081e+00
-0.4660,-0.0009100,0.0000820,0.00012700,0.00000529,-4.1898989677e+00,3.0993938446e-01,0.5013,1.7501010895e+00
-0.4650,-0.0009070,0.0000820,0.00012700,0.00000529,-4.1777777672e+00,3.0993938446e-01,0.5023,1.7379798889e+00
-0.4640,-0.0009100,0.0000822,0.00012600,0.00000528,-4.1858582497e+00,3.1078785658e-01,0.5033,1.7460603714e+00
-0.4630,-0.0009090,0.0000823,0.00012700,0.00000529,-4.1858582497e+00,3.1115153432e-01,0.5043,1.7460603714e+00
-0.4620,-0.0009060,0.0000822,0.00012600,0.00000529,-4.1696968079e+00,3.1074747443e-01,0.5053,1.7298989296e+00
-0.4610,-0.0009080,0.0000823,0.00012700,0.00000529,-4.1818180084e+00,3.1115153432e-01,0.5063,1.7420201302e+00
-0.4600,-0.0009090,0.0000825,0.00012700,0.00000529,-4.1858582497e+00,3.1195959449e-01,0.5073,1.7460603714e+00
-0.4590,-0.0009060,0.0000826,0.00012600,0.00000530,-4.1696968079e+00,3.1232327223e-01,0.5083,1.7298989296e+00
-0.4580,-0.0009100,0.0000826,0.00012600,0.00000529,-4.1858582497e+00,3.1236365438e-01,0.5093,1.7460603714e+00
-0.4570,-0.0009090,0.0000828,0.00012600,0.00000529,-4.1818180084e+00,3.1317171454e-01,0.5103,1.7420201302e+00
-0.4560,-0.0009040,0.0000828,0.00012600,0.00000528,-4.1616163254e+00,3.1321209669e-01,0.5113,1.7218184471e+00
-0.4550,-0.0009110,0.0000828,0.00012600,0.00000528,-4.1898989677e+00,3.1321209669e-01,0.5123,1.7501010895e+00
-0.4540,-0.0009060,0.0000830,0.00012600,0.00000528,-4.1696968079e+00,3.1402018666e-01,0.5133,1.7298989296e+00
-0.4530,-0.0009080,0.0000831,0.00012600,0.00000528,-4.1777777672e+00,3.1442424655e-01,0.5143,1.7379798889e+00
-0.4520,-0.0009070,0.0000830,0.00012600,0.00000527,-4.1737370491e+00,3.1406059861e-01,0.5153,1.7339391708e+00
-0.4510,-0.0009050,0.0000831,0.00012600,0.00000527,-4.1656565666e+00,3.1446465850e-01,0.5163,1.7258586884e+00
-0.4500,-0.0009070,0.0000831,0.00012600,0.00000528,-4.1737370491e+00,3.1442424655e-01,0.5173,1.7339391708e+00
-0.4490,-0.0009060,0.0000832,0.00012600,0.00000528,-4.1696968079e+00,3.1482827663e-01,0.5183,1.7298989296e+00
-0.4480,-0.0009040,0.0000833,0.00012600,0.00000527,-4.1616163254e+00,3.1527274847e-01,0.5193,1.7218184471e+00
-0.4470,-0.0009060,0.0000834,0.00012600,0.00000528,-4.1696968079e+00,3.1563636661e-01,0.5203,1.7298989296e+00
-0.4460,-0.0009040,0.0000834,0.00012600,0.00000527,-4.1616163254e+00,3.1567677855e-01,0.5213,1.7218184471e+00
-0.4450,-0.0009050,0.0000834,0.00012600,0.00000527,-4.1656565666e+00,3.1567677855e-01,0.5223,1.7258586884e+00
-0.4440,-0.0009080,0.0000835,0.00012600,0.00000527,-4.1777777672e+00,3.1608083844e-01,0.5233,1.7379798889e+00
-0.4430,-0.0008990,0.0000834,0.00012600,0.00000527,-4.1414141655e+00,3.1567677855e-01,0.5243,1.7016162872e+00
-0.4420,-0.0009060,0.0000834,0.00012600,0.00000527,-4.1696968079e+00,3.1567677855e-01,0.5253,1.7298989296e+00
-0.4410,-0.0008990,0.0000836,0.00012600,0.00000527,-4.1414141655e+00,3.1648486853e-01,0.5263,1.7016162872e+00
-0.4400,-0.0009050,0.0000836,0.00012600,0.00000527,-4.1656565666e+00,3.1648486853e-01,0.5273,1.7258586884e+00
-0.4390,-0.0009030,0.0000837,0.00012600,0.00000526,-4.1575760841e+00,3.1692928076e-01,0.5283,1.7177782059e+00
-0.4380,-0.0009040,0.0000837,0.00012600,0.00000527,-4.1616163254e+00,3.1688889861e-01,0.5293,1.7218184471e+00
-0.4370,-0.0009030,0.0000839,0.00012600,0.00000527,-4.1575760841e+00,3.1769695878e-01,0.5303,1.7177782059e+00
-0.4360,-0.0009010,0.0000837,0.00012600,0.00000527,-4.1494951248e+00,3.1688889861e-01,0.5313,1.7096972466e+00
-0.4350,-0.0009020,0.0000836,0.00012600,0.00000526,-4.1535353661e+00,3.1652525067e-01,0.5323,1.7137374878e+00
-0.4340,-0.0009000,0.0000837,0.00012600,0.00000527,-4.1454544067e+00,3.1688889861e-01,0.5333,1.7056565285e+00
-0.4330,-0.0009000,0.0000835,0.00012600,0.00000526,-4.1454544067e+00,3.1612122059e-01,0.5343,1.7056565285e+00
-0.4320,-0.0009010,0.0000837,0.00012600,0.00000527,-4.1494951248e+00,3.1688889861e-01,0.5353,1.7096972466e+00
-0.4310,-0.0009010,0.0000837,0.00012500,0.00000526,-4.1454544067e+00,3.1692928076e-01,0.5363,1.7056565285e+00
-0.4300,-0.0008990,0.0000837,0.00012600,0.00000526,-4.1414141655e+00,3.1692928076e-01,0.5373,1.7016162872e+00
-0.4290,-0.0008980,0.0000838,0.00012600,0.00000526,-4.1373739243e+00,3.1733331084e-01,0.5383,1.6975760460e+00
-0.4280,-0.0009000,0.0000837,0.00012600,0.00000526,-4.1454544067e+00,3.1692928076e-01,0.5393,1.7056565285e+00
-0.4270,-0.0008980,0.0000837,0.00012500,0.00000526,-4.1333332062e+00,3.1692928076e-01,0.5403,1.6935353279e+00
-0.4260,-0.0009010,0.0000837,0.00012600,0.00000526,-4.1494951248e+00,3.1692928076e-01,0.5413,1.7096972466e+00
-0.4250,-0.0008950,0.0000836,0.00012500,0.00000526,-4.1212120056e+00,3.1652525067e-01,0.5423,1.6814141273e+00
-0.4240,-0.0008990,0.0000836,0.00012500,0.00000526,-4.1373739243e+00,3.1652525067e-01,0.5433,1.6975760460e+00
-0.4230,-0.0008950,0.0000836,0.00012500,0.00000526,-4.1212120056e+00,3.1652525067e-01,0.5443,1.6814141273e+00
-0.4220,-0.0008970,0.0000836,0.00012500,0.00000526,-4.1292929649e+00,3.1652525067e-01,0.5453,1.6894950867e+00
-0.4210,-0.0008980,0.0000836,0.00012500,0.00000525,-4.1333332062e+00,3.1656566262e-01,0.5463,1.6935353279e+00
-0.4200,-0.0008980,0.0000837,0.00012500,0.00000526,-4.1333332062e+00,3.1692928076e-01,0.5473,1.6935353279e+00
-0.4190,-0.0008980,0.0000836,0.00012500,0.00000525,-4.1333332062e+00,3.1656566262e-01,0.5483,1.6935353279e+00
-0.4180,-0.0008950,0.0000835,0.00012500,0.00000524,-4.1212120056e+00,3.1620204449e-01,0.5493,1.6814141273e+00
-0.4170,-0.0009000,0.0000836,0.00012500,0.00000525,-4.1414141655e+00,3.1656566262e-01,0.5503,1.7016162872e+00
-0.4160,-0.0008930,0.0000835,0.00012500,0.00000525,-4.1131310463e+00,3.1616160274e-01,0.5513,1.6733331680e+00
-0.4150,-0.0008980,0.0000834,0.00012500,0.00000525,-4.1333332062e+00,3.1575757265e-01,0.5523,1.6935353279e+00
-0.4140,-0.0008950,0.0000835,0.00012500,0.00000525,-4.1212120056e+00,3.1616160274e-01,0.5533,1.6814141273e+00
-0.4130,-0.0008970,0.0000835,0.00012500,0.00000525,-4.1292929649e+00,3.1616160274e-01,0.5543,1.6894950867e+00
-0.4120,-0.0008970,0.0000833,0.00012500,0.00000524,-4.1292929649e+00,3.1539395452e-01,0.5553,1.6894950867e+00
-0.4110,-0.0008960,0.0000833,0.00012500,0.00000524,-4.1252522469e+00,3.1539395452e-01,0.5563,1.6854543686e+00
-0.4100,-0.0008960,0.0000833,0.00012500,0.00000523,-4.1252522469e+00,3.1543433666e-01,0.5573,1.6854543686e+00
-0.4090,-0.0008940,0.0000832,0.00012500,0.00000523,-4.1171717644e+00,3.1503030658e-01,0.5583,1.6773738861e+00
-0.4080,-0.0008990,0.0000832,0.00012500,0.00000523,-4.1373739243e+00,3.1503030658e-01,0.5593,1.6975760460e+00
-0.4070,-0.0008970,0.0000831,0.00012500,0.00000524,-4.1292929649e+00,3.1458586454e-01,0.5603,1.6894950867e+00
-0.4060,-0.0008950,0.0000831,0.00012500,0.00000524,-4.1212120056e+00,3.1458586454e-01,0.5613,1.6814141273e+00
-0.4050,-0.0008980,0.0000832,0.00012500,0.00000524,-4.1333332062e+00,3.1498989463e-01,0.5623,1.6935353279e+00
-0.4040,-0.0008960,0.0000832,0.00012500,0.00000523,-4.1252522469e+00,3.1503030658e-01,0.5633,1.6854543686e+00
-0.4030,-0.0008980,0.0000829,0.00012500,0.00000523,-4.1333332062e+00,3.1381815672e-01,0.5643,1.6935353279e+00
-0.4020,-0.0008950,0.0000829,0.00012500,0.00000523,-4.1212120056e+00,3.1381815672e-01,0.5653,1.6814141273e+00
-0.4010,-0.0009000,0.0000828,0.00012500,0.00000522,-4.1414141655e+00,3.1345453858e-01,0.5663,1.7016162872e+00
-0.4000,-0.0008960,0.0000827,0.00012500,0.00000522,-4.1252522469e+00,3.1305050850e-01,0.5673,1.6854543686e+00
-0.3990,-0.0008980,0.0000827,0.00012400,0.00000522,-4.1292929649e+00,3.1305050850e-01,0.5683,1.6894950867e+00
-0.3980,-0.0009000,0.0000826,0.00012400,0.00000523,-4.1373739243e+00,3.1260606647e-01,0.5693,1.6975760460e+00
-0.3970,-0.0008990,0.0000825,0.00012400,0.00000523,-4.1333332062e+00,3.1220203638e-01,0.5703,1.6935353279e+00
-0.3960,-0.0008970,0.0000824,0.00012400,0.00000522,-4.1252522469e+00,3.1183838844e-01,0.5713,1.6854543686e+00
-0.3950,-0.0008990,0.0000824,0.00012400,0.00000523,-4.1333332062e+00,3.1179797649e-01,0.5723,1.6935353279e+00
-0.3940,-0.0009000,0.0000822,0.00012400,0.00000523,-4.1373739243e+00,3.1098988652e-01,0.5733,1.6975760460e+00
-0.3930,-0.0008970,0.0000821,0.00012400,0.00000522,-4.1252522469e+00,3.1062626839e-01,0.5743,1.6854543686e+00
-0.3920,-0.0009000,0.0000819,0.00012400,0.00000522,-4.1373739243e+00,3.0981817842e-01,0.5753,1.6975760460e+00
-0.3910,-0.0008980,0.0000819,0.00012400,0.00000521,-4.1292929649e+00,3.0985859036e-01,0.5763,1.6894950867e+00
-0.3900,-0.0008980,0.0000818,0.00012400,0.00000521,-4.1292929649e+00,3.0945453048e-01,0.5773,1.6894950867e+00
-0.3890,-0.0008990,0.0000817,0.00012400,0.00000522,-4.1333332062e+00,3.0901008844e-01,0.5783,1.6935353279e+00
-0.3880,-0.0009010,0.0000815,0.00012400,0.00000521,-4.1414141655e+00,3.0824244022e-01,0.5793,1.7016162872e+00
-0.3870,-0.0009000,0.0000814,0.00012400,0.00000521,-4.1373739243e+00,3.0783838034e-01,0.5803,1.6975760460e+00
-0.3860,-0.0009000,0.0000813,0.00012400,0.00000520,-4.1373739243e+00,3.0747473240e-01,0.5813,1.6975760460e+00
-0.3850,-0.0009020,0.0000812,0.00012400,0.00000521,-4.1454544067e+00,3.0703029037e-01,0.5823,1.7056565285e+00
-0.3840,-0.0008990,0.0000810,0.00012400,0.00000520,-4.1333332062e+00,3.0626261234e-01,0.5833,1.6935353279e+00
-0.3830,-0.0009030,0.0000810,0.00012400,0.00000520,-4.1494951248e+00,3.0626261234e-01,0.5843,1.7096972466e+00
-0.3820,-0.0009010,0.0000808,0.00012400,0.00000520,-4.1414141655e+00,3.0545452237e-01,0.5853,1.7016162872e+00
-0.3810,-0.0009030,0.0000806,0.00012300,0.00000519,-4.1454544067e+00,3.0468687415e-01,0.5863,1.7056565285e+00
-0.3800,-0.0009020,0.0000804,0.00012300,0.00000520,-4.1414141655e+00,3.0383837223e-01,0.5873,1.7016162872e+00
-0.3790,-0.0009050,0.0000803,0.00012300,0.00000521,-4.1535353661e+00,3.0339393020e-01,0.5883,1.7137374878e+00
-0.3780,-0.0009020,0.0000800,0.00012300,0.00000520,-4.1414141655e+00,3.0222219229e-01,0.5893,1.7016162872e+00
-0.3770,-0.0009060,0.0000800,0.00012300,0.00000520,-4.1575756073e+00,3.0222219229e-01,0.5903,1.7177777290e+00
-0.3760,-0.0009050,0.0000798,0.00012300,0.00000520,-4.1535353661e+00,3.0141410232e-01,0.5913,1.7137374878e+00
-0.3750,-0.0009030,0.0000797,0.00012300,0.00000518,-4.1454544067e+00,3.0109092593e-01,0.5923,1.7056565285e+00
-0.3740,-0.0009080,0.0000795,0.00012300,0.00000519,-4.1656560898e+00,3.0024242401e-01,0.5933,1.7258582115e+00
-0.3730,-0.0009080,0.0000794,0.00012300,0.00000519,-4.1656560898e+00,2.9983839393e-01,0.5943,1.7258582115e+00
-0.3720,-0.0009050,0.0000791,0.00012300,0.00000519,-4.1535353661e+00,2.9862627387e-01,0.5953,1.7137374878e+00
-0.3710,-0.0009100,0.0000789,0.00012300,0.00000519,-4.1737370491e+00,2.9781818390e-01,0.5963,1.7339391708e+00
-0.3700,-0.0009060,0.0000788,0.00012300,0.00000519,-4.1575756073e+00,2.9741415381e-01,0.5973,1.7177777290e+00
-0.3690,-0.0009100,0.0000785,0.00012300,0.00000519,-4.1737370491e+00,2.9620203376e-01,0.5983,1.7339391708e+00
-0.3680,-0.0009090,0.0000783,0.00012300,0.00000518,-4.1696968079e+00,2.9543432593e-01,0.5993,1.7298989296e+00
-0.3670,-0.0009070,0.0000781,0.00012300,0.00000518,-4.1616158485e+00,2.9462623596e-01,0.6003,1.7218179703e+00
-0.3660,-0.0009100,0.0000777,0.00012300,0.00000518,-4.1737370491e+00,2.9301011562e-01,0.6013,1.7339391708e+00
-0.3650,-0.0009090,0.0000776,0.00012300,0.00000518,-4.1696968079e+00,2.9260605574e-01,0.6023,1.7298989296e+00
-0.3640,-0.0009100,0.0000774,0.00012300,0.00000518,-4.1737370491e+00,2.9179796576e-01,0.6033,1.7339391708e+00
-0.3630,-0.0009110,0.0000772,0.00012300,0.00000518,-4.1777777672e+00,2.9098987579e-01,0.6043,1.7379798889e+00
-0.3620,-0.0009130,0.0000769,0.00012300,0.00000517,-4.1858582497e+00,2.8981819749e-01,0.6053,1.7460603714e+00
-0.3610,-0.0009140,0.0000768,0.00012300,0.00000517,-4.1898989677e+00,2.8941416740e-01,0.6063,1.7501010895e+00
-0.3600,-0.0009130,0.0000765,0.00012200,0.00000518,-4.1818180084e+00,2.8816160560e-01,0.6073,1.7420201302e+00
-0.3590,-0.0009140,0.0000762,0.00012200,0.00000517,-4.1858582497e+00,2.8698989749e-01,0.6083,1.7460603714e+00
-0.3580,-0.0009150,0.0000761,0.00012200,0.00000517,-4.1898989677e+00,2.8658586740e-01,0.6093,1.7501010895e+00
-0.3570,-0.0009180,0.0000759,0.00012300,0.00000517,-4.2060608864e+00,2.8577780724e-01,0.6103,1.7662630081e+00
-0.3560,-0.0009170,0.0000755,0.00012200,0.00000517,-4.1979799271e+00,2.8416162729e-01,0.6113,1.7581820488e+00
-0.3550,-0.0009200,0.0000753,0.00012200,0.00000516,-4.2101011276e+00,2.8339394927e-01,0.6123,1.7703032494e+00
-0.3540,-0.0009180,0.0000750,0.00012200,0.00000516,-4.2020201683e+00,2.8218182921e-01,0.6133,1.7622222900e+00
-0.3530,-0.0009180,0.0000747,0.00012200,0.00000517,-4.2020201683e+00,2.8092929721e-01,0.6143,1.7622222900e+00
-0.3520,-0.0009210,0.0000745,0.00012200,0.00000516,-4.2141413689e+00,2.8016161919e-01,0.6153,1.7743434906e+00
-0.3510,-0.0009220,0.0000743,0.00012200,0.00000516,-4.2181820869e+00,2.7935352921e-01,0.6163,1.7783842087e+00
-0.3500,-0.0009220,0.0000738,0.00012200,0.00000516,-4.2181820869e+00,2.7733334899e-01,0.6173,1.7783842087e+00
-0.3490,-0.0009210,0.0000736,0.00012200,0.00000515,-4.2141413689e+00,2.7656564116e-01,0.6183,1.7743434906e+00
-0.3480,-0.0009260,0.0000733,0.00012200,0.00000515,-4.2343435287e+00,2.7535352111e-01,0.6193,1.7945456505e+00
-0.3470,-0.0009220,0.0000729,0.00012200,0.00000516,-4.2181820869e+00,2.7369698882e-01,0.6203,1.7783842087e+00
-0.3460,-0.0009270,0.0000726,0.00012200,0.00000516,-4.2383842468e+00,2.7248483896e-01,0.6213,1.7985863686e+00
-0.3450,-0.0009240,0.0000723,0.00012200,0.00000514,-4.2262630463e+00,2.7135354280e-01,0.6223,1.7864651680e+00
-0.3440,-0.0009290,0.0000721,0.00012100,0.00000514,-4.2424240112e+00,2.7054548264e-01,0.6233,1.8026261330e+00
-0.3430,-0.0009280,0.0000717,0.00012100,0.00000514,-4.2383842468e+00,2.6892930269e-01,0.6243,1.7985863686e+00
-0.3420,-0.0009280,0.0000715,0.00012100,0.00000513,-4.2383842468e+00,2.6816159487e-01,0.6253,1.7985863686e+00
-0.3410,-0.0009320,0.0000711,0.00012100,0.00000513,-4.2545452118e+00,2.6654547453e-01,0.6263,1.8147473335e+00
-0.3400,-0.0009320,0.0000708,0.00012100,0.00000513,-4.2545452118e+00,2.6533332467e-01,0.6273,1.8147473335e+00
-0.3390,-0.0009340,0.0000706,0.00012100,0.00000513,-4.2626261711e+00,2.6452523470e-01,0.6283,1.8228282928e+00
-0.3380,-0.0009320,0.0000701,0.00012100,0.00000513,-4.2545452118e+00,2.6250505447e-01,0.6293,1.8147473335e+00
-0.3370,-0.0009370,0.0000697,0.00012100,0.00000513,-4.2747473717e+00,2.6088887453e-01,0.6303,1.8349494934e+00
-0.3360,-0.0009350,0.0000695,0.00012100,0.00000513,-4.2666668892e+00,2.6008078456e-01,0.6313,1.8268690109e+00
-0.3350,-0.0009320,0.0000690,0.00012100,0.00000513,-4.2545452118e+00,2.5806060433e-01,0.6323,1.8147473335e+00
-0.3340,-0.0009400,0.0000687,0.00012100,0.00000513,-4.2868690491e+00,2.5684848428e-01,0.6333,1.8470711708e+00
-0.3330,-0.0009410,0.0000684,0.00012100,0.00000513,-4.2909092903e+00,2.5563633442e-01,0.6343,1.8511114120e+00
-0.3320,-0.0009370,0.0000680,0.00012100,0.00000512,-4.2747473717e+00,2.5406062603e-01,0.6353,1.8349494934e+00
-0.3310,-0.0009450,0.0000677,0.00012000,0.00000512,-4.3030300140e+00,2.5284850597e-01,0.6363,1.8632321358e+00
-0.3300,-0.0009400,0.0000673,0.00012000,0.00000512,-4.2828283310e+00,2.5123235583e-01,0.6373,1.8430304527e+00
-0.3290,-0.0009440,0.0000669,0.00012000,0.00000511,-4.2989902496e+00,2.4965657294e-01,0.6383,1.8591923714e+00
-0.3280,-0.0009460,0.0000666,0.00012000,0.00000510,-4.3070707321e+00,2.4848483503e-01,0.6393,1.8672728539e+00
-0.3270,-0.0009470,0.0000663,0.00012000,0.00000511,-4.3111109734e+00,2.4723233283e-01,0.6403,1.8713130951e+00
-0.3260,-0.0009470,0.0000657,0.00012000,0.00000510,-4.3111109734e+00,2.4484848976e-01,0.6413,1.8713130951e+00
-0.3250,-0.0009460,0.0000652,0.00012000,0.00000510,-4.3070707321e+00,2.4282829463e-01,0.6423,1.8672728539e+00
-0.3240,-0.0009490,0.0000650,0.00012000,0.00000510,-4.3191919327e+00,2.4202020466e-01,0.6433,1.8793940544e+00
-0.3230,-0.0009470,0.0000645,0.00012000,0.00000509,-4.3111109734e+00,2.4004039168e-01,0.6443,1.8713130951e+00
-0.3220,-0.0009550,0.0000642,0.00012000,0.00000509,-4.3434343338e+00,2.3882830143e-01,0.6453,1.9036364555e+00
-0.3210,-0.0009490,0.0000637,0.00012000,0.00000508,-4.3191919327e+00,2.3684847355e-01,0.6463,1.8793940544e+00
-0.3200,-0.0009560,0.0000633,0.00012000,0.00000508,-4.3474750519e+00,2.3523232341e-01,0.6473,1.9076771736e+00
-0.3190,-0.0009520,0.0000629,0.00012000,0.00000508,-4.3313131332e+00,2.3361615837e-01,0.6483,1.8915152550e+00
-0.3180,-0.0009550,0.0000624,0.00011900,0.00000508,-4.3393940926e+00,2.3159596324e-01,0.6493,1.8995962143e+00
-0.3170,-0.0009600,0.0000621,0.00011900,0.00000508,-4.3595957756e+00,2.3038382828e-01,0.6503,1.9197978973e+00
-0.3160,-0.0009540,0.0000617,0.00011900,0.00000508,-4.3353538513e+00,2.2876766324e-01,0.6513,1.8955559731e+00
-0.3150,-0.0009600,0.0000612,0.00011900,0.00000508,-4.3595957756e+00,2.2674746811e-01,0.6523,1.9197978973e+00
-0.3140,-0.0009600,0.0000608,0.00011900,0.00000508,-4.3595957756e+00,2.2513131797e-01,0.6533,1.9197978973e+00
-0.3130,-0.0009610,0.0000604,0.00011900,0.00000507,-4.3636360168e+00,2.2355556488e-01,0.6543,1.9238381386e+00
-0.3120,-0.0009660,0.0000600,0.00011900,0.00000507,-4.3838381767e+00,2.2193938494e-01,0.6553,1.9440402985e+00
-0.3110,-0.0009650,0.0000596,0.00011900,0.00000507,-4.3797979355e+00,2.2032323480e-01,0.6563,1.9400000572e+00
-0.3100,-0.0009670,0.0000591,0.00011900,0.00000506,-4.3878788948e+00,2.1834343672e-01,0.6573,1.9480810165e+00
-0.3090,-0.0009690,0.0000587,0.00011900,0.00000506,-4.3959598541e+00,2.1672727168e-01,0.6583,1.9561619759e+00
-0.3080,-0.0009710,0.0000583,0.00011900,0.00000506,-4.4040403366e+00,2.1511112154e-01,0.6593,1.9642424583e+00
-0.3070,-0.0009700,0.0000578,0.00011900,0.00000505,-4.4000000954e+00,2.1313132346e-01,0.6603,1.9602022171e+00
-0.3060,-0.0009750,0.0000575,0.00011900,0.00000505,-4.4202017784e+00,2.1191920340e-01,0.6613,1.9804039001e+00
-0.3050,-0.0009750,0.0000571,0.00011800,0.00000505,-4.4161615372e+00,2.1030302346e-01,0.6623,1.9763636589e+00
-0.3040,-0.0009750,0.0000566,0.00011800,0.00000505,-4.4161615372e+00,2.0828284323e-01,0.6633,1.9763636589e+00
-0.3030,-0.0009820,0.0000561,0.00011800,0.00000506,-4.4444446564e+00,2.0622223616e-01,0.6643,2.0046467781e+00
-0.3020,-0.0009790,0.0000558,0.00011800,0.00000505,-4.4323229790e+00,2.0505051315e-01,0.6653,1.9925251007e+00
-0.3010,-0.0009830,0.0000553,0.00011800,0.00000505,-4.4484848976e+00,2.0303030312e-01,0.6663,2.0086870193e+00
-0.3000,-0.0009820,0.0000548,0.00011800,0.00000504,-4.4444446564e+00,2.0105049014e-01,0.6673,2.0046467781e+00
-0.2990,-0.0009820,0.0000544,0.00011800,0.00000504,-4.4444446564e+00,1.9943434000e-01,0.6683,2.0046467781e+00
-0.2980,-0.0009870,0.0000539,0.00011800,0.00000504,-4.4646463394e+00,1.9741412997e-01,0.6693,2.0248484612e+00
-0.2970,-0.0009870,0.0000535,0.00011800,0.00000504,-4.4646463394e+00,1.9579797983e-01,0.6703,2.0248484612e+00
-0.2960,-0.0009890,0.0000530,0.00011800,0.00000504,-4.4727268219e+00,1.9377776980e-01,0.6713,2.0329289436e+00
-0.2950,-0.0009920,0.0000527,0.00011800,0.00000504,-4.4848484993e+00,1.9256564975e-01,0.6723,2.0450506210e+00
-0.2940,-0.0009910,0.0000523,0.00011800,0.00000503,-4.4808077812e+00,1.9098991156e-01,0.6733,2.0410099030e+00
-0.2930,-0.0009930,0.0000515,0.00011700,0.00000504,-4.4848484993e+00,1.8771716952e-01,0.6743,2.0450506210e+00
-0.2920,-0.0009970,0.0000513,0.00011700,0.00000503,-4.5010099411e+00,1.8694950640e-01,0.6753,2.0612120628e+00
-0.2910,-0.0009930,0.0000508,0.00011700,0.00000503,-4.4848484993e+00,1.8492929637e-01,0.6763,2.0450506210e+00
-0.2900,-0.0009960,0.0000503,0.00011700,0.00000502,-4.4969696999e+00,1.8294949830e-01,0.6773,2.0571718216e+00
-0.2890,-0.0009960,0.0000499,0.00011700,0.00000502,-4.4969696999e+00,1.8133334816e-01,0.6783,2.0571718216e+00
-0.2880,-0.0009990,0.0000494,0.00011700,0.00000502,-4.5090909004e+00,1.7931313813e-01,0.6793,2.0692930222e+00
-0.2870,-0.0010000,0.0000489,0.00011700,0.00000502,-4.5131311417e+00,1.7729294300e-01,0.6803,2.0733332634e+00
-0.2860,-0.0010000,0.0000485,0.00011700,0.00000502,-4.5131311417e+00,1.7567676306e-01,0.6813,2.0733332634e+00
-0.2850,-0.0010000,0.0000479,0.00011600,0.00000502,-4.5090909004e+00,1.7325253785e-01,0.6823,2.0692930222e+00
-0.2840,-0.0010100,0.0000476,0.00011600,0.00000502,-4.5494947433e+00,1.7204040289e-01,0.6833,2.1096968651e+00
-0.2830,-0.0010100,0.0000471,0.00011600,0.00000501,-4.5494947433e+00,1.7006060481e-01,0.6843,2.1096968651e+00
-0.2820,-0.0010000,0.0000467,0.00011600,0.00000502,-4.5090909004e+00,1.6840404272e-01,0.6853,2.0692930222e+00
-0.2810,-0.0010100,0.0000461,0.00011600,0.00000501,-4.5494947433e+00,1.6602021456e-01,0.6863,2.1096968651e+00
-0.2800,-0.0010100,0.0000458,0.00011600,0.00000501,-4.5494947433e+00,1.6480807960e-01,0.6873,2.1096968651e+00
-0.2790,-0.0010100,0.0000453,0.00011600,0.00000501,-4.5494947433e+00,1.6278788447e-01,0.6883,2.1096968651e+00
-0.2780,-0.0010200,0.0000449,0.00011600,0.00000500,-4.5898985863e+00,1.6121211648e-01,0.6893,2.1501007080e+00
-0.2770,-0.0010100,0.0000444,0.00011600,0.00000501,-4.5494947433e+00,1.5915152431e-01,0.6903,2.1096968651e+00
-0.2760,-0.0010200,0.0000440,0.00011500,0.00000500,-4.5858588219e+00,1.5757575631e-01,0.6913,2.1460609436e+00
-0.2750,-0.0010200,0.0000436,0.00011500,0.00000500,-4.5858588219e+00,1.5595960617e-01,0.6923,2.1460609436e+00
-0.2740,-0.0010200,0.0000432,0.00011500,0.00000499,-4.5858588219e+00,1.5438383818e-01,0.6933,2.1460609436e+00
-0.2730,-0.0010200,0.0000427,0.00011500,0.00000500,-4.5858588219e+00,1.5232324600e-01,0.6943,2.1460609436e+00
-0.2720,-0.0010200,0.0000422,0.00011500,0.00000500,-4.5858588219e+00,1.5030303597e-01,0.6953,2.1460609436e+00
-0.2710,-0.0010200,0.0000419,0.00011500,0.00000499,-4.5858588219e+00,1.4913131297e-01,0.6963,2.1460609436e+00
-0.2700,-0.0010300,0.0000414,0.00011500,0.00000499,-4.6262631416e+00,1.4711110294e-01,0.6973,2.1864652634e+00
-0.2690,-0.0010200,0.0000409,0.00011500,0.00000499,-4.5858588219e+00,1.4509089291e-01,0.6983,2.1460609436e+00
-0.2680,-0.0010300,0.0000405,0.00011500,0.00000498,-4.6262631416e+00,1.4351515472e-01,0.6993,2.1864652634e+00
-0.2670,-0.0010300,0.0000401,0.00011400,0.00000499,-4.6222224236e+00,1.4185857773e-01,0.7003,2.1824245453e+00
-0.2660,-0.0010200,0.0000396,0.00011400,0.00000498,-4.5818181038e+00,1.3987877965e-01,0.7013,2.1420202255e+00
-0.2650,-0.0010300,0.0000392,0.00011400,0.00000498,-4.6222224236e+00,1.3826262951e-01,0.7023,2.1824245453e+00
-0.2640,-0.0010300,0.0000388,0.00011400,0.00000498,-4.6222224236e+00,1.3664646447e-01,0.7033,2.1824245453e+00
-0.2630,-0.0010300,0.0000384,0.00011400,0.00000497,-4.6222224236e+00,1.3507071137e-01,0.7043,2.1824245453e+00
-0.2620,-0.0010300,0.0000379,0.00011400,0.00000497,-4.6222224236e+00,1.3305051625e-01,0.7053,2.1824245453e+00
-0.2610,-0.0010400,0.0000376,0.00011400,0.00000497,-4.6626262665e+00,1.3183838129e-01,0.7063,2.2228283882e+00
-0.2600,-0.0010300,0.0000370,0.00011400,0.00000497,-4.6222224236e+00,1.2941415608e-01,0.7073,2.1824245453e+00
-0.2590,-0.0010400,0.0000367,0.00011300,0.00000497,-4.6585860252e+00,1.2820202112e-01,0.7083,2.2187881470e+00
-0.2580,-0.0010400,0.0000363,0.00011400,0.00000497,-4.6626262665e+00,1.2658585608e-01,0.7093,2.2228283882e+00
-0.2570,-0.0010400,0.0000359,0.00011300,0.00000497,-4.6585860252e+00,1.2496970594e-01,0.7103,2.2187881470e+00
-0.2560,-0.0010400,0.0000354,0.00011300,0.00000496,-4.6585860252e+00,1.2298990041e-01,0.7113,2.2187881470e+00
-0.2550,-0.0010400,0.0000351,0.00011300,0.00000496,-4.6585860252e+00,1.2177778035e-01,0.7123,2.2187881470e+00
-0.2540,-0.0010400,0.0000347,0.00011300,0.00000496,-4.6585860252e+00,1.2016160786e-01,0.7133,2.2187881470e+00
-0.2530,-0.0010500,0.0000343,0.00011300,0.00000495,-4.6989898682e+00,1.1858585477e-01,0.7143,2.2591919899e+00
-0.2520,-0.0010400,0.0000339,0.00011300,0.00000495,-4.6585860252e+00,1.1696969718e-01,0.7153,2.2187881470e+00
-0.2510,-0.0010400,0.0000333,0.00011300,0.00000495,-4.6585860252e+00,1.1454544961e-01,0.7163,2.2187881470e+00
-0.2500,-0.0010400,0.0000330,0.00011200,0.00000495,-4.6545457840e+00,1.1333333701e-01,0.7173,2.2147479057e+00
-0.2490,-0.0010400,0.0000326,0.00011200,0.00000495,-4.6545457840e+00,1.1171717942e-01,0.7183,2.2147479057e+00
-0.2480,-0.0010500,0.0000323,0.00011200,0.00000495,-4.6949496269e+00,1.1050504446e-01,0.7193,2.2551517487e+00
-0.2470,-0.0010500,0.0000317,0.00011200,0.00000495,-4.6949496269e+00,1.0808081925e-01,0.7203,2.2551517487e+00
-0.2460,-0.0010500,0.0000315,0.00011200,0.00000494,-4.6949496269e+00,1.0731312633e-01,0.7213,2.2551517487e+00
-0.2450,-0.0010500,0.0000310,0.00011200,0.00000494,-4.6949496269e+00,1.0529292375e-01,0.7223,2.2551517487e+00
-0.2440,-0.0010500,0.0000307,0.00011200,0.00000494,-4.6949496269e+00,1.0408081114e-01,0.7233,2.2551517487e+00
-0.2430,-0.0010500,0.0000302,0.00011200,0.00000494,-4.6949496269e+00,1.0206060857e-01,0.7243,2.2551517487e+00
-0.2420,-0.0010500,0.0000299,0.00011100,0.00000493,-4.6909089088e+00,1.0088889301e-01,0.7253,2.2511110306e+00
-0.2410,-0.0010500,0.0000295,0.00011100,0.00000493,-4.6909089088e+00,9.9272735417e-02,0.7263,2.2511110306e+00
-0.2400,-0.0010500,0.0000291,0.00011100,0.00000493,-4.6909089088e+00,9.7656562924e-02,0.7273,2.2511110306e+00
-0.2390,-0.0010500,0.0000288,0.00011100,0.00000492,-4.6909089088e+00,9.6484839916e-02,0.7283,2.2511110306e+00
-0.2380,-0.0010500,0.0000283,0.00011100,0.00000492,-4.6909089088e+00,9.4464652240e-02,0.7293,2.2511110306e+00
-0.2370,-0.0010500,0.0000281,0.00011100,0.00000492,-4.6909089088e+00,9.3656569719e-02,0.7303,2.2511110306e+00
-0.2360,-0.0010500,0.0000276,0.00011100,0.00000492,-4.6909089088e+00,9.1636367142e-02,0.7313,2.2511110306e+00
-0.2350,-0.0010500,0.0000273,0.00011000,0.00000491,-4.6868686676e+00,9.0464651585e-02,0.7323,2.2470707893e+00
-0.2340,-0.0010500,0.0000269,0.00011000,0.00000491,-4.6868686676e+00,8.8848479092e-02,0.7333,2.2470707893e+00
-0.2330,-0.0010500,0.0000266,0.00011000,0.00000491,-4.6868686676e+00,8.7636366487e-02,0.7343,2.2470707893e+00
-0.2320,-0.0010500,0.0000262,0.00011000,0.00000491,-4.6868686676e+00,8.6020201445e-02,0.7353,2.2470707893e+00
-0.2310,-0.0010500,0.0000259,0.00011000,0.00000491,-4.6868686676e+00,8.4808081388e-02,0.7363,2.2470707893e+00
-0.2300,-0.0010500,0.0000256,0.00011000,0.00000491,-4.6868686676e+00,8.3595961332e-02,0.7373,2.2470707893e+00
-0.2290,-0.0010500,0.0000251,0.00011000,0.00000490,-4.6868686676e+00,8.1616163254e-02,0.7383,2.2470707893e+00
-0.2280,-0.0010500,0.0000248,0.00010900,0.00000490,-4.6828284264e+00,8.0404035747e-02,0.7393,2.2430305481e+00
-0.2270,-0.0010500,0.0000245,0.00010900,0.00000490,-4.6828284264e+00,7.9191923141e-02,0.7403,2.2430305481e+00
-0.2260,-0.0010500,0.0000241,0.00010900,0.00000489,-4.6828284264e+00,7.7616162598e-02,0.7413,2.2430305481e+00
-0.2250,-0.0010400,0.0000238,0.00010900,0.00000489,-4.6424241066e+00,7.6404035091e-02,0.7423,2.2026262283e+00
-0.2240,-0.0010500,0.0000235,0.00010900,0.00000489,-4.6828284264e+00,7.5191922486e-02,0.7433,2.2430305481e+00
-0.2230,-0.0010400,0.0000232,0.00010900,0.00000489,-4.6424241066e+00,7.3979794979e-02,0.7443,2.2026262283e+00
-0.2220,-0.0010500,0.0000227,0.00010900,0.00000489,-4.6828284264e+00,7.1959592402e-02,0.7453,2.2430305481e+00
-0.2210,-0.0010400,0.0000226,0.00010900,0.00000489,-4.6424241066e+00,7.1555554867e-02,0.7463,2.2026262283e+00
-0.2200,-0.0010400,0.0000222,0.00010900,0.00000489,-4.6424241066e+00,6.9939389825e-02,0.7473,2.2026262283e+00
-0.2190,-0.0010400,0.0000218,0.00010800,0.00000488,-4.6383838654e+00,6.8363644183e-02,0.7483,2.1985859871e+00
-0.2180,-0.0010400,0.0000216,0.00010800,0.00000488,-4.6383838654e+00,6.7555561662e-02,0.7493,2.1985859871e+00
-0.2170,-0.0010400,0.0000212,0.00010800,0.00000488,-4.6383838654e+00,6.5939396620e-02,0.7503,2.1985859871e+00
-0.2160,-0.0010400,0.0000209,0.00010800,0.00000488,-4.6383838654e+00,6.4727276564e-02,0.7513,2.1985859871e+00
-0.2150,-0.0010300,0.0000206,0.00010800,0.00000487,-4.5979800224e+00,6.3555553555e-02,0.7523,2.1581821442e+00
-0.2140,-0.0010300,0.0000204,0.00010800,0.00000488,-4.5979800224e+00,6.2707073987e-02,0.7533,2.1581821442e+00
-0.2130,-0.0010300,0.0000200,0.00010700,0.00000487,-4.5939397812e+00,6.1131309718e-02,0.7543,2.1541419029e+00
-0.2120,-0.0010300,0.0000197,0.00010800,0.00000487,-4.5979800224e+00,5.9919193387e-02,0.7553,2.1581821442e+00
-0.2110,-0.0010300,0.0000194,0.00010700,0.00000486,-4.5939397812e+00,5.8747477829e-02,0.7563,2.1541419029e+00
-0.2100,-0.0010200,0.0000191,0.00010700,0.00000486,-4.5535354614e+00,5.7535354048e-02,0.7573,2.1137375832e+00
-0.2090,-0.0010200,0.0000189,0.00010700,0.00000486,-4.5535354614e+00,5.6727275252e-02,0.7583,2.1137375832e+00
-0.2080,-0.0010200,0.0000186,0.00010700,0.00000485,-4.5535354614e+00,5.5555552244e-02,0.7593,2.1137375832e+00
-0.2070,-0.0010200,0.0000182,0.00010700,0.00000486,-4.5535354614e+00,5.3898993880e-02,0.7603,2.1137375832e+00
-0.2060,-0.0010200,0.0000180,0.00010700,0.00000486,-4.5535354614e+00,5.3090915084e-02,0.7613,2.1137375832e+00
-0.2050,-0.0010100,0.0000177,0.00010700,0.00000485,-4.5131311417e+00,5.1919192076e-02,0.7623,2.0733332634e+00
-0.2040,-0.0010100,0.0000174,0.00010700,0.00000485,-4.5131311417e+00,5.0707068294e-02,0.7633,2.0733332634e+00
-0.2030,-0.0010100,0.0000172,0.00010600,0.00000485,-4.5090909004e+00,4.9898989499e-02,0.7643,2.0692930222e+00
-0.2020,-0.0010100,0.0000169,0.00010600,0.00000485,-4.5090909004e+00,4.8686865717e-02,0.7653,2.0692930222e+00
-0.2010,-0.0010000,0.0000167,0.00010600,0.00000485,-4.4686870575e+00,4.7878786922e-02,0.7663,2.0288891792e+00
-0.2000,-0.0009990,0.0000163,0.00010600,0.00000485,-4.4646468163e+00,4.6262625605e-02,0.7673,2.0248489380e+00
-0.1990,-0.0009990,0.0000162,0.00010600,0.00000485,-4.4646468163e+00,4.5858580619e-02,0.7683,2.0248489380e+00
-0.1980,-0.0009930,0.0000158,0.00010600,0.00000485,-4.4404039383e+00,4.4242423028e-02,0.7693,2.0006060600e+00
-0.1970,-0.0009930,0.0000156,0.00010500,0.00000484,-4.4363636971e+00,4.3474752456e-02,0.7703,1.9965658188e+00
-0.1960,-0.0009860,0.0000154,0.00010500,0.00000484,-4.4080810547e+00,4.2666669935e-02,0.7713,1.9682831764e+00
-0.1950,-0.0009820,0.0000151,0.00010500,0.00000483,-4.3919191360e+00,4.1494950652e-02,0.7723,1.9521212578e+00
-0.1940,-0.0009820,0.0000149,0.00010500,0.00000484,-4.3919191360e+00,4.0646459907e-02,0.7733,1.9521212578e+00
-0.1930,-0.0009740,0.0000147,0.00010500,0.00000484,-4.3595962524e+00,3.9838381112e-02,0.7743,1.9197983742e+00
-0.1920,-0.0009720,0.0000144,0.00010500,0.00000483,-4.3515152931e+00,3.8666665554e-02,0.7753,1.9117174149e+00
-0.1910,-0.0009630,0.0000141,0.00010500,0.00000483,-4.3151516914e+00,3.7454545498e-02,0.7763,1.8753538132e+00
-0.1900,-0.0009650,0.0000140,0.00010400,0.00000483,-4.3191919327e+00,3.7050507963e-02,0.7773,1.8793940544e+00
-0.1890,-0.0009560,0.0000137,0.00010400,0.00000483,-4.2828283310e+00,3.5838384181e-02,0.7783,1.8430304527e+00
-0.1880,-0.0009490,0.0000135,0.00010400,0.00000483,-4.2545452118e+00,3.5030305386e-02,0.7793,1.8147473335e+00
-0.1870,-0.0009520,0.0000132,0.00010400,0.00000482,-4.2666668892e+00,3.3858586103e-02,0.7803,1.8268690109e+00
-0.1860,-0.0009450,0.0000132,0.00010400,0.00000482,-4.2383837700e+00,3.3858586103e-02,0.7813,1.7985858917e+00
-0.1850,-0.0009360,0.0000128,0.00010400,0.00000482,-4.2020201683e+00,3.2242424786e-02,0.7823,1.7622222900e+00
-0.1840,-0.0009350,0.0000127,0.00010400,0.00000482,-4.1979799271e+00,3.1838383526e-02,0.7833,1.7581820488e+00
-0.1830,-0.0009280,0.0000125,0.00010400,0.00000481,-4.1696972847e+00,3.1070705503e-02,0.7843,1.7298994064e+00
-0.1820,-0.0009260,0.0000122,0.00010300,0.00000481,-4.1575760841e+00,2.9858585447e-02,0.7853,1.7177782059e+00
-0.1810,-0.0009160,0.0000121,0.00010300,0.00000480,-4.1171717644e+00,2.9494950548e-02,0.7863,1.6773738861e+00
-0.1800,-0.0009120,0.0000118,0.00010300,0.00000481,-4.1010103226e+00,2.8242424130e-02,0.7873,1.6612124443e+00
-0.1790,-0.0009040,0.0000117,0.00010300,0.00000481,-4.0686869621e+00,2.7838382870e-02,0.7883,1.6288890839e+00
-0.1780,-0.0008980,0.0000114,0.00010300,0.00000480,-4.0444445610e+00,2.6666667312e-02,0.7893,1.6046466827e+00
-0.1770,-0.0008920,0.0000113,0.00010300,0.00000480,-4.0202021599e+00,2.6262624189e-02,0.7903,1.5804042816e+00
-0.1760,-0.0008860,0.0000110,0.00010300,0.00000480,-3.9959595203e+00,2.5050504133e-02,0.7913,1.5561616421e+00
-0.1750,-0.0008780,0.0000109,0.00010200,0.00000480,-3.9595959187e+00,2.4646464735e-02,0.7923,1.5197980404e+00
-0.1740,-0.0008740,0.0000107,0.00010200,0.00000479,-3.9434344769e+00,2.3878786713e-02,0.7933,1.5036365986e+00
-0.1730,-0.0008630,0.0000105,0.00010200,0.00000479,-3.8989899158e+00,2.3070707917e-02,0.7943,1.4591920376e+00
-0.1720,-0.0008620,0.0000104,0.00010200,0.00000478,-3.8949494362e+00,2.2707071155e-02,0.7953,1.4551515579e+00
-0.1710,-0.0008520,0.0000102,0.00010200,0.00000478,-3.8545455933e+00,2.1898992360e-02,0.7963,1.4147477150e+00
-0.1700,-0.0008450,0.0000100,0.00010200,0.00000478,-3.8262627125e+00,2.1090907976e-02,0.7973,1.3864648342e+00
-0.1690,-0.0008400,0.0000098,0.00010200,0.00000478,-3.8060605526e+00,2.0444443449e-02,0.7983,1.3662626743e+00
-0.1680,-0.0008290,0.0000097,0.00010200,0.00000478,-3.7616164684e+00,2.0040404052e-02,0.7993,1.3218185902e+00
-0.1670,-0.0008210,0.0000095,0.00010200,0.00000478,-3.7292931080e+00,1.9232323393e-02,0.8003,1.2894952297e+00
-0.1660,-0.0008130,0.0000093,0.00010100,0.00000478,-3.6929295063e+00,1.8424244598e-02,0.8013,1.2531316280e+00
-0.1650,-0.0008080,0.0000093,0.00010100,0.00000477,-3.6727273464e+00,1.8303029239e-02,0.8023,1.2329294682e+00
-0.1640,-0.0007970,0.0000091,0.00010100,0.00000477,-3.6282830238e+00,1.7616160214e-02,0.8033,1.1884851456e+00
-0.1630,-0.0007910,0.0000089,0.00010100,0.00000477,-3.6040406227e+00,1.6727274284e-02,0.8043,1.1642427444e+00
-0.1620,-0.0007800,0.0000089,0.00010100,0.00000477,-3.5595960617e+00,1.6565656289e-02,0.8053,1.1197981834e+00
-0.1610,-0.0007730,0.0000087,0.00010100,0.00000477,-3.5313131809e+00,1.5717172995e-02,0.8063,1.0915153027e+00
-0.1600,-0.0007660,0.0000085,0.00010100,0.00000477,-3.5030303001e+00,1.5111111104e-02,0.8073,1.0632324219e+00
-0.1590,-0.0007520,0.0000084,0.00010100,0.00000477,-3.4464647770e+00,1.4828282408e-02,0.8083,1.0066668987e+00
-0.1580,-0.0007480,0.0000083,0.00010100,0.00000476,-3.4303030968e+00,1.4181816950e-02,0.8093,9.9050521851e-01
-0.1570,-0.0007350,0.0000081,0.00010100,0.00000476,-3.3777778149e+00,1.3616162352e-02,0.8103,9.3797993660e-01
-0.1560,-0.0007270,0.0000081,0.00010000,0.00000476,-3.3414142132e+00,1.3292930089e-02,0.8113,9.0161633492e-01
-0.1550,-0.0007160,0.0000078,0.00010000,0.00000476,-3.2969696522e+00,1.2202017941e-02,0.8123,8.5717177391e-01
-0.1540,-0.0007130,0.0000079,0.00010000,0.00000476,-3.2848486900e+00,1.2525250204e-02,0.8133,8.4505081177e-01
-0.1530,-0.0006970,0.0000077,0.00010000,0.00000475,-3.2202022076e+00,1.1757576838e-02,0.8143,7.8040432930e-01
-0.1520,-0.0006920,0.0000076,0.00009990,0.00000475,-3.1995959282e+00,1.1434343643e-02,0.8153,7.5979804993e-01
-0.1510,-0.0006800,0.0000075,0.00009970,0.00000474,-3.1503031254e+00,1.0989898816e-02,0.8163,7.1050524712e-01
-0.1500,-0.0006680,0.0000073,0.00009970,0.00000474,-3.1018183231e+00,1.0303031653e-02,0.8173,6.6202044487e-01
-0.1490,-0.0006620,0.0000072,0.00009940,0.00000473,-3.0763635635e+00,1.0060606524e-02,0.8183,6.3656568527e-01
-0.1480,-0.0006500,0.0000071,0.00009950,0.00000473,-3.0282828808e+00,9.7373733297e-03,0.8193,5.8848500252e-01
-0.1470,-0.0006390,0.0000070,0.00009940,0.00000473,-2.9834342003e+00,9.0505052358e-03,0.8203,5.4363632202e-01
-0.1460,-0.0006310,0.0000069,0.00009930,0.00000473,-2.9507069588e+00,8.9292926714e-03,0.8213,5.1090908051e-01
-0.1450,-0.0006180,0.0000068,0.00009910,0.00000472,-2.8973736763e+00,8.4040397778e-03,0.8223,4.5757579803e-01
-0.1440,-0.0006100,0.0000067,0.00009910,0.00000473,-2.8650505543e+00,8.0808093771e-03,0.8233,4.2525267601e-01
-0.1430,-0.0005940,0.0000067,0.00009890,0.00000472,-2.7995958328e+00,7.8383833170e-03,0.8243,3.5979795456e-01
-0.1420,-0.0005890,0.0000065,0.00009890,0.00000472,-2.7793939114e+00,7.2323218919e-03,0.8253,3.3959603310e-01
-0.1410,-0.0005760,0.0000064,0.00009900,0.00000472,-2.7272727489e+00,6.9494950585e-03,0.8263,2.8747487068e-01
-0.1400,-0.0005670,0.0000064,0.00009880,0.00000472,-2.6901011467e+00,6.7070694640e-03,0.8273,2.5030326843e-01
-0.1390,-0.0005550,0.0000063,0.00009860,0.00000472,-2.6408078671e+00,6.3030296005e-03,0.8283,2.0100998878e-01
-0.1380,-0.0005460,0.0000062,0.00009860,0.00000472,-2.6044445038e+00,5.9393937699e-03,0.8293,1.6464662552e-01
-0.1370,-0.0005350,0.0000061,0.00009850,0.00000472,-2.5595958233e+00,5.6565646082e-03,0.8303,1.1979794502e-01
-0.1360,-0.0005240,0.0000061,0.00009840,0.00000472,-2.5147473812e+00,5.4141413420e-03,0.8313,7.4949502945e-02
-0.1350,-0.0005140,0.0000060,0.00009830,0.00000471,-2.4739394188e+00,5.0909086131e-03,0.8323,3.4141540527e-02
-0.1340,-0.0005020,0.0000059,0.00009830,0.00000471,-2.4254543781e+00,4.7272723168e-03,0.8333,1.4343500137e-02
-0.1330,-0.0004930,0.0000058,0.00009820,0.00000471,-2.3886868954e+00,4.5656561852e-03,0.8343,5.1110982895e-02
-0.1320,-0.0004810,0.0000058,0.00009810,0.00000471,-2.3397979736e+00,4.2424234562e-03,0.8353,9.9999904633e-02
-0.1310,-0.0004700,0.0000057,0.00009800,0.00000470,-2.2949495316e+00,4.0404056199e-03,0.8363,1.4484834671e-01
-0.1300,-0.0004590,0.0000056,0.00009790,0.00000470,-2.2501010895e+00,3.7979800254e-03,0.8373,1.8969678879e-01
-0.1290,-0.0004470,0.0000055,0.00009780,0.00000470,-2.2012121677e+00,3.4343439620e-03,0.8383,2.3858571053e-01
-0.1280,-0.0004380,0.0000055,0.00009770,0.00000470,-2.1644444466e+00,3.3131311648e-03,0.8393,2.7535343170e-01
-0.1270,-0.0004270,0.0000055,0.00009780,0.00000470,-2.1204040051e+00,3.1111112330e-03,0.8403,3.1939387321e-01
-0.1260,-0.0004170,0.0000054,0.00009750,0.00000470,-2.0787880421e+00,2.7878787369e-03,0.8413,3.6100983620e-01
-0.1250,-0.0004060,0.0000053,0.00009760,0.00000470,-2.0347473621e+00,2.5454552379e-03,0.8423,4.0505051613e-01
-0.1240,-0.0003960,0.0000053,0.00009750,0.00000469,-1.9939392805e+00,2.5050498080e-03,0.8433,4.4585859776e-01
-0.1230,-0.0003850,0.0000052,0.00009740,0.00000469,-1.9490909576e+00,2.1010099445e-03,0.8443,4.9070692062e-01
-0.1220,-0.0003750,0.0000052,0.00009740,0.00000469,-1.9086868763e+00,2.0606063772e-03,0.8453,5.3111100197e-01
-0.1210,-0.0003640,0.0000052,0.00009750,0.00000468,-1.8646465540e+00,1.8989900127e-03,0.8463,5.7515132427e-01
-0.1200,-0.0003550,0.0000051,0.00009730,0.00000468,-1.8274748325e+00,1.5757574001e-03,0.8473,6.1232304573e-01
-0.1190,-0.0003440,0.0000050,0.00009720,0.00000468,-1.7826261520e+00,1.4949484030e-03,0.8483,6.5717172623e-01
-0.1180,-0.0003340,0.0000050,0.00009710,0.00000468,-1.7418183088e+00,1.3737375848e-03,0.8493,6.9797956944e-01
-0.1170,-0.0003230,0.0000050,0.00009700,0.00000467,-1.6969697475e+00,1.1717157904e-03,0.8503,7.4282813072e-01
-0.1160,-0.0003130,0.0000049,0.00009690,0.00000467,-1.6561616659e+00,9.6969591687e-04,0.8513,7.8363621235e-01
-0.1150,-0.0003040,0.0000049,0.00009710,0.00000467,-1.6206059456e+00,8.4848323604e-04,0.8523,8.1919193268e-01
-0.1140,-0.0002940,0.0000049,0.00009690,0.00000467,-1.5793939829e+00,7.2727235965e-04,0.8533,8.6040389538e-01
-0.1130,-0.0002840,0.0000048,0.00009670,0.00000466,-1.5381819010e+00,5.2525248611e-04,0.8543,9.0161597729e-01
-0.1120,-0.0002760,0.0000048,0.00009670,0.00000467,-1.5058586597e+00,4.0403980529e-04,0.8553,9.3393921852e-01
-0.1110,-0.0002640,0.0000047,0.00009670,0.00000467,-1.4573737383e+00,2.4242351355e-04,0.8563,9.8242413998e-01
-0.1100,-0.0002560,0.0000047,0.00009670,0.00000466,-1.4250504971e+00,4.0405451728e-05,0.8573,1.0147473812e+00
-0.1090,-0.0002460,0.0000047,0.00009660,0.00000465,-1.3842425346e+00,1.2121267355e-04,0.8583,1.0555553436e+00
-0.1080,-0.0002370,0.0000046,0.00009650,0.00000465,-1.3474748135e+00,-1.2121267355e-04,0.8593,1.0923230648e+00
-0.1070,-0.0002290,0.0000046,0.00009660,0.00000466,-1.3155555725e+00,-2.4242351355e-04,0.8603,1.1242423058e+00
-0.1060,-0.0002190,0.0000046,0.00009660,0.00000465,-1.2751514912e+00,-3.6363617983e-04,0.8613,1.1646463871e+00
-0.1050,-0.0002110,0.0000046,0.00009640,0.00000465,-1.2420202494e+00,-4.0403980529e-04,0.8623,1.1977776289e+00
-0.1040,-0.0002020,0.0000045,0.00009640,0.00000465,-1.2056565285e+00,-5.6565611158e-04,0.8633,1.2341413498e+00
-0.1030,-0.0001940,0.0000045,0.00009640,0.00000464,-1.1733332872e+00,-6.4646516694e-04,0.8643,1.2664645910e+00
-0.1020,-0.0001850,0.0000045,0.00009650,0.00000464,-1.1373736858e+00,-6.8686879240e-04,0.8653,1.3024241924e+00
-0.1010,-0.0001770,0.0000044,0.00009630,0.00000464,-1.1042423248e+00,-8.0808147322e-04,0.8663,1.3355555534e+00
-0.1000,-0.0001690,0.0000044,0.00009610,0.00000464,-1.0711112022e+00,-8.8888866594e-04,0.8673,1.3686866760e+00
-0.0990,-0.0001610,0.0000044,0.00009620,0.00000463,-1.0391919613e+00,-9.2929415405e-04,0.8683,1.4006059170e+00
-0.0980,-0.0001530,0.0000044,0.00009620,0.00000464,-1.0068687201e+00,-1.0909085395e-03,0.8693,1.4329291582e+00
-0.0970,-0.0001460,0.0000043,0.00009620,0.00000463,-9.7858589888e-01,-1.1313140858e-03,0.8703,1.4612119198e+00
-0.0960,-0.0001380,0.0000043,0.00009600,0.00000462,-9.4545459747e-01,-1.0909085395e-03,0.8713,1.4943432808e+00
-0.0950,-0.0001320,0.0000043,0.00009600,0.00000462,-9.2121213675e-01,-1.2525249040e-03,0.8723,1.5185856819e+00
-0.0940,-0.0001240,0.0000043,0.00009590,0.00000462,-8.8848483562e-01,-1.3737357222e-03,0.8733,1.5513130426e+00
-0.0930,-0.0001180,0.0000043,0.00009580,0.00000462,-8.6383837461e-01,-1.3333321549e-03,0.8743,1.5759594440e+00
-0.0920,-0.0001100,0.0000043,0.00009590,0.00000461,-8.3191919327e-01,-1.3737375848e-03,0.8753,1.6078786850e+00
-0.0910,-0.0001040,0.0000042,0.00009580,0.00000462,-8.0727273226e-01,-1.5353519702e-03,0.8763,1.6325252056e+00
-0.0900,-0.0000970,0.0000042,0.00009590,0.00000461,-7.7939391136e-01,-1.5353538329e-03,0.8773,1.6604039669e+00
-0.0890,-0.0000905,0.0000042,0.00009600,0.00000461,-7.5353533030e-01,-1.6161610838e-03,0.8783,1.6862626076e+00
-0.0880,-0.0000847,0.0000042,0.00009570,0.00000460,-7.2888892889e-01,-1.6161610838e-03,0.8793,1.7109088898e+00
-0.0870,-0.0000782,0.0000042,0.00009570,0.00000459,-7.0262628794e-01,-1.6161629464e-03,0.8803,1.7371716499e+00
-0.0860,-0.0000722,0.0000042,0.00009560,0.00000460,-6.7797976732e-01,-1.7373737646e-03,0.8813,1.7618181705e+00
-0.0850,-0.0000666,0.0000042,0.00009570,0.00000459,-6.5575754642e-01,-1.7373737646e-03,0.8823,1.7840403318e+00
-0.0840,-0.0000607,0.0000042,0.00009570,0.00000459,-6.3191920519e-01,-1.7777773319e-03,0.8833,1.8078787327e+00
-0.0830,-0.0000554,0.0000041,0.00009560,0.00000459,-6.1010098457e-01,-1.8181827618e-03,0.8843,1.8296968937e+00
-0.0820,-0.0000499,0.0000041,0.00009560,0.00000459,-5.8787882328e-01,-1.8585864455e-03,0.8853,1.8519190550e+00
-0.0810,-0.0000446,0.0000041,0.00009550,0.00000458,-5.6606060266e-01,-1.8585864455e-03,0.8863,1.8737373352e+00
-0.0800,-0.0000395,0.0000041,0.00009560,0.00000458,-5.4585856199e-01,-1.9393954426e-03,0.8873,1.8939392567e+00
-0.0790,-0.0000346,0.0000041,0.00009550,0.00000458,-5.2565658092e-01,-1.9393954426e-03,0.8883,1.9141412973e+00
-0.0780,-0.0000296,0.0000041,0.00009550,0.00000458,-5.0545454025e-01,-1.9797990099e-03,0.8893,1.9343433380e+00
-0.0770,-0.0000253,0.0000041,0.00009550,0.00000458,-4.8808082938e-01,-2.0202028099e-03,0.8903,1.9517170191e+00
-0.0760,-0.0000205,0.0000041,0.00009530,0.00000457,-4.6787875891e-01,-2.0202009473e-03,0.8913,1.9719190598e+00
-0.0750,-0.0000166,0.0000041,0.00009530,0.00000457,-4.5212122798e-01,-2.0606063772e-03,0.8923,1.9876766205e+00
-0.0740,-0.0000121,0.0000040,0.00009540,0.00000457,-4.3434342742e-01,-2.1010099445e-03,0.8933,2.0054545403e+00
-0.0730,-0.0000078,0.0000040,0.00009530,0.00000457,-4.1640403867e-01,-2.1010099445e-03,0.8943,2.0233938694e+00
-0.0720,-0.0000040,0.0000040,0.00009530,0.00000457,-4.0109091997e-01,-2.1414135117e-03,0.8953,2.0387070179e+00
-0.0710,0.0000001,0.0000040,0.00009520,0.00000456,-3.8423839211e-01,-2.1414135117e-03,0.8963,2.0555593967e+00
-0.0700,0.0000039,0.0000040,0.00009530,0.00000456,-3.6921209097e-01,-2.1818189416e-03,0.8973,2.0705857277e+00
-0.0690,0.0000073,0.0000040,0.00009530,0.00000456,-3.5575759411e-01,-2.2222225089e-03,0.8983,2.0840401649e+00
-0.0680,0.0000110,0.0000040,0.00009520,0.00000455,-3.4020203352e-01,-2.1818189416e-03,0.8993,2.0995957851e+00
-0.0670,0.0000142,0.0000040,0.00009530,0.00000455,-3.2767677307e-01,-2.2222225089e-03,0.9003,2.1121211052e+00
-0.0660,0.0000174,0.0000040,0.00009530,0.00000455,-3.1474745274e-01,-2.2222225089e-03,0.9013,2.1250505447e+00
-0.0650,0.0000207,0.0000040,0.00009520,0.00000454,-3.0101010203e-01,-2.2222225089e-03,0.9023,2.1387877464e+00
-0.0640,0.0000240,0.0000040,0.00009540,0.00000455,-2.8848484159e-01,-2.2626263089e-03,0.9033,2.1513130665e+00
-0.0630,0.0000264,0.0000040,0.00009520,0.00000454,-2.7797979116e-01,-2.2222225089e-03,0.9043,2.1618180275e+00
-0.0620,0.0000295,0.0000040,0.00009520,0.00000454,-2.6545453072e-01,-2.2626263089e-03,0.9053,2.1743433475e+00
-0.0610,0.0000322,0.0000040,0.00009520,0.00000454,-2.5454545021e-01,-2.3030317388e-03,0.9063,2.1852524281e+00
-0.0600,0.0000350,0.0000040,0.00009520,0.00000454,-2.4323229492e-01,-2.3030317388e-03,0.9073,2.1965656281e+00
-0.0590,0.0000373,0.0000040,0.00009510,0.00000454,-2.3353531957e-01,-2.3434353061e-03,0.9083,2.2062625885e+00
-0.0580,0.0000401,0.0000040,0.00009520,0.00000454,-2.2262623906e-01,-2.3434353061e-03,0.9093,2.2171716690e+00
-0.0570,0.0000425,0.0000040,0.00009510,0.00000453,-2.1252521873e-01,-2.3030298762e-03,0.9103,2.2272727489e+00
-0.0560,0.0000443,0.0000040,0.00009500,0.00000453,-2.0484848320e-01,-2.3434334435e-03,0.9113,2.2349493504e+00
-0.0550,0.0000466,0.0000040,0.00009500,0.00000453,-1.9555556774e-01,-2.3434334435e-03,0.9123,2.2442421913e+00
-0.0540,0.0000491,0.0000040,0.00009510,0.00000453,-1.8585856259e-01,-2.3434334435e-03,0.9133,2.2539393902e+00
-0.0530,0.0000508,0.0000039,0.00009500,0.00000452,-1.7858585715e-01,-2.3434334435e-03,0.9143,2.2612121105e+00
-0.0520,0.0000529,0.0000039,0.00009510,0.00000452,-1.7050503194e-01,-2.3434334435e-03,0.9153,2.2692928314e+00
-0.0510,0.0000551,0.0000039,0.00009510,0.00000452,-1.6161613166e-01,-2.3838388734e-03,0.9163,2.2781817913e+00
-0.0500,0.0000563,0.0000039,0.00009500,0.00000452,-1.5636363626e-01,-2.3838388734e-03,0.9173,2.2834341526e+00
-0.0490,0.0000580,0.0000039,0.00009500,0.00000451,-1.4949494600e-01,-2.3434353061e-03,0.9183,2.2903029919e+00
-0.0480,0.0000598,0.0000039,0.00009490,0.00000451,-1.4181818068e-01,-2.3434353061e-03,0.9193,2.2979795933e+00
-0.0470,0.0000614,0.0000039,0.00009490,0.00000451,-1.3535352051e-01,-2.3838388734e-03,0.9203,2.3044443130e+00
-0.0460,0.0000630,0.0000039,0.00009490,0.00000451,-1.2888889015e-01,-2.4242424406e-03,0.9213,2.3109090328e+00
-0.0450,0.0000645,0.0000039,0.00009480,0.00000450,-1.2242425978e-01,-2.3838388734e-03,0.9223,2.3173735142e+00
-0.0440,0.0000656,0.0000039,0.00009500,0.00000451,-1.1878789216e-01,-2.4242424406e-03,0.9233,2.3210098743e+00
-0.0430,0.0000670,0.0000039,0.00009490,0.00000450,-1.1272726953e-01,-2.3838388734e-03,0.9243,2.3270707130e+00
-0.0420,0.0000684,0.0000039,0.00009500,0.00000450,-1.0747476667e-01,-2.4242424406e-03,0.9253,2.3323230743e+00
-0.0410,0.0000697,0.0000039,0.00009490,0.00000449,-1.0181818902e-01,-2.3838370107e-03,0.9263,2.3379797935e+00
-0.0400,0.0000705,0.0000039,0.00009480,0.00000449,-9.8181821406e-02,-2.3434334435e-03,0.9273,2.3416161537e+00
-0.0390,0.0000724,0.0000039,0.00009500,0.00000449,-9.1313146055e-02,-2.4242424406e-03,0.9283,2.3484847546e+00
-0.0380,0.0000732,0.0000039,0.00009500,0.00000449,-8.8080823421e-02,-2.3838370107e-03,0.9293,2.3517169952e+00
-0.0370,0.0000743,0.0000039,0.00009490,0.00000449,-8.3232335746e-02,-2.3838370107e-03,0.9303,2.3565654755e+00
-0.0360,0.0000752,0.0000039,0.00009500,0.00000449,-8.0000013113e-02,-2.4242424406e-03,0.9313,2.3597979546e+00
-0.0350,0.0000765,0.0000039,0.00009490,0.00000448,-7.4343435466e-02,-2.3838388734e-03,0.9323,2.3654544353e+00
-0.0340,0.0000769,0.0000039,0.00009480,0.00000448,-7.2323217988e-02,-2.3838388734e-03,0.9333,2.3674745560e+00
-0.0330,0.0000783,0.0000039,0.00009480,0.00000448,-6.6666670144e-02,-2.3838388734e-03,0.9343,2.3731312752e+00
-0.0320,0.0000793,0.0000039,0.00009490,0.00000448,-6.3030302525e-02,-2.4242424406e-03,0.9353,2.3767676353e+00
-0.0310,0.0000796,0.0000039,0.00009480,0.00000447,-6.1414126307e-02,-2.3838388734e-03,0.9363,2.3783836365e+00
-0.0300,0.0000805,0.0000039,0.00009480,0.00000447,-5.7777766138e-02,-2.3838388734e-03,0.9373,2.3820199966e+00
-0.0290,0.0000815,0.0000039,0.00009500,0.00000447,-5.4545447230e-02,-2.4242424406e-03,0.9383,2.3852524757e+00
-0.0280,0.0000821,0.0000039,0.00009510,0.00000447,-5.2525229752e-02,-2.4242424406e-03,0.9393,2.3872725964e+00
-0.0270,0.0000825,0.0000039,0.00009500,0.00000446,-5.0505042076e-02,-2.3838388734e-03,0.9403,2.3892927170e+00
-0.0260,0.0000836,0.0000039,0.00009500,0.00000447,-4.6060591936e-02,-2.4242424406e-03,0.9413,2.3937373161e+00
-0.0250,0.0000840,0.0000039,0.00009490,0.00000447,-4.4040404260e-02,-2.4242424406e-03,0.9423,2.3957574368e+00
-0.0240,0.0000845,0.0000039,0.00009500,0.00000447,-4.2424231768e-02,-2.4242424406e-03,0.9433,2.3973736763e+00
-0.0230,0.0000853,0.0000039,0.00009480,0.00000446,-3.8383826613e-02,-2.3838388734e-03,0.9443,2.4014141560e+00
-0.0220,0.0000858,0.0000039,0.00009500,0.00000446,-3.7171725184e-02,-2.4242424406e-03,0.9453,2.4026260376e+00
-0.0210,0.0000864,0.0000039,0.00009490,0.00000446,-3.4343421459e-02,-2.4242424406e-03,0.9463,2.4054543972e+00
-0.0200,0.0000868,0.0000039,0.00009500,0.00000445,-3.3131320029e-02,-2.4242405780e-03,0.9473,2.4066665173e+00
-0.0190,0.0000877,0.0000039,0.00009510,0.00000445,-2.9898973182e-02,-2.4242405780e-03,0.9483,2.4098989964e+00
-0.0180,0.0000877,0.0000039,0.00009500,0.00000446,-2.9494959861e-02,-2.4242424406e-03,0.9493,2.4103028774e+00
-0.0170,0.0000883,0.0000039,0.00009500,0.00000445,-2.7070697397e-02,-2.4242405780e-03,0.9503,2.4127271175e+00
-0.0160,0.0000885,0.0000038,0.00009500,0.00000445,-2.6262640953e-02,-2.4646462407e-03,0.9513,2.4135351181e+00
-0.0150,0.0000892,0.0000039,0.00009490,0.00000445,-2.3030292243e-02,-2.4242405780e-03,0.9523,2.4167675972e+00
-0.0140,0.0000892,0.0000038,0.00009500,0.00000445,-2.3434335366e-02,-2.4646462407e-03,0.9533,2.4163634777e+00
-0.0130,0.0000902,0.0000038,0.00009490,0.00000444,-1.8989887089e-02,-2.4242424406e-03,0.9543,2.4208080769e+00
-0.0120,0.0000903,0.0000038,0.00009510,0.00000445,-1.9393930212e-02,-2.4646462407e-03,0.9553,2.4204039574e+00
-0.0110,0.0000902,0.0000038,0.00009510,0.00000445,-1.9797945395e-02,-2.4646462407e-03,0.9563,2.4199998379e+00
-0.0100,0.0000909,0.0000038,0.00009510,0.00000444,-1.6969669610e-02,-2.4646462407e-03,0.9573,2.4228281975e+00
-0.0090,0.0000915,0.0000038,0.00009510,0.00000444,-1.4545437880e-02,-2.4242424406e-03,0.9583,2.4252524376e+00
-0.0080,0.0000914,0.0000038,0.00009510,0.00000443,-1.4949481003e-02,-2.3838388734e-03,0.9593,2.4248483181e+00
-0.0070,0.0000922,0.0000038,0.00009520,0.00000443,-1.2121176347e-02,-2.4646462407e-03,0.9603,2.4276766777e+00
-0.0060,0.0000923,0.0000038,0.00009520,0.00000443,-1.1717162095e-02,-2.4242424406e-03,0.9613,2.4280807972e+00
-0.0050,0.0000924,0.0000038,0.00009510,0.00000443,-1.0909075849e-02,-2.4242424406e-03,0.9623,2.4288887978e+00
-0.0040,0.0000928,0.0000038,0.00009520,0.00000442,-9.6969455481e-03,-2.3838388734e-03,0.9633,2.4301009178e+00
-0.0030,0.0000930,0.0000038,0.00009520,0.00000442,-8.8888583705e-03,-2.3838388734e-03,0.9643,2.4309089184e+00
-0.0020,0.0000933,0.0000038,0.00009530,0.00000442,-8.0808009952e-03,-2.3838388734e-03,0.9653,2.4317171574e+00
-0.0010,0.0000935,0.0000038,0.00009520,0.00000442,-6.8686706945e-03,-2.3838388734e-03,0.9663,2.4329292774e+00
0.0000,0.0000953,0.0000038,0.00009560,0.00000441,-1.2121204054e-03,-2.3838388734e-03,0.9673,2.4385857582e+00
0.0010,0.0000942,0.0000038,0.00009560,0.00000442,-5.6565697305e-03,-2.3838388734e-03,0.9683,2.4341413975e+00
0.0020,0.0000943,0.0000038,0.00009550,0.00000442,-4.8484825529e-03,-2.4242424406e-03,0.9693,2.4349493980e+00
0.0030,0.0000946,0.0000038,0.00009550,0.00000441,-3.6363520194e-03,-2.3838388734e-03,0.9703,2.4361615181e+00
0.0040,0.0000950,0.0000038,0.00009540,0.00000442,-1.6161345411e-03,-2.4242424406e-03,0.9713,2.4381816387e+00
0.0050,0.0000947,0.0000038,0.00009550,0.00000442,-3.2323084306e-03,-2.4242424406e-03,0.9723,2.4365656376e+00
0.0060,0.0000955,0.0000038,0.00009550,0.00000441,9.9999999392e-09,-2.4242433719e-03,0.9733,2.4397978783e+00
0.0070,0.0000953,0.0000038,0.00009550,0.00000441,-8.0807693303e-04,-2.3838388734e-03,0.9743,2.4389898777e+00
0.0080,0.0000954,0.0000038,0.00009550,0.00000441,-4.0403346065e-04,-2.3838388734e-03,0.9753,2.4393937588e+00
0.0090,0.0000960,0.0000038,0.00009550,0.00000440,2.0202274900e-03,-2.3838379420e-03,0.9763,2.4418179989e+00
0.0100,0.0000960,0.0000038,0.00009560,0.00000441,1.6161839012e-03,-2.4242433719e-03,0.9773,2.4414141178e+00
0.0110,0.0000961,0.0000038,0.00009560,0.00000441,2.0201979205e-03,-2.4646469392e-03,0.9783,2.4418179989e+00
0.0120,0.0000965,0.0000038,0.00009550,0.00000440,4.0404153988e-03,-2.3838379420e-03,0.9793,2.4438383579e+00
0.0130,0.0000968,0.0000038,0.00009560,0.00000440,4.8485021107e-03,-2.4242415093e-03,0.9803,2.4446463585e+00
0.0140,0.0000964,0.0000038,0.00009580,0.00000440,2.4242415093e-03,-2.4242415093e-03,0.9813,2.4422221184e+00
0.0150,0.0000973,0.0000038,0.00009560,0.00000439,6.8686902523e-03,-2.3838379420e-03,0.9823,2.4466664791e+00
0.0160,0.0000970,0.0000038,0.00009580,0.00000439,4.8484727740e-03,-2.3838379420e-03,0.9833,2.4446463585e+00
0.0170,0.0000968,0.0000038,0.00009590,0.00000439,3.6363720428e-03,-2.3838379420e-03,0.9843,2.4434342384e+00
0.0180,0.0000978,0.0000038,0.00009580,0.00000439,8.0808214843e-03,-2.3838379420e-03,0.9853,2.4478785992e+00
0.0190,0.0000975,0.0000038,0.00009600,0.00000439,6.0606030747e-03,-2.4646462407e-03,0.9863,2.4458584785e+00
0.0200,0.0000975,0.0000038,0.00009590,0.00000438,6.4646466635e-03,-2.3434343748e-03,0.9873,2.4462625980e+00
0.0210,0.0000979,0.0000038,0.00009590,0.00000438,8.0808214843e-03,-2.4242424406e-03,0.9883,2.4478785992e+00
0.0220,0.0000978,0.0000038,0.00009580,0.00000438,8.0808214843e-03,-2.3838388734e-03,0.9893,2.4478785992e+00
0.0230,0.0000982,0.0000038,0.00009600,0.00000438,8.8888788596e-03,-2.4242424406e-03,0.9903,2.4486868382e+00
0.0240,0.0000984,0.0000038,0.00009610,0.00000438,9.2929517850e-03,-2.3838388734e-03,0.9913,2.4490907192e+00
0.0250,0.0000983,0.0000038,0.00009610,0.00000437,8.8889077306e-03,-2.3838388734e-03,0.9923,2.4486868382e+00
0.0260,0.0000987,0.0000038,0.00009620,0.00000437,1.0101038031e-02,-2.3434353061e-03,0.9933,2.4498989582e+00
0.0270,0.0000983,0.0000038,0.00009620,0.00000437,8.4848646075e-03,-2.3434353061e-03,0.9943,2.4482827187e+00
0.0280,0.0000989,0.0000038,0.00009610,0.00000437,1.1313139461e-02,-2.3838388734e-03,0.9953,2.4511110783e+00
0.0290,0.0000995,0.0000038,0.00009620,0.00000437,1.3333356939e-02,-2.4646469392e-03,0.9963,2.4531311989e+00
0.0300,0.0000989,0.0000038,0.00009620,0.00000437,1.0909096338e-02,-2.3838388734e-03,0.9973,2.4507069588e+00
0.0310,0.0000991,0.0000038,0.00009620,0.00000436,1.1717182584e-02,-2.3434334435e-03,0.9983,2.4515149593e+00
0.0320,0.0000999,0.0000038,0.00009630,0.00000436,1.4545458369e-02,-2.4242415093e-03,0.9993,2.4543433189e+00
0.0330,0.0000995,0.0000038,0.00009640,0.00000436,1.2525269762e-02,-2.3838379420e-03,1.0003,2.4523231983e+00
0.0340,0.0000997,0.0000038,0.00009650,0.00000436,1.2929313816e-02,-2.4242415093e-03,1.0013,2.4527270794e+00
0.0350,0.0001000,0.0000038,0.00009650,0.00000436,1.4141414315e-02,-2.3838379420e-03,1.0023,2.4539391994e+00
0.0360,0.0000997,0.0000038,0.00009650,0.00000435,1.2929313816e-02,-2.3838379420e-03,1.0033,2.4527270794e+00
0.0370,0.0001000,0.0000038,0.00009660,0.00000435,1.3737371191e-02,-2.3838379420e-03,1.0043,2.4535353184e+00
0.0380,0.0001010,0.0000038,0.00009660,0.00000435,1.7777776346e-02,-2.3838379420e-03,1.0053,2.4575755596e+00
0.0390,0.0001010,0.0000038,0.00009690,0.00000435,1.6565645114e-02,-2.3838379420e-03,1.0063,2.4563634396e+00
0.0400,0.0001000,0.0000038,0.00009680,0.00000435,1.2929284014e-02,-2.3838379420e-03,1.0073,2.4527270794e+00
0.0410,0.0001010,0.0000038,0.00009680,0.00000435,1.6969688237e-02,-2.3838379420e-03,1.0083,2.4567675591e+00
0.0420,0.0001010,0.0000038,0.00009690,0.00000434,1.6565645114e-02,-2.3434343748e-03,1.0093,2.4563634396e+00
0.0430,0.0001010,0.0000038,0.00009700,0.00000434,1.6161631793e-02,-2.3434343748e-03,1.0103,2.4559595585e+00
0.0440,0.0001010,0.0000037,0.00009700,0.00000434,1.6161631793e-02,-2.3838388734e-03,1.0113,2.4559595585e+00
0.0450,0.0001020,0.0000037,0.00009720,0.00000434,1.9393948838e-02,-2.3838388734e-03,1.0123,2.4591917992e+00
0.0460,0.0001010,0.0000037,0.00009720,0.00000434,1.5353544615e-02,-2.3838388734e-03,1.0133,2.4551513195e+00
0.0470,0.0001020,0.0000037,0.00009710,0.00000433,1.9797993824e-02,-2.3434353061e-03,1.0143,2.4595959187e+00
0.0480,0.0001020,0.0000037,0.00009730,0.00000434,1.8989905715e-02,-2.3838388734e-03,1.0153,2.4587876797e+00
0.0490,0.0001020,0.0000037,0.00009730,0.00000433,1.8989905715e-02,-2.3434353061e-03,1.0163,2.4587876797e+00
0.0500,0.0001020,0.0000037,0.00009740,0.00000433,1.8585862592e-02,-2.3838388734e-03,1.0173,2.4583837986e+00
0.0510,0.0001020,0.0000037,0.00009740,0.00000433,1.8585862592e-02,-2.3838388734e-03,1.0183,2.4583837986e+00
0.0520,0.0001030,0.0000037,0.00009760,0.00000432,2.1818181500e-02,-2.3030298762e-03,1.0193,2.4616160393e+00
0.0530,0.0001020,0.0000037,0.00009760,0.00000432,1.7777776346e-02,-2.3838379420e-03,1.0203,2.4575755596e+00
0.0540,0.0001030,0.0000037,0.00009760,0.00000432,2.1818181500e-02,-2.3838379420e-03,1.0213,2.4616160393e+00
0.0550,0.0001030,0.0000037,0.00009780,0.00000432,2.1010093391e-02,-2.3434334435e-03,1.0223,2.4608080387e+00
0.0560,0.0001030,0.0000037,0.00009780,0.00000432,2.1010093391e-02,-2.3838379420e-03,1.0233,2.4608080387e+00
0.0570,0.0001030,0.0000037,0.00009790,0.00000432,2.0606050268e-02,-2.3838379420e-03,1.0243,2.4604039192e+00
0.0580,0.0001030,0.0000037,0.00009810,0.00000432,1.9797993824e-02,-2.3838379420e-03,1.0253,2.4595959187e+00
0.0590,0.0001030,0.0000037,0.00009800,0.00000431,2.0202036947e-02,-2.3434343748e-03,1.0263,2.4599997997e+00
0.0600,0.0001040,0.0000037,0.00009800,0.00000431,2.4242442101e-02,-2.3838379420e-03,1.0273,2.4640402794e+00
0.0610,0.0001040,0.0000037,0.00009820,0.00000431,2.3434353992e-02,-2.3838379420e-03,1.0283,2.4632322788e+00
0.0620,0.0001040,0.0000037,0.00009830,0.00000431,2.3030310869e-02,-2.3434343748e-03,1.0293,2.4628281593e+00
0.0630,0.0001040,0.0000037,0.00009830,0.00000431,2.3030310869e-02,-2.3838379420e-03,1.0303,2.4628281593e+00
0.0640,0.0001040,0.0000037,0.00009840,0.00000431,2.2626267746e-02,-2.3434343748e-03,1.0313,2.4624240398e+00
0.0650,0.0001040,0.0000037,0.00009850,0.00000431,2.2222224623e-02,-2.3434343748e-03,1.0323,2.4620201588e+00
0.0660,0.0001040,0.0000037,0.00009860,0.00000431,2.1818181500e-02,-2.3838379420e-03,1.0333,2.4616160393e+00
0.0670,0.0001040,0.0000037,0.00009860,0.00000430,2.1818181500e-02,-2.3434343748e-03,1.0343,2.4616160393e+00
0.0680,0.0001050,0.0000037,0.00009860,0.00000430,2.5858586654e-02,-2.3434343748e-03,1.0353,2.4656565189e+00
0.0690,0.0001040,0.0000037,0.00009880,0.00000430,2.1010093391e-02,-2.3838379420e-03,1.0363,2.4608080387e+00
0.0700,0.0001050,0.0000037,0.00009870,0.00000429,2.5454543531e-02,-2.3030308075e-03,1.0373,2.4652523994e+00
0.0710,0.0001060,0.0000037,0.00009910,0.00000429,2.7878804132e-02,-2.3030308075e-03,1.0383,2.4676766396e+00
0.0720,0.0001050,0.0000037,0.00009910,0.00000429,2.3838398978e-02,-2.3434343748e-03,1.0393,2.4636361599e+00
0.0730,0.0001050,0.0000037,0.00009920,0.00000429,2.3434353992e-02,-2.3030308075e-03,1.0403,2.4632322788e+00
0.0740,0.0001060,0.0000037,0.00009930,0.00000429,2.7070716023e-02,-2.3838388734e-03,1.0413,2.4668686390e+00
0.0750,0.0001060,0.0000037,0.00009920,0.00000429,2.7474761009e-02,-2.3434343748e-03,1.0423,2.4672727585e+00
0.0760,0.0001060,0.0000037,0.00009930,0.00000429,2.7070716023e-02,-2.3434343748e-03,1.0433,2.4668686390e+00
0.0770,0.0001060,0.0000037,0.00009950,0.00000429,2.6262629777e-02,-2.3838388734e-03,1.0443,2.4660604000e+00
0.0780,0.0001060,0.0000037,0.00009960,0.00000428,2.5858586654e-02,-2.3030308075e-03,1.0453,2.4656565189e+00
0.0790,0.0001060,0.0000037,0.00009950,0.00000428,2.6262629777e-02,-2.3030308075e-03,1.0463,2.4660604000e+00
0.0800,0.0001070,0.0000037,0.00009970,0.00000428,2.9494948685e-02,-2.3434353061e-03,1.0473,2.4692928791e+00
0.0810,0.0001070,0.0000037,0.00009970,0.00000428,2.9494948685e-02,-2.3838388734e-03,1.0483,2.4692928791e+00
0.0820,0.0001070,0.0000037,0.00010000,0.00000427,2.8282847255e-02,-2.3030298762e-03,1.0493,2.4680807590e+00
0.0830,0.0001080,0.0000037,0.00010000,0.00000427,3.2323256135e-02,-2.3434334435e-03,1.0503,2.4721212387e+00
0.0840,0.0001070,0.0000037,0.00010000,0.00000427,2.8282847255e-02,-2.3030298762e-03,1.0513,2.4680807590e+00
0.0850,0.0001070,0.0000037,0.00010000,0.00000427,2.8282847255e-02,-2.3434334435e-03,1.0523,2.4680807590e+00
0.0860,0.0001080,0.0000037,0.00010000,0.00000427,3.2323256135e-02,-2.3434334435e-03,1.0533,2.4721212387e+00
0.0870,0.0001080,0.0000037,0.00010100,0.00000426,2.8282847255e-02,-2.3030298762e-03,1.0543,2.4680807590e+00
0.0880,0.0001080,0.0000037,0.00010000,0.00000426,3.2323256135e-02,-2.3030298762e-03,1.0553,2.4721212387e+00
0.0890,0.0001090,0.0000037,0.00010100,0.00000426,3.2323256135e-02,-2.3030298762e-03,1.0563,2.4721212387e+00
0.0900,0.0001080,0.0000037,0.00010100,0.00000426,2.8282847255e-02,-2.3434343748e-03,1.0573,2.4680807590e+00
0.0910,0.0001080,0.0000037,0.00010100,0.00000425,2.8282847255e-02,-2.3030308075e-03,1.0583,2.4680807590e+00
0.0920,0.0001090,0.0000037,0.00010100,0.00000425,3.2323256135e-02,-2.2626263089e-03,1.0593,2.4721212387e+00
0.0930,0.0001090,0.0000037,0.00010100,0.00000425,3.2323256135e-02,-2.3434343748e-03,1.0603,2.4721212387e+00
0.0940,0.0001090,0.0000037,0.00010100,0.00000425,3.2323256135e-02,-2.2626263089e-03,1.0613,2.4721212387e+00
0.0950,0.0001090,0.0000037,0.00010100,0.00000424,3.2323256135e-02,-2.2626272403e-03,1.0623,2.4721212387e+00
0.0960,0.0001100,0.0000037,0.00010100,0.00000425,3.6363661289e-02,-2.3030308075e-03,1.0633,2.4761614799e+00
0.0970,0.0001100,0.0000037,0.00010200,0.00000424,3.2323256135e-02,-2.2626272403e-03,1.0643,2.4721212387e+00
0.0980,0.0001100,0.0000037,0.00010200,0.00000424,3.2323256135e-02,-2.3030308075e-03,1.0653,2.4721212387e+00
0.0990,0.0001100,0.0000037,0.00010200,0.00000424,3.2323256135e-02,-2.3030308075e-03,1.0663,2.4721212387e+00
0.1000,0.0001110,0.0000037,0.00010200,0.00000423,3.6363661289e-02,-2.2222218104e-03,1.0673,2.4761614799e+00
0.1010,0.0001110,0.0000037,0.00010200,0.00000423,3.6363661289e-02,-2.2626253776e-03,1.0683,2.4761614799e+00
0.1020,0.0001110,0.0000037,0.00010200,0.00000423,3.6363661289e-02,-2.2626253776e-03,1.0693,2.4761614799e+00
0.1030,0.0001120,0.0000037,0.00010300,0.00000423,3.6363661289e-02,-2.2222218104e-03,1.0703,2.4761614799e+00
0.1040,0.0001110,0.0000037,0.00010300,0.00000423,3.2323256135e-02,-2.2626253776e-03,1.0713,2.4721212387e+00
0.1050,0.0001120,0.0000037,0.00010300,0.00000423,3.6363661289e-02,-2.3030298762e-03,1.0723,2.4761614799e+00
0.1060,0.0001120,0.0000037,0.00010300,0.00000424,3.6363661289e-02,-2.3030308075e-03,1.0733,2.4761614799e+00
0.1070,0.0001120,0.0000037,0.00010300,0.00000423,3.6363661289e-02,-2.3030298762e-03,1.0743,2.4761614799e+00
0.1080,0.0001120,0.0000037,0.00010300,0.00000423,3.6363661289e-02,-2.3030298762e-03,1.0753,2.4761614799e+00
0.1090,0.0001130,0.0000037,0.00010300,0.00000423,4.0404066443e-02,-2.3030298762e-03,1.0763,2.4802019596e+00
0.1100,0.0001130,0.0000037,0.00010300,0.00000423,4.0404066443e-02,-2.3030298762e-03,1.0773,2.4802019596e+00
0.1110,0.0001130,0.0000037,0.00010400,0.00000423,3.6363661289e-02,-2.3030298762e-03,1.0783,2.4761614799e+00
0.1120,0.0001130,0.0000037,0.00010400,0.00000423,3.6363661289e-02,-2.3434334435e-03,1.0793,2.4761614799e+00
0.1130,0.0001140,0.0000037,0.00010400,0.00000423,4.0404066443e-02,-2.3434334435e-03,1.0803,2.4802019596e+00
0.1140,0.0001140,0.0000037,0.00010400,0.00000422,4.0404066443e-02,-2.3030298762e-03,1.0813,2.4802019596e+00
0.1150,0.0001140,0.0000037,0.00010400,0.00000422,4.0404066443e-02,-2.3030298762e-03,1.0823,2.4802019596e+00
0.1160,0.0001140,0.0000036,0.00010400,0.00000421,4.0404066443e-02,-2.3030308075e-03,1.0833,2.4802019596e+00
0.1170,0.0001150,0.0000037,0.00010400,0.00000421,4.4444471598e-02,-2.2626263089e-03,1.0843,2.4842424393e+00
0.1180,0.0001150,0.0000036,0.00010500,0.00000422,4.0404066443e-02,-2.3434343748e-03,1.0853,2.4802019596e+00
0.1190,0.0001150,0.0000037,0.00010500,0.00000422,4.0404066443e-02,-2.3030298762e-03,1.0863,2.4802019596e+00
0.1200,0.0001150,0.0000037,0.00010500,0.00000422,4.0404066443e-02,-2.3030298762e-03,1.0873,2.4802019596e+00
0.1210,0.0001160,0.0000036,0.00010500,0.00000421,4.4444471598e-02,-2.3030308075e-03,1.0883,2.4842424393e+00
0.1220,0.0001160,0.0000037,0.00010500,0.00000421,4.4444471598e-02,-2.2626263089e-03,1.0893,2.4842424393e+00
0.1230,0.0001170,0.0000036,0.00010500,0.00000421,4.8484876752e-02,-2.3030308075e-03,1.0903,2.4882826805e+00
0.1240,0.0001170,0.0000036,0.00010500,0.00000421,4.8484876752e-02,-2.3030308075e-03,1.0913,2.4882826805e+00
0.1250,0.0001170,0.0000036,0.00010600,0.00000420,4.4444471598e-02,-2.2626272403e-03,1.0923,2.4842424393e+00
0.1260,0.0001170,0.0000036,0.00010600,0.00000420,4.4444471598e-02,-2.2626272403e-03,1.0933,2.4842424393e+00
0.1270,0.0001180,0.0000036,0.00010600,0.00000420,4.8484876752e-02,-2.3434353061e-03,1.0943,2.4882826805e+00
0.1280,0.0001180,0.0000036,0.00010600,0.00000420,4.8484876752e-02,-2.2626272403e-03,1.0953,2.4882826805e+00
0.1290,0.0001190,0.0000036,0.00010600,0.00000420,5.2525252104e-02,-2.3030308075e-03,1.0963,2.4923231602e+00
0.1300,0.0001180,0.0000036,0.00010700,0.00000420,4.4444471598e-02,-2.3030308075e-03,1.0973,2.4842424393e+00
0.1310,0.0001190,0.0000036,0.00010700,0.00000419,4.8484846950e-02,-2.2222218104e-03,1.0983,2.4882826805e+00
0.1320,0.0001190,0.0000036,0.00010700,0.00000419,4.8484846950e-02,-2.2626253776e-03,1.0993,2.4882826805e+00
0.1330,0.0001200,0.0000036,0.00010700,0.00000419,5.2525252104e-02,-2.3030298762e-03,1.1003,2.4923231602e+00
0.1340,0.0001200,0.0000036,0.00010800,0.00000419,4.8484846950e-02,-2.2626253776e-03,1.1013,2.4882826805e+00
0.1350,0.0001210,0.0000036,0.00010800,0.00000419,5.2525252104e-02,-2.3030298762e-03,1.1023,2.4923231602e+00
0.1360,0.0001210,0.0000036,0.00010800,0.00000419,5.2525252104e-02,-2.2626253776e-03,1.1033,2.4923231602e+00
0.1370,0.0001210,0.0000036,0.00010800,0.00000419,5.2525252104e-02,-2.3434334435e-03,1.1043,2.4923231602e+00
0.1380,0.0001220,0.0000036,0.00010900,0.00000419,5.2525252104e-02,-2.2626253776e-03,1.1053,2.4923231602e+00
0.1390,0.0001220,0.0000036,0.00010900,0.00000419,5.2525252104e-02,-2.3434334435e-03,1.1063,2.4923231602e+00
0.1400,0.0001230,0.0000036,0.00010900,0.00000419,5.6565687060e-02,-2.3030298762e-03,1.1073,2.4963636398e+00
0.1410,0.0001230,0.0000036,0.00010900,0.00000418,5.6565687060e-02,-2.3030298762e-03,1.1083,2.4963636398e+00
0.1420,0.0001230,0.0000036,0.00010900,0.00000419,5.6565687060e-02,-2.3434334435e-03,1.1093,2.4963636398e+00
0.1430,0.0001240,0.0000036,0.00011000,0.00000418,5.6565657258e-02,-2.3434343748e-03,1.1103,2.4963636398e+00
0.1440,0.0001240,0.0000036,0.00011000,0.00000418,5.6565657258e-02,-2.3434343748e-03,1.1113,2.4963636398e+00
0.1450,0.0001250,0.0000036,0.00011000,0.00000417,6.0606092215e-02,-2.2222225089e-03,1.1123,2.5004038811e+00
0.1460,0.0001250,0.0000036,0.00011000,0.00000417,6.0606092215e-02,-2.3030308075e-03,1.1133,2.5004038811e+00
0.1470,0.0001260,0.0000036,0.00011100,0.00000418,6.0606062412e-02,-2.3030298762e-03,1.1143,2.5004038811e+00
0.1480,0.0001260,0.0000036,0.00011100,0.00000417,6.0606062412e-02,-2.3030308075e-03,1.1153,2.5004038811e+00
0.1490,0.0001260,0.0000036,0.00011100,0.00000417,6.0606062412e-02,-2.3030308075e-03,1.1163,2.5004038811e+00
0.1500,0.0001270,0.0000036,0.00011100,0.00000417,6.4646497369e-02,-2.3030308075e-03,1.1173,2.5044443607e+00
0.1510,0.0001280,0.0000036,0.00011200,0.00000417,6.4646467566e-02,-2.3030308075e-03,1.1183,2.5044443607e+00
0.1520,0.0001280,0.0000036,0.00011200,0.00000416,6.4646467566e-02,-2.2626272403e-03,1.1193,2.5044443607e+00
0.1530,0.0001290,0.0000036,0.00011200,0.00000417,6.8686842918e-02,-2.3434343748e-03,1.1203,2.5084848404e+00
0.1540,0.0001290,0.0000036,0.00011300,0.00000416,6.4646437764e-02,-2.3030308075e-03,1.1213,2.5044443607e+00
0.1550,0.0001290,0.0000036,0.00011300,0.00000416,6.4646437764e-02,-2.3030308075e-03,1.1223,2.5044443607e+00
0.1560,0.0001310,0.0000036,0.00011300,0.00000416,7.2727248073e-02,-2.3434343748e-03,1.1233,2.5125250816e+00
0.1570,0.0001310,0.0000036,0.00011400,0.00000416,6.8686842918e-02,-2.3030308075e-03,1.1243,2.5084848404e+00
0.1580,0.0001310,0.0000036,0.00011400,0.00000416,6.8686842918e-02,-2.3030308075e-03,1.1253,2.5084848404e+00
0.1590,0.0001320,0.0000036,0.00011400,0.00000416,7.2727277875e-02,-2.3030308075e-03,1.1263,2.5125250816e+00
0.1600,0.0001330,0.0000036,0.00011500,0.00000415,7.2727248073e-02,-2.3030308075e-03,1.1273,2.5125250816e+00
0.1610,0.0001330,0.0000036,0.00011500,0.00000415,7.2727248073e-02,-2.2626272403e-03,1.1283,2.5125250816e+00
0.1620,0.0001340,0.0000036,0.00011500,0.00000415,7.6767683029e-02,-2.3030308075e-03,1.1293,2.5165655613e+00
0.1630,0.0001350,0.0000036,0.00011600,0.00000415,7.6767653227e-02,-2.3434353061e-03,1.1303,2.5165655613e+00
0.1640,0.0001340,0.0000036,0.00011600,0.00000414,7.2727277875e-02,-2.2222218104e-03,1.1313,2.5125250816e+00
0.1650,0.0001360,0.0000036,0.00011600,0.00000415,8.0808088183e-02,-2.3030308075e-03,1.1323,2.5206060410e+00
0.1660,0.0001360,0.0000036,0.00011700,0.00000414,7.6767683029e-02,-2.3434334435e-03,1.1333,2.5165655613e+00
0.1670,0.0001370,0.0000036,0.00011700,0.00000415,8.0808058381e-02,-2.3030308075e-03,1.1343,2.5206060410e+00
0.1680,0.0001370,0.0000036,0.00011700,0.00000415,8.0808058381e-02,-2.3434353061e-03,1.1353,2.5206060410e+00
0.1690,0.0001380,0.0000036,0.00011800,0.00000414,8.0808088183e-02,-2.3030298762e-03,1.1363,2.5206060410e+00
0.1700,0.0001390,0.0000036,0.00011800,0.00000414,8.4848463535e-02,-2.2626253776e-03,1.1373,2.5246462822e+00
0.1710,0.0001400,0.0000036,0.00011900,0.00000414,8.4848523140e-02,-2.3434334435e-03,1.1383,2.5246462822e+00
0.1720,0.0001400,0.0000036,0.00011900,0.00000413,8.4848523140e-02,-2.3030298762e-03,1.1393,2.5246462822e+00
0.1730,0.0001410,0.0000036,0.00011900,0.00000413,8.8888898492e-02,-2.2626263089e-03,1.1403,2.5286867619e+00
0.1740,0.0001420,0.0000036,0.00012000,0.00000413,8.8888928294e-02,-2.2626263089e-03,1.1413,2.5286867619e+00
0.1750,0.0001430,0.0000035,0.00012000,0.00000413,9.2929303646e-02,-2.3434343748e-03,1.1423,2.5327272415e+00
0.1760,0.0001440,0.0000035,0.00012100,0.00000413,9.2929333448e-02,-2.3434343748e-03,1.1433,2.5327272415e+00
0.1770,0.0001440,0.0000036,0.00012100,0.00000413,9.2929333448e-02,-2.2626263089e-03,1.1443,2.5327272415e+00
0.1780,0.0001460,0.0000035,0.00012200,0.00000413,9.6969738603e-02,-2.3434343748e-03,1.1453,2.5367677212e+00
0.1790,0.0001460,0.0000036,0.00012200,0.00000412,9.6969738603e-02,-2.2626263089e-03,1.1463,2.5367677212e+00
0.1800,0.0001470,0.0000035,0.00012300,0.00000412,9.6969678998e-02,-2.3030308075e-03,1.1473,2.5367674828e+00
0.1810,0.0001470,0.0000035,0.00012300,0.00000412,9.6969678998e-02,-2.3030308075e-03,1.1483,2.5367674828e+00
0.1820,0.0001480,0.0000035,0.00012400,0.00000412,9.6969738603e-02,-2.3030308075e-03,1.1493,2.5367677212e+00
0.1830,0.0001500,0.0000035,0.00012400,0.00000412,1.0505054891e-01,-2.3434343748e-03,1.1503,2.5448484421e+00
0.1840,0.0001500,0.0000035,0.00012500,0.00000412,1.0101011395e-01,-2.3030308075e-03,1.1513,2.5408079624e+00
0.1850,0.0001510,0.0000035,0.00012500,0.00000411,1.0505048931e-01,-2.3030308075e-03,1.1523,2.5448484421e+00
0.1860,0.0001520,0.0000035,0.00012600,0.00000412,1.0505048931e-01,-2.3434343748e-03,1.1533,2.5448484421e+00
0.1870,0.0001530,0.0000035,0.00012600,0.00000411,1.0909092426e-01,-2.3030308075e-03,1.1543,2.5488886833e+00
0.1880,0.0001540,0.0000035,0.00012700,0.00000411,1.0909086466e-01,-2.3838388734e-03,1.1553,2.5488886833e+00
0.1890,0.0001550,0.0000035,0.00012700,0.00000411,1.1313129961e-01,-2.3030308075e-03,1.1563,2.5529291630e+00
0.1900,0.0001560,0.0000035,0.00012800,0.00000411,1.1313129961e-01,-2.3434353061e-03,1.1573,2.5529291630e+00
0.1910,0.0001570,0.0000035,0.00012900,0.00000411,1.1313135922e-01,-2.3838388734e-03,1.1583,2.5529291630e+00
0.1920,0.0001580,0.0000035,0.00012900,0.00000411,1.1717173457e-01,-2.3434353061e-03,1.1593,2.5569696426e+00
0.1930,0.0001590,0.0000035,0.00013000,0.00000411,1.1717173457e-01,-2.3030308075e-03,1.1603,2.5569696426e+00
0.1940,0.0001600,0.0000035,0.00013100,0.00000410,1.1717173457e-01,-2.3434334435e-03,1.1613,2.5569696426e+00
0.1950,0.0001600,0.0000035,0.00013100,0.00000410,1.1717173457e-01,-2.2222218104e-03,1.1623,2.5569696426e+00
0.1960,0.0001620,0.0000035,0.00013200,0.00000410,1.2121210992e-01,-2.3838379420e-03,1.1633,2.5610098839e+00
0.1970,0.0001630,0.0000035,0.00013200,0.00000410,1.2525255978e-01,-2.3434334435e-03,1.1643,2.5650503635e+00
0.1980,0.0001650,0.0000035,0.00013300,0.00000409,1.2929299474e-01,-2.3030298762e-03,1.1653,2.5690908432e+00
0.1990,0.0001650,0.0000035,0.00013400,0.00000409,1.2525255978e-01,-2.3434343748e-03,1.1663,2.5650503635e+00
