Potential,Disk-O2,Ring-O2,Disk-N2,Ring-N2,Disk-Density,Ring-Density,Potential_RHE,ABS
-0.9000,-0.0015900,0.0000610,-0.00083400,0.00000586,-3.0545454025e+00,2.2278788686e-01,0.0673,1.1709090471e+00
-0.8990,-0.0015200,0.0000608,-0.00076200,0.00000570,-3.0626266003e+00,2.2262626886e-01,0.0683,1.1789902449e+00
-0.8980,-0.0014800,0.0000606,-0.00069800,0.00000561,-3.1595957279e+00,2.2218181193e-01,0.0693,1.2759593725e+00
-0.8970,-0.0014400,0.0000604,-0.00064100,0.00000554,-3.2282829285e+00,2.2165656090e-01,0.0703,1.3446465731e+00
-0.8960,-0.0014100,0.0000603,-0.00058900,0.00000546,-3.3171718121e+00,2.2157576680e-01,0.0713,1.4335354567e+00
-0.8950,-0.0013900,0.0000602,-0.00054300,0.00000539,-3.4222221375e+00,2.2145454586e-01,0.0723,1.5385857821e+00
-0.8940,-0.0013700,0.0000601,-0.00049900,0.00000533,-3.5191917419e+00,2.2129292786e-01,0.0733,1.6355553865e+00
-0.8930,-0.0013500,0.0000600,-0.00046100,0.00000528,-3.5919191837e+00,2.2109091282e-01,0.0743,1.7082828283e+00
-0.8920,-0.0013300,0.0000598,-0.00042600,0.00000519,-3.6525254250e+00,2.2064647079e-01,0.0753,1.7688890696e+00
-0.8910,-0.0013100,0.0000597,-0.00039400,0.00000512,-3.7010099888e+00,2.2052524984e-01,0.0763,1.8173736334e+00
-0.8900,-0.0012900,0.0000595,-0.00036400,0.00000507,-3.7414143085e+00,2.1991918981e-01,0.0773,1.8577779531e+00
-0.8890,-0.0012800,0.0000594,-0.00033800,0.00000501,-3.8060605526e+00,2.1975758672e-01,0.0783,1.9224241972e+00
-0.8880,-0.0012700,0.0000593,-0.00031300,0.00000496,-3.8666667938e+00,2.1955555677e-01,0.0793,1.9830304384e+00
-0.8870,-0.0012600,0.0000593,-0.00028900,0.00000491,-3.9232325554e+00,2.1975758672e-01,0.0803,2.0395960808e+00
-0.8860,-0.0012400,0.0000592,-0.00026900,0.00000486,-3.9232323170e+00,2.1955555677e-01,0.0813,2.0395960808e+00
-0.8850,-0.0012300,0.0000591,-0.00024900,0.00000482,-3.9636363983e+00,2.1931311488e-01,0.0823,2.0799999237e+00
-0.8840,-0.0012200,0.0000590,-0.00023100,0.00000476,-3.9959595203e+00,2.1915152669e-01,0.0833,2.1123232841e+00
-0.8830,-0.0012100,0.0000589,-0.00021400,0.00000471,-4.0242424011e+00,2.1894949675e-01,0.0843,2.1406059265e+00
-0.8820,-0.0012000,0.0000588,-0.00019900,0.00000467,-4.0444445610e+00,2.1870706975e-01,0.0853,2.1608080864e+00
-0.8810,-0.0012000,0.0000587,-0.00018400,0.00000462,-4.1050505638e+00,2.1850505471e-01,0.0863,2.2214140892e+00
-0.8800,-0.0011900,0.0000587,-0.00017100,0.00000458,-4.1171717644e+00,2.1866665781e-01,0.0873,2.2335352898e+00
-0.8790,-0.0011800,0.0000585,-0.00015800,0.00000454,-4.1292929649e+00,2.1802020073e-01,0.0883,2.2456564903e+00
-0.8780,-0.0011700,0.0000585,-0.00014600,0.00000450,-4.1373734474e+00,2.1818181872e-01,0.0893,2.2537369728e+00
-0.8770,-0.0011600,0.0000584,-0.00013500,0.00000446,-4.1414141655e+00,2.1793939173e-01,0.0903,2.2577776909e+00
-0.8760,-0.0011500,0.0000584,-0.00012500,0.00000443,-4.1414141655e+00,2.1806061268e-01,0.0913,2.2577776909e+00
-0.8750,-0.0011400,0.0000583,-0.00011500,0.00000438,-4.1414136887e+00,2.1785859764e-01,0.0923,2.2577772141e+00
-0.8740,-0.0011400,0.0000582,-0.00010700,0.00000435,-4.1737370491e+00,2.1757575870e-01,0.0933,2.2901005745e+00
-0.8730,-0.0011300,0.0000582,-0.00009780,0.00000431,-4.1705050468e+00,2.1773736179e-01,0.0943,2.2868685722e+00
-0.8720,-0.0011200,0.0000581,-0.00008970,0.00000427,-4.1628284454e+00,2.1749493480e-01,0.0953,2.2791919708e+00
-0.8710,-0.0011100,0.0000581,-0.00008220,0.00000424,-4.1527271271e+00,2.1761615574e-01,0.0963,2.2690906525e+00
-0.8700,-0.0011100,0.0000580,-0.00007500,0.00000421,-4.1818180084e+00,2.1733334661e-01,0.0973,2.2981815338e+00
-0.8690,-0.0011000,0.0000579,-0.00006830,0.00000417,-4.1684846878e+00,2.1709090471e-01,0.0983,2.2848482132e+00
-0.8680,-0.0011000,0.0000578,-0.00006190,0.00000415,-4.1943435669e+00,2.1676768363e-01,0.0993,2.3107070923e+00
-0.8670,-0.0010900,0.0000578,-0.00005600,0.00000411,-4.1777782440e+00,2.1692930162e-01,0.1003,2.2941417694e+00
-0.8660,-0.0010800,0.0000577,-0.00005050,0.00000408,-4.1595954895e+00,2.1664646268e-01,0.1013,2.2759590149e+00
-0.8650,-0.0010800,0.0000577,-0.00004490,0.00000405,-4.1822218895e+00,2.1676768363e-01,0.1023,2.2985854149e+00
-0.8640,-0.0010700,0.0000576,-0.00003960,0.00000402,-4.1632323265e+00,2.1648484468e-01,0.1033,2.2795958519e+00
-0.8630,-0.0010700,0.0000576,-0.00003490,0.00000399,-4.1822218895e+00,2.1660605073e-01,0.1043,2.2985854149e+00
-0.8620,-0.0010700,0.0000574,-0.00003020,0.00000396,-4.2012119293e+00,2.1591919661e-01,0.1053,2.3175754547e+00
-0.8610,-0.0010600,0.0000574,-0.00002600,0.00000393,-4.1777782440e+00,2.1604040265e-01,0.1063,2.2941417694e+00
-0.8600,-0.0010500,0.0000574,-0.00002170,0.00000391,-4.1547470093e+00,2.1612121165e-01,0.1073,2.2711105347e+00
-0.8590,-0.0010500,0.0000573,-0.00001800,0.00000388,-4.1696968079e+00,2.1583838761e-01,0.1083,2.2860603333e+00
-0.8580,-0.0010500,0.0000572,-0.00001420,0.00000385,-4.1850504875e+00,2.1555554867e-01,0.1093,2.3014140129e+00
-0.8570,-0.0010400,0.0000573,-0.00001040,0.00000383,-4.1600003242e+00,2.1604040265e-01,0.1103,2.2763638496e+00
-0.8560,-0.0010400,0.0000571,-0.00000701,0.00000380,-4.1736969948e+00,2.1535353363e-01,0.1113,2.2900605202e+00
-0.8550,-0.0010300,0.0000571,-0.00000351,0.00000378,-4.1474342346e+00,2.1543434262e-01,0.1123,2.2637977600e+00
-0.8540,-0.0010300,0.0000571,-0.00000055,0.00000375,-4.1594061852e+00,2.1555554867e-01,0.1133,2.2757697105e+00
-0.8530,-0.0010200,0.0000571,0.00000264,0.00000373,-4.1318783760e+00,2.1563635767e-01,0.1143,2.2482419014e+00
-0.8520,-0.0010200,0.0000570,0.00000561,0.00000371,-4.1438789368e+00,2.1531313658e-01,0.1153,2.2602424622e+00
-0.8510,-0.0010200,0.0000571,0.00000847,0.00000368,-4.1554341316e+00,2.1583837271e-01,0.1163,2.2717976570e+00
-0.8500,-0.0010100,0.0000570,0.00001100,0.00000366,-4.1252522469e+00,2.1551515162e-01,0.1173,2.2416157722e+00
-0.8490,-0.0010100,0.0000570,0.00001370,0.00000364,-4.1361618042e+00,2.1559596062e-01,0.1183,2.2525253296e+00
-0.8480,-0.0010100,0.0000570,0.00001610,0.00000362,-4.1458587646e+00,2.1567676961e-01,0.1193,2.2622222900e+00
-0.8470,-0.0010100,0.0000570,0.00001840,0.00000360,-4.1551518440e+00,2.1575759351e-01,0.1203,2.2715153694e+00
-0.8460,-0.0010000,0.0000569,0.00002080,0.00000358,-4.1244449615e+00,2.1543434262e-01,0.1213,2.2408084869e+00
-0.8450,-0.0010000,0.0000569,0.00002310,0.00000356,-4.1337375641e+00,2.1551515162e-01,0.1223,2.2501010895e+00
-0.8440,-0.0009970,0.0000568,0.00002510,0.00000353,-4.1296968460e+00,2.1523232758e-01,0.1233,2.2460603714e+00
-0.8430,-0.0009940,0.0000569,0.00002700,0.00000352,-4.1252522469e+00,2.1567676961e-01,0.1243,2.2416157722e+00
-0.8420,-0.0009900,0.0000568,0.00002910,0.00000350,-4.1175756454e+00,2.1535353363e-01,0.1253,2.2339391708e+00
-0.8410,-0.0009890,0.0000568,0.00003110,0.00000348,-4.1216158867e+00,2.1543434262e-01,0.1263,2.2379794121e+00
-0.8400,-0.0009860,0.0000568,0.00003290,0.00000346,-4.1167678833e+00,2.1551513672e-01,0.1273,2.2331314087e+00
-0.8390,-0.0009820,0.0000568,0.00003470,0.00000344,-4.1078791618e+00,2.1559596062e-01,0.1283,2.2242426872e+00
-0.8380,-0.0009800,0.0000568,0.00003640,0.00000342,-4.1066670418e+00,2.1567676961e-01,0.1293,2.2230305672e+00
-0.8370,-0.0009780,0.0000568,0.00003790,0.00000340,-4.1046466827e+00,2.1575757861e-01,0.1303,2.2210102081e+00
-0.8360,-0.0009750,0.0000568,0.00003930,0.00000339,-4.0981817245e+00,2.1579797566e-01,0.1313,2.2145452499e+00
-0.8350,-0.0009740,0.0000568,0.00004090,0.00000337,-4.1006064415e+00,2.1587878466e-01,0.1323,2.2169699669e+00
-0.8340,-0.0009700,0.0000568,0.00004250,0.00000336,-4.0909090042e+00,2.1591918170e-01,0.1333,2.2072725296e+00
-0.8330,-0.0009680,0.0000567,0.00004400,0.00000334,-4.0888891220e+00,2.1559596062e-01,0.1343,2.2052526474e+00
-0.8320,-0.0009640,0.0000567,0.00004540,0.00000332,-4.0783839226e+00,2.1567675471e-01,0.1353,2.1947474480e+00
-0.8310,-0.0009600,0.0000567,0.00004680,0.00000331,-4.0678787231e+00,2.1571716666e-01,0.1363,2.1842422485e+00
-0.8300,-0.0009570,0.0000566,0.00004800,0.00000329,-4.0606060028e+00,2.1539394557e-01,0.1373,2.1769695282e+00
-0.8290,-0.0009540,0.0000566,0.00004940,0.00000328,-4.0541410446e+00,2.1543434262e-01,0.1383,2.1705045700e+00
-0.8280,-0.0009500,0.0000566,0.00005070,0.00000326,-4.0432324409e+00,2.1551515162e-01,0.1393,2.1595959663e+00
-0.8270,-0.0009470,0.0000566,0.00005190,0.00000324,-4.0359597206e+00,2.1559597552e-01,0.1403,2.1523232460e+00
-0.8260,-0.0009440,0.0000567,0.00005320,0.00000323,-4.0290908813e+00,2.1604038775e-01,0.1413,2.1454544067e+00
-0.8250,-0.0009430,0.0000566,0.00005420,0.00000321,-4.0290908813e+00,2.1571718156e-01,0.1423,2.1454544067e+00
-0.8240,-0.0009390,0.0000566,0.00005510,0.00000320,-4.0165657997e+00,2.1575759351e-01,0.1433,2.1329293251e+00
-0.8230,-0.0009360,0.0000566,0.00005650,0.00000319,-4.0101008415e+00,2.1579799056e-01,0.1443,2.1264643669e+00
-0.8220,-0.0009350,0.0000566,0.00005730,0.00000317,-4.0092930794e+00,2.1587879956e-01,0.1453,2.1256566048e+00
-0.8210,-0.0009330,0.0000566,0.00005830,0.00000316,-4.0052523613e+00,2.1591919661e-01,0.1463,2.1216158867e+00
-0.8200,-0.0009310,0.0000566,0.00005920,0.00000314,-4.0008077621e+00,2.1600000560e-01,0.1473,2.1171712875e+00
-0.8190,-0.0009270,0.0000566,0.00006060,0.00000313,-3.9903032780e+00,2.1604040265e-01,0.1483,2.1066670418e+00
-0.8180,-0.0009260,0.0000566,0.00006140,0.00000312,-3.9894952774e+00,2.1608081460e-01,0.1493,2.1058588028e+00
-0.8170,-0.0009230,0.0000566,0.00006220,0.00000311,-3.9806058407e+00,2.1612122655e-01,0.1503,2.0969696045e+00
-0.8160,-0.0009230,0.0000566,0.00006310,0.00000309,-3.9842422009e+00,2.1620202065e-01,0.1513,2.1006059647e+00
-0.8150,-0.0009200,0.0000566,0.00006390,0.00000308,-3.9753537178e+00,2.1624243259e-01,0.1523,2.0917172432e+00
-0.8140,-0.0009180,0.0000566,0.00006470,0.00000307,-3.9705052376e+00,2.1628284454e-01,0.1533,2.0868687630e+00
-0.8130,-0.0009150,0.0000565,0.00006560,0.00000305,-3.9620203972e+00,2.1595959365e-01,0.1543,2.0783839226e+00
-0.8120,-0.0009120,0.0000566,0.00006640,0.00000304,-3.9531314373e+00,2.1640405059e-01,0.1553,2.0694952011e+00
-0.8110,-0.0009100,0.0000565,0.00006710,0.00000303,-3.9478788376e+00,2.1604040265e-01,0.1563,2.0642423630e+00
-0.8100,-0.0009090,0.0000565,0.00006790,0.00000302,-3.9470705986e+00,2.1608081460e-01,0.1573,2.0634341240e+00
-0.8090,-0.0009050,0.0000565,0.00006860,0.00000301,-3.9337375164e+00,2.1612122655e-01,0.1583,2.0501012802e+00
-0.8080,-0.0009030,0.0000565,0.00006930,0.00000300,-3.9284849167e+00,2.1616162360e-01,0.1593,2.0448484421e+00
-0.8070,-0.0009010,0.0000564,0.00007000,0.00000298,-3.9232323170e+00,2.1583838761e-01,0.1603,2.0395960808e+00
-0.8060,-0.0008980,0.0000565,0.00007070,0.00000297,-3.9139394760e+00,2.1628284454e-01,0.1613,2.0303030014e+00
-0.8050,-0.0008970,0.0000564,0.00007130,0.00000296,-3.9123234749e+00,2.1591918170e-01,0.1623,2.0286870003e+00
-0.8040,-0.0008950,0.0000564,0.00007200,0.00000295,-3.9070708752e+00,2.1595959365e-01,0.1633,2.0234346390e+00
-0.8030,-0.0008930,0.0000565,0.00007260,0.00000294,-3.9014141560e+00,2.1640405059e-01,0.1643,2.0177779198e+00
-0.8020,-0.0008910,0.0000565,0.00007320,0.00000293,-3.8957574368e+00,2.1644444764e-01,0.1653,2.0121212006e+00
-0.8010,-0.0008890,0.0000564,0.00007380,0.00000292,-3.8901009560e+00,2.1608079970e-01,0.1663,2.0064644814e+00
-0.8000,-0.0008880,0.0000565,0.00007450,0.00000290,-3.8888888359e+00,2.1656565368e-01,0.1673,2.0052523613e+00
-0.7990,-0.0008850,0.0000563,0.00007510,0.00000290,-3.8791918755e+00,2.1575757861e-01,0.1683,1.9955555201e+00
-0.7980,-0.0008820,0.0000564,0.00007560,0.00000289,-3.8690910339e+00,2.1620202065e-01,0.1693,1.9854546785e+00
-0.7970,-0.0008810,0.0000564,0.00007610,0.00000287,-3.8670706749e+00,2.1628282964e-01,0.1703,1.9834343195e+00
-0.7960,-0.0008790,0.0000564,0.00007670,0.00000286,-3.8614141941e+00,2.1632322669e-01,0.1713,1.9777778387e+00
-0.7950,-0.0008750,0.0000563,0.00007720,0.00000286,-3.8472728729e+00,2.1591918170e-01,0.1723,1.9636365175e+00
-0.7940,-0.0008740,0.0000564,0.00007770,0.00000285,-3.8452527523e+00,2.1636363864e-01,0.1733,1.9616163969e+00
-0.7930,-0.0008720,0.0000564,0.00007830,0.00000284,-3.8395960331e+00,2.1640405059e-01,0.1743,1.9559596777e+00
-0.7920,-0.0008710,0.0000564,0.00007870,0.00000283,-3.8371717930e+00,2.1644444764e-01,0.1753,1.9535354376e+00
-0.7910,-0.0008680,0.0000563,0.00007930,0.00000282,-3.8274748325e+00,2.1608079970e-01,0.1763,1.9438384771e+00
-0.7900,-0.0008670,0.0000564,0.00007970,0.00000281,-3.8250508308e+00,2.1652525663e-01,0.1773,1.9414144754e+00
-0.7890,-0.0008650,0.0000564,0.00008010,0.00000280,-3.8185858727e+00,2.1656565368e-01,0.1783,1.9349495173e+00
-0.7880,-0.0008640,0.0000564,0.00008060,0.00000279,-3.8165655136e+00,2.1660606563e-01,0.1793,1.9329291582e+00
-0.7870,-0.0008620,0.0000564,0.00008100,0.00000279,-3.8101007938e+00,2.1660606563e-01,0.1803,1.9264644384e+00
-0.7860,-0.0008610,0.0000564,0.00008150,0.00000278,-3.8080806732e+00,2.1664646268e-01,0.1813,1.9244443178e+00
-0.7850,-0.0008600,0.0000564,0.00008190,0.00000277,-3.8056564331e+00,2.1668685973e-01,0.1823,1.9220200777e+00
-0.7840,-0.0008590,0.0000564,0.00008230,0.00000276,-3.8032324314e+00,2.1672727168e-01,0.1833,1.9195960760e+00
-0.7830,-0.0008580,0.0000564,0.00008270,0.00000275,-3.8008081913e+00,2.1676768363e-01,0.1843,1.9171718359e+00
-0.7820,-0.0008570,0.0000564,0.00008330,0.00000275,-3.7991919518e+00,2.1676768363e-01,0.1853,1.9155555964e+00
-0.7810,-0.0008560,0.0000564,0.00008360,0.00000274,-3.7963635921e+00,2.1680809557e-01,0.1863,1.9127272367e+00
-0.7800,-0.0008550,0.0000564,0.00008400,0.00000273,-3.7939393520e+00,2.1684847772e-01,0.1873,1.9103029966e+00
-0.7790,-0.0008550,0.0000564,0.00008420,0.00000272,-3.7947473526e+00,2.1688888967e-01,0.1883,1.9111109972e+00
-0.7780,-0.0008540,0.0000565,0.00008460,0.00000271,-3.7923231125e+00,2.1733334661e-01,0.1893,1.9086867571e+00
-0.7770,-0.0008540,0.0000564,0.00008500,0.00000270,-3.7939393520e+00,2.1696969867e-01,0.1903,1.9103029966e+00
-0.7760,-0.0008530,0.0000564,0.00008530,0.00000270,-3.7911109924e+00,2.1696969867e-01,0.1913,1.9074746370e+00
-0.7750,-0.0008510,0.0000564,0.00008570,0.00000269,-3.7846465111e+00,2.1701009572e-01,0.1923,1.9010101557e+00
-0.7740,-0.0008490,0.0000565,0.00008610,0.00000268,-3.7781817913e+00,2.1745455265e-01,0.1933,1.8945454359e+00
-0.7730,-0.0008510,0.0000564,0.00008640,0.00000267,-3.7874748707e+00,2.1709090471e-01,0.1943,1.9038385153e+00
-0.7720,-0.0008490,0.0000564,0.00008670,0.00000267,-3.7806062698e+00,2.1709090471e-01,0.1953,1.8969699144e+00
-0.7710,-0.0008480,0.0000564,0.00008700,0.00000266,-3.7777779102e+00,2.1713131666e-01,0.1963,1.8941415548e+00
-0.7700,-0.0008470,0.0000564,0.00008750,0.00000265,-3.7757575512e+00,2.1717172861e-01,0.1973,1.8921211958e+00
-0.7690,-0.0008460,0.0000564,0.00008770,0.00000264,-3.7725253105e+00,2.1721211076e-01,0.1983,1.8888889551e+00
-0.7680,-0.0008450,0.0000564,0.00008810,0.00000264,-3.7701010704e+00,2.1721211076e-01,0.1993,1.8864647150e+00
-0.7670,-0.0008440,0.0000565,0.00008840,0.00000263,-3.7672727108e+00,2.1765656769e-01,0.2003,1.8836363554e+00
-0.7660,-0.0008440,0.0000564,0.00008860,0.00000262,-3.7680807114e+00,2.1729293466e-01,0.2013,1.8844443560e+00
-0.7650,-0.0008430,0.0000565,0.00008890,0.00000262,-3.7652525902e+00,2.1769697964e-01,0.2023,1.8816162348e+00
-0.7640,-0.0008440,0.0000564,0.00008910,0.00000261,-3.7701010704e+00,2.1733334661e-01,0.2033,1.8864647150e+00
-0.7630,-0.0008420,0.0000564,0.00008930,0.00000260,-3.7628283501e+00,2.1737372875e-01,0.2043,1.8791919947e+00
-0.7620,-0.0008420,0.0000564,0.00008970,0.00000260,-3.7644443512e+00,2.1737372875e-01,0.2053,1.8808079958e+00
-0.7610,-0.0008400,0.0000564,0.00008990,0.00000259,-3.7571716309e+00,2.1741414070e-01,0.2063,1.8735352755e+00
-0.7600,-0.0008400,0.0000564,0.00009020,0.00000258,-3.7583837509e+00,2.1745455265e-01,0.2073,1.8747473955e+00
-0.7590,-0.0008380,0.0000564,0.00009050,0.00000257,-3.7515151501e+00,2.1749494970e-01,0.2083,1.8678787947e+00
-0.7580,-0.0008380,0.0000564,0.00009070,0.00000257,-3.7523231506e+00,2.1749494970e-01,0.2093,1.8686867952e+00
-0.7570,-0.0008370,0.0000564,0.00009100,0.00000256,-3.7494950294e+00,2.1753536165e-01,0.2103,1.8658586740e+00
-0.7560,-0.0008380,0.0000564,0.00009120,0.00000256,-3.7543432713e+00,2.1753536165e-01,0.2113,1.8707069159e+00
-0.7550,-0.0008360,0.0000564,0.00009150,0.00000255,-3.7474749088e+00,2.1757575870e-01,0.2123,1.8638385534e+00
-0.7540,-0.0008360,0.0000564,0.00009170,0.00000254,-3.7482829094e+00,2.1761615574e-01,0.2133,1.8646465540e+00
-0.7530,-0.0008350,0.0000564,0.00009190,0.00000254,-3.7450506687e+00,2.1761615574e-01,0.2143,1.8614143133e+00
-0.7520,-0.0008350,0.0000564,0.00009220,0.00000253,-3.7462627888e+00,2.1765656769e-01,0.2153,1.8626264334e+00
-0.7510,-0.0008340,0.0000564,0.00009230,0.00000253,-3.7426264286e+00,2.1765656769e-01,0.2163,1.8589900732e+00
-0.7500,-0.0008330,0.0000564,0.00009250,0.00000252,-3.7393939495e+00,2.1769697964e-01,0.2173,1.8557575941e+00
-0.7490,-0.0008320,0.0000564,0.00009280,0.00000251,-3.7365655899e+00,2.1773736179e-01,0.2183,1.8529292345e+00
-0.7480,-0.0008310,0.0000563,0.00009300,0.00000251,-3.7333333492e+00,2.1733333170e-01,0.2193,1.8496969938e+00
-0.7470,-0.0008310,0.0000564,0.00009320,0.00000250,-3.7341413498e+00,2.1777777374e-01,0.2203,1.8505049944e+00
-0.7460,-0.0008290,0.0000564,0.00009340,0.00000250,-3.7268688679e+00,2.1777777374e-01,0.2213,1.8432325125e+00
-0.7450,-0.0008290,0.0000563,0.00009370,0.00000249,-3.7280809879e+00,2.1741414070e-01,0.2223,1.8444446325e+00
-0.7440,-0.0008280,0.0000564,0.00009380,0.00000248,-3.7244446278e+00,2.1785859764e-01,0.2233,1.8408082724e+00
-0.7430,-0.0008280,0.0000563,0.00009400,0.00000248,-3.7252526283e+00,2.1745455265e-01,0.2243,1.8416162729e+00
-0.7420,-0.0008260,0.0000564,0.00009430,0.00000247,-3.7183840275e+00,2.1789899468e-01,0.2253,1.8347476721e+00
-0.7410,-0.0008270,0.0000564,0.00009440,0.00000247,-3.7228283882e+00,2.1789899468e-01,0.2263,1.8391920328e+00
-0.7400,-0.0008280,0.0000566,0.00009450,0.00000246,-3.7272729874e+00,2.1874748170e-01,0.2273,1.8436366320e+00
-0.7390,-0.0008270,0.0000563,0.00009470,0.00000245,-3.7240405083e+00,2.1757575870e-01,0.2283,1.8404041529e+00
-0.7380,-0.0008260,0.0000563,0.00009490,0.00000245,-3.7208082676e+00,2.1757575870e-01,0.2293,1.8371719122e+00
-0.7370,-0.0008250,0.0000564,0.00009510,0.00000244,-3.7175757885e+00,2.1802020073e-01,0.2303,1.8339394331e+00
-0.7360,-0.0008240,0.0000563,0.00009540,0.00000244,-3.7147476673e+00,2.1761615574e-01,0.2313,1.8311113119e+00
-0.7350,-0.0008240,0.0000564,0.00009560,0.00000244,-3.7155556679e+00,2.1802020073e-01,0.2323,1.8319193125e+00
-0.7340,-0.0008220,0.0000563,0.00009570,0.00000243,-3.7078788280e+00,2.1765656769e-01,0.2333,1.8242424726e+00
-0.7330,-0.0008210,0.0000563,0.00009590,0.00000243,-3.7046463490e+00,2.1765656769e-01,0.2343,1.8210099936e+00
-0.7320,-0.0008210,0.0000563,0.00009600,0.00000242,-3.7050504684e+00,2.1769696474e-01,0.2353,1.8214141130e+00
-0.7310,-0.0008200,0.0000564,0.00009620,0.00000242,-3.7018182278e+00,2.1810100973e-01,0.2363,1.8181818724e+00
-0.7300,-0.0008200,0.0000563,0.00009630,0.00000241,-3.7022221088e+00,2.1773736179e-01,0.2373,1.8185857534e+00
-0.7290,-0.0008190,0.0000563,0.00009650,0.00000241,-3.6989898682e+00,2.1773736179e-01,0.2383,1.8153535128e+00
-0.7280,-0.0008190,0.0000563,0.00009650,0.00000240,-3.6989898682e+00,2.1777777374e-01,0.2393,1.8153535128e+00
-0.7270,-0.0008180,0.0000563,0.00009670,0.00000239,-3.6957573891e+00,2.1781818569e-01,0.2403,1.8121210337e+00
-0.7260,-0.0008190,0.0000563,0.00009700,0.00000239,-3.7010099888e+00,2.1781818569e-01,0.2413,1.8173736334e+00
-0.7250,-0.0008180,0.0000563,0.00009700,0.00000238,-3.6969697475e+00,2.1785859764e-01,0.2423,1.8133333921e+00
-0.7240,-0.0008180,0.0000563,0.00009720,0.00000238,-3.6977777481e+00,2.1785859764e-01,0.2433,1.8141413927e+00
-0.7230,-0.0008170,0.0000563,0.00009740,0.00000237,-3.6945452690e+00,2.1789897978e-01,0.2443,1.8109089136e+00
-0.7220,-0.0008160,0.0000563,0.00009750,0.00000237,-3.6909089088e+00,2.1789897978e-01,0.2453,1.8072725534e+00
-0.7210,-0.0008160,0.0000563,0.00009750,0.00000237,-3.6909089088e+00,2.1789897978e-01,0.2463,1.8072725534e+00
-0.7200,-0.0008150,0.0000563,0.00009780,0.00000236,-3.6880807877e+00,2.1793939173e-01,0.2473,1.8044444323e+00
-0.7190,-0.0008150,0.0000563,0.00009780,0.00000236,-3.6880807877e+00,2.1793939173e-01,0.2483,1.8044444323e+00
-0.7180,-0.0008130,0.0000562,0.00009800,0.00000235,-3.6808080673e+00,2.1757575870e-01,0.2493,1.7971717119e+00
-0.7170,-0.0008140,0.0000564,0.00009830,0.00000235,-3.6860606670e+00,2.1838383377e-01,0.2503,1.8024243116e+00
-0.7160,-0.0008130,0.0000562,0.00009850,0.00000235,-3.6828284264e+00,2.1757575870e-01,0.2513,1.7991920710e+00
-0.7150,-0.0008120,0.0000562,0.00009850,0.00000234,-3.6787879467e+00,2.1761615574e-01,0.2523,1.7951515913e+00
-0.7140,-0.0008120,0.0000562,0.00009860,0.00000234,-3.6791920662e+00,2.1761615574e-01,0.2533,1.7955557108e+00
-0.7130,-0.0008110,0.0000563,0.00009870,0.00000233,-3.6755554676e+00,2.1806059778e-01,0.2543,1.7919191122e+00
-0.7120,-0.0008110,0.0000562,0.00009870,0.00000233,-3.6755554676e+00,2.1765655279e-01,0.2553,1.7919191122e+00
-0.7110,-0.0008090,0.0000562,0.00009890,0.00000232,-3.6682827473e+00,2.1769696474e-01,0.2563,1.7846463919e+00
-0.7100,-0.0008090,0.0000562,0.00009900,0.00000232,-3.6686868668e+00,2.1769696474e-01,0.2573,1.7850505114e+00
-0.7090,-0.0008080,0.0000562,0.00009900,0.00000231,-3.6646463871e+00,2.1773736179e-01,0.2583,1.7810100317e+00
-0.7080,-0.0008100,0.0000562,0.00009910,0.00000231,-3.6731312275e+00,2.1773736179e-01,0.2593,1.7894948721e+00
-0.7070,-0.0008080,0.0000562,0.00009930,0.00000231,-3.6658585072e+00,2.1773736179e-01,0.2603,1.7822221518e+00
-0.7060,-0.0008090,0.0000563,0.00009940,0.00000230,-3.6703031063e+00,2.1818181872e-01,0.2613,1.7866667509e+00
-0.7050,-0.0008070,0.0000561,0.00009950,0.00000230,-3.6626262665e+00,2.1737374365e-01,0.2623,1.7789899111e+00
-0.7040,-0.0008070,0.0000561,0.00009970,0.00000230,-3.6634342670e+00,2.1737374365e-01,0.2633,1.7797979116e+00
-0.7030,-0.0008050,0.0000561,0.00009980,0.00000229,-3.6557576656e+00,2.1741415560e-01,0.2643,1.7721213102e+00
-0.7020,-0.0008060,0.0000562,0.00009980,0.00000229,-3.6597981453e+00,2.1781818569e-01,0.2653,1.7761617899e+00
-0.7010,-0.0008050,0.0000561,0.00009990,0.00000228,-3.6561617851e+00,2.1745455265e-01,0.2663,1.7725254297e+00
-0.7000,-0.0008040,0.0000561,0.00010000,0.00000228,-3.6525254250e+00,2.1745455265e-01,0.2673,1.7688890696e+00
-0.6990,-0.0008040,0.0000561,0.00010000,0.00000227,-3.6525254250e+00,2.1749494970e-01,0.2683,1.7688890696e+00
-0.6980,-0.0008030,0.0000561,0.00010000,0.00000227,-3.6484849453e+00,2.1749494970e-01,0.2693,1.7648485899e+00
-0.6970,-0.0008020,0.0000561,0.00010000,0.00000227,-3.6444444656e+00,2.1749494970e-01,0.2703,1.7608081102e+00
-0.6960,-0.0008040,0.0000561,0.00010000,0.00000226,-3.6525254250e+00,2.1753536165e-01,0.2713,1.7688890696e+00
-0.6950,-0.0008020,0.0000561,0.00010100,0.00000226,-3.6484849453e+00,2.1753536165e-01,0.2723,1.7648485899e+00
-0.6940,-0.0008030,0.0000561,0.00010100,0.00000225,-3.6525254250e+00,2.1757577360e-01,0.2733,1.7688890696e+00
-0.6930,-0.0008020,0.0000561,0.00010100,0.00000225,-3.6484849453e+00,2.1757577360e-01,0.2743,1.7648485899e+00
-0.6920,-0.0008010,0.0000560,0.00010100,0.00000225,-3.6444444656e+00,2.1717172861e-01,0.2753,1.7608081102e+00
-0.6910,-0.0008010,0.0000560,0.00010100,0.00000224,-3.6444444656e+00,2.1721211076e-01,0.2763,1.7608081102e+00
-0.6900,-0.0008000,0.0000561,0.00010100,0.00000224,-3.6404039860e+00,2.1761615574e-01,0.2773,1.7567676306e+00
-0.6890,-0.0008000,0.0000561,0.00010100,0.00000223,-3.6404039860e+00,2.1765656769e-01,0.2783,1.7567676306e+00
-0.6880,-0.0008000,0.0000560,0.00010100,0.00000223,-3.6404039860e+00,2.1725252271e-01,0.2793,1.7567676306e+00
-0.6870,-0.0008000,0.0000560,0.00010100,0.00000223,-3.6404039860e+00,2.1725252271e-01,0.2803,1.7567676306e+00
-0.6860,-0.0007990,0.0000560,0.00010100,0.00000222,-3.6363635063e+00,2.1729293466e-01,0.2813,1.7527271509e+00
-0.6850,-0.0007980,0.0000560,0.00010100,0.00000222,-3.6323235035e+00,2.1729293466e-01,0.2823,1.7486871481e+00
-0.6840,-0.0007970,0.0000560,0.00010100,0.00000221,-3.6282830238e+00,2.1733334661e-01,0.2833,1.7446466684e+00
-0.6830,-0.0007980,0.0000559,0.00010100,0.00000221,-3.6323235035e+00,2.1692930162e-01,0.2843,1.7486871481e+00
-0.6820,-0.0007960,0.0000559,0.00010200,0.00000221,-3.6282830238e+00,2.1692930162e-01,0.2853,1.7446466684e+00
-0.6810,-0.0007960,0.0000559,0.00010200,0.00000220,-3.6282830238e+00,2.1696969867e-01,0.2863,1.7446466684e+00
-0.6800,-0.0007960,0.0000560,0.00010200,0.00000220,-3.6282830238e+00,2.1737374365e-01,0.2873,1.7446466684e+00
-0.6790,-0.0007950,0.0000559,0.00010200,0.00000220,-3.6242425442e+00,2.1696969867e-01,0.2883,1.7406061888e+00
-0.6780,-0.0007950,0.0000559,0.00010200,0.00000219,-3.6242425442e+00,2.1701009572e-01,0.2893,1.7406061888e+00
-0.6770,-0.0007950,0.0000559,0.00010200,0.00000219,-3.6242425442e+00,2.1701009572e-01,0.2903,1.7406061888e+00
-0.6760,-0.0007940,0.0000558,0.00010200,0.00000219,-3.6202020645e+00,2.1660605073e-01,0.2913,1.7365657091e+00
-0.6750,-0.0007940,0.0000557,0.00010200,0.00000218,-3.6202020645e+00,2.1624241769e-01,0.2923,1.7365657091e+00
-0.6740,-0.0007910,0.0000557,0.00010200,0.00000218,-3.6080811024e+00,2.1624241769e-01,0.2933,1.7244447470e+00
-0.6730,-0.0007910,0.0000557,0.00010200,0.00000218,-3.6080811024e+00,2.1624241769e-01,0.2943,1.7244447470e+00
-0.6720,-0.0007900,0.0000557,0.00010200,0.00000218,-3.6040406227e+00,2.1624241769e-01,0.2953,1.7204042673e+00
-0.6710,-0.0007910,0.0000558,0.00010200,0.00000217,-3.6080811024e+00,2.1668685973e-01,0.2963,1.7244447470e+00
-0.6700,-0.0007900,0.0000557,0.00010200,0.00000217,-3.6040406227e+00,2.1628282964e-01,0.2973,1.7204042673e+00
-0.6690,-0.0007910,0.0000557,0.00010300,0.00000216,-3.6121213436e+00,2.1632322669e-01,0.2983,1.7284849882e+00
-0.6680,-0.0007890,0.0000557,0.00010300,0.00000216,-3.6040406227e+00,2.1632322669e-01,0.2993,1.7204042673e+00
-0.6670,-0.0007890,0.0000557,0.00010300,0.00000216,-3.6040406227e+00,2.1632322669e-01,0.3003,1.7204042673e+00
-0.6660,-0.0007880,0.0000557,0.00010300,0.00000216,-3.6000001431e+00,2.1632322669e-01,0.3013,1.7163637877e+00
-0.6650,-0.0007890,0.0000557,0.00010300,0.00000216,-3.6040406227e+00,2.1632322669e-01,0.3023,1.7204042673e+00
-0.6640,-0.0007890,0.0000557,0.00010300,0.00000215,-3.6040406227e+00,2.1636363864e-01,0.3033,1.7204042673e+00
-0.6630,-0.0007870,0.0000557,0.00010300,0.00000215,-3.5959596634e+00,2.1636363864e-01,0.3043,1.7123233080e+00
-0.6620,-0.0007870,0.0000557,0.00010300,0.00000215,-3.5959596634e+00,2.1636363864e-01,0.3053,1.7123233080e+00
-0.6610,-0.0007880,0.0000557,0.00010300,0.00000214,-3.6000001431e+00,2.1640403569e-01,0.3063,1.7163637877e+00
-0.6600,-0.0007880,0.0000556,0.00010300,0.00000214,-3.6000001431e+00,2.1600000560e-01,0.3073,1.7163637877e+00
-0.6590,-0.0007870,0.0000556,0.00010300,0.00000214,-3.5959596634e+00,2.1600000560e-01,0.3083,1.7123233080e+00
-0.6580,-0.0007870,0.0000556,0.00010300,0.00000213,-3.5959596634e+00,2.1604040265e-01,0.3093,1.7123233080e+00
-0.6570,-0.0007850,0.0000555,0.00010300,0.00000213,-3.5878789425e+00,2.1563637257e-01,0.3103,1.7042425871e+00
-0.6560,-0.0007860,0.0000556,0.00010300,0.00000213,-3.5919191837e+00,2.1604040265e-01,0.3113,1.7082828283e+00
-0.6550,-0.0007850,0.0000556,0.00010300,0.00000213,-3.5878789425e+00,2.1604040265e-01,0.3123,1.7042425871e+00
-0.6540,-0.0007850,0.0000556,0.00010300,0.00000212,-3.5878789425e+00,2.1608081460e-01,0.3133,1.7042425871e+00
-0.6530,-0.0007850,0.0000556,0.00010300,0.00000212,-3.5878789425e+00,2.1608081460e-01,0.3143,1.7042425871e+00
-0.6520,-0.0007850,0.0000556,0.00010300,0.00000212,-3.5878789425e+00,2.1608081460e-01,0.3153,1.7042425871e+00
-0.6510,-0.0007840,0.0000555,0.00010300,0.00000211,-3.5838384628e+00,2.1571718156e-01,0.3163,1.7002021074e+00
-0.6500,-0.0007840,0.0000555,0.00010400,0.00000211,-3.5878787041e+00,2.1571718156e-01,0.3173,1.7042423487e+00
-0.6490,-0.0007830,0.0000555,0.00010400,0.00000211,-3.5838384628e+00,2.1571718156e-01,0.3183,1.7002021074e+00
-0.6480,-0.0007830,0.0000555,0.00010400,0.00000211,-3.5838384628e+00,2.1571718156e-01,0.3193,1.7002021074e+00
-0.6470,-0.0007820,0.0000554,0.00010400,0.00000210,-3.5797979832e+00,2.1535353363e-01,0.3203,1.6961616278e+00
-0.6460,-0.0007810,0.0000554,0.00010400,0.00000210,-3.5757575035e+00,2.1535353363e-01,0.3213,1.6921211481e+00
-0.6450,-0.0007810,0.0000554,0.00010400,0.00000210,-3.5757575035e+00,2.1535353363e-01,0.3223,1.6921211481e+00
-0.6440,-0.0007810,0.0000554,0.00010400,0.00000210,-3.5757575035e+00,2.1535353363e-01,0.3233,1.6921211481e+00
-0.6430,-0.0007810,0.0000554,0.00010400,0.00000210,-3.5757575035e+00,2.1535353363e-01,0.3243,1.6921211481e+00
-0.6420,-0.0007800,0.0000554,0.00010400,0.00000209,-3.5717170238e+00,2.1539393067e-01,0.3253,1.6880806684e+00
-0.6410,-0.0007790,0.0000554,0.00010400,0.00000209,-3.5676767826e+00,2.1539393067e-01,0.3263,1.6840404272e+00
-0.6400,-0.0007790,0.0000554,0.00010400,0.00000209,-3.5676767826e+00,2.1539393067e-01,0.3273,1.6840404272e+00
-0.6390,-0.0007800,0.0000553,0.00010400,0.00000209,-3.5717170238e+00,2.1498990059e-01,0.3283,1.6880806684e+00
-0.6380,-0.0007800,0.0000554,0.00010400,0.00000208,-3.5717170238e+00,2.1543434262e-01,0.3293,1.6880806684e+00
-0.6370,-0.0007800,0.0000553,0.00010400,0.00000208,-3.5717170238e+00,2.1503029764e-01,0.3303,1.6880806684e+00
-0.6360,-0.0007790,0.0000553,0.00010400,0.00000207,-3.5676767826e+00,2.1507070959e-01,0.3313,1.6840404272e+00
-0.6350,-0.0007780,0.0000553,0.00010400,0.00000207,-3.5636363029e+00,2.1507070959e-01,0.3323,1.6799999475e+00
-0.6340,-0.0007780,0.0000553,0.00010400,0.00000207,-3.5636363029e+00,2.1507070959e-01,0.3333,1.6799999475e+00
-0.6330,-0.0007770,0.0000553,0.00010400,0.00000207,-3.5595958233e+00,2.1507070959e-01,0.3343,1.6759594679e+00
-0.6320,-0.0007790,0.0000552,0.00010400,0.00000207,-3.5676767826e+00,2.1466666460e-01,0.3353,1.6840404272e+00
-0.6310,-0.0007770,0.0000552,0.00010400,0.00000207,-3.5595958233e+00,2.1466666460e-01,0.3363,1.6759594679e+00
-0.6300,-0.0007760,0.0000552,0.00010400,0.00000206,-3.5555553436e+00,2.1470707655e-01,0.3373,1.6719189882e+00
-0.6290,-0.0007750,0.0000552,0.00010400,0.00000206,-3.5515151024e+00,2.1470707655e-01,0.3383,1.6678787470e+00
-0.6280,-0.0007760,0.0000552,0.00010400,0.00000206,-3.5555553436e+00,2.1470707655e-01,0.3393,1.6719189882e+00
-0.6270,-0.0007750,0.0000552,0.00010400,0.00000206,-3.5515151024e+00,2.1470707655e-01,0.3403,1.6678787470e+00
-0.6260,-0.0007760,0.0000552,0.00010400,0.00000205,-3.5555553436e+00,2.1474745870e-01,0.3413,1.6719189882e+00
-0.6250,-0.0007750,0.0000552,0.00010400,0.00000205,-3.5515151024e+00,2.1474745870e-01,0.3423,1.6678787470e+00
-0.6240,-0.0007750,0.0000551,0.00010400,0.00000205,-3.5515151024e+00,2.1434342861e-01,0.3433,1.6678787470e+00
-0.6230,-0.0007750,0.0000552,0.00010500,0.00000205,-3.5555555820e+00,2.1474745870e-01,0.3443,1.6719192266e+00
-0.6220,-0.0007740,0.0000550,0.00010500,0.00000205,-3.5515151024e+00,2.1393939853e-01,0.3453,1.6678787470e+00
-0.6210,-0.0007720,0.0000551,0.00010500,0.00000204,-3.5434343815e+00,2.1438384056e-01,0.3463,1.6597980261e+00
-0.6200,-0.0007730,0.0000551,0.00010500,0.00000204,-3.5474746227e+00,2.1438384056e-01,0.3473,1.6638382673e+00
-0.6190,-0.0007730,0.0000551,0.00010500,0.00000204,-3.5474746227e+00,2.1438384056e-01,0.3483,1.6638382673e+00
-0.6180,-0.0007730,0.0000551,0.00010500,0.00000203,-3.5474746227e+00,2.1442425251e-01,0.3493,1.6638382673e+00
-0.6170,-0.0007720,0.0000550,0.00010500,0.00000204,-3.5434343815e+00,2.1397979558e-01,0.3503,1.6597980261e+00
-0.6160,-0.0007710,0.0000550,0.00010500,0.00000203,-3.5393939018e+00,2.1402020752e-01,0.3513,1.6557575464e+00
-0.6150,-0.0007710,0.0000550,0.00010500,0.00000203,-3.5393939018e+00,2.1402020752e-01,0.3523,1.6557575464e+00
-0.6140,-0.0007700,0.0000550,0.00010500,0.00000203,-3.5353534222e+00,2.1402020752e-01,0.3533,1.6517170668e+00
-0.6130,-0.0007710,0.0000549,0.00010500,0.00000203,-3.5393939018e+00,2.1361616254e-01,0.3543,1.6557575464e+00
-0.6120,-0.0007690,0.0000549,0.00010500,0.00000203,-3.5313129425e+00,2.1361616254e-01,0.3553,1.6476765871e+00
-0.6110,-0.0007680,0.0000549,0.00010500,0.00000202,-3.5272727013e+00,2.1365657449e-01,0.3563,1.6436363459e+00
-0.6100,-0.0007680,0.0000549,0.00010500,0.00000202,-3.5272727013e+00,2.1365657449e-01,0.3573,1.6436363459e+00
-0.6090,-0.0007680,0.0000548,0.00010500,0.00000202,-3.5272727013e+00,2.1325252950e-01,0.3583,1.6436363459e+00
-0.6080,-0.0007670,0.0000548,0.00010500,0.00000202,-3.5232324600e+00,2.1325252950e-01,0.3593,1.6395961046e+00
-0.6070,-0.0007670,0.0000549,0.00010500,0.00000202,-3.5232324600e+00,2.1365657449e-01,0.3603,1.6395961046e+00
-0.6060,-0.0007660,0.0000549,0.00010500,0.00000201,-3.5191919804e+00,2.1369695663e-01,0.3613,1.6355556250e+00
-0.6050,-0.0007660,0.0000549,0.00010500,0.00000201,-3.5191919804e+00,2.1369695663e-01,0.3623,1.6355556250e+00
-0.6040,-0.0007670,0.0000549,0.00010500,0.00000201,-3.5232324600e+00,2.1369695663e-01,0.3633,1.6395961046e+00
-0.6030,-0.0007670,0.0000549,0.00010500,0.00000201,-3.5232324600e+00,2.1369695663e-01,0.3643,1.6395961046e+00
-0.6020,-0.0007660,0.0000548,0.00010500,0.00000201,-3.5191919804e+00,2.1329292655e-01,0.3653,1.6355556250e+00
-0.6010,-0.0007660,0.0000548,0.00010500,0.00000200,-3.5191919804e+00,2.1333332360e-01,0.3663,1.6355556250e+00
-0.6000,-0.0007640,0.0000548,0.00010500,0.00000200,-3.5111110210e+00,2.1333332360e-01,0.3673,1.6274746656e+00
-0.5990,-0.0007660,0.0000548,0.00010500,0.00000200,-3.5191919804e+00,2.1333332360e-01,0.3683,1.6355556250e+00
-0.5980,-0.0007650,0.0000548,0.00010500,0.00000200,-3.5151515007e+00,2.1333332360e-01,0.3693,1.6315151453e+00
-0.5970,-0.0007650,0.0000548,0.00010500,0.00000200,-3.5151515007e+00,2.1333332360e-01,0.3703,1.6315151453e+00
-0.5960,-0.0007640,0.0000548,0.00010500,0.00000200,-3.5111110210e+00,2.1333332360e-01,0.3713,1.6274746656e+00
-0.5950,-0.0007640,0.0000548,0.00010500,0.00000199,-3.5111110210e+00,2.1337373555e-01,0.3723,1.6274746656e+00
-0.5940,-0.0007630,0.0000547,0.00010500,0.00000199,-3.5070705414e+00,2.1296970546e-01,0.3733,1.6234341860e+00
-0.5930,-0.0007630,0.0000546,0.00010500,0.00000199,-3.5070705414e+00,2.1256566048e-01,0.3743,1.6234341860e+00
-0.5920,-0.0007610,0.0000547,0.00010500,0.00000199,-3.4989898205e+00,2.1296970546e-01,0.3753,1.6153534651e+00
-0.5910,-0.0007620,0.0000547,0.00010500,0.00000198,-3.5030300617e+00,2.1301011741e-01,0.3763,1.6193937063e+00
-0.5900,-0.0007610,0.0000546,0.00010500,0.00000198,-3.4989898205e+00,2.1260607243e-01,0.3773,1.6153534651e+00
-0.5890,-0.0007600,0.0000546,0.00010500,0.00000198,-3.4949495792e+00,2.1260607243e-01,0.3783,1.6113132238e+00
-0.5880,-0.0007610,0.0000547,0.00010500,0.00000198,-3.4989898205e+00,2.1301011741e-01,0.3793,1.6153534651e+00
-0.5870,-0.0007610,0.0000546,0.00010500,0.00000197,-3.4989898205e+00,2.1264645457e-01,0.3803,1.6153534651e+00
-0.5860,-0.0007600,0.0000547,0.00010500,0.00000198,-3.4949495792e+00,2.1301011741e-01,0.3813,1.6113132238e+00
-0.5850,-0.0007600,0.0000546,0.00010500,0.00000197,-3.4949495792e+00,2.1264645457e-01,0.3823,1.6113132238e+00
-0.5840,-0.0007600,0.0000546,0.00010500,0.00000197,-3.4949495792e+00,2.1264645457e-01,0.3833,1.6113132238e+00
-0.5830,-0.0007600,0.0000546,0.00010500,0.00000197,-3.4949495792e+00,2.1264645457e-01,0.3843,1.6113132238e+00
-0.5820,-0.0007590,0.0000547,0.00010500,0.00000197,-3.4909090996e+00,2.1305049956e-01,0.3853,1.6072727442e+00
-0.5810,-0.0007590,0.0000546,0.00010500,0.00000196,-3.4909090996e+00,2.1268686652e-01,0.3863,1.6072727442e+00
-0.5800,-0.0007580,0.0000545,0.00010500,0.00000196,-3.4868686199e+00,2.1228282154e-01,0.3873,1.6032322645e+00
-0.5790,-0.0007580,0.0000546,0.00010500,0.00000196,-3.4868686199e+00,2.1268686652e-01,0.3883,1.6032322645e+00
-0.5780,-0.0007570,0.0000546,0.00010500,0.00000196,-3.4828281403e+00,2.1268686652e-01,0.3893,1.5991917849e+00
-0.5770,-0.0007570,0.0000545,0.00010500,0.00000196,-3.4828281403e+00,2.1228282154e-01,0.3903,1.5991917849e+00
-0.5760,-0.0007560,0.0000546,0.00010500,0.00000196,-3.4787878990e+00,2.1268686652e-01,0.3913,1.5951515436e+00
-0.5750,-0.0007570,0.0000546,0.00010500,0.00000196,-3.4828281403e+00,2.1268686652e-01,0.3923,1.5991917849e+00
-0.5740,-0.0007570,0.0000546,0.00010500,0.00000195,-3.4828281403e+00,2.1272727847e-01,0.3933,1.5991917849e+00
-0.5730,-0.0007560,0.0000546,0.00010500,0.00000195,-3.4787878990e+00,2.1272727847e-01,0.3943,1.5951515436e+00
-0.5720,-0.0007570,0.0000545,0.00010500,0.00000195,-3.4828281403e+00,2.1232323349e-01,0.3953,1.5991917849e+00
-0.5710,-0.0007570,0.0000546,0.00010500,0.00000195,-3.4828281403e+00,2.1272727847e-01,0.3963,1.5991917849e+00
-0.5700,-0.0007560,0.0000546,0.00010500,0.00000195,-3.4787878990e+00,2.1272727847e-01,0.3973,1.5951515436e+00
-0.5690,-0.0007560,0.0000545,0.00010500,0.00000195,-3.4787878990e+00,2.1232323349e-01,0.3983,1.5951515436e+00
-0.5680,-0.0007550,0.0000546,0.00010500,0.00000194,-3.4747474194e+00,2.1276769042e-01,0.3993,1.5911110640e+00
-0.5670,-0.0007550,0.0000546,0.00010500,0.00000194,-3.4747474194e+00,2.1276769042e-01,0.4003,1.5911110640e+00
-0.5660,-0.0007550,0.0000545,0.00010500,0.00000194,-3.4747474194e+00,2.1236364543e-01,0.4013,1.5911110640e+00
-0.5650,-0.0007540,0.0000545,0.00010500,0.00000194,-3.4707069397e+00,2.1236364543e-01,0.4023,1.5870705843e+00
-0.5640,-0.0007550,0.0000545,0.00010500,0.00000194,-3.4747474194e+00,2.1236364543e-01,0.4033,1.5911110640e+00
-0.5630,-0.0007530,0.0000544,0.00010500,0.00000193,-3.4666664600e+00,2.1199999750e-01,0.4043,1.5830301046e+00
-0.5620,-0.0007530,0.0000544,0.00010500,0.00000194,-3.4666664600e+00,2.1195960045e-01,0.4053,1.5830301046e+00
-0.5610,-0.0007520,0.0000544,0.00010500,0.00000193,-3.4626262188e+00,2.1199999750e-01,0.4063,1.5789898634e+00
-0.5600,-0.0007510,0.0000544,0.00010500,0.00000193,-3.4585859776e+00,2.1199999750e-01,0.4073,1.5749496222e+00
-0.5590,-0.0007510,0.0000545,0.00010500,0.00000193,-3.4585859776e+00,2.1240404248e-01,0.4083,1.5749496222e+00
-0.5580,-0.0007510,0.0000545,0.00010500,0.00000193,-3.4585859776e+00,2.1240404248e-01,0.4093,1.5749496222e+00
-0.5570,-0.0007500,0.0000544,0.00010500,0.00000193,-3.4545454979e+00,2.1199999750e-01,0.4103,1.5709091425e+00
-0.5560,-0.0007500,0.0000545,0.00010500,0.00000192,-3.4545454979e+00,2.1244443953e-01,0.4113,1.5709091425e+00
-0.5550,-0.0007500,0.0000545,0.00010500,0.00000192,-3.4545454979e+00,2.1244443953e-01,0.4123,1.5709091425e+00
-0.5540,-0.0007510,0.0000545,0.00010500,0.00000192,-3.4585859776e+00,2.1244443953e-01,0.4133,1.5749496222e+00
-0.5530,-0.0007510,0.0000545,0.00010500,0.00000192,-3.4585859776e+00,2.1244443953e-01,0.4143,1.5749496222e+00
-0.5520,-0.0007520,0.0000545,0.00010500,0.00000192,-3.4626262188e+00,2.1244443953e-01,0.4153,1.5789898634e+00
-0.5510,-0.0007510,0.0000545,0.00010500,0.00000192,-3.4585859776e+00,2.1244443953e-01,0.4163,1.5749496222e+00
-0.5500,-0.0007510,0.0000545,0.00010500,0.00000191,-3.4585859776e+00,2.1248485148e-01,0.4173,1.5749496222e+00
-0.5490,-0.0007490,0.0000544,0.00010500,0.00000191,-3.4505050182e+00,2.1208080649e-01,0.4183,1.5668686628e+00
-0.5480,-0.0007490,0.0000544,0.00010500,0.00000191,-3.4505050182e+00,2.1208080649e-01,0.4193,1.5668686628e+00
-0.5470,-0.0007490,0.0000544,0.00010500,0.00000191,-3.4505050182e+00,2.1208080649e-01,0.4203,1.5668686628e+00
-0.5460,-0.0007480,0.0000545,0.00010500,0.00000191,-3.4464645386e+00,2.1248485148e-01,0.4213,1.5628281832e+00
-0.5450,-0.0007480,0.0000544,0.00010500,0.00000191,-3.4464645386e+00,2.1208080649e-01,0.4223,1.5628281832e+00
-0.5440,-0.0007470,0.0000544,0.00010500,0.00000190,-3.4424240589e+00,2.1212121844e-01,0.4233,1.5587877035e+00
-0.5430,-0.0007470,0.0000544,0.00010500,0.00000191,-3.4424240589e+00,2.1208080649e-01,0.4243,1.5587877035e+00
-0.5420,-0.0007460,0.0000543,0.00010500,0.00000190,-3.4383835793e+00,2.1171717346e-01,0.4253,1.5547472239e+00
-0.5410,-0.0007460,0.0000544,0.00010500,0.00000190,-3.4383835793e+00,2.1212121844e-01,0.4263,1.5547472239e+00
-0.5400,-0.0007450,0.0000544,0.00010500,0.00000190,-3.4343435764e+00,2.1212121844e-01,0.4273,1.5507072210e+00
-0.5390,-0.0007460,0.0000545,0.00010500,0.00000190,-3.4383835793e+00,2.1252524853e-01,0.4283,1.5547472239e+00
-0.5380,-0.0007460,0.0000544,0.00010500,0.00000190,-3.4383835793e+00,2.1212121844e-01,0.4293,1.5547472239e+00
-0.5370,-0.0007450,0.0000544,0.00010500,0.00000190,-3.4343435764e+00,2.1212121844e-01,0.4303,1.5507072210e+00
-0.5360,-0.0007440,0.0000544,0.00010500,0.00000190,-3.4303030968e+00,2.1212121844e-01,0.4313,1.5466667414e+00
-0.5350,-0.0007460,0.0000544,0.00010500,0.00000189,-3.4383835793e+00,2.1216161549e-01,0.4323,1.5547472239e+00
-0.5340,-0.0007450,0.0000544,0.00010500,0.00000189,-3.4343435764e+00,2.1216161549e-01,0.4333,1.5507072210e+00
-0.5330,-0.0007450,0.0000544,0.00010500,0.00000189,-3.4343435764e+00,2.1216161549e-01,0.4343,1.5507072210e+00
-0.5320,-0.0007450,0.0000544,0.00010500,0.00000189,-3.4343435764e+00,2.1216161549e-01,0.4353,1.5507072210e+00
-0.5310,-0.0007440,0.0000544,0.00010500,0.00000189,-3.4303030968e+00,2.1216161549e-01,0.4363,1.5466667414e+00
-0.5300,-0.0007440,0.0000544,0.00010500,0.00000188,-3.4303030968e+00,2.1220202744e-01,0.4373,1.5466667414e+00
-0.5290,-0.0007440,0.0000544,0.00010500,0.00000189,-3.4303030968e+00,2.1216161549e-01,0.4383,1.5466667414e+00
-0.5280,-0.0007430,0.0000543,0.00010500,0.00000188,-3.4262626171e+00,2.1179798245e-01,0.4393,1.5426262617e+00
-0.5270,-0.0007420,0.0000543,0.00010500,0.00000188,-3.4222221375e+00,2.1179798245e-01,0.4403,1.5385857821e+00
-0.5260,-0.0007420,0.0000544,0.00010500,0.00000188,-3.4222221375e+00,2.1220202744e-01,0.4413,1.5385857821e+00
-0.5250,-0.0007410,0.0000543,0.00010500,0.00000188,-3.4181816578e+00,2.1179798245e-01,0.4423,1.5345453024e+00
-0.5240,-0.0007410,0.0000544,0.00010500,0.00000188,-3.4181816578e+00,2.1220202744e-01,0.4433,1.5345453024e+00
-0.5230,-0.0007410,0.0000543,0.00010500,0.00000188,-3.4181816578e+00,2.1179798245e-01,0.4443,1.5345453024e+00
-0.5220,-0.0007410,0.0000543,0.00010500,0.00000187,-3.4181816578e+00,2.1183837950e-01,0.4453,1.5345453024e+00
-0.5210,-0.0007410,0.0000543,0.00010500,0.00000187,-3.4181816578e+00,2.1183837950e-01,0.4463,1.5345453024e+00
-0.5200,-0.0007410,0.0000543,0.00010500,0.00000187,-3.4181816578e+00,2.1183837950e-01,0.4473,1.5345453024e+00
-0.5190,-0.0007390,0.0000543,0.00010500,0.00000187,-3.4101009369e+00,2.1183837950e-01,0.4483,1.5264645815e+00
-0.5180,-0.0007400,0.0000543,0.00010500,0.00000187,-3.4141414165e+00,2.1183837950e-01,0.4493,1.5305050611e+00
-0.5170,-0.0007390,0.0000543,0.00010500,0.00000187,-3.4101009369e+00,2.1183837950e-01,0.4503,1.5264645815e+00
-0.5160,-0.0007400,0.0000542,0.00010500,0.00000187,-3.4141414165e+00,2.1143434942e-01,0.4513,1.5305050611e+00
-0.5150,-0.0007390,0.0000543,0.00010500,0.00000187,-3.4101009369e+00,2.1183837950e-01,0.4523,1.5264645815e+00
-0.5140,-0.0007390,0.0000543,0.00010500,0.00000186,-3.4101009369e+00,2.1187877655e-01,0.4533,1.5264645815e+00
-0.5130,-0.0007380,0.0000543,0.00010500,0.00000186,-3.4060604572e+00,2.1187877655e-01,0.4543,1.5224241018e+00
-0.5120,-0.0007380,0.0000542,0.00010500,0.00000186,-3.4060604572e+00,2.1147474647e-01,0.4553,1.5224241018e+00
-0.5110,-0.0007370,0.0000542,0.00010500,0.00000186,-3.4020202160e+00,2.1147474647e-01,0.4563,1.5183838606e+00
-0.5100,-0.0007370,0.0000542,0.00010500,0.00000186,-3.4020202160e+00,2.1147474647e-01,0.4573,1.5183838606e+00
-0.5090,-0.0007370,0.0000542,0.00010500,0.00000186,-3.4020202160e+00,2.1147474647e-01,0.4583,1.5183838606e+00
-0.5080,-0.0007370,0.0000542,0.00010500,0.00000186,-3.4020202160e+00,2.1147474647e-01,0.4593,1.5183838606e+00
-0.5070,-0.0007370,0.0000542,0.00010500,0.00000186,-3.4020202160e+00,2.1147474647e-01,0.4603,1.5183838606e+00
-0.5060,-0.0007360,0.0000542,0.00010500,0.00000186,-3.3979797363e+00,2.1147474647e-01,0.4613,1.5143433809e+00
-0.5050,-0.0007360,0.0000541,0.00010500,0.00000186,-3.3979797363e+00,2.1107071638e-01,0.4623,1.5143433809e+00
-0.5040,-0.0007350,0.0000541,0.00010500,0.00000185,-3.3939394951e+00,2.1111111343e-01,0.4633,1.5103031397e+00
-0.5030,-0.0007350,0.0000541,0.00010500,0.00000185,-3.3939394951e+00,2.1111111343e-01,0.4643,1.5103031397e+00
-0.5020,-0.0007340,0.0000541,0.00010500,0.00000185,-3.3898990154e+00,2.1111111343e-01,0.4653,1.5062626600e+00
-0.5010,-0.0007340,0.0000541,0.00010500,0.00000185,-3.3898990154e+00,2.1111111343e-01,0.4663,1.5062626600e+00
-0.5000,-0.0007330,0.0000540,0.00010500,0.00000185,-3.3858585358e+00,2.1070706844e-01,0.4673,1.5022221804e+00
-0.4990,-0.0007330,0.0000541,0.00010500,0.00000185,-3.3858585358e+00,2.1111111343e-01,0.4683,1.5022221804e+00
-0.4980,-0.0007330,0.0000541,0.00010500,0.00000185,-3.3858585358e+00,2.1111111343e-01,0.4693,1.5022221804e+00
-0.4970,-0.0007330,0.0000541,0.00010500,0.00000185,-3.3858585358e+00,2.1111111343e-01,0.4703,1.5022221804e+00
-0.4960,-0.0007340,0.0000541,0.00010500,0.00000185,-3.3898990154e+00,2.1111111343e-01,0.4713,1.5062626600e+00
-0.4950,-0.0007340,0.0000540,0.00010500,0.00000184,-3.3898990154e+00,2.1074748039e-01,0.4723,1.5062626600e+00
-0.4940,-0.0007340,0.0000540,0.00010500,0.00000184,-3.3898990154e+00,2.1074748039e-01,0.4733,1.5062626600e+00
-0.4930,-0.0007330,0.0000540,0.00010500,0.00000184,-3.3858585358e+00,2.1074748039e-01,0.4743,1.5022221804e+00
-0.4920,-0.0007330,0.0000540,0.00010500,0.00000184,-3.3858585358e+00,2.1074748039e-01,0.4753,1.5022221804e+00
-0.4910,-0.0007330,0.0000540,0.00010500,0.00000184,-3.3858585358e+00,2.1074748039e-01,0.4763,1.5022221804e+00
-0.4900,-0.0007320,0.0000540,0.00010500,0.00000184,-3.3818180561e+00,2.1074748039e-01,0.4773,1.4981817007e+00
-0.4890,-0.0007330,0.0000539,0.00010500,0.00000183,-3.3858585358e+00,2.1038383245e-01,0.4783,1.5022221804e+00
-0.4880,-0.0007320,0.0000539,0.00010500,0.00000184,-3.3818180561e+00,2.1034343541e-01,0.4793,1.4981817007e+00
-0.4870,-0.0007320,0.0000539,0.00010500,0.00000184,-3.3818180561e+00,2.1034343541e-01,0.4803,1.4981817007e+00
-0.4860,-0.0007310,0.0000538,0.00010500,0.00000184,-3.3777775764e+00,2.0993939042e-01,0.4813,1.4941412210e+00
-0.4850,-0.0007310,0.0000538,0.00010500,0.00000183,-3.3777775764e+00,2.0997978747e-01,0.4823,1.4941412210e+00
-0.4840,-0.0007300,0.0000537,0.00010500,0.00000183,-3.3737373352e+00,2.0957575738e-01,0.4833,1.4901009798e+00
-0.4830,-0.0007310,0.0000539,0.00010500,0.00000183,-3.3777775764e+00,2.1038383245e-01,0.4843,1.4941412210e+00
-0.4820,-0.0007300,0.0000538,0.00010500,0.00000183,-3.3737373352e+00,2.0997978747e-01,0.4853,1.4901009798e+00
-0.4810,-0.0007300,0.0000537,0.00010500,0.00000183,-3.3737373352e+00,2.0957575738e-01,0.4863,1.4901009798e+00
-0.4800,-0.0007300,0.0000537,0.00010500,0.00000183,-3.3737373352e+00,2.0957575738e-01,0.4873,1.4901009798e+00
-0.4790,-0.0007290,0.0000537,0.00010500,0.00000183,-3.3696970940e+00,2.0957575738e-01,0.4883,1.4860607386e+00
-0.4780,-0.0007290,0.0000536,0.00010500,0.00000182,-3.3696970940e+00,2.0921212435e-01,0.4893,1.4860607386e+00
-0.4770,-0.0007290,0.0000536,0.00010500,0.00000182,-3.3696970940e+00,2.0921212435e-01,0.4903,1.4860607386e+00
-0.4760,-0.0007290,0.0000535,0.00010500,0.00000182,-3.3696970940e+00,2.0880807936e-01,0.4913,1.4860607386e+00
-0.4750,-0.0007280,0.0000535,0.00010500,0.00000182,-3.3656566143e+00,2.0880807936e-01,0.4923,1.4820202589e+00
-0.4740,-0.0007280,0.0000534,0.00010500,0.00000182,-3.3656566143e+00,2.0840403438e-01,0.4933,1.4820202589e+00
-0.4730,-0.0007270,0.0000534,0.00010400,0.00000182,-3.3575756550e+00,2.0840403438e-01,0.4943,1.4739392996e+00
-0.4720,-0.0007270,0.0000534,0.00010500,0.00000182,-3.3616161346e+00,2.0840403438e-01,0.4953,1.4779797792e+00
-0.4710,-0.0007260,0.0000533,0.00010500,0.00000182,-3.3575756550e+00,2.0799998939e-01,0.4963,1.4739392996e+00
-0.4700,-0.0007270,0.0000533,0.00010500,0.00000182,-3.3616161346e+00,2.0799998939e-01,0.4973,1.4779797792e+00
-0.4690,-0.0007260,0.0000533,0.00010500,0.00000182,-3.3575756550e+00,2.0799998939e-01,0.4983,1.4739392996e+00
-0.4680,-0.0007260,0.0000532,0.00010400,0.00000181,-3.3535351753e+00,2.0763637125e-01,0.4993,1.4698988199e+00
-0.4670,-0.0007250,0.0000531,0.00010500,0.00000181,-3.3535351753e+00,2.0723232627e-01,0.5003,1.4698988199e+00
-0.4660,-0.0007250,0.0000531,0.00010400,0.00000181,-3.3494949341e+00,2.0723232627e-01,0.5013,1.4658585787e+00
-0.4650,-0.0007240,0.0000530,0.00010400,0.00000181,-3.3454544544e+00,2.0682828128e-01,0.5023,1.4618180990e+00
-0.4640,-0.0007240,0.0000529,0.00010500,0.00000181,-3.3494949341e+00,2.0642423630e-01,0.5033,1.4658585787e+00
-0.4630,-0.0007230,0.0000529,0.00010400,0.00000181,-3.3414139748e+00,2.0642423630e-01,0.5043,1.4577776194e+00
-0.4620,-0.0007230,0.0000529,0.00010400,0.00000180,-3.3414139748e+00,2.0646464825e-01,0.5053,1.4577776194e+00
-0.4610,-0.0007230,0.0000529,0.00010400,0.00000181,-3.3414139748e+00,2.0642423630e-01,0.5063,1.4577776194e+00
-0.4600,-0.0007230,0.0000528,0.00010400,0.00000180,-3.3414139748e+00,2.0606060326e-01,0.5073,1.4577776194e+00
-0.4590,-0.0007220,0.0000526,0.00010400,0.00000181,-3.3373737335e+00,2.0521211624e-01,0.5083,1.4537373781e+00
-0.4580,-0.0007210,0.0000527,0.00010400,0.00000180,-3.3333332539e+00,2.0565657318e-01,0.5093,1.4496968985e+00
-0.4570,-0.0007220,0.0000526,0.00010400,0.00000180,-3.3373737335e+00,2.0525252819e-01,0.5103,1.4537373781e+00
-0.4560,-0.0007210,0.0000526,0.00010400,0.00000181,-3.3333332539e+00,2.0521211624e-01,0.5113,1.4496968985e+00
-0.4550,-0.0007210,0.0000525,0.00010400,0.00000180,-3.3333332539e+00,2.0484848320e-01,0.5123,1.4496968985e+00
-0.4540,-0.0007210,0.0000524,0.00010400,0.00000180,-3.3333332539e+00,2.0444443822e-01,0.5133,1.4496968985e+00
-0.4530,-0.0007200,0.0000524,0.00010400,0.00000180,-3.3292927742e+00,2.0444443822e-01,0.5143,1.4456564188e+00
-0.4520,-0.0007210,0.0000524,0.00010400,0.00000180,-3.3333332539e+00,2.0444443822e-01,0.5153,1.4496968985e+00
-0.4510,-0.0007200,0.0000523,0.00010400,0.00000180,-3.3292927742e+00,2.0404040813e-01,0.5163,1.4456564188e+00
-0.4500,-0.0007210,0.0000522,0.00010400,0.00000180,-3.3333332539e+00,2.0363637805e-01,0.5173,1.4496968985e+00
-0.4490,-0.0007210,0.0000522,0.00010400,0.00000180,-3.3333332539e+00,2.0363637805e-01,0.5183,1.4496968985e+00
-0.4480,-0.0007200,0.0000521,0.00010400,0.00000179,-3.3292927742e+00,2.0327273011e-01,0.5193,1.4456564188e+00
-0.4470,-0.0007210,0.0000521,0.00010400,0.00000179,-3.3333332539e+00,2.0327273011e-01,0.5203,1.4496968985e+00
-0.4460,-0.0007210,0.0000519,0.00010400,0.00000179,-3.3333332539e+00,2.0246465504e-01,0.5213,1.4496968985e+00
-0.4450,-0.0007210,0.0000519,0.00010400,0.00000179,-3.3333332539e+00,2.0246465504e-01,0.5223,1.4496968985e+00
-0.4440,-0.0007210,0.0000519,0.00010400,0.00000179,-3.3333332539e+00,2.0246465504e-01,0.5233,1.4496968985e+00
-0.4430,-0.0007210,0.0000517,0.00010400,0.00000179,-3.3333332539e+00,2.0165657997e-01,0.5243,1.4496968985e+00
-0.4420,-0.0007200,0.0000516,0.00010400,0.00000179,-3.3292927742e+00,2.0125253499e-01,0.5253,1.4456564188e+00
-0.4410,-0.0007200,0.0000516,0.00010400,0.00000179,-3.3292927742e+00,2.0125253499e-01,0.5263,1.4456564188e+00
-0.4400,-0.0007190,0.0000515,0.00010400,0.00000179,-3.3252525330e+00,2.0084849000e-01,0.5273,1.4416161776e+00
-0.4390,-0.0007190,0.0000514,0.00010400,0.00000179,-3.3252525330e+00,2.0044444501e-01,0.5283,1.4416161776e+00
-0.4380,-0.0007180,0.0000514,0.00010400,0.00000178,-3.3212120533e+00,2.0048484206e-01,0.5293,1.4375756979e+00
-0.4370,-0.0007180,0.0000512,0.00010400,0.00000179,-3.3212120533e+00,1.9963636994e-01,0.5303,1.4375756979e+00
-0.4360,-0.0007180,0.0000512,0.00010400,0.00000178,-3.3212120533e+00,1.9967676699e-01,0.5313,1.4375756979e+00
-0.4350,-0.0007180,0.0000511,0.00010400,0.00000178,-3.3212120533e+00,1.9927272201e-01,0.5323,1.4375756979e+00
-0.4340,-0.0007180,0.0000509,0.00010400,0.00000178,-3.3212120533e+00,1.9846463203e-01,0.5333,1.4375756979e+00
-0.4330,-0.0007170,0.0000509,0.00010400,0.00000178,-3.3171715736e+00,1.9846463203e-01,0.5343,1.4335352182e+00
-0.4320,-0.0007170,0.0000508,0.00010400,0.00000178,-3.3171715736e+00,1.9806060195e-01,0.5353,1.4335352182e+00
-0.4310,-0.0007170,0.0000507,0.00010400,0.00000178,-3.3171715736e+00,1.9765655696e-01,0.5363,1.4335352182e+00
-0.4300,-0.0007170,0.0000506,0.00010400,0.00000178,-3.3171715736e+00,1.9725252688e-01,0.5373,1.4335352182e+00
-0.4290,-0.0007160,0.0000505,0.00010400,0.00000178,-3.3131310940e+00,1.9684848189e-01,0.5383,1.4294947386e+00
-0.4280,-0.0007160,0.0000503,0.00010400,0.00000178,-3.3131310940e+00,1.9604040682e-01,0.5393,1.4294947386e+00
-0.4270,-0.0007150,0.0000503,0.00010400,0.00000177,-3.3090906143e+00,1.9608080387e-01,0.5403,1.4254542589e+00
-0.4260,-0.0007150,0.0000502,0.00010400,0.00000178,-3.3090906143e+00,1.9563636184e-01,0.5413,1.4254542589e+00
-0.4250,-0.0007150,0.0000501,0.00010400,0.00000177,-3.3090906143e+00,1.9527272880e-01,0.5423,1.4254542589e+00
-0.4240,-0.0007140,0.0000500,0.00010400,0.00000177,-3.3050506115e+00,1.9486868382e-01,0.5433,1.4214142561e+00
-0.4230,-0.0007150,0.0000499,0.00010400,0.00000177,-3.3090906143e+00,1.9446465373e-01,0.5443,1.4254542589e+00
-0.4220,-0.0007140,0.0000497,0.00010300,0.00000177,-3.3010103703e+00,1.9365656376e-01,0.5453,1.4173740149e+00
-0.4210,-0.0007150,0.0000496,0.00010300,0.00000178,-3.3050503731e+00,1.9321212173e-01,0.5463,1.4214140177e+00
-0.4200,-0.0007150,0.0000495,0.00010300,0.00000177,-3.3050503731e+00,1.9284847379e-01,0.5473,1.4214140177e+00
-0.4190,-0.0007140,0.0000494,0.00010300,0.00000177,-3.3010103703e+00,1.9244444370e-01,0.5483,1.4173740149e+00
-0.4180,-0.0007130,0.0000493,0.00010300,0.00000177,-3.2969698906e+00,1.9204039872e-01,0.5493,1.4133335352e+00
-0.4170,-0.0007130,0.0000491,0.00010300,0.00000176,-3.2969698906e+00,1.9127272069e-01,0.5503,1.4133335352e+00
-0.4160,-0.0007130,0.0000490,0.00010300,0.00000177,-3.2969698906e+00,1.9082827866e-01,0.5513,1.4133335352e+00
-0.4150,-0.0007120,0.0000489,0.00010300,0.00000177,-3.2929294109e+00,1.9042424858e-01,0.5523,1.4092930555e+00
-0.4140,-0.0007130,0.0000488,0.00010300,0.00000176,-3.2969698906e+00,1.9006061554e-01,0.5533,1.4133335352e+00
-0.4130,-0.0007120,0.0000487,0.00010300,0.00000176,-3.2929294109e+00,1.8965657055e-01,0.5543,1.4092930555e+00
-0.4120,-0.0007130,0.0000485,0.00010300,0.00000176,-3.2969698906e+00,1.8884848058e-01,0.5553,1.4133335352e+00
-0.4110,-0.0007120,0.0000483,0.00010300,0.00000176,-3.2929294109e+00,1.8804040551e-01,0.5563,1.4092930555e+00
-0.4100,-0.0007100,0.0000482,0.00010300,0.00000176,-3.2848486900e+00,1.8763636053e-01,0.5573,1.4012123346e+00
-0.4090,-0.0007100,0.0000480,0.00010400,0.00000176,-3.2888886929e+00,1.8682828546e-01,0.5583,1.4052523375e+00
-0.4080,-0.0007110,0.0000480,0.00010300,0.00000176,-3.2888889313e+00,1.8682828546e-01,0.5593,1.4052525759e+00
-0.4070,-0.0007100,0.0000477,0.00010300,0.00000176,-3.2848486900e+00,1.8561616540e-01,0.5603,1.4012123346e+00
-0.4060,-0.0007090,0.0000476,0.00010300,0.00000176,-3.2808082104e+00,1.8521212041e-01,0.5613,1.3971718550e+00
-0.4050,-0.0007100,0.0000475,0.00010300,0.00000176,-3.2848486900e+00,1.8480809033e-01,0.5623,1.4012123346e+00
-0.4040,-0.0007100,0.0000474,0.00010300,0.00000176,-3.2848486900e+00,1.8440404534e-01,0.5633,1.4012123346e+00
-0.4030,-0.0007090,0.0000472,0.00010300,0.00000175,-3.2808082104e+00,1.8363636732e-01,0.5643,1.3971718550e+00
-0.4020,-0.0007100,0.0000470,0.00010300,0.00000176,-3.2848486900e+00,1.8278788030e-01,0.5653,1.4012123346e+00
-0.4010,-0.0007080,0.0000468,0.00010300,0.00000175,-3.2767677307e+00,1.8202020228e-01,0.5663,1.3931313753e+00
-0.4000,-0.0007090,0.0000467,0.00010300,0.00000175,-3.2808082104e+00,1.8161615729e-01,0.5673,1.3971718550e+00
-0.3990,-0.0007080,0.0000465,0.00010300,0.00000175,-3.2767677307e+00,1.8080809712e-01,0.5683,1.3931313753e+00
-0.3980,-0.0007080,0.0000464,0.00010300,0.00000175,-3.2767677307e+00,1.8040405214e-01,0.5693,1.3931313753e+00
-0.3970,-0.0007080,0.0000462,0.00010300,0.00000176,-3.2767677307e+00,1.7955555022e-01,0.5703,1.3931313753e+00
-0.3960,-0.0007070,0.0000460,0.00010300,0.00000175,-3.2727272511e+00,1.7878788710e-01,0.5713,1.3890908957e+00
-0.3950,-0.0007070,0.0000459,0.00010300,0.00000175,-3.2727272511e+00,1.7838384211e-01,0.5723,1.3890908957e+00
-0.3940,-0.0007060,0.0000457,0.00010300,0.00000175,-3.2686867714e+00,1.7757575214e-01,0.5733,1.3850504160e+00
-0.3930,-0.0007050,0.0000455,0.00010300,0.00000175,-3.2646462917e+00,1.7676769197e-01,0.5743,1.3810099363e+00
-0.3920,-0.0007050,0.0000453,0.00010300,0.00000175,-3.2646462917e+00,1.7595960200e-01,0.5753,1.3810099363e+00
-0.3910,-0.0007040,0.0000452,0.00010300,0.00000175,-3.2606060505e+00,1.7555555701e-01,0.5763,1.3769696951e+00
-0.3900,-0.0007050,0.0000450,0.00010300,0.00000175,-3.2646462917e+00,1.7474748194e-01,0.5773,1.3810099363e+00
-0.3890,-0.0007040,0.0000448,0.00010300,0.00000175,-3.2606060505e+00,1.7393939197e-01,0.5783,1.3769696951e+00
-0.3880,-0.0007050,0.0000446,0.00010300,0.00000174,-3.2646462917e+00,1.7317171395e-01,0.5793,1.3810099363e+00
-0.3870,-0.0007040,0.0000445,0.00010300,0.00000174,-3.2606060505e+00,1.7276766896e-01,0.5803,1.3769696951e+00
-0.3860,-0.0007050,0.0000443,0.00010300,0.00000174,-3.2646462917e+00,1.7195957899e-01,0.5813,1.3810099363e+00
-0.3850,-0.0007050,0.0000442,0.00010300,0.00000174,-3.2646462917e+00,1.7155554891e-01,0.5823,1.3810099363e+00
-0.3840,-0.0007040,0.0000438,0.00010300,0.00000174,-3.2606060505e+00,1.6993938386e-01,0.5833,1.3769696951e+00
-0.3830,-0.0007040,0.0000437,0.00010300,0.00000174,-3.2606060505e+00,1.6953535378e-01,0.5843,1.3769696951e+00
-0.3820,-0.0007040,0.0000435,0.00010200,0.00000174,-3.2565658092e+00,1.6872726381e-01,0.5853,1.3729294538e+00
-0.3810,-0.0007020,0.0000433,0.00010200,0.00000174,-3.2484848499e+00,1.6791917384e-01,0.5863,1.3648484945e+00
-0.3800,-0.0007020,0.0000431,0.00010200,0.00000174,-3.2484848499e+00,1.6711111367e-01,0.5873,1.3648484945e+00
-0.3790,-0.0007020,0.0000429,0.00010200,0.00000173,-3.2484848499e+00,1.6634343565e-01,0.5883,1.3648484945e+00
-0.3780,-0.0007010,0.0000427,0.00010200,0.00000174,-3.2444443703e+00,1.6549494863e-01,0.5893,1.3608080149e+00
-0.3770,-0.0007010,0.0000425,0.00010200,0.00000173,-3.2444443703e+00,1.6472727060e-01,0.5903,1.3608080149e+00
-0.3760,-0.0007010,0.0000423,0.00010200,0.00000173,-3.2444443703e+00,1.6391918063e-01,0.5913,1.3608080149e+00
-0.3750,-0.0007000,0.0000421,0.00010200,0.00000173,-3.2404041290e+00,1.6311110556e-01,0.5923,1.3567677736e+00
-0.3740,-0.0007000,0.0000419,0.00010200,0.00000173,-3.2404041290e+00,1.6230303049e-01,0.5933,1.3567677736e+00
-0.3730,-0.0006990,0.0000417,0.00010200,0.00000173,-3.2363638878e+00,1.6149495542e-01,0.5943,1.3527275324e+00
-0.3720,-0.0006990,0.0000414,0.00010200,0.00000173,-3.2363638878e+00,1.6028282046e-01,0.5953,1.3527275324e+00
-0.3710,-0.0006990,0.0000412,0.00010200,0.00000173,-3.2363638878e+00,1.5947474539e-01,0.5963,1.3527275324e+00
-0.3700,-0.0006980,0.0000410,0.00010200,0.00000173,-3.2323234081e+00,1.5866665542e-01,0.5973,1.3486870527e+00
-0.3690,-0.0006970,0.0000408,0.00010200,0.00000173,-3.2282829285e+00,1.5785859525e-01,0.5983,1.3446465731e+00
-0.3680,-0.0006970,0.0000406,0.00010200,0.00000173,-3.2282829285e+00,1.5705050528e-01,0.5993,1.3446465731e+00
-0.3670,-0.0006970,0.0000404,0.00010200,0.00000172,-3.2282829285e+00,1.5628282726e-01,0.6003,1.3446465731e+00
-0.3660,-0.0006960,0.0000401,0.00010200,0.00000172,-3.2242424488e+00,1.5507070720e-01,0.6013,1.3406060934e+00
-0.3650,-0.0006960,0.0000399,0.00010200,0.00000172,-3.2242424488e+00,1.5426261723e-01,0.6023,1.3406060934e+00
-0.3640,-0.0006950,0.0000397,0.00010200,0.00000172,-3.2202022076e+00,1.5345454216e-01,0.6033,1.3365658522e+00
-0.3630,-0.0006950,0.0000394,0.00010200,0.00000172,-3.2202022076e+00,1.5224243701e-01,0.6043,1.3365658522e+00
-0.3620,-0.0006950,0.0000393,0.00010200,0.00000172,-3.2202022076e+00,1.5183839202e-01,0.6053,1.3365658522e+00
-0.3610,-0.0006940,0.0000390,0.00010200,0.00000172,-3.2161617279e+00,1.5062625706e-01,0.6063,1.3325253725e+00
-0.3600,-0.0006930,0.0000387,0.00010200,0.00000172,-3.2121212482e+00,1.4941413701e-01,0.6073,1.3284848928e+00
-0.3590,-0.0006930,0.0000385,0.00010200,0.00000172,-3.2121212482e+00,1.4860606194e-01,0.6083,1.3284848928e+00
-0.3580,-0.0006910,0.0000383,0.00010200,0.00000172,-3.2040405273e+00,1.4779798687e-01,0.6093,1.3204041719e+00
-0.3570,-0.0006920,0.0000381,0.00010200,0.00000171,-3.2080807686e+00,1.4703030884e-01,0.6103,1.3244444132e+00
-0.3560,-0.0006910,0.0000378,0.00010200,0.00000172,-3.2040405273e+00,1.4577777684e-01,0.6113,1.3204041719e+00
-0.3550,-0.0006910,0.0000376,0.00010200,0.00000171,-3.2040405273e+00,1.4501009881e-01,0.6123,1.3204041719e+00
-0.3540,-0.0006900,0.0000374,0.00010100,0.00000171,-3.1959598064e+00,1.4420202374e-01,0.6133,1.3123234510e+00
-0.3530,-0.0006900,0.0000371,0.00010200,0.00000171,-3.2000000477e+00,1.4298990369e-01,0.6143,1.3163636923e+00
-0.3520,-0.0006890,0.0000369,0.00010200,0.00000171,-3.1959598064e+00,1.4218182862e-01,0.6153,1.3123234510e+00
-0.3510,-0.0006890,0.0000367,0.00010200,0.00000171,-3.1959598064e+00,1.4137373865e-01,0.6163,1.3123234510e+00
-0.3500,-0.0006890,0.0000365,0.00010100,0.00000171,-3.1919193268e+00,1.4056566358e-01,0.6173,1.3082829714e+00
-0.3490,-0.0006890,0.0000361,0.00010200,0.00000171,-3.1959598064e+00,1.3894949853e-01,0.6183,1.3123234510e+00
-0.3480,-0.0006880,0.0000359,0.00010100,0.00000170,-3.1878788471e+00,1.3818182051e-01,0.6193,1.3042424917e+00
-0.3470,-0.0006880,0.0000357,0.00010100,0.00000170,-3.1878788471e+00,1.3737374544e-01,0.6203,1.3042424917e+00
-0.3460,-0.0006860,0.0000354,0.00010100,0.00000170,-3.1797978878e+00,1.3616162539e-01,0.6213,1.2961615324e+00
-0.3450,-0.0006860,0.0000352,0.00010100,0.00000170,-3.1797978878e+00,1.3535353541e-01,0.6223,1.2961615324e+00
-0.3440,-0.0006860,0.0000350,0.00010100,0.00000170,-3.1797978878e+00,1.3454546034e-01,0.6233,1.2961615324e+00
-0.3430,-0.0006850,0.0000347,0.00010100,0.00000170,-3.1757576466e+00,1.3333334029e-01,0.6243,1.2921212912e+00
-0.3420,-0.0006840,0.0000344,0.00010100,0.00000170,-3.1717174053e+00,1.3212122023e-01,0.6253,1.2880810499e+00
-0.3410,-0.0006840,0.0000342,0.00010100,0.00000170,-3.1717174053e+00,1.3131313026e-01,0.6263,1.2880810499e+00
-0.3400,-0.0006830,0.0000340,0.00010100,0.00000170,-3.1676769257e+00,1.3050505519e-01,0.6273,1.2840405703e+00
-0.3390,-0.0006820,0.0000337,0.00010100,0.00000170,-3.1636364460e+00,1.2929293513e-01,0.6283,1.2800000906e+00
-0.3380,-0.0006820,0.0000335,0.00010100,0.00000170,-3.1636364460e+00,1.2848486006e-01,0.6293,1.2800000906e+00
-0.3370,-0.0006820,0.0000332,0.00010100,0.00000170,-3.1636364460e+00,1.2727274001e-01,0.6303,1.2800000906e+00
-0.3360,-0.0006800,0.0000330,0.00010100,0.00000169,-3.1555554867e+00,1.2650504708e-01,0.6313,1.2719191313e+00
-0.3350,-0.0006800,0.0000327,0.00010100,0.00000169,-3.1555554867e+00,1.2529292703e-01,0.6323,1.2719191313e+00
-0.3340,-0.0006800,0.0000325,0.00010100,0.00000169,-3.1555554867e+00,1.2448484451e-01,0.6333,1.2719191313e+00
-0.3330,-0.0006780,0.0000322,0.00010100,0.00000170,-3.1474747658e+00,1.2323232740e-01,0.6343,1.2638384104e+00
-0.3320,-0.0006780,0.0000320,0.00010100,0.00000169,-3.1474747658e+00,1.2246464938e-01,0.6353,1.2638384104e+00
-0.3310,-0.0006770,0.0000318,0.00010100,0.00000169,-3.1434342861e+00,1.2165655941e-01,0.6363,1.2597979307e+00
-0.3300,-0.0006770,0.0000315,0.00010100,0.00000169,-3.1434342861e+00,1.2044444680e-01,0.6373,1.2597979307e+00
-0.3290,-0.0006760,0.0000313,0.00010100,0.00000169,-3.1393940449e+00,1.1963635683e-01,0.6383,1.2557576895e+00
-0.3280,-0.0006760,0.0000310,0.00010100,0.00000169,-3.1393940449e+00,1.1842424423e-01,0.6393,1.2557576895e+00
-0.3270,-0.0006740,0.0000308,0.00010100,0.00000168,-3.1313133240e+00,1.1765657365e-01,0.6403,1.2476769686e+00
-0.3260,-0.0006730,0.0000305,0.00010100,0.00000169,-3.1272728443e+00,1.1640404165e-01,0.6413,1.2436364889e+00
-0.3250,-0.0006730,0.0000303,0.00010100,0.00000169,-3.1272728443e+00,1.1559595913e-01,0.6423,1.2436364889e+00
-0.3240,-0.0006720,0.0000300,0.00010100,0.00000168,-3.1232323647e+00,1.1442423612e-01,0.6433,1.2395960093e+00
-0.3230,-0.0006710,0.0000298,0.00010100,0.00000168,-3.1191918850e+00,1.1361616105e-01,0.6443,1.2355555296e+00
-0.3220,-0.0006710,0.0000296,0.00010100,0.00000168,-3.1191918850e+00,1.1280807853e-01,0.6453,1.2355555296e+00
-0.3210,-0.0006700,0.0000293,0.00010000,0.00000168,-3.1111111641e+00,1.1159595847e-01,0.6463,1.2274748087e+00
-0.3200,-0.0006690,0.0000291,0.00010100,0.00000168,-3.1111111641e+00,1.1078787595e-01,0.6473,1.2274748087e+00
-0.3190,-0.0006690,0.0000288,0.00010000,0.00000168,-3.1070706844e+00,1.0957575589e-01,0.6483,1.2234343290e+00
-0.3180,-0.0006680,0.0000286,0.00010000,0.00000168,-3.1030304432e+00,1.0876767337e-01,0.6493,1.2193940878e+00
-0.3170,-0.0006670,0.0000283,0.00010000,0.00000168,-3.0989899635e+00,1.0755556077e-01,0.6503,1.2153536081e+00
-0.3160,-0.0006660,0.0000281,0.00010000,0.00000168,-3.0949494839e+00,1.0674747080e-01,0.6513,1.2113131285e+00
-0.3150,-0.0006650,0.0000278,0.00010000,0.00000168,-3.0909090042e+00,1.0553535819e-01,0.6523,1.2072726488e+00
-0.3140,-0.0006650,0.0000276,0.00010000,0.00000167,-3.0909090042e+00,1.0476767272e-01,0.6533,1.2072726488e+00
-0.3130,-0.0006630,0.0000274,0.00010000,0.00000168,-3.0828282833e+00,1.0391918570e-01,0.6543,1.1991919279e+00
-0.3120,-0.0006620,0.0000271,0.00010000,0.00000168,-3.0787878036e+00,1.0270707309e-01,0.6553,1.1951514482e+00
-0.3110,-0.0006610,0.0000269,0.00010000,0.00000167,-3.0747475624e+00,1.0193939507e-01,0.6563,1.1911112070e+00
-0.3100,-0.0006600,0.0000267,0.00010000,0.00000167,-3.0707070827e+00,1.0113131255e-01,0.6573,1.1870707273e+00
-0.3090,-0.0006600,0.0000264,0.00010000,0.00000168,-3.0707070827e+00,9.9878780544e-02,0.6583,1.1870707273e+00
-0.3080,-0.0006590,0.0000262,0.00010000,0.00000167,-3.0666668415e+00,9.9111109972e-02,0.6593,1.1830304861e+00
-0.3070,-0.0006570,0.0000260,0.00010000,0.00000167,-3.0585858822e+00,9.8303027451e-02,0.6603,1.1749495268e+00
-0.3060,-0.0006570,0.0000257,0.00010000,0.00000167,-3.0585858822e+00,9.7090907395e-02,0.6613,1.1749495268e+00
-0.3050,-0.0006560,0.0000255,0.00010000,0.00000167,-3.0545454025e+00,9.6282824874e-02,0.6623,1.1709090471e+00
-0.3040,-0.0006550,0.0000253,0.00010000,0.00000167,-3.0505049229e+00,9.5474749804e-02,0.6633,1.1668685675e+00
-0.3030,-0.0006550,0.0000251,0.00010000,0.00000167,-3.0505049229e+00,9.4666667283e-02,0.6643,1.1668685675e+00
-0.3020,-0.0006540,0.0000248,0.00009990,0.00000167,-3.0460605621e+00,9.3454547226e-02,0.6653,1.1624242067e+00
-0.3010,-0.0006530,0.0000246,0.00009990,0.00000167,-3.0420203209e+00,9.2646464705e-02,0.6663,1.1583839655e+00
-0.3000,-0.0006510,0.0000244,0.00009990,0.00000167,-3.0339393616e+00,9.1838389635e-02,0.6673,1.1503030062e+00
-0.2990,-0.0006500,0.0000241,0.00009970,0.00000166,-3.0290908813e+00,9.0666666627e-02,0.6683,1.1454545259e+00
-0.2980,-0.0006490,0.0000239,0.00009980,0.00000167,-3.0254545212e+00,8.9818187058e-02,0.6693,1.1418181658e+00
-0.2970,-0.0006480,0.0000237,0.00009980,0.00000166,-3.0214140415e+00,8.9050501585e-02,0.6703,1.1377776861e+00
-0.2960,-0.0006480,0.0000235,0.00009970,0.00000166,-3.0210101604e+00,8.8242426515e-02,0.6713,1.1373738050e+00
-0.2950,-0.0006460,0.0000233,0.00009970,0.00000166,-3.0129292011e+00,8.7434336543e-02,0.6723,1.1292928457e+00
-0.2940,-0.0006450,0.0000231,0.00009980,0.00000166,-3.0092930794e+00,8.6626261473e-02,0.6733,1.1256567240e+00
-0.2930,-0.0006440,0.0000228,0.00009970,0.00000166,-3.0048484802e+00,8.5414141417e-02,0.6743,1.1212121248e+00
-0.2920,-0.0006430,0.0000226,0.00009960,0.00000166,-3.0004041195e+00,8.4606058896e-02,0.6753,1.1167677641e+00
-0.2910,-0.0006420,0.0000224,0.00009960,0.00000166,-2.9963636398e+00,8.3797976375e-02,0.6763,1.1127272844e+00
-0.2900,-0.0006410,0.0000222,0.00009960,0.00000166,-2.9923231602e+00,8.2989893854e-02,0.6773,1.1086868048e+00
-0.2890,-0.0006390,0.0000220,0.00009950,0.00000166,-2.9838383198e+00,8.2181818783e-02,0.6783,1.1002019644e+00
-0.2880,-0.0006390,0.0000218,0.00009950,0.00000165,-2.9838383198e+00,8.1414140761e-02,0.6793,1.1002019644e+00
-0.2870,-0.0006380,0.0000216,0.00009950,0.00000166,-2.9797980785e+00,8.0565653741e-02,0.6803,1.0961617231e+00
-0.2860,-0.0006370,0.0000214,0.00009940,0.00000166,-2.9753537178e+00,7.9757571220e-02,0.6813,1.0917173624e+00
-0.2850,-0.0006360,0.0000212,0.00009930,0.00000165,-2.9709091187e+00,7.8989900649e-02,0.6823,1.0872727633e+00
-0.2840,-0.0006340,0.0000210,0.00009940,0.00000166,-2.9632322788e+00,7.8141413629e-02,0.6833,1.0795959234e+00
-0.2830,-0.0006330,0.0000208,0.00009930,0.00000165,-2.9587879181e+00,7.7373735607e-02,0.6843,1.0751515627e+00
-0.2820,-0.0006320,0.0000206,0.00009930,0.00000165,-2.9547474384e+00,7.6565660536e-02,0.6853,1.0711110830e+00
-0.2810,-0.0006310,0.0000204,0.00009930,0.00000165,-2.9507069588e+00,7.5757578015e-02,0.6863,1.0670706034e+00
-0.2800,-0.0006300,0.0000202,0.00009920,0.00000165,-2.9462628365e+00,7.4949495494e-02,0.6873,1.0626264811e+00
-0.2790,-0.0006290,0.0000200,0.00009920,0.00000165,-2.9422223568e+00,7.4141412973e-02,0.6883,1.0585860014e+00
-0.2780,-0.0006270,0.0000198,0.00009910,0.00000164,-2.9337372780e+00,7.3373734951e-02,0.6893,1.0501009226e+00
-0.2770,-0.0006260,0.0000196,0.00009920,0.00000165,-2.9301009178e+00,7.2525255382e-02,0.6903,1.0464645624e+00
-0.2760,-0.0006250,0.0000194,0.00009920,0.00000165,-2.9260604382e+00,7.1717172861e-02,0.6913,1.0424240828e+00
-0.2750,-0.0006220,0.0000192,0.00009900,0.00000164,-2.9131314754e+00,7.0949494839e-02,0.6923,1.0294951200e+00
-0.2740,-0.0006220,0.0000190,0.00009910,0.00000164,-2.9135353565e+00,7.0141404867e-02,0.6933,1.0298990011e+00
-0.2730,-0.0006200,0.0000189,0.00009890,0.00000165,-2.9046463966e+00,6.9696970284e-02,0.6943,1.0210100412e+00
-0.2720,-0.0006190,0.0000187,0.00009900,0.00000165,-2.9010100365e+00,6.8888895214e-02,0.6953,1.0173736811e+00
-0.2710,-0.0006180,0.0000185,0.00009900,0.00000164,-2.8969695568e+00,6.8121209741e-02,0.6963,1.0133332014e+00
-0.2700,-0.0006160,0.0000183,0.00009900,0.00000164,-2.8888888359e+00,6.7313127220e-02,0.6973,1.0052524805e+00
-0.2690,-0.0006150,0.0000181,0.00009890,0.00000164,-2.8844444752e+00,6.6505044699e-02,0.6983,1.0008081198e+00
-0.2680,-0.0006130,0.0000179,0.00009900,0.00000164,-2.8767676353e+00,6.5696969628e-02,0.6993,9.9313127995e-01
-0.2670,-0.0006120,0.0000178,0.00009880,0.00000164,-2.8719191551e+00,6.5292924643e-02,0.7003,9.8828279972e-01
-0.2660,-0.0006110,0.0000176,0.00009890,0.00000164,-2.8682827950e+00,6.4484842122e-02,0.7013,9.8464643955e-01
-0.2650,-0.0006100,0.0000174,0.00009880,0.00000164,-2.8638384342e+00,6.3676759601e-02,0.7023,9.8020207882e-01
-0.2640,-0.0006080,0.0000172,0.00009880,0.00000164,-2.8557574749e+00,6.2868684530e-02,0.7033,9.7212111950e-01
-0.2630,-0.0006070,0.0000171,0.00009890,0.00000164,-2.8521213531e+00,6.2464639544e-02,0.7043,9.6848499775e-01
-0.2620,-0.0006050,0.0000169,0.00009880,0.00000164,-2.8436362743e+00,6.1656560749e-02,0.7053,9.5999991894e-01
-0.2610,-0.0006040,0.0000167,0.00009880,0.00000164,-2.8395960331e+00,6.0848485678e-02,0.7063,9.5595967770e-01
-0.2600,-0.0006020,0.0000165,0.00009870,0.00000164,-2.8311109543e+00,6.0040403157e-02,0.7073,9.4747459888e-01
-0.2590,-0.0006000,0.0000164,0.00009870,0.00000164,-2.8230304718e+00,5.9636361897e-02,0.7083,9.3939411640e-01
-0.2580,-0.0005980,0.0000162,0.00009860,0.00000164,-2.8145453930e+00,5.8828283101e-02,0.7093,9.3090903759e-01
-0.2570,-0.0005970,0.0000160,0.00009860,0.00000163,-2.8105051517e+00,5.8060605079e-02,0.7103,9.2686879635e-01
-0.2560,-0.0005950,0.0000159,0.00009860,0.00000163,-2.8024241924e+00,5.7656563818e-02,0.7113,9.1878783703e-01
-0.2550,-0.0005940,0.0000157,0.00009860,0.00000163,-2.7983837128e+00,5.6848481297e-02,0.7123,9.1474735737e-01
-0.2540,-0.0005920,0.0000155,0.00009840,0.00000163,-2.7894949913e+00,5.6040402502e-02,0.7133,9.0585863590e-01
-0.2530,-0.0005900,0.0000154,0.00009850,0.00000163,-2.7818181515e+00,5.5636368692e-02,0.7143,8.9818179607e-01
-0.2520,-0.0005880,0.0000152,0.00009850,0.00000163,-2.7737374306e+00,5.4828282446e-02,0.7153,8.9010107517e-01
-0.2510,-0.0005870,0.0000150,0.00009850,0.00000163,-2.7696969509e+00,5.4020199925e-02,0.7163,8.8606059551e-01
-0.2500,-0.0005850,0.0000149,0.00009840,0.00000163,-2.7612118721e+00,5.3616162390e-02,0.7173,8.7757551670e-01
-0.2490,-0.0005830,0.0000147,0.00009850,0.00000163,-2.7535355091e+00,5.2808079869e-02,0.7183,8.6989915371e-01
-0.2480,-0.0005810,0.0000146,0.00009840,0.00000163,-2.7450504303e+00,5.2404042333e-02,0.7193,8.6141407490e-01
-0.2470,-0.0005800,0.0000144,0.00009830,0.00000163,-2.7406060696e+00,5.1595959812e-02,0.7203,8.5696971416e-01
-0.2460,-0.0005780,0.0000143,0.00009840,0.00000163,-2.7329292297e+00,5.1191918552e-02,0.7213,8.4929287434e-01
-0.2450,-0.0005760,0.0000141,0.00009830,0.00000163,-2.7244443893e+00,5.0383839756e-02,0.7223,8.4080803394e-01
-0.2440,-0.0005750,0.0000139,0.00009830,0.00000163,-2.7204041481e+00,4.9575757235e-02,0.7233,8.3676779270e-01
-0.2430,-0.0005730,0.0000138,0.00009830,0.00000162,-2.7123231888e+00,4.9212120473e-02,0.7243,8.2868683338e-01
-0.2420,-0.0005720,0.0000136,0.00009840,0.00000163,-2.7086868286e+00,4.8363637179e-02,0.7253,8.2505047321e-01
-0.2410,-0.0005690,0.0000134,0.00009830,0.00000163,-2.6961617470e+00,4.7555554658e-02,0.7263,8.1252539158e-01
-0.2400,-0.0005670,0.0000133,0.00009810,0.00000162,-2.6872727871e+00,4.7191921622e-02,0.7273,8.0363643169e-01
-0.2390,-0.0005640,0.0000132,0.00009810,0.00000162,-2.6751513481e+00,4.6787876636e-02,0.7283,7.9151499271e-01
-0.2380,-0.0005630,0.0000130,0.00009810,0.00000162,-2.6711111069e+00,4.5979797840e-02,0.7293,7.8747475147e-01
-0.2370,-0.0005610,0.0000129,0.00009820,0.00000163,-2.6634345055e+00,4.5535352081e-02,0.7303,7.7979815006e-01
-0.2360,-0.0005590,0.0000127,0.00009820,0.00000162,-2.6553535461e+00,4.4767677784e-02,0.7313,7.7171719074e-01
-0.2350,-0.0005570,0.0000126,0.00009800,0.00000163,-2.6464645863e+00,4.4323235750e-02,0.7323,7.6282823086e-01
-0.2340,-0.0005540,0.0000124,0.00009810,0.00000162,-2.6347475052e+00,4.3555554003e-02,0.7333,7.5111114979e-01
-0.2330,-0.0005520,0.0000123,0.00009810,0.00000162,-2.6266667843e+00,4.3151512742e-02,0.7343,7.4303042889e-01
-0.2320,-0.0005500,0.0000121,0.00009810,0.00000162,-2.6185858250e+00,4.2343433946e-02,0.7353,7.3494946957e-01
-0.2310,-0.0005480,0.0000120,0.00009790,0.00000162,-2.6096968651e+00,4.1939396411e-02,0.7363,7.2606050968e-01
-0.2300,-0.0005460,0.0000118,0.00009810,0.00000162,-2.6024243832e+00,4.1131310165e-02,0.7373,7.1878802776e-01
-0.2290,-0.0005440,0.0000117,0.00009790,0.00000162,-2.5935354233e+00,4.0727272630e-02,0.7383,7.0989906788e-01
-0.2280,-0.0005420,0.0000115,0.00009790,0.00000162,-2.5854544640e+00,3.9919193834e-02,0.7393,7.0181810856e-01
-0.2270,-0.0005390,0.0000114,0.00009790,0.00000162,-2.5733332634e+00,3.9515152574e-02,0.7403,6.8969690800e-01
-0.2260,-0.0005370,0.0000112,0.00009780,0.00000161,-2.5648484230e+00,3.8747474551e-02,0.7413,6.8121206760e-01
-0.2250,-0.0005340,0.0000111,0.00009790,0.00000162,-2.5531313419e+00,3.8303028792e-02,0.7423,6.6949498653e-01
-0.2240,-0.0005320,0.0000109,0.00009790,0.00000162,-2.5450503826e+00,3.7494949996e-02,0.7433,6.6141402721e-01
-0.2230,-0.0005290,0.0000108,0.00009780,0.00000161,-2.5325253010e+00,3.7131313235e-02,0.7443,6.4888894558e-01
-0.2220,-0.0005270,0.0000107,0.00009790,0.00000162,-2.5248484612e+00,3.6686867476e-02,0.7453,6.4121210575e-01
-0.2210,-0.0005250,0.0000105,0.00009780,0.00000161,-2.5163636208e+00,3.5919189453e-02,0.7463,6.3272726536e-01
-0.2200,-0.0005220,0.0000104,0.00009790,0.00000161,-2.5046465397e+00,3.5515151918e-02,0.7473,6.2101018429e-01
-0.2190,-0.0005190,0.0000102,0.00009770,0.00000161,-2.4917171001e+00,3.4707069397e-02,0.7483,6.0808074474e-01
-0.2180,-0.0005170,0.0000101,0.00009780,0.00000161,-2.4840402603e+00,3.4303028136e-02,0.7493,6.0040390491e-01
-0.2170,-0.0005140,0.0000099,0.00009770,0.00000161,-2.4715151787e+00,3.3575754613e-02,0.7503,5.8787882328e-01
-0.2160,-0.0005120,0.0000098,0.00009780,0.00000161,-2.4638383389e+00,3.3010102808e-02,0.7513,5.8020198345e-01
-0.2150,-0.0005090,0.0000096,0.00009760,0.00000161,-2.4509088993e+00,3.2404039055e-02,0.7523,5.6727254391e-01
-0.2140,-0.0005060,0.0000095,0.00009770,0.00000161,-2.4391918182e+00,3.1838379800e-02,0.7533,5.5555546284e-01
-0.2130,-0.0005030,0.0000094,0.00009760,0.00000161,-2.4266664982e+00,3.1313132495e-02,0.7543,5.4303014278e-01
-0.2120,-0.0005010,0.0000092,0.00009780,0.00000161,-2.4193937778e+00,3.0747473240e-02,0.7553,5.3575742245e-01
-0.2110,-0.0004980,0.0000091,0.00009780,0.00000161,-2.4072728157e+00,3.0181819573e-02,0.7563,5.2363646030e-01
-0.2100,-0.0004960,0.0000089,0.00009780,0.00000161,-2.3991918564e+00,2.9616160318e-02,0.7573,5.1555550098e-01
-0.2090,-0.0004930,0.0000088,0.00009770,0.00000160,-2.3866667747e+00,2.9050504789e-02,0.7583,5.0303041935e-01
-0.2080,-0.0004900,0.0000086,0.00009760,0.00000161,-2.3741414547e+00,2.8404038399e-02,0.7593,4.9050509930e-01
-0.2070,-0.0004870,0.0000085,0.00009770,0.00000160,-2.3624243736e+00,2.7919191867e-02,0.7603,4.7878801823e-01
-0.2060,-0.0004840,0.0000084,0.00009760,0.00000161,-2.3498990536e+00,2.7313129976e-02,0.7613,4.6626269817e-01
-0.2050,-0.0004800,0.0000082,0.00009780,0.00000160,-2.3345453739e+00,2.6787880808e-02,0.7623,4.5090901852e-01
-0.2040,-0.0004770,0.0000081,0.00009780,0.00000160,-2.3224244118e+00,2.6222221553e-02,0.7633,4.3878805637e-01
-0.2030,-0.0004750,0.0000079,0.00009770,0.00000161,-2.3139393330e+00,2.5616159663e-02,0.7643,4.3030297756e-01
-0.2020,-0.0004710,0.0000078,0.00009760,0.00000160,-2.2973737717e+00,2.5050505996e-02,0.7653,4.1373741627e-01
-0.2010,-0.0004680,0.0000077,0.00009760,0.00000160,-2.2852525711e+00,2.4565655738e-02,0.7663,4.0161621571e-01
-0.2000,-0.0004650,0.0000076,0.00009750,0.00000160,-2.2727272511e+00,2.4040404707e-02,0.7673,3.8909089565e-01
-0.1990,-0.0004620,0.0000074,0.00009760,0.00000160,-2.2610101700e+00,2.3474747315e-02,0.7683,3.7737381458e-01
-0.1980,-0.0004590,0.0000073,0.00009760,0.00000160,-2.2488889694e+00,2.2868687287e-02,0.7693,3.6525261402e-01
-0.1970,-0.0004550,0.0000071,0.00009750,0.00000160,-2.2323234081e+00,2.2383838892e-02,0.7703,3.4868705273e-01
-0.1960,-0.0004520,0.0000070,0.00009750,0.00000160,-2.2202019691e+00,2.1818183362e-02,0.7713,3.3656561375e-01
-0.1950,-0.0004490,0.0000069,0.00009740,0.00000160,-2.2076768875e+00,2.1292930469e-02,0.7723,3.2404053211e-01
-0.1940,-0.0004450,0.0000067,0.00009730,0.00000160,-2.1911110878e+00,2.0727274939e-02,0.7733,3.0747473240e-01
-0.1930,-0.0004420,0.0000066,0.00009740,0.00000160,-2.1793937683e+00,2.0242424682e-02,0.7743,2.9575741291e-01
-0.1920,-0.0004380,0.0000065,0.00009740,0.00000160,-2.1632323265e+00,1.9717173651e-02,0.7753,2.7959597111e-01
-0.1910,-0.0004340,0.0000064,0.00009740,0.00000160,-2.1470706463e+00,1.9232323393e-02,0.7763,2.6343429089e-01
-0.1900,-0.0004320,0.0000062,0.00009740,0.00000159,-2.1389899254e+00,1.8747474998e-02,0.7773,2.5535356998e-01
-0.1890,-0.0004280,0.0000061,0.00009730,0.00000159,-2.1224241257e+00,1.8262626603e-02,0.7783,2.3878777027e-01
-0.1880,-0.0004240,0.0000060,0.00009740,0.00000159,-2.1066668034e+00,1.7737373710e-02,0.7793,2.2303044796e-01
-0.1870,-0.0004210,0.0000059,0.00009730,0.00000159,-2.0941414833e+00,1.7252525315e-02,0.7803,2.1050512791e-01
-0.1860,-0.0004170,0.0000057,0.00009750,0.00000160,-2.0787880421e+00,1.6727272421e-02,0.7813,1.9515168667e-01
-0.1850,-0.0004130,0.0000056,0.00009750,0.00000159,-2.0626261234e+00,1.6282828525e-02,0.7823,1.7898976803e-01
-0.1840,-0.0004090,0.0000055,0.00009740,0.00000159,-2.0460605621e+00,1.5838382766e-02,0.7833,1.6242420673e-01
-0.1830,-0.0004060,0.0000054,0.00009740,0.00000159,-2.0339393616e+00,1.5434343368e-02,0.7843,1.5030300617e-01
-0.1820,-0.0004020,0.0000053,0.00009740,0.00000159,-2.0177779198e+00,1.4909091406e-02,0.7853,1.3414156437e-01
-0.1810,-0.0003980,0.0000052,0.00009740,0.00000159,-2.0016162395e+00,1.4505049214e-02,0.7863,1.1797988415e-01
-0.1800,-0.0003940,0.0000051,0.00009740,0.00000159,-1.9854545593e+00,1.4020202681e-02,0.7873,1.0181820393e-01
-0.1790,-0.0003900,0.0000050,0.00009740,0.00000159,-1.9692928791e+00,1.3616161421e-02,0.7883,8.5656523705e-02
-0.1780,-0.0003860,0.0000049,0.00009720,0.00000159,-1.9523233175e+00,1.3212121092e-02,0.7893,6.8686962128e-02
-0.1770,-0.0003820,0.0000047,0.00009730,0.00000159,-1.9365656376e+00,1.2767676264e-02,0.7903,5.2929282188e-02
-0.1760,-0.0003790,0.0000046,0.00009730,0.00000158,-1.9244445562e+00,1.2404039502e-02,0.7913,4.0808200836e-02
-0.1750,-0.0003750,0.0000046,0.00009730,0.00000159,-1.9082827568e+00,1.1959596537e-02,0.7923,2.4646401405e-02
-0.1740,-0.0003710,0.0000044,0.00009730,0.00000159,-1.8921213150e+00,1.1555554345e-02,0.7933,8.4849596024e-03
-0.1730,-0.0003670,0.0000044,0.00009730,0.00000158,-1.8759595156e+00,1.1232322082e-02,0.7943,7.6768398285e-03
-0.1720,-0.0003630,0.0000043,0.00009740,0.00000159,-1.8602020741e+00,1.0747474618e-02,0.7953,2.3434281349e-02
-0.1710,-0.0003590,0.0000042,0.00009720,0.00000158,-1.8432322741e+00,1.0464645922e-02,0.7963,4.0404081345e-02
-0.1700,-0.0003550,0.0000041,0.00009730,0.00000158,-1.8274748325e+00,1.0101010092e-02,0.7973,5.6161522865e-02
-0.1690,-0.0003500,0.0000040,0.00009730,0.00000158,-1.8072726727e+00,9.7373733297e-03,0.7983,7.6363682747e-02
-0.1680,-0.0003460,0.0000039,0.00009730,0.00000159,-1.7911111116e+00,9.3737374991e-03,0.7993,9.2525243759e-02
-0.1670,-0.0003420,0.0000038,0.00009730,0.00000158,-1.7749496698e+00,9.0909088030e-03,0.8003,1.0868668556e-01
-0.1660,-0.0003380,0.0000037,0.00009740,0.00000158,-1.7591918707e+00,8.7676756084e-03,0.8013,1.2444448471e-01
-0.1650,-0.0003340,0.0000037,0.00009730,0.00000158,-1.7426263094e+00,8.4444452077e-03,0.8023,1.4101004601e-01
-0.1640,-0.0003300,0.0000036,0.00009710,0.00000158,-1.7256565094e+00,8.1212129444e-03,0.8033,1.5797984600e-01
-0.1630,-0.0003260,0.0000035,0.00009730,0.00000158,-1.7103030682e+00,7.8383833170e-03,0.8043,1.7333328724e-01
-0.1620,-0.0003220,0.0000034,0.00009720,0.00000158,-1.6937373877e+00,7.4747479521e-03,0.8053,1.8989896774e-01
-0.1610,-0.0003170,0.0000034,0.00009730,0.00000158,-1.6739394665e+00,7.2323232889e-03,0.8063,2.0969688892e-01
-0.1600,-0.0003130,0.0000033,0.00009740,0.00000158,-1.6581817865e+00,6.9090910256e-03,0.8073,2.2545456886e-01
-0.1590,-0.0003090,0.0000032,0.00009730,0.00000158,-1.6416162252e+00,6.6666663624e-03,0.8083,2.4202013016e-01
-0.1580,-0.0003050,0.0000032,0.00009740,0.00000158,-1.6258585453e+00,6.3838385977e-03,0.8093,2.5777781010e-01
-0.1570,-0.0003000,0.0000031,0.00009730,0.00000158,-1.6052525043e+00,6.1818184331e-03,0.8103,2.7838385105e-01
-0.1560,-0.0002960,0.0000030,0.00009740,0.00000158,-1.5894950628e+00,5.8989897370e-03,0.8113,2.9414129257e-01
-0.1550,-0.0002920,0.0000030,0.00009740,0.00000157,-1.5733333826e+00,5.6969700381e-03,0.8123,3.1030297279e-01
-0.1540,-0.0002870,0.0000029,0.00009730,0.00000158,-1.5527273417e+00,5.4545453750e-03,0.8133,3.3090901375e-01
-0.1530,-0.0002830,0.0000029,0.00009740,0.00000158,-1.5369696617e+00,5.2121207118e-03,0.8143,3.4666669369e-01
-0.1520,-0.0002790,0.0000028,0.00009740,0.00000158,-1.5208081007e+00,4.9696974456e-03,0.8153,3.6282825470e-01
-0.1510,-0.0002750,0.0000028,0.00009740,0.00000158,-1.5046464205e+00,4.8080808483e-03,0.8163,3.7898993492e-01
-0.1500,-0.0002700,0.0000027,0.00009730,0.00000157,-1.4840403795e+00,4.6060606837e-03,0.8173,3.9959597588e-01
-0.1490,-0.0002660,0.0000027,0.00009730,0.00000158,-1.4678786993e+00,4.4040400535e-03,0.8183,4.1575765610e-01
-0.1480,-0.0002620,0.0000026,0.00009740,0.00000157,-1.4521212578e+00,4.2424243875e-03,0.8193,4.3151509762e-01
-0.1470,-0.0002580,0.0000026,0.00009740,0.00000158,-1.4359594584e+00,4.0000006557e-03,0.8203,4.4767689705e-01
-0.1460,-0.0002540,0.0000025,0.00009740,0.00000157,-1.4197980165e+00,3.8787883241e-03,0.8213,4.6383833885e-01
-0.1450,-0.0002490,0.0000025,0.00009740,0.00000157,-1.3995960951e+00,3.7171719596e-03,0.8223,4.8404026031e-01
-0.1440,-0.0002450,0.0000024,0.00009750,0.00000158,-1.3838382959e+00,3.4747470636e-03,0.8233,4.9979805946e-01
-0.1430,-0.0002410,0.0000024,0.00009740,0.00000157,-1.3672728539e+00,3.3939392306e-03,0.8243,5.1636350155e-01
-0.1420,-0.0002360,0.0000024,0.00009740,0.00000157,-1.3470706940e+00,3.1919195317e-03,0.8253,5.3656566143e-01
-0.1410,-0.0002320,0.0000023,0.00009750,0.00000157,-1.3313131332e+00,3.0707067344e-03,0.8263,5.5232322216e-01
-0.1400,-0.0002280,0.0000023,0.00009740,0.00000157,-1.3147474527e+00,2.9090913013e-03,0.8273,5.6888890266e-01
-0.1390,-0.0002230,0.0000023,0.00009750,0.00000157,-1.2949495316e+00,2.7474751696e-03,0.8283,5.8868682384e-01
-0.1380,-0.0002190,0.0000022,0.00009750,0.00000157,-1.2787878513e+00,2.6262623724e-03,0.8293,6.0484850407e-01
-0.1370,-0.0002150,0.0000022,0.00009750,0.00000157,-1.2626262903e+00,2.5050507393e-03,0.8303,6.2101006508e-01
-0.1360,-0.0002110,0.0000022,0.00009750,0.00000157,-1.2464647293e+00,2.3434343748e-03,0.8313,6.3717162609e-01
-0.1350,-0.0002060,0.0000021,0.00009760,0.00000157,-1.2266665697e+00,2.2626263089e-03,0.8323,6.5696978569e-01
-0.1340,-0.0002020,0.0000021,0.00009760,0.00000156,-1.2105051279e+00,2.1818184759e-03,0.8333,6.7313122749e-01
-0.1330,-0.0001980,0.0000021,0.00009760,0.00000157,-1.1943433285e+00,2.0202018786e-03,0.8343,6.8929302692e-01
-0.1320,-0.0001940,0.0000020,0.00009760,0.00000157,-1.1781818867e+00,1.8989900127e-03,0.8353,7.0545446873e-01
-0.1310,-0.0001890,0.0000020,0.00009770,0.00000157,-1.1583838463e+00,1.8181818305e-03,0.8363,7.2525250912e-01
-0.1300,-0.0001850,0.0000020,0.00009770,0.00000157,-1.1422221661e+00,1.6969700810e-03,0.8373,7.4141418934e-01
-0.1290,-0.0001810,0.0000020,0.00009760,0.00000157,-1.1256566048e+00,1.6161620151e-03,0.8383,7.5797975063e-01
-0.1280,-0.0001770,0.0000019,0.00009770,0.00000157,-1.1098989248e+00,1.4949493343e-03,0.8393,7.7373743057e-01
-0.1270,-0.0001730,0.0000019,0.00009780,0.00000157,-1.0941413641e+00,1.4141411521e-03,0.8403,7.8949499130e-01
-0.1260,-0.0001690,0.0000019,0.00009770,0.00000157,-1.0775756836e+00,1.3333334355e-03,0.8413,8.0606067181e-01
-0.1250,-0.0001640,0.0000019,0.00009770,0.00000157,-1.0573737621e+00,1.2525253696e-03,0.8423,8.2626259327e-01
-0.1240,-0.0001600,0.0000019,0.00009770,0.00000156,-1.0412120819e+00,1.2121212203e-03,0.8433,8.4242427349e-01
-0.1230,-0.0001560,0.0000018,0.00009770,0.00000157,-1.0250505209e+00,1.0909090051e-03,0.8443,8.5858583450e-01
-0.1220,-0.0001520,0.0000018,0.00009780,0.00000156,-1.0092928410e+00,1.0505049722e-03,0.8453,8.7434351444e-01
-0.1210,-0.0001480,0.0000018,0.00009770,0.00000156,-9.9272727966e-01,9.6969684819e-04,0.8463,8.9090907574e-01
-0.1200,-0.0001440,0.0000018,0.00009790,0.00000156,-9.7737377882e-01,9.2929322273e-04,0.8473,9.0626257658e-01
-0.1190,-0.0001400,0.0000018,0.00009780,0.00000156,-9.6080809832e-01,8.4848504048e-04,0.8483,9.2282825708e-01
-0.1180,-0.0001360,0.0000018,0.00009790,0.00000156,-9.4505053759e-01,7.6767691644e-04,0.8493,9.3858581781e-01
-0.1170,-0.0001320,0.0000017,0.00009800,0.00000156,-9.2929297686e-01,7.2727282532e-04,0.8503,9.5434337854e-01
-0.1160,-0.0001280,0.0000017,0.00009790,0.00000156,-9.1272729635e-01,6.4646470128e-04,0.8513,9.7090905905e-01
-0.1150,-0.0001240,0.0000017,0.00009800,0.00000156,-8.9696973562e-01,6.0606061015e-04,0.8523,9.8666661978e-01
-0.1140,-0.0001200,0.0000017,0.00009800,0.00000156,-8.8080811501e-01,5.6565657724e-04,0.8533,1.0028282404e+00
-0.1130,-0.0001160,0.0000017,0.00009800,0.00000157,-8.6464649439e-01,4.4444433297e-04,0.8543,1.0189898014e+00
-0.1120,-0.0001120,0.0000017,0.00009800,0.00000156,-8.4848487377e-01,4.4444433297e-04,0.8553,1.0351514816e+00
-0.1110,-0.0001080,0.0000017,0.00009800,0.00000156,-8.3232319355e-01,4.0404027095e-04,0.8563,1.0513131618e+00
-0.1100,-0.0001050,0.0000016,0.00009800,0.00000156,-8.2020205259e-01,3.2323258347e-04,0.8573,1.0634343624e+00
-0.1090,-0.0001010,0.0000016,0.00009830,0.00000156,-8.0525255203e-01,2.8282852145e-04,0.8583,1.0783838034e+00
-0.1080,-0.0000968,0.0000016,0.00009830,0.00000156,-7.8828281164e-01,2.4242443033e-04,0.8593,1.0953536034e+00
-0.1070,-0.0000931,0.0000016,0.00009820,0.00000156,-7.7292931080e-01,2.0202036831e-04,0.8603,1.1107070446e+00
-0.1060,-0.0000894,0.0000016,0.00009830,0.00000156,-7.5838387012e-01,1.6161629173e-04,0.8613,1.1252524853e+00
-0.1050,-0.0000857,0.0000016,0.00009830,0.00000156,-7.4343436956e-01,1.2121221516e-04,0.8623,1.1402020454e+00
-0.1040,-0.0000819,0.0000016,0.00009820,0.00000156,-7.2767680883e-01,8.0808145867e-05,0.8633,1.1559596062e+00
-0.1030,-0.0000782,0.0000016,0.00009840,0.00000156,-7.1353536844e-01,4.0404072934e-05,0.8643,1.1701009274e+00
-0.1020,-0.0000744,0.0000016,0.00009850,0.00000156,-6.9858586788e-01,4.0404072934e-05,0.8653,1.1850504875e+00
-0.1010,-0.0000712,0.0000016,0.00009840,0.00000155,-6.8525248766e-01,4.0404072934e-05,0.8663,1.1983838081e+00
-0.1000,-0.0000676,0.0000015,0.00009840,0.00000156,-6.7070704699e-01,-4.0404072934e-05,0.8673,1.2129292488e+00
-0.0990,-0.0000642,0.0000015,0.00009850,0.00000155,-6.5737372637e-01,-4.0404072934e-05,0.8683,1.2262625694e+00
-0.0980,-0.0000607,0.0000015,0.00009840,0.00000155,-6.4282828569e-01,-4.0404072934e-05,0.8693,1.2408080101e+00
-0.0970,-0.0000573,0.0000015,0.00009850,0.00000156,-6.2949490547e-01,-1.2121221516e-04,0.8703,1.2541414499e+00
-0.0960,-0.0000539,0.0000015,0.00009850,0.00000155,-6.1575758457e-01,-1.2121221516e-04,0.8713,1.2678787708e+00
-0.0950,-0.0000506,0.0000015,0.00009860,0.00000155,-6.0282826424e-01,-1.2121221516e-04,0.8723,1.2808080912e+00
-0.0940,-0.0000473,0.0000015,0.00009860,0.00000156,-5.8949494362e-01,-2.0202036831e-04,0.8733,1.2941414118e+00
-0.0930,-0.0000440,0.0000015,0.00009870,0.00000155,-5.7656568289e-01,-1.6161629173e-04,0.8743,1.3070707321e+00
-0.0920,-0.0000408,0.0000015,0.00009880,0.00000155,-5.6404042244e-01,-2.0201990264e-04,0.8753,1.3195959330e+00
-0.0910,-0.0000376,0.0000015,0.00009880,0.00000155,-5.5111116171e-01,-2.0201990264e-04,0.8763,1.3325252533e+00
-0.0900,-0.0000343,0.0000015,0.00009880,0.00000155,-5.3777778149e-01,-2.4242397922e-04,0.8773,1.3458585739e+00
-0.0890,-0.0000314,0.0000015,0.00009890,0.00000155,-5.2646464109e-01,-2.8282805579e-04,0.8783,1.3571717739e+00
-0.0880,-0.0000284,0.0000015,0.00009880,0.00000155,-5.1393944025e-01,-2.8282805579e-04,0.8793,1.3696968555e+00
-0.0870,-0.0000253,0.0000015,0.00009890,0.00000155,-5.0181818008e-01,-2.8282805579e-04,0.8803,1.3818181753e+00
-0.0860,-0.0000222,0.0000015,0.00009880,0.00000155,-4.8888891935e-01,-3.2323211781e-04,0.8813,1.3947474957e+00
-0.0850,-0.0000195,0.0000015,0.00009900,0.00000155,-4.7878786922e-01,-3.2323211781e-04,0.8823,1.4048484564e+00
-0.0840,-0.0000165,0.0000015,0.00009900,0.00000155,-4.6666666865e-01,-3.2323211781e-04,0.8833,1.4169696569e+00
-0.0830,-0.0000136,0.0000015,0.00009910,0.00000155,-4.5535352826e-01,-3.6363617983e-04,0.8843,1.4282828569e+00
-0.0820,-0.0000109,0.0000015,0.00009920,0.00000155,-4.4484850764e-01,-3.6363617983e-04,0.8853,1.4387878180e+00
-0.0810,-0.0000081,0.0000015,0.00009920,0.00000155,-4.3361616135e-01,-3.6363617983e-04,0.8863,1.4500201941e+00
-0.0800,-0.0000053,0.0000015,0.00009920,0.00000155,-4.2238384485e-01,-4.0404027095e-04,0.8873,1.4612524509e+00
-0.0790,-0.0000027,0.0000015,0.00009920,0.00000155,-4.1155555844e-01,-4.0404027095e-04,0.8883,1.4720808268e+00
-0.0780,-0.0000001,0.0000015,0.00009930,0.00000155,-4.0154263377e-01,-4.0404027095e-04,0.8893,1.4820936918e+00
-0.0770,0.0000025,0.0000014,0.00009950,0.00000155,-3.9175757766e-01,-4.4444433297e-04,0.8903,1.4918787479e+00
-0.0760,0.0000051,0.0000014,0.00009940,0.00000155,-3.8088887930e-01,-4.4444433297e-04,0.8913,1.5027475357e+00
-0.0750,0.0000075,0.0000014,0.00009950,0.00000155,-3.7187877297e-01,-4.4444433297e-04,0.8923,1.5117576122e+00
-0.0740,0.0000100,0.0000014,0.00009940,0.00000154,-3.6121210456e-01,-4.4444433297e-04,0.8933,1.5224242210e+00
-0.0730,0.0000125,0.0000014,0.00009950,0.00000155,-3.5151514411e-01,-4.8484842409e-04,0.8943,1.5321211815e+00
-0.0720,0.0000146,0.0000014,0.00009950,0.00000154,-3.4303030372e-01,-4.4444433297e-04,0.8953,1.5406060219e+00
-0.0710,0.0000171,0.0000014,0.00009960,0.00000154,-3.3333334327e-01,-4.4444433297e-04,0.8963,1.5503029823e+00
-0.0700,0.0000194,0.0000014,0.00009970,0.00000154,-3.2444444299e-01,-4.4444433297e-04,0.8973,1.5591919422e+00
-0.0690,0.0000215,0.0000014,0.00009970,0.00000154,-3.1595960259e-01,-4.8484842409e-04,0.8983,1.5676767826e+00
-0.0680,0.0000238,0.0000014,0.00009980,0.00000154,-3.0707073212e-01,-4.8484842409e-04,0.8993,1.5765656233e+00
-0.0670,0.0000259,0.0000014,0.00009980,0.00000154,-2.9858586192e-01,-4.8484842409e-04,0.9003,1.5850504637e+00
-0.0660,0.0000279,0.0000014,0.00009970,0.00000153,-2.9010102153e-01,-4.4444433297e-04,0.9013,1.5935353041e+00
-0.0650,0.0000300,0.0000014,0.00010000,0.00000154,-2.8282827139e-01,-4.8484842409e-04,0.9023,1.6008081436e+00
-0.0640,0.0000321,0.0000014,0.00010000,0.00000154,-2.7434340119e-01,-4.8484842409e-04,0.9033,1.6092929840e+00
-0.0630,0.0000339,0.0000014,0.00010000,0.00000154,-2.6707068086e-01,-4.8484842409e-04,0.9043,1.6165657043e+00
-0.0620,0.0000357,0.0000014,0.00010000,0.00000154,-2.5979796052e-01,-5.2525248611e-04,0.9053,1.6238384247e+00
-0.0610,0.0000376,0.0000014,0.00010000,0.00000154,-2.5212118030e-01,-5.2525248611e-04,0.9063,1.6315151453e+00
-0.0600,0.0000395,0.0000014,0.00010000,0.00000154,-2.4444442987e-01,-5.2525248611e-04,0.9073,1.6391918659e+00
-0.0590,0.0000411,0.0000014,0.00010000,0.00000154,-2.3797976971e-01,-5.2525248611e-04,0.9083,1.6456565857e+00
-0.0580,0.0000430,0.0000014,0.00010000,0.00000154,-2.3030300438e-01,-5.2525248611e-04,0.9093,1.6533333063e+00
-0.0570,0.0000447,0.0000014,0.00010000,0.00000154,-2.2343432903e-01,-5.2525248611e-04,0.9103,1.6602020264e+00
-0.0560,0.0000462,0.0000014,0.00010100,0.00000154,-2.2141411901e-01,-5.2525248611e-04,0.9113,1.6622222662e+00
-0.0550,0.0000479,0.0000014,0.00010100,0.00000154,-2.1454542875e-01,-5.2525248611e-04,0.9123,1.6690909863e+00
-0.0540,0.0000496,0.0000014,0.00010100,0.00000154,-2.0767675340e-01,-5.6565657724e-04,0.9133,1.6759595871e+00
-0.0530,0.0000511,0.0000014,0.00010100,0.00000154,-2.0161613822e-01,-5.6565657724e-04,0.9143,1.6820201874e+00
-0.0520,0.0000527,0.0000014,0.00010100,0.00000154,-1.9515149295e-01,-5.6565657724e-04,0.9153,1.6884849072e+00
-0.0510,0.0000542,0.0000014,0.00010100,0.00000154,-1.8909087777e-01,-5.6565657724e-04,0.9163,1.6945455074e+00
-0.0500,0.0000555,0.0000014,0.00010100,0.00000154,-1.8383835256e-01,-5.6565657724e-04,0.9173,1.6997979879e+00
-0.0490,0.0000568,0.0000014,0.00010100,0.00000154,-1.7858584225e-01,-5.6565657724e-04,0.9183,1.7050504684e+00
-0.0480,0.0000582,0.0000014,0.00010100,0.00000154,-1.7292927206e-01,-5.6565657724e-04,0.9193,1.7107070684e+00
-0.0470,0.0000595,0.0000014,0.00010100,0.00000153,-1.6767674685e-01,-5.2525248611e-04,0.9203,1.7159595490e+00
-0.0460,0.0000608,0.0000014,0.00010100,0.00000154,-1.6242422163e-01,-5.6565657724e-04,0.9213,1.7212121487e+00
-0.0450,0.0000622,0.0000014,0.00010100,0.00000153,-1.5676765144e-01,-5.2525248611e-04,0.9223,1.7268687487e+00
-0.0440,0.0000634,0.0000014,0.00010100,0.00000153,-1.5191915631e-01,-5.2525248611e-04,0.9233,1.7317172289e+00
-0.0430,0.0000644,0.0000014,0.00010100,0.00000153,-1.4787875116e-01,-5.2525248611e-04,0.9243,1.7357575893e+00
-0.0420,0.0000657,0.0000014,0.00010200,0.00000153,-1.4666664600e-01,-5.2525248611e-04,0.9253,1.7369697094e+00
-0.0410,0.0000669,0.0000014,0.00010200,0.00000154,-1.4181816578e-01,-5.6565657724e-04,0.9263,1.7418181896e+00
-0.0400,0.0000679,0.0000014,0.00010200,0.00000153,-1.3777776062e-01,-5.2525248611e-04,0.9273,1.7458585501e+00
-0.0390,0.0000691,0.0000014,0.00010200,0.00000153,-1.3292926550e-01,-5.2525248611e-04,0.9283,1.7507071495e+00
-0.0380,0.0000702,0.0000014,0.00010200,0.00000153,-1.2848481536e-01,-5.2525248611e-04,0.9293,1.7551515102e+00
-0.0370,0.0000710,0.0000014,0.00010200,0.00000153,-1.2525250018e-01,-5.2525248611e-04,0.9303,1.7583838701e+00
-0.0360,0.0000720,0.0000014,0.00010200,0.00000153,-1.2121209502e-01,-5.2525248611e-04,0.9313,1.7624242306e+00
-0.0350,0.0000730,0.0000014,0.00010200,0.00000153,-1.1717168987e-01,-5.6565657724e-04,0.9323,1.7664647102e+00
-0.0340,0.0000741,0.0000014,0.00010200,0.00000153,-1.1272726953e-01,-5.2525248611e-04,0.9333,1.7709090710e+00
-0.0330,0.0000749,0.0000014,0.00010200,0.00000153,-1.0949492455e-01,-5.2525248611e-04,0.9343,1.7741414309e+00
-0.0320,0.0000760,0.0000014,0.00010200,0.00000153,-1.0505050421e-01,-5.6565657724e-04,0.9353,1.7785859108e+00
-0.0310,0.0000768,0.0000014,0.00010200,0.00000153,-1.0181815922e-01,-5.2525248611e-04,0.9363,1.7818181515e+00
-0.0300,0.0000776,0.0000014,0.00010200,0.00000153,-9.8585836589e-02,-5.6565657724e-04,0.9373,1.7850505114e+00
-0.0290,0.0000785,0.0000014,0.00010200,0.00000153,-9.4949476421e-02,-5.6565657724e-04,0.9383,1.7886868715e+00
-0.0280,0.0000793,0.0000014,0.00010200,0.00000153,-9.1717153788e-02,-5.6565657724e-04,0.9393,1.7919192314e+00
-0.0270,0.0000800,0.0000014,0.00010300,0.00000153,-9.2929288745e-02,-5.6565657724e-04,0.9403,1.7907071114e+00
-0.0260,0.0000808,0.0000014,0.00010300,0.00000153,-8.9696966112e-02,-5.6565657724e-04,0.9413,1.7939393520e+00
-0.0250,0.0000816,0.0000014,0.00010300,0.00000153,-8.6464621127e-02,-5.6565657724e-04,0.9423,1.7971717119e+00
-0.0240,0.0000820,0.0000014,0.00010300,0.00000153,-8.4848478436e-02,-5.6565657724e-04,0.9433,1.7987878323e+00
-0.0230,0.0000829,0.0000014,0.00010300,0.00000153,-8.1212118268e-02,-5.6565657724e-04,0.9443,1.8024241924e+00
-0.0220,0.0000835,0.0000014,0.00010300,0.00000153,-7.8787855804e-02,-5.6565657724e-04,0.9453,1.8048485518e+00
-0.0210,0.0000842,0.0000014,0.00010300,0.00000153,-7.5959578156e-02,-5.6565657724e-04,0.9463,1.8076767921e+00
-0.0200,0.0000848,0.0000014,0.00010300,0.00000153,-7.3535345495e-02,-5.6565657724e-04,0.9473,1.8101010323e+00
-0.0190,0.0000857,0.0000014,0.00010300,0.00000153,-6.9898985326e-02,-5.6565657724e-04,0.9483,1.8137373924e+00
-0.0180,0.0000860,0.0000014,0.00010300,0.00000153,-6.8686857820e-02,-5.6565657724e-04,0.9493,1.8149495125e+00
-0.0170,0.0000867,0.0000014,0.00010300,0.00000153,-6.5858580172e-02,-5.6565657724e-04,0.9503,1.8177777529e+00
-0.0160,0.0000873,0.0000014,0.00010300,0.00000152,-6.3434317708e-02,-5.2525248611e-04,0.9513,1.8202019930e+00
-0.0150,0.0000879,0.0000014,0.00010300,0.00000153,-6.1010085046e-02,-5.6565657724e-04,0.9523,1.8226262331e+00
-0.0140,0.0000884,0.0000014,0.00010400,0.00000152,-6.3030302525e-02,-5.2525248611e-04,0.9533,1.8206059933e+00
-0.0130,0.0000891,0.0000014,0.00010400,0.00000152,-6.0201998800e-02,-5.2525248611e-04,0.9543,1.8234343529e+00
-0.0120,0.0000896,0.0000014,0.00010400,0.00000152,-5.8181807399e-02,-5.2525248611e-04,0.9553,1.8254545927e+00
-0.0110,0.0000900,0.0000014,0.00010400,0.00000152,-5.6565634906e-02,-5.2525248611e-04,0.9563,1.8270707130e+00
-0.0100,0.0000905,0.0000014,0.00010400,0.00000152,-5.4545447230e-02,-5.2525248611e-04,0.9573,1.8290909529e+00
-0.0090,0.0000911,0.0000014,0.00010400,0.00000152,-5.2121184766e-02,-5.2525248611e-04,0.9583,1.8315151930e+00
-0.0080,0.0000913,0.0000014,0.00010400,0.00000152,-5.1313128322e-02,-5.2525248611e-04,0.9593,1.8323231936e+00
-0.0070,0.0000919,0.0000014,0.00010400,0.00000152,-4.8888869584e-02,-5.2525248611e-04,0.9603,1.8347474337e+00
-0.0060,0.0000925,0.0000014,0.00010400,0.00000152,-4.6464636922e-02,-5.2525248611e-04,0.9613,1.8371716738e+00
-0.0050,0.0000928,0.0000014,0.00010400,0.00000152,-4.5252505690e-02,-5.2525248611e-04,0.9623,1.8383837938e+00
-0.0040,0.0000933,0.0000014,0.00010500,0.00000152,-4.7272723168e-02,-5.2525248611e-04,0.9633,1.8363636732e+00
-0.0030,0.0000938,0.0000014,0.00010500,0.00000152,-4.5252505690e-02,-5.2525248611e-04,0.9643,1.8383837938e+00
-0.0020,0.0000941,0.0000014,0.00010500,0.00000152,-4.4040374458e-02,-5.2525248611e-04,0.9653,1.8395960331e+00
-0.0010,0.0000945,0.0000014,0.00010500,0.00000152,-4.2424231768e-02,-5.2525248611e-04,0.9663,1.8412121534e+00
0.0000,0.0000957,0.0000014,0.00010500,0.00000152,-3.7575740367e-02,-5.6565657724e-04,0.9673,1.8460606337e+00
0.0010,0.0000956,0.0000014,0.00010500,0.00000153,-3.7979781628e-02,-5.6565657724e-04,0.9683,1.8456566334e+00
0.0020,0.0000959,0.0000014,0.00010500,0.00000152,-3.6767650396e-02,-5.2525248611e-04,0.9693,1.8468687534e+00
0.0030,0.0000962,0.0000014,0.00010500,0.00000152,-3.5555548966e-02,-5.2525248611e-04,0.9703,1.8480807543e+00
0.0040,0.0000967,0.0000014,0.00010500,0.00000152,-3.3535331488e-02,-5.2525248611e-04,0.9713,1.8501009941e+00
0.0050,0.0000970,0.0000014,0.00010500,0.00000152,-3.2323233783e-02,-5.2525248611e-04,0.9723,1.8513131142e+00
0.0060,0.0000974,0.0000014,0.00010600,0.00000152,-3.4747462720e-02,-5.2525248611e-04,0.9733,1.8488888741e+00
0.0070,0.0000978,0.0000014,0.00010600,0.00000152,-3.3131290227e-02,-5.2525248611e-04,0.9743,1.8505051136e+00
0.0080,0.0000979,0.0000014,0.00010600,0.00000152,-3.2727245241e-02,-5.2525248611e-04,0.9753,1.8509091139e+00
0.0090,0.0000984,0.0000014,0.00010600,0.00000152,-3.0707059428e-02,-5.2525248611e-04,0.9763,1.8529293537e+00
0.0100,0.0000988,0.0000014,0.00010600,0.00000152,-2.9090886936e-02,-5.2525248611e-04,0.9773,1.8545454741e+00
0.0110,0.0000990,0.0000014,0.00010600,0.00000151,-2.8282828629e-02,-4.8484842409e-04,0.9783,1.8553534746e+00
0.0120,0.0000993,0.0000014,0.00010600,0.00000152,-2.7070697397e-02,-5.2525248611e-04,0.9793,1.8565657139e+00
0.0130,0.0000997,0.0000014,0.00010600,0.00000152,-2.5454524904e-02,-5.2525248611e-04,0.9803,1.8581818342e+00
0.0140,0.0001000,0.0000014,0.00010600,0.00000152,-2.4242423475e-02,-5.2525248611e-04,0.9813,1.8593939543e+00
0.0150,0.0001000,0.0000014,0.00010700,0.00000152,-2.8282828629e-02,-5.6565657724e-04,0.9823,1.8553534746e+00
0.0160,0.0001010,0.0000014,0.00010700,0.00000152,-2.4242423475e-02,-5.2525248611e-04,0.9833,1.8593939543e+00
0.0170,0.0001010,0.0000014,0.00010700,0.00000152,-2.4242423475e-02,-5.6565657724e-04,0.9843,1.8593939543e+00
0.0180,0.0001010,0.0000014,0.00010700,0.00000152,-2.4242423475e-02,-5.6565657724e-04,0.9853,1.8593939543e+00
0.0190,0.0001020,0.0000014,0.00010700,0.00000151,-2.0202018321e-02,-5.2525248611e-04,0.9863,1.8634343147e+00
0.0200,0.0001020,0.0000014,0.00010700,0.00000152,-2.0202018321e-02,-5.6565657724e-04,0.9873,1.8634343147e+00
0.0210,0.0001020,0.0000014,0.00010700,0.00000151,-2.0202018321e-02,-5.2525248611e-04,0.9883,1.8634343147e+00
0.0220,0.0001020,0.0000014,0.00010700,0.00000151,-2.0202018321e-02,-5.2525248611e-04,0.9893,1.8634343147e+00
0.0230,0.0001030,0.0000014,0.00010700,0.00000151,-1.6161613166e-02,-5.2525248611e-04,0.9903,1.8674747944e+00
0.0240,0.0001030,0.0000014,0.00010700,0.00000151,-1.6161613166e-02,-5.2525248611e-04,0.9913,1.8674747944e+00
0.0250,0.0001030,0.0000014,0.00010800,0.00000151,-2.0202018321e-02,-5.2525248611e-04,0.9923,1.8634343147e+00
0.0260,0.0001040,0.0000014,0.00010800,0.00000151,-1.6161613166e-02,-5.2525248611e-04,0.9933,1.8674747944e+00
0.0270,0.0001040,0.0000014,0.00010800,0.00000151,-1.6161613166e-02,-5.2525248611e-04,0.9943,1.8674747944e+00
0.0280,0.0001040,0.0000014,0.00010800,0.00000151,-1.6161613166e-02,-5.2525248611e-04,0.9953,1.8674747944e+00
0.0290,0.0001040,0.0000014,0.00010800,0.00000151,-1.6161613166e-02,-5.2525248611e-04,0.9963,1.8674747944e+00
0.0300,0.0001050,0.0000014,0.00010800,0.00000151,-1.2121206149e-02,-5.2525248611e-04,0.9973,1.8715151548e+00
0.0310,0.0001050,0.0000014,0.00010800,0.00000151,-1.2121206149e-02,-5.2525248611e-04,0.9983,1.8715151548e+00
0.0320,0.0001050,0.0000014,0.00010900,0.00000151,-1.6161613166e-02,-5.2525248611e-04,0.9993,1.8674747944e+00
0.0330,0.0001050,0.0000014,0.00010900,0.00000151,-1.6161613166e-02,-5.2525248611e-04,1.0003,1.8674747944e+00
0.0340,0.0001060,0.0000014,0.00010900,0.00000151,-1.2121206149e-02,-5.2525248611e-04,1.0013,1.8715151548e+00
0.0350,0.0001060,0.0000014,0.00010900,0.00000150,-1.2121206149e-02,-4.8484886065e-04,1.0023,1.8715151548e+00
0.0360,0.0001060,0.0000014,0.00010900,0.00000151,-1.2121206149e-02,-5.2525248611e-04,1.0033,1.8715151548e+00
0.0370,0.0001060,0.0000014,0.00010900,0.00000150,-1.2121206149e-02,-4.8484886065e-04,1.0043,1.8715151548e+00
0.0380,0.0001070,0.0000014,0.00010900,0.00000150,-8.0808009952e-03,-4.8484886065e-04,1.0053,1.8755555153e+00
0.0390,0.0001070,0.0000014,0.00010900,0.00000150,-8.0808009952e-03,-4.8484886065e-04,1.0063,1.8755555153e+00
0.0400,0.0001070,0.0000014,0.00010900,0.00000150,-8.0808009952e-03,-4.8484886065e-04,1.0073,1.8755555153e+00
0.0410,0.0001080,0.0000014,0.00011000,0.00000150,-8.0808009952e-03,-5.2525295177e-04,1.0083,1.8755555153e+00
0.0420,0.0001080,0.0000014,0.00011000,0.00000150,-8.0808009952e-03,-4.8484886065e-04,1.0093,1.8755555153e+00
0.0430,0.0001080,0.0000014,0.00011000,0.00000150,-8.0808009952e-03,-5.2525295177e-04,1.0103,1.8755555153e+00
0.0440,0.0001080,0.0000014,0.00011000,0.00000150,-8.0808009952e-03,-4.8484886065e-04,1.0113,1.8755555153e+00
0.0450,0.0001090,0.0000014,0.00011000,0.00000150,-4.0403958410e-03,-4.8484886065e-04,1.0123,1.8795959949e+00
0.0460,0.0001090,0.0000014,0.00011000,0.00000150,-4.0403958410e-03,-4.8484886065e-04,1.0133,1.8795959949e+00
0.0470,0.0001090,0.0000014,0.00011000,0.00000150,-4.0403958410e-03,-5.2525295177e-04,1.0143,1.8795959949e+00
0.0480,0.0001090,0.0000014,0.00011100,0.00000150,-8.0808009952e-03,-4.8484886065e-04,1.0153,1.8755555153e+00
0.0490,0.0001100,0.0000014,0.00011100,0.00000150,-4.0403958410e-03,-5.2525295177e-04,1.0163,1.8795959949e+00
0.0500,0.0001100,0.0000014,0.00011100,0.00000150,-4.0403958410e-03,-5.2525295177e-04,1.0173,1.8795959949e+00
0.0510,0.0001100,0.0000014,0.00011100,0.00000150,-4.0403958410e-03,-5.2525295177e-04,1.0183,1.8795959949e+00
0.0520,0.0001110,0.0000014,0.00011100,0.00000150,9.9999999392e-09,-5.2525295177e-04,1.0193,1.8836363554e+00
0.0530,0.0001110,0.0000014,0.00011100,0.00000150,9.9999999392e-09,-5.2525295177e-04,1.0203,1.8836363554e+00
0.0540,0.0001110,0.0000014,0.00011100,0.00000150,9.9999999392e-09,-5.2525295177e-04,1.0213,1.8836363554e+00
0.0550,0.0001110,0.0000014,0.00011200,0.00000150,-4.0403958410e-03,-5.2525295177e-04,1.0223,1.8795959949e+00
0.0560,0.0001110,0.0000014,0.00011200,0.00000150,-4.0403958410e-03,-5.2525295177e-04,1.0233,1.8795959949e+00
0.0570,0.0001120,0.0000014,0.00011200,0.00000150,9.9999999392e-09,-5.2525295177e-04,1.0243,1.8836363554e+00
0.0580,0.0001120,0.0000014,0.00011200,0.00000150,9.9999999392e-09,-5.2525295177e-04,1.0253,1.8836363554e+00
0.0590,0.0001120,0.0000014,0.00011200,0.00000150,9.9999999392e-09,-5.2525295177e-04,1.0263,1.8836363554e+00
0.0600,0.0001130,0.0000014,0.00011200,0.00000149,4.0404153988e-03,-4.8484886065e-04,1.0273,1.8876767159e+00
0.0610,0.0001130,0.0000014,0.00011200,0.00000150,4.0404153988e-03,-5.2525295177e-04,1.0283,1.8876767159e+00
0.0620,0.0001130,0.0000014,0.00011300,0.00000150,9.9999999392e-09,-5.2525295177e-04,1.0293,1.8836363554e+00
0.0630,0.0001130,0.0000014,0.00011300,0.00000150,9.9999999392e-09,-5.2525295177e-04,1.0303,1.8836363554e+00
0.0640,0.0001140,0.0000014,0.00011300,0.00000149,4.0404153988e-03,-4.8484886065e-04,1.0313,1.8876767159e+00
0.0650,0.0001140,0.0000014,0.00011300,0.00000149,4.0404153988e-03,-4.8484886065e-04,1.0323,1.8876767159e+00
0.0660,0.0001140,0.0000014,0.00011300,0.00000150,4.0404153988e-03,-5.2525295177e-04,1.0333,1.8876767159e+00
0.0670,0.0001140,0.0000014,0.00011300,0.00000149,4.0404153988e-03,-4.8484886065e-04,1.0343,1.8876767159e+00
0.0680,0.0001150,0.0000014,0.00011300,0.00000149,8.0808214843e-03,-4.8484886065e-04,1.0353,1.8917171955e+00
0.0690,0.0001150,0.0000014,0.00011300,0.00000149,8.0808214843e-03,-4.8484886065e-04,1.0363,1.8917171955e+00
0.0700,0.0001150,0.0000014,0.00011400,0.00000149,4.0404153988e-03,-4.8484886065e-04,1.0373,1.8876767159e+00
0.0710,0.0001150,0.0000014,0.00011400,0.00000149,4.0404153988e-03,-5.2525248611e-04,1.0383,1.8876767159e+00
0.0720,0.0001160,0.0000014,0.00011400,0.00000149,8.0808214843e-03,-4.8484886065e-04,1.0393,1.8917171955e+00
0.0730,0.0001160,0.0000014,0.00011400,0.00000149,8.0808214843e-03,-4.8484886065e-04,1.0403,1.8917171955e+00
0.0740,0.0001160,0.0000014,0.00011500,0.00000149,4.0404153988e-03,-5.2525248611e-04,1.0413,1.8876767159e+00
0.0750,0.0001170,0.0000014,0.00011500,0.00000149,8.0808214843e-03,-4.8484886065e-04,1.0423,1.8917171955e+00
0.0760,0.0001170,0.0000014,0.00011500,0.00000149,8.0808214843e-03,-4.8484886065e-04,1.0433,1.8917171955e+00
0.0770,0.0001170,0.0000014,0.00011500,0.00000149,8.0808214843e-03,-5.2525248611e-04,1.0443,1.8917171955e+00
0.0780,0.0001170,0.0000014,0.00011500,0.00000149,8.0808214843e-03,-5.2525248611e-04,1.0453,1.8917171955e+00
0.0790,0.0001180,0.0000014,0.00011500,0.00000149,1.2121226639e-02,-5.2525248611e-04,1.0463,1.8957575560e+00
0.0800,0.0001180,0.0000014,0.00011600,0.00000149,8.0808214843e-03,-5.2525248611e-04,1.0473,1.8917171955e+00
0.0810,0.0001180,0.0000014,0.00011600,0.00000149,8.0808214843e-03,-5.2525248611e-04,1.0483,1.8917171955e+00
0.0820,0.0001190,0.0000014,0.00011600,0.00000149,1.2121196836e-02,-5.2525248611e-04,1.0493,1.8957575560e+00
0.0830,0.0001190,0.0000014,0.00011600,0.00000148,1.2121196836e-02,-4.8484842409e-04,1.0503,1.8957575560e+00
0.0840,0.0001190,0.0000014,0.00011600,0.00000149,1.2121196836e-02,-5.2525248611e-04,1.0513,1.8957575560e+00
0.0850,0.0001190,0.0000014,0.00011600,0.00000149,1.2121196836e-02,-5.2525248611e-04,1.0523,1.8957575560e+00
0.0860,0.0001200,0.0000014,0.00011700,0.00000148,1.2121196836e-02,-4.8484842409e-04,1.0533,1.8957575560e+00
0.0870,0.0001200,0.0000014,0.00011700,0.00000148,1.2121196836e-02,-4.8484842409e-04,1.0543,1.8957575560e+00
0.0880,0.0001200,0.0000014,0.00011700,0.00000149,1.2121196836e-02,-5.2525248611e-04,1.0553,1.8957575560e+00
0.0890,0.0001210,0.0000014,0.00011700,0.00000149,1.6161601990e-02,-5.2525248611e-04,1.0563,1.8997979164e+00
0.0900,0.0001210,0.0000014,0.00011700,0.00000148,1.6161601990e-02,-4.8484842409e-04,1.0573,1.8997979164e+00
0.0910,0.0001210,0.0000014,0.00011700,0.00000148,1.6161601990e-02,-4.8484842409e-04,1.0583,1.8997979164e+00
0.0920,0.0001220,0.0000014,0.00011700,0.00000148,2.0202007145e-02,-4.8484842409e-04,1.0593,1.9038383961e+00
0.0930,0.0001220,0.0000014,0.00011800,0.00000148,1.6161601990e-02,-4.8484842409e-04,1.0603,1.8997979164e+00
0.0940,0.0001220,0.0000014,0.00011800,0.00000148,1.6161601990e-02,-4.8484842409e-04,1.0613,1.8997979164e+00
0.0950,0.0001220,0.0000014,0.00011800,0.00000148,1.6161601990e-02,-4.8484842409e-04,1.0623,1.8997979164e+00
0.0960,0.0001230,0.0000014,0.00011800,0.00000148,2.0202036947e-02,-4.8484842409e-04,1.0633,1.9038383961e+00
0.0970,0.0001230,0.0000014,0.00011800,0.00000148,2.0202036947e-02,-4.8484842409e-04,1.0643,1.9038383961e+00
0.0980,0.0001230,0.0000014,0.00011900,0.00000148,1.6161659732e-02,-4.8484842409e-04,1.0653,1.8997980356e+00
0.0990,0.0001240,0.0000014,0.00011900,0.00000148,2.0202036947e-02,-4.8484842409e-04,1.0663,1.9038383961e+00
0.1000,0.0001240,0.0000014,0.00011900,0.00000148,2.0202036947e-02,-4.8484842409e-04,1.0673,1.9038383961e+00
0.1010,0.0001240,0.0000014,0.00011900,0.00000148,2.0202036947e-02,-4.8484842409e-04,1.0683,1.9038383961e+00
0.1020,0.0001250,0.0000014,0.00012000,0.00000148,2.0202064887e-02,-5.2525248611e-04,1.0693,1.9038383961e+00
0.1030,0.0001250,0.0000014,0.00012000,0.00000148,2.0202064887e-02,-4.8484842409e-04,1.0703,1.9038383961e+00
0.1040,0.0001250,0.0000014,0.00012000,0.00000148,2.0202064887e-02,-4.8484842409e-04,1.0713,1.9038383961e+00
0.1050,0.0001260,0.0000014,0.00012000,0.00000148,2.4242442101e-02,-4.8484842409e-04,1.0723,1.9078787565e+00
0.1060,0.0001260,0.0000014,0.00012000,0.00000148,2.4242442101e-02,-5.2525248611e-04,1.0733,1.9078787565e+00
0.1070,0.0001260,0.0000014,0.00012100,0.00000148,2.0202036947e-02,-4.8484842409e-04,1.0743,1.9038383961e+00
0.1080,0.0001270,0.0000014,0.00012100,0.00000148,2.4242471904e-02,-5.2525248611e-04,1.0753,1.9078788757e+00
0.1090,0.0001270,0.0000014,0.00012100,0.00000148,2.4242471904e-02,-4.8484842409e-04,1.0763,1.9078788757e+00
0.1100,0.0001280,0.0000014,0.00012100,0.00000147,2.8282847255e-02,-4.4444433297e-04,1.0773,1.9119192362e+00
0.1110,0.0001280,0.0000014,0.00012100,0.00000148,2.8282847255e-02,-4.8484842409e-04,1.0783,1.9119192362e+00
0.1120,0.0001280,0.0000014,0.00012200,0.00000147,2.4242442101e-02,-4.8484842409e-04,1.0793,1.9078787565e+00
0.1130,0.0001280,0.0000014,0.00012200,0.00000148,2.4242442101e-02,-5.2525248611e-04,1.0803,1.9078787565e+00
0.1140,0.0001290,0.0000014,0.00012200,0.00000147,2.8282817453e-02,-4.4444433297e-04,1.0813,1.9119191170e+00
0.1150,0.0001290,0.0000014,0.00012200,0.00000148,2.8282817453e-02,-5.2525248611e-04,1.0823,1.9119191170e+00
0.1160,0.0001290,0.0000014,0.00012200,0.00000147,2.8282817453e-02,-4.8484842409e-04,1.0833,1.9119191170e+00
0.1170,0.0001300,0.0000014,0.00012300,0.00000148,2.8282817453e-02,-5.2525248611e-04,1.0843,1.9119191170e+00
0.1180,0.0001300,0.0000014,0.00012300,0.00000147,2.8282817453e-02,-4.8484842409e-04,1.0853,1.9119191170e+00
0.1190,0.0001310,0.0000014,0.00012300,0.00000147,3.2323196530e-02,-4.8484842409e-04,1.0863,1.9159595966e+00
0.1200,0.0001310,0.0000014,0.00012300,0.00000147,3.2323196530e-02,-4.4444433297e-04,1.0873,1.9159595966e+00
0.1210,0.0001310,0.0000014,0.00012400,0.00000147,2.8282817453e-02,-4.8484842409e-04,1.0883,1.9119191170e+00
0.1220,0.0001320,0.0000014,0.00012400,0.00000147,3.2323256135e-02,-4.8484842409e-04,1.0893,1.9159595966e+00
0.1230,0.0001320,0.0000014,0.00012400,0.00000147,3.2323256135e-02,-4.8484842409e-04,1.0903,1.9159595966e+00
0.1240,0.0001330,0.0000014,0.00012400,0.00000147,3.6363631487e-02,-4.8484842409e-04,1.0913,1.9199999571e+00
0.1250,0.0001330,0.0000014,0.00012500,0.00000147,3.2323196530e-02,-4.8484842409e-04,1.0923,1.9159595966e+00
0.1260,0.0001330,0.0000014,0.00012500,0.00000147,3.2323196530e-02,-4.8484842409e-04,1.0933,1.9159595966e+00
0.1270,0.0001340,0.0000014,0.00012500,0.00000147,3.6363631487e-02,-4.8484842409e-04,1.0943,1.9199999571e+00
0.1280,0.0001340,0.0000014,0.00012500,0.00000146,3.6363631487e-02,-4.4444433297e-04,1.0953,1.9199999571e+00
0.1290,0.0001340,0.0000014,0.00012600,0.00000147,3.2323256135e-02,-4.8484842409e-04,1.0963,1.9159595966e+00
0.1300,0.0001350,0.0000014,0.00012600,0.00000147,3.6363631487e-02,-4.8484842409e-04,1.0973,1.9199999571e+00
0.1310,0.0001350,0.0000014,0.00012600,0.00000147,3.6363631487e-02,-4.8484842409e-04,1.0983,1.9199999571e+00
0.1320,0.0001360,0.0000014,0.00012600,0.00000147,4.0404066443e-02,-4.8484842409e-04,1.0993,1.9240404367e+00
0.1330,0.0001360,0.0000014,0.00012700,0.00000147,3.6363631487e-02,-4.8484842409e-04,1.1003,1.9199999571e+00
0.1340,0.0001370,0.0000014,0.00012700,0.00000146,4.0404006839e-02,-4.4444433297e-04,1.1013,1.9240403175e+00
0.1350,0.0001370,0.0000013,0.00012700,0.00000146,4.0404006839e-02,-4.8484842409e-04,1.1023,1.9240403175e+00
0.1360,0.0001380,0.0000014,0.00012700,0.00000146,4.4444441795e-02,-4.4444433297e-04,1.1033,1.9280807972e+00
0.1370,0.0001380,0.0000013,0.00012800,0.00000146,4.0404066443e-02,-4.8484842409e-04,1.1043,1.9240404367e+00
0.1380,0.0001390,0.0000013,0.00012800,0.00000146,4.4444441795e-02,-4.8484842409e-04,1.1053,1.9280807972e+00
0.1390,0.0001390,0.0000014,0.00012800,0.00000146,4.4444441795e-02,-4.4444433297e-04,1.1063,1.9280807972e+00
0.1400,0.0001390,0.0000013,0.00012800,0.00000146,4.4444441795e-02,-4.8484842409e-04,1.1073,1.9280807972e+00
0.1410,0.0001400,0.0000013,0.00012900,0.00000146,4.4444501400e-02,-4.8484842409e-04,1.1083,1.9280807972e+00
0.1420,0.0001400,0.0000014,0.00012900,0.00000146,4.4444501400e-02,-4.4444433297e-04,1.1093,1.9280807972e+00
0.1430,0.0001410,0.0000013,0.00012900,0.00000146,4.8484876752e-02,-4.8484842409e-04,1.1103,1.9321212769e+00
0.1440,0.0001410,0.0000013,0.00013000,0.00000146,4.4444441795e-02,-4.8484842409e-04,1.1113,1.9280807972e+00
0.1450,0.0001420,0.0000013,0.00013000,0.00000146,4.8484876752e-02,-4.8484842409e-04,1.1123,1.9321212769e+00
0.1460,0.0001420,0.0000013,0.00013000,0.00000146,4.8484876752e-02,-4.8484842409e-04,1.1133,1.9321212769e+00
0.1470,0.0001430,0.0000013,0.00013100,0.00000146,4.8484876752e-02,-4.8484842409e-04,1.1143,1.9321212769e+00
0.1480,0.0001430,0.0000013,0.00013100,0.00000146,4.8484876752e-02,-4.8484842409e-04,1.1153,1.9321212769e+00
0.1490,0.0001430,0.0000013,0.00013100,0.00000146,4.8484876752e-02,-4.8484842409e-04,1.1163,1.9321212769e+00
0.1500,0.0001440,0.0000013,0.00013100,0.00000146,5.2525311708e-02,-4.8484842409e-04,1.1173,1.9361616373e+00
0.1510,0.0001440,0.0000013,0.00013200,0.00000146,4.8484876752e-02,-4.8484842409e-04,1.1183,1.9321212769e+00
0.1520,0.0001450,0.0000013,0.00013200,0.00000146,5.2525252104e-02,-4.8484842409e-04,1.1193,1.9361616373e+00
0.1530,0.0001460,0.0000013,0.00013200,0.00000146,5.6565687060e-02,-4.8484842409e-04,1.1203,1.9402019978e+00
0.1540,0.0001460,0.0000013,0.00013300,0.00000145,5.2525311708e-02,-4.4444433297e-04,1.1213,1.9361616373e+00
0.1550,0.0001470,0.0000013,0.00013300,0.00000146,5.6565687060e-02,-4.8484842409e-04,1.1223,1.9402019978e+00
0.1560,0.0001470,0.0000013,0.00013300,0.00000145,5.6565687060e-02,-4.4444433297e-04,1.1233,1.9402019978e+00
0.1570,0.0001480,0.0000013,0.00013400,0.00000145,5.6565687060e-02,-4.4444433297e-04,1.1243,1.9402019978e+00
0.1580,0.0001480,0.0000013,0.00013400,0.00000145,5.6565687060e-02,-4.4444433297e-04,1.1253,1.9402019978e+00
0.1590,0.0001490,0.0000013,0.00013400,0.00000145,6.0606062412e-02,-4.4444433297e-04,1.1263,1.9442424774e+00
0.1600,0.0001490,0.0000013,0.00013500,0.00000145,5.6565687060e-02,-4.4444433297e-04,1.1273,1.9402019978e+00
0.1610,0.0001500,0.0000013,0.00013500,0.00000145,6.0606122017e-02,-4.4444433297e-04,1.1283,1.9442424774e+00
0.1620,0.0001500,0.0000013,0.00013500,0.00000145,6.0606122017e-02,-4.8484842409e-04,1.1293,1.9442424774e+00
0.1630,0.0001510,0.0000013,0.00013600,0.00000145,6.0606062412e-02,-4.4444433297e-04,1.1303,1.9442424774e+00
0.1640,0.0001510,0.0000013,0.00013600,0.00000145,6.0606062412e-02,-4.8484842409e-04,1.1313,1.9442424774e+00
0.1650,0.0001520,0.0000013,0.00013700,0.00000145,6.0606062412e-02,-4.8484842409e-04,1.1323,1.9442424774e+00
0.1660,0.0001530,0.0000013,0.00013700,0.00000145,6.4646497369e-02,-4.8484842409e-04,1.1333,1.9482828379e+00
0.1670,0.0001530,0.0000013,0.00013700,0.00000145,6.4646497369e-02,-4.4444433297e-04,1.1343,1.9482828379e+00
0.1680,0.0001540,0.0000013,0.00013800,0.00000145,6.4646437764e-02,-4.8484842409e-04,1.1353,1.9482828379e+00
0.1690,0.0001540,0.0000013,0.00013800,0.00000145,6.4646437764e-02,-4.8484842409e-04,1.1363,1.9482828379e+00
0.1700,0.0001550,0.0000013,0.00013800,0.00000145,6.8686872721e-02,-4.8484842409e-04,1.1373,1.9523231983e+00
0.1710,0.0001560,0.0000013,0.00013900,0.00000144,6.8686872721e-02,-4.4444433297e-04,1.1383,1.9523231983e+00
0.1720,0.0001560,0.0000013,0.00013900,0.00000145,6.8686872721e-02,-4.8484842409e-04,1.1393,1.9523231983e+00
0.1730,0.0001570,0.0000013,0.00014000,0.00000144,6.8686872721e-02,-4.4444433297e-04,1.1403,1.9523231983e+00
0.1740,0.0001570,0.0000013,0.00014000,0.00000144,6.8686872721e-02,-4.4444433297e-04,1.1413,1.9523231983e+00
0.1750,0.0001580,0.0000013,0.00014000,0.00000145,7.2727248073e-02,-4.8484842409e-04,1.1423,1.9563635588e+00
0.1760,0.0001580,0.0000013,0.00014100,0.00000144,6.8686872721e-02,-4.4444433297e-04,1.1433,1.9523231983e+00
0.1770,0.0001590,0.0000013,0.00014100,0.00000145,7.2727307677e-02,-4.8484842409e-04,1.1443,1.9563636780e+00
0.1780,0.0001600,0.0000013,0.00014200,0.00000144,7.2727248073e-02,-4.4444433297e-04,1.1453,1.9563635588e+00
0.1790,0.0001600,0.0000013,0.00014200,0.00000144,7.2727248073e-02,-4.4444433297e-04,1.1463,1.9563635588e+00
0.1800,0.0001610,0.0000013,0.00014200,0.00000144,7.6767683029e-02,-4.4444433297e-04,1.1473,1.9604040384e+00
0.1810,0.0001610,0.0000013,0.00014300,0.00000144,7.2727307677e-02,-4.8484842409e-04,1.1483,1.9563636780e+00
0.1820,0.0001620,0.0000013,0.00014300,0.00000144,7.6767683029e-02,-4.4444433297e-04,1.1493,1.9604040384e+00
0.1830,0.0001630,0.0000013,0.00014400,0.00000144,7.6767683029e-02,-4.8484842409e-04,1.1503,1.9604040384e+00
0.1840,0.0001630,0.0000013,0.00014400,0.00000144,7.6767683029e-02,-4.4444433297e-04,1.1513,1.9604040384e+00
0.1850,0.0001640,0.0000013,0.00014500,0.00000144,7.6767683029e-02,-4.8484842409e-04,1.1523,1.9604040384e+00
0.1860,0.0001650,0.0000013,0.00014500,0.00000144,8.0808117986e-02,-4.4444433297e-04,1.1533,1.9644445181e+00
0.1870,0.0001650,0.0000013,0.00014600,0.00000144,7.6767683029e-02,-4.8484842409e-04,1.1543,1.9604040384e+00
0.1880,0.0001660,0.0000013,0.00014600,0.00000144,8.0808058381e-02,-4.4444433297e-04,1.1553,1.9644443989e+00
0.1890,0.0001670,0.0000013,0.00014700,0.00000144,8.0808117986e-02,-4.8484842409e-04,1.1563,1.9644445181e+00
0.1900,0.0001670,0.0000013,0.00014700,0.00000143,8.0808117986e-02,-4.4444433297e-04,1.1573,1.9644445181e+00
0.1910,0.0001680,0.0000013,0.00014800,0.00000143,8.0808058381e-02,-4.4444433297e-04,1.1583,1.9644443989e+00
0.1920,0.0001690,0.0000013,0.00014800,0.00000143,8.4848493338e-02,-4.4444433297e-04,1.1593,1.9684848785e+00
0.1930,0.0001690,0.0000013,0.00014900,0.00000143,8.0808117986e-02,-4.4444433297e-04,1.1603,1.9644445181e+00
0.1940,0.0001700,0.0000013,0.00014900,0.00000143,8.4848493338e-02,-4.4444433297e-04,1.1613,1.9684848785e+00
0.1950,0.0001710,0.0000013,0.00015000,0.00000143,8.4848493338e-02,-4.4444433297e-04,1.1623,1.9684848785e+00
0.1960,0.0001710,0.0000013,0.00015000,0.00000143,8.4848493338e-02,-4.4444433297e-04,1.1633,1.9684848785e+00
0.1970,0.0001720,0.0000013,0.00015100,0.00000143,8.4848493338e-02,-4.4444433297e-04,1.1643,1.9684848785e+00
0.1980,0.0001730,0.0000013,0.00015100,0.00000143,8.8888868690e-02,-4.4444433297e-04,1.1653,1.9725252390e+00
0.1990,0.0001740,0.0000013,0.00015200,0.00000143,8.8888928294e-02,-4.4444433297e-04,1.1663,1.9725252390e+00
