Potential,Disk-O2,Ring-O2,Disk-N2,Ring-N2,Disk-Density,Ring-Density,Potential_RHE,ABS
-0.9000,-0.0014100,0.0000789,-0.00055100,0.00001100,-3.4707071781e+00,2.7434340119e-01,0.0673,1.2878787518e+00
-0.8990,-0.0013400,0.0000786,-0.00049100,0.00001090,-3.4303028584e+00,2.7353534102e-01,0.0683,1.2474744320e+00
-0.8980,-0.0013200,0.0000785,-0.00044100,0.00001080,-3.5515153408e+00,2.7353534102e-01,0.0693,1.3686869144e+00
-0.8970,-0.0013000,0.0000784,-0.00039700,0.00001070,-3.6484849453e+00,2.7353534102e-01,0.0703,1.4656565189e+00
-0.8960,-0.0012700,0.0000783,-0.00035800,0.00001060,-3.6848485470e+00,2.7353534102e-01,0.0713,1.5020201206e+00
-0.8950,-0.0012600,0.0000779,-0.00032400,0.00001050,-3.7818183899e+00,2.7232322097e-01,0.0723,1.5989899635e+00
-0.8940,-0.0012500,0.0000780,-0.00029400,0.00001040,-3.8626260757e+00,2.7313131094e-01,0.0733,1.6797976494e+00
-0.8930,-0.0012300,0.0000778,-0.00026800,0.00001030,-3.8868689537e+00,2.7272728086e-01,0.0743,1.7040405273e+00
-0.8920,-0.0012200,0.0000776,-0.00024400,0.00001020,-3.9434342384e+00,2.7232325077e-01,0.0753,1.7606058121e+00
-0.8910,-0.0012100,0.0000775,-0.00022300,0.00001010,-3.9878790379e+00,2.7232325077e-01,0.0763,1.8050506115e+00
-0.8900,-0.0011900,0.0000773,-0.00020300,0.00001000,-3.9878785610e+00,2.7191919088e-01,0.0773,1.8050501347e+00
-0.8890,-0.0012000,0.0000774,-0.00018600,0.00000991,-4.0969700813e+00,2.7268686891e-01,0.0783,1.9141416550e+00
-0.8880,-0.0011800,0.0000770,-0.00017000,0.00000984,-4.0808081627e+00,2.7135354280e-01,0.0793,1.8979797363e+00
-0.8870,-0.0011800,0.0000768,-0.00015500,0.00000976,-4.1414141655e+00,2.7086871862e-01,0.0803,1.9585857391e+00
-0.8860,-0.0011700,0.0000767,-0.00014200,0.00000968,-4.1535348892e+00,2.7078789473e-01,0.0813,1.9707064629e+00
-0.8850,-0.0011500,0.0000764,-0.00012900,0.00000960,-4.1252527237e+00,2.6989898086e-01,0.0823,1.9424242973e+00
-0.8840,-0.0011500,0.0000765,-0.00011900,0.00000952,-4.1656565666e+00,2.7062624693e-01,0.0833,1.9828281403e+00
-0.8830,-0.0011500,0.0000761,-0.00010800,0.00000946,-4.2101011276e+00,2.6925253868e-01,0.0843,2.0272727013e+00
-0.8820,-0.0011400,0.0000761,-0.00009840,0.00000939,-4.2084846497e+00,2.6953533292e-01,0.0853,2.0256562233e+00
-0.8810,-0.0011300,0.0000760,-0.00008930,0.00000931,-4.2048487663e+00,2.6945450902e-01,0.0863,2.0220203400e+00
-0.8800,-0.0011300,0.0000759,-0.00008090,0.00000926,-4.2387876511e+00,2.6925253868e-01,0.0873,2.0559592247e+00
-0.8790,-0.0011300,0.0000756,-0.00007340,0.00000919,-4.2690911293e+00,2.6832324266e-01,0.0883,2.0862627029e+00
-0.8780,-0.0011200,0.0000756,-0.00006610,0.00000913,-4.2581815720e+00,2.6856565475e-01,0.0893,2.0753531456e+00
-0.8770,-0.0011200,0.0000755,-0.00005960,0.00000906,-4.2844448090e+00,2.6844444871e-01,0.0903,2.1016163826e+00
-0.8760,-0.0011200,0.0000753,-0.00005320,0.00000899,-4.3103027344e+00,2.6791918278e-01,0.0913,2.1274743080e+00
-0.8750,-0.0011100,0.0000752,-0.00004740,0.00000893,-4.2933330536e+00,2.6775756478e-01,0.0923,2.1105046272e+00
-0.8740,-0.0011100,0.0000751,-0.00004170,0.00000888,-4.3163638115e+00,2.6755553484e-01,0.0933,2.1335353851e+00
-0.8730,-0.0011100,0.0000753,-0.00003650,0.00000882,-4.3373732567e+00,2.6860603690e-01,0.0943,2.1545448303e+00
-0.8720,-0.0011000,0.0000750,-0.00003160,0.00000878,-4.3167676926e+00,2.6755556464e-01,0.0953,2.1339392662e+00
-0.8710,-0.0011000,0.0000749,-0.00002680,0.00000871,-4.3361616135e+00,2.6743435860e-01,0.0963,2.1533331871e+00
-0.8700,-0.0011000,0.0000749,-0.00002230,0.00000866,-4.3543434143e+00,2.6763638854e-01,0.0973,2.1715149879e+00
-0.8690,-0.0010900,0.0000746,-0.00001840,0.00000860,-4.3296971321e+00,2.6666668057e-01,0.0983,2.1468687057e+00
-0.8680,-0.0010900,0.0000746,-0.00001440,0.00000854,-4.3458585739e+00,2.6690909266e-01,0.0993,2.1630301476e+00
-0.8670,-0.0010800,0.0000746,-0.00001090,0.00000849,-4.3195958138e+00,2.6711109281e-01,0.1003,2.1367673874e+00
-0.8660,-0.0010900,0.0000744,-0.00000744,0.00000844,-4.3739800453e+00,2.6650503278e-01,0.1013,2.1911516190e+00
-0.8650,-0.0010800,0.0000744,-0.00000374,0.00000840,-4.3485250473e+00,2.6666668057e-01,0.1023,2.1656966209e+00
-0.8640,-0.0010700,0.0000744,-0.00000066,0.00000835,-4.3205537796e+00,2.6686868072e-01,0.1033,2.1377253532e+00
-0.8630,-0.0010700,0.0000741,0.00000245,0.00000831,-4.3331313133e+00,2.6581814885e-01,0.1043,2.1503028870e+00
-0.8620,-0.0010800,0.0000742,0.00000526,0.00000827,-4.3848886490e+00,2.6638382673e-01,0.1053,2.2020602226e+00
-0.8610,-0.0010700,0.0000741,0.00000787,0.00000822,-4.3550305367e+00,2.6618179679e-01,0.1063,2.1722021103e+00
-0.8600,-0.0010700,0.0000739,0.00001090,0.00000818,-4.3672723770e+00,2.6553535461e-01,0.1073,2.1844439507e+00
-0.8590,-0.0010600,0.0000739,0.00001330,0.00000813,-4.3365659714e+00,2.6573738456e-01,0.1083,2.1537375450e+00
-0.8580,-0.0010700,0.0000738,0.00001560,0.00000808,-4.3862624168e+00,2.6553535461e-01,0.1093,2.2034339905e+00
-0.8570,-0.0010600,0.0000738,0.00001790,0.00000805,-4.3551516533e+00,2.6565656066e-01,0.1103,2.1723232269e+00
-0.8560,-0.0010600,0.0000737,0.00002000,0.00000801,-4.3636364937e+00,2.6541414857e-01,0.1113,2.1808080673e+00
-0.8550,-0.0010700,0.0000737,0.00002220,0.00000798,-4.4129295349e+00,2.6553535461e-01,0.1123,2.2301011086e+00
-0.8540,-0.0010600,0.0000735,0.00002420,0.00000794,-4.3806061745e+00,2.6488888264e-01,0.1133,2.1977777481e+00
-0.8530,-0.0010600,0.0000734,0.00002610,0.00000790,-4.3882827759e+00,2.6464644074e-01,0.1143,2.2054543495e+00
-0.8520,-0.0010600,0.0000735,0.00002800,0.00000786,-4.3959598541e+00,2.6521211863e-01,0.1153,2.2131314278e+00
-0.8510,-0.0010600,0.0000734,0.00002990,0.00000782,-4.4036364555e+00,2.6496967673e-01,0.1163,2.2208080292e+00
-0.8500,-0.0010600,0.0000733,0.00003150,0.00000779,-4.4101014137e+00,2.6468688250e-01,0.1173,2.2272729874e+00
-0.8490,-0.0010600,0.0000732,0.00003310,0.00000777,-4.4165658951e+00,2.6436361670e-01,0.1183,2.2337374687e+00
-0.8480,-0.0010500,0.0000732,0.00003490,0.00000773,-4.3834342957e+00,2.6452523470e-01,0.1193,2.2006058693e+00
-0.8470,-0.0010500,0.0000730,0.00003630,0.00000769,-4.3890910149e+00,2.6387879252e-01,0.1203,2.2062625885e+00
-0.8460,-0.0010500,0.0000731,0.00003760,0.00000766,-4.3943433762e+00,2.6440402865e-01,0.1213,2.2115149498e+00
-0.8450,-0.0010500,0.0000731,0.00003920,0.00000763,-4.4008078575e+00,2.6452523470e-01,0.1223,2.2179794312e+00
-0.8440,-0.0010500,0.0000729,0.00004050,0.00000759,-4.4060602188e+00,2.6387879252e-01,0.1233,2.2232317924e+00
-0.8430,-0.0010500,0.0000731,0.00004160,0.00000756,-4.4105048180e+00,2.6480805874e-01,0.1243,2.2276763916e+00
-0.8420,-0.0010400,0.0000728,0.00004310,0.00000754,-4.3761615753e+00,2.6367676258e-01,0.1253,2.1933331490e+00
-0.8410,-0.0010400,0.0000727,0.00004430,0.00000751,-4.3810100555e+00,2.6339393854e-01,0.1263,2.1981816292e+00
-0.8400,-0.0010500,0.0000728,0.00004540,0.00000748,-4.4258584976e+00,2.6391920447e-01,0.1273,2.2430300713e+00
-0.8390,-0.0010400,0.0000727,0.00004650,0.00000746,-4.3898992538e+00,2.6359593868e-01,0.1283,2.2070708275e+00
-0.8380,-0.0010400,0.0000726,0.00004780,0.00000743,-4.3951516151e+00,2.6331314445e-01,0.1293,2.2123231888e+00
-0.8370,-0.0010400,0.0000726,0.00004890,0.00000740,-4.3995962143e+00,2.6343435049e-01,0.1303,2.2167677879e+00
-0.8360,-0.0010400,0.0000727,0.00004980,0.00000737,-4.4032325745e+00,2.6395961642e-01,0.1313,2.2204041481e+00
-0.8350,-0.0010400,0.0000725,0.00005090,0.00000734,-4.4076771736e+00,2.6327273250e-01,0.1323,2.2248487473e+00
-0.8340,-0.0010400,0.0000726,0.00005180,0.00000731,-4.4113135338e+00,2.6379796863e-01,0.1333,2.2284851074e+00
-0.8330,-0.0010400,0.0000725,0.00005280,0.00000728,-4.4153537750e+00,2.6351514459e-01,0.1343,2.2325253487e+00
-0.8320,-0.0010400,0.0000726,0.00005370,0.00000726,-4.4189901352e+00,2.6399999857e-01,0.1353,2.2361617088e+00
-0.8310,-0.0010400,0.0000725,0.00005460,0.00000724,-4.4226260185e+00,2.6367676258e-01,0.1363,2.2397975922e+00
-0.8300,-0.0010300,0.0000723,0.00005540,0.00000721,-4.3854546547e+00,2.6298987865e-01,0.1373,2.2026262283e+00
-0.8290,-0.0010400,0.0000724,0.00005630,0.00000719,-4.4294948578e+00,2.6347473264e-01,0.1383,2.2466664314e+00
-0.8280,-0.0010300,0.0000721,0.00005710,0.00000717,-4.3923234940e+00,2.6234346628e-01,0.1393,2.2094950676e+00
-0.8270,-0.0010300,0.0000721,0.00005780,0.00000715,-4.3951516151e+00,2.6242423058e-01,0.1403,2.2123231888e+00
-0.8260,-0.0010300,0.0000721,0.00005860,0.00000712,-4.3983840942e+00,2.6254546642e-01,0.1413,2.2155556679e+00
-0.8250,-0.0010200,0.0000720,0.00005950,0.00000711,-4.3616161346e+00,2.6218181849e-01,0.1423,2.1787877083e+00
-0.8240,-0.0010300,0.0000721,0.00006010,0.00000709,-4.4044446945e+00,2.6266667247e-01,0.1433,2.2216162682e+00
-0.8230,-0.0010200,0.0000718,0.00006090,0.00000706,-4.3672723770e+00,2.6157575846e-01,0.1443,2.1844439507e+00
-0.8220,-0.0010200,0.0000717,0.00006160,0.00000704,-4.3701009750e+00,2.6125252247e-01,0.1453,2.1872725487e+00
-0.8210,-0.0010200,0.0000717,0.00006210,0.00000703,-4.3721213341e+00,2.6129293442e-01,0.1463,2.1892929077e+00
-0.8200,-0.0010200,0.0000718,0.00006280,0.00000701,-4.3749494553e+00,2.6177778840e-01,0.1473,2.1921210289e+00
-0.8190,-0.0010200,0.0000718,0.00006400,0.00000699,-4.3797979355e+00,2.6185861230e-01,0.1483,2.1969695091e+00
-0.8180,-0.0010200,0.0000715,0.00006440,0.00000697,-4.3814139366e+00,2.6072728634e-01,0.1493,2.1985855103e+00
-0.8170,-0.0010200,0.0000717,0.00006500,0.00000696,-4.3838381767e+00,2.6157575846e-01,0.1503,2.2010097504e+00
-0.8160,-0.0010200,0.0000717,0.00006550,0.00000694,-4.3858585358e+00,2.6165658236e-01,0.1513,2.2030301094e+00
-0.8150,-0.0010200,0.0000716,0.00006610,0.00000692,-4.3882827759e+00,2.6133331656e-01,0.1523,2.2054543495e+00
-0.8140,-0.0010200,0.0000716,0.00006650,0.00000690,-4.3898992538e+00,2.6141414046e-01,0.1533,2.2070708275e+00
-0.8130,-0.0010100,0.0000716,0.00006700,0.00000688,-4.3515152931e+00,2.6149493456e-01,0.1543,2.1686868668e+00
-0.8120,-0.0010200,0.0000716,0.00006750,0.00000686,-4.3939394951e+00,2.6157575846e-01,0.1553,2.2111110687e+00
-0.8110,-0.0010200,0.0000718,0.00006790,0.00000685,-4.3955554962e+00,2.6242423058e-01,0.1563,2.2127270699e+00
-0.8100,-0.0010200,0.0000716,0.00006840,0.00000683,-4.3975753784e+00,2.6169696450e-01,0.1573,2.2147469521e+00
-0.8090,-0.0010200,0.0000716,0.00006890,0.00000682,-4.3995962143e+00,2.6173737645e-01,0.1583,2.2167677879e+00
-0.8080,-0.0010200,0.0000717,0.00006930,0.00000680,-4.4012117386e+00,2.6222223043e-01,0.1593,2.2183833122e+00
-0.8070,-0.0010200,0.0000716,0.00006980,0.00000679,-4.4032320976e+00,2.6185858250e-01,0.1603,2.2204036713e+00
-0.8060,-0.0010200,0.0000716,0.00007050,0.00000677,-4.4060602188e+00,2.6193937659e-01,0.1613,2.2232317924e+00
-0.8050,-0.0010100,0.0000717,0.00007080,0.00000676,-4.3668684959e+00,2.6238384843e-01,0.1623,2.1840400696e+00
-0.8040,-0.0010100,0.0000713,0.00007130,0.00000674,-4.3688888550e+00,2.6084846258e-01,0.1633,2.1860604286e+00
-0.8030,-0.0010200,0.0000714,0.00007170,0.00000672,-4.4109086990e+00,2.6133331656e-01,0.1643,2.2280802727e+00
-0.8020,-0.0010100,0.0000714,0.00007200,0.00000671,-4.3717169762e+00,2.6137372851e-01,0.1653,2.1888885498e+00
-0.8010,-0.0010100,0.0000713,0.00007250,0.00000669,-4.3737373352e+00,2.6105049253e-01,0.1663,2.1909089088e+00
-0.8000,-0.0010100,0.0000713,0.00007280,0.00000668,-4.3749494553e+00,2.6109090447e-01,0.1673,2.1921210289e+00
-0.7990,-0.0010100,0.0000713,0.00007330,0.00000666,-4.3769698143e+00,2.6117172837e-01,0.1683,2.1941413879e+00
-0.7980,-0.0010000,0.0000713,0.00007370,0.00000665,-4.3381819725e+00,2.6121211052e-01,0.1693,2.1553535461e+00
-0.7970,-0.0010100,0.0000713,0.00007400,0.00000663,-4.3797979355e+00,2.6129293442e-01,0.1703,2.1969695091e+00
-0.7960,-0.0010100,0.0000714,0.00007430,0.00000662,-4.3810100555e+00,2.6173737645e-01,0.1713,2.1981816292e+00
-0.7950,-0.0010100,0.0000713,0.00007470,0.00000660,-4.3826260567e+00,2.6141414046e-01,0.1723,2.1997976303e+00
-0.7940,-0.0010100,0.0000713,0.00007510,0.00000659,-4.3842425346e+00,2.6145452261e-01,0.1733,2.2014141083e+00
-0.7930,-0.0010100,0.0000712,0.00007550,0.00000657,-4.3858585358e+00,2.6113128662e-01,0.1743,2.2030301094e+00
-0.7920,-0.0010100,0.0000713,0.00007580,0.00000656,-4.3870706558e+00,2.6157572865e-01,0.1753,2.2042422295e+00
-0.7910,-0.0010100,0.0000712,0.00007620,0.00000655,-4.3886871338e+00,2.6121211052e-01,0.1763,2.2058587074e+00
-0.7900,-0.0010100,0.0000712,0.00007630,0.00000654,-4.3890910149e+00,2.6125249267e-01,0.1773,2.2062625885e+00
-0.7890,-0.0010100,0.0000713,0.00007670,0.00000653,-4.3907070160e+00,2.6169696450e-01,0.1783,2.2078785896e+00
-0.7880,-0.0010000,0.0000712,0.00007700,0.00000652,-4.3515152931e+00,2.6133331656e-01,0.1793,2.1686868668e+00
-0.7870,-0.0010100,0.0000712,0.00007750,0.00000650,-4.3939394951e+00,2.6141414046e-01,0.1803,2.2111110687e+00
-0.7860,-0.0010100,0.0000711,0.00007760,0.00000649,-4.3943433762e+00,2.6105052233e-01,0.1813,2.2115149498e+00
-0.7850,-0.0010000,0.0000712,0.00007800,0.00000648,-4.3555560112e+00,2.6149493456e-01,0.1823,2.1727275848e+00
-0.7840,-0.0010000,0.0000709,0.00007820,0.00000647,-4.3563637733e+00,2.6032322645e-01,0.1833,2.1735353470e+00
-0.7830,-0.0010100,0.0000709,0.00007850,0.00000646,-4.3979797363e+00,2.6036363840e-01,0.1843,2.2151513100e+00
-0.7820,-0.0010000,0.0000710,0.00007860,0.00000645,-4.3579802513e+00,2.6080811024e-01,0.1853,2.1751518250e+00
-0.7810,-0.0010000,0.0000709,0.00007910,0.00000644,-4.3600001335e+00,2.6044443250e-01,0.1863,2.1771717072e+00
-0.7800,-0.0010000,0.0000710,0.00007940,0.00000643,-4.3612122536e+00,2.6088890433e-01,0.1873,2.1783838272e+00
-0.7790,-0.0009970,0.0000709,0.00007940,0.00000641,-4.3490910530e+00,2.6056566834e-01,0.1883,2.1662626266e+00
-0.7780,-0.0010100,0.0000710,0.00007990,0.00000641,-4.4036364555e+00,2.6096969843e-01,0.1893,2.2208080292e+00
-0.7770,-0.0009950,0.0000709,0.00007990,0.00000639,-4.3430304527e+00,2.6064646244e-01,0.1903,2.1602020264e+00
-0.7760,-0.0010000,0.0000708,0.00008030,0.00000639,-4.3648486137e+00,2.6024243236e-01,0.1913,2.1820201874e+00
-0.7750,-0.0010000,0.0000708,0.00008050,0.00000637,-4.3656568527e+00,2.6032322645e-01,0.1923,2.1828284264e+00
-0.7740,-0.0009910,0.0000710,0.00008080,0.00000636,-4.3305048943e+00,2.6117172837e-01,0.1933,2.1476764679e+00
-0.7730,-0.0010000,0.0000707,0.00008100,0.00000635,-4.3676772118e+00,2.6000002027e-01,0.1943,2.1848487854e+00
-0.7720,-0.0010000,0.0000708,0.00008120,0.00000634,-4.3684849739e+00,2.6044443250e-01,0.1953,2.1856565475e+00
-0.7710,-0.0009960,0.0000708,0.00008140,0.00000634,-4.3531317711e+00,2.6044443250e-01,0.1963,2.1703033447e+00
-0.7700,-0.0009940,0.0000707,0.00008160,0.00000633,-4.3458585739e+00,2.6008078456e-01,0.1973,2.1630301476e+00
-0.7690,-0.0010000,0.0000709,0.00008170,0.00000632,-4.3705053329e+00,2.6092931628e-01,0.1983,2.1876769066e+00
-0.7680,-0.0009970,0.0000709,0.00008190,0.00000631,-4.3591923714e+00,2.6096969843e-01,0.1993,2.1763639450e+00
-0.7670,-0.0009980,0.0000708,0.00008250,0.00000631,-4.3656568527e+00,2.6056566834e-01,0.2003,2.1828284264e+00
-0.7660,-0.0010000,0.0000707,0.00008250,0.00000630,-4.3737378120e+00,2.6020202041e-01,0.2013,2.1909093857e+00
-0.7650,-0.0009980,0.0000708,0.00008270,0.00000629,-4.3664650917e+00,2.6064646244e-01,0.2023,2.1836366653e+00
-0.7640,-0.0009950,0.0000706,0.00008260,0.00000627,-4.3539395332e+00,2.5991919637e-01,0.2033,2.1711111069e+00
-0.7630,-0.0010000,0.0000707,0.00008310,0.00000628,-4.3761620522e+00,2.6028281450e-01,0.2043,2.1933336258e+00
-0.7620,-0.0009960,0.0000707,0.00008340,0.00000626,-4.3612122536e+00,2.6036363840e-01,0.2053,2.1783838272e+00
-0.7610,-0.0009910,0.0000707,0.00008360,0.00000626,-4.3418183327e+00,2.6036363840e-01,0.2063,2.1589899063e+00
-0.7600,-0.0009910,0.0000703,0.00008360,0.00000625,-4.3418183327e+00,2.5878787041e-01,0.2073,2.1589899063e+00
-0.7590,-0.0009980,0.0000705,0.00008380,0.00000624,-4.3709096909e+00,2.5963637233e-01,0.2083,2.1880812645e+00
-0.7580,-0.0009900,0.0000704,0.00008400,0.00000623,-4.3393940926e+00,2.5927269459e-01,0.2093,2.1565656662e+00
-0.7570,-0.0009900,0.0000703,0.00008400,0.00000622,-4.3393940926e+00,2.5890907645e-01,0.2103,2.1565656662e+00
-0.7560,-0.0009940,0.0000706,0.00008430,0.00000622,-4.3567676544e+00,2.6012122631e-01,0.2113,2.1739392281e+00
-0.7550,-0.0009890,0.0000704,0.00008440,0.00000621,-4.3369698524e+00,2.5935351849e-01,0.2123,2.1541414261e+00
-0.7540,-0.0009980,0.0000705,0.00008460,0.00000620,-4.3741412163e+00,2.5979796052e-01,0.2133,2.1913127899e+00
-0.7530,-0.0009920,0.0000705,0.00008480,0.00000619,-4.3507070541e+00,2.5983837247e-01,0.2143,2.1678786278e+00
-0.7520,-0.0009920,0.0000704,0.00008490,0.00000619,-4.3511109352e+00,2.5943434238e-01,0.2153,2.1682825089e+00
-0.7510,-0.0009920,0.0000703,0.00008510,0.00000618,-4.3519191742e+00,2.5907069445e-01,0.2163,2.1690907478e+00
-0.7500,-0.0009900,0.0000704,0.00008510,0.00000617,-4.3438382149e+00,2.5951516628e-01,0.2173,2.1610097885e+00
-0.7490,-0.0009930,0.0000703,0.00008540,0.00000616,-4.3571715355e+00,2.5915148854e-01,0.2183,2.1743431091e+00
-0.7480,-0.0009880,0.0000703,0.00008560,0.00000616,-4.3377776146e+00,2.5915148854e-01,0.2193,2.1549491882e+00
-0.7470,-0.0009910,0.0000703,0.00008560,0.00000615,-4.3498988152e+00,2.5919190049e-01,0.2203,2.1670703888e+00
-0.7460,-0.0009900,0.0000703,0.00008580,0.00000615,-4.3466663361e+00,2.5919190049e-01,0.2213,2.1638379097e+00
-0.7450,-0.0009900,0.0000703,0.00008610,0.00000614,-4.3478784561e+00,2.5923231244e-01,0.2223,2.1650500298e+00
-0.7440,-0.0009910,0.0000701,0.00008600,0.00000613,-4.3515148163e+00,2.5846466422e-01,0.2233,2.1686863899e+00
-0.7430,-0.0009860,0.0000701,0.00008620,0.00000612,-4.3321213722e+00,2.5850507617e-01,0.2243,2.1492929459e+00
-0.7420,-0.0009920,0.0000701,0.00008640,0.00000611,-4.3571715355e+00,2.5854545832e-01,0.2253,2.1743431091e+00
-0.7410,-0.0009870,0.0000701,0.00008630,0.00000610,-4.3365654945e+00,2.5858587027e-01,0.2263,2.1537370682e+00
-0.7400,-0.0009870,0.0000701,0.00008660,0.00000609,-4.3377776146e+00,2.5862628222e-01,0.2273,2.1549491882e+00
-0.7390,-0.0009890,0.0000701,0.00008670,0.00000609,-4.3462624550e+00,2.5862628222e-01,0.2283,2.1634340286e+00
-0.7380,-0.0009840,0.0000701,0.00008670,0.00000608,-4.3260607719e+00,2.5866666436e-01,0.2293,2.1432323456e+00
-0.7370,-0.0009910,0.0000699,0.00008700,0.00000608,-4.3555555344e+00,2.5785857439e-01,0.2303,2.1727271080e+00
-0.7360,-0.0009860,0.0000700,0.00008710,0.00000607,-4.3357577324e+00,2.5830304623e-01,0.2313,2.1529293060e+00
-0.7350,-0.0009840,0.0000700,0.00008730,0.00000607,-4.3284850121e+00,2.5830304623e-01,0.2323,2.1456565857e+00
-0.7340,-0.0009890,0.0000699,0.00008730,0.00000606,-4.3486866951e+00,2.5793939829e-01,0.2333,2.1658582687e+00
-0.7330,-0.0009880,0.0000700,0.00008750,0.00000606,-4.3454542160e+00,2.5834345818e-01,0.2343,2.1626257896e+00
-0.7320,-0.0009830,0.0000699,0.00008760,0.00000606,-4.3256564140e+00,2.5793939829e-01,0.2353,2.1428279877e+00
-0.7310,-0.0009890,0.0000698,0.00008750,0.00000605,-4.3494944572e+00,2.5757575035e-01,0.2363,2.1666660309e+00
-0.7300,-0.0009880,0.0000699,0.00008790,0.00000605,-4.3470702171e+00,2.5797978044e-01,0.2373,2.1642417908e+00
-0.7290,-0.0009830,0.0000698,0.00008800,0.00000604,-4.3272728920e+00,2.5761616230e-01,0.2383,2.1444444656e+00
-0.7280,-0.0009800,0.0000697,0.00008770,0.00000603,-4.3139390945e+00,2.5725251436e-01,0.2393,2.1311106682e+00
-0.7270,-0.0009890,0.0000698,0.00008820,0.00000603,-4.3523230553e+00,2.5765657425e-01,0.2403,2.1694946289e+00
-0.7260,-0.0009820,0.0000698,0.00008840,0.00000603,-4.3248486519e+00,2.5765657425e-01,0.2413,2.1420202255e+00
-0.7250,-0.0009860,0.0000697,0.00008830,0.00000602,-4.3406062126e+00,2.5729292631e-01,0.2423,2.1577777863e+00
-0.7240,-0.0009850,0.0000696,0.00008840,0.00000601,-4.3369698524e+00,2.5692927837e-01,0.2433,2.1541414261e+00
-0.7230,-0.0009820,0.0000698,0.00008860,0.00000600,-4.3256564140e+00,2.5777778029e-01,0.2443,2.1428279877e+00
-0.7220,-0.0009860,0.0000695,0.00008860,0.00000600,-4.3418183327e+00,2.5656563044e-01,0.2453,2.1589899063e+00
-0.7210,-0.0009890,0.0000696,0.00008860,0.00000598,-4.3539390564e+00,2.5705051422e-01,0.2463,2.1711106300e+00
-0.7200,-0.0009810,0.0000696,0.00008880,0.00000598,-4.3224244118e+00,2.5705051422e-01,0.2473,2.1395959854e+00
-0.7190,-0.0009810,0.0000695,0.00008880,0.00000598,-4.3224244118e+00,2.5664645433e-01,0.2483,2.1395959854e+00
-0.7180,-0.0009840,0.0000694,0.00008900,0.00000597,-4.3353538513e+00,2.5628280640e-01,0.2493,2.1525254250e+00
-0.7170,-0.0009810,0.0000695,0.00008930,0.00000597,-4.3244442940e+00,2.5668683648e-01,0.2503,2.1416158676e+00
-0.7160,-0.0009810,0.0000693,0.00008930,0.00000596,-4.3244442940e+00,2.5591918826e-01,0.2513,2.1416158676e+00
-0.7150,-0.0009800,0.0000693,0.00008920,0.00000596,-4.3200001717e+00,2.5591918826e-01,0.2523,2.1371717453e+00
-0.7140,-0.0009840,0.0000694,0.00008940,0.00000595,-4.3369698524e+00,2.5636363029e-01,0.2533,2.1541414261e+00
-0.7130,-0.0009810,0.0000692,0.00008950,0.00000595,-4.3252525330e+00,2.5555557013e-01,0.2543,2.1424241066e+00
-0.7120,-0.0009860,0.0000694,0.00008950,0.00000595,-4.3454546928e+00,2.5636363029e-01,0.2553,2.1626262665e+00
-0.7110,-0.0009810,0.0000692,0.00008970,0.00000594,-4.3260607719e+00,2.5559598207e-01,0.2563,2.1432323456e+00
-0.7100,-0.0009800,0.0000692,0.00008970,0.00000594,-4.3220200539e+00,2.5559598207e-01,0.2573,2.1391916275e+00
-0.7090,-0.0009820,0.0000692,0.00008910,0.00000593,-4.3276767731e+00,2.5563636422e-01,0.2583,2.1448483467e+00
-0.7080,-0.0009770,0.0000691,0.00009010,0.00000594,-4.3115148544e+00,2.5519195199e-01,0.2593,2.1286864281e+00
-0.7070,-0.0009820,0.0000692,0.00008980,0.00000593,-4.3305048943e+00,2.5563636422e-01,0.2603,2.1476764679e+00
-0.7060,-0.0009840,0.0000693,0.00009010,0.00000592,-4.3397979736e+00,2.5608077645e-01,0.2613,2.1569695473e+00
-0.7050,-0.0009820,0.0000691,0.00009010,0.00000592,-4.3317170143e+00,2.5527271628e-01,0.2623,2.1488885880e+00
-0.7040,-0.0009810,0.0000691,0.00009000,0.00000590,-4.3272728920e+00,2.5535354018e-01,0.2633,2.1444444656e+00
-0.7030,-0.0009840,0.0000691,0.00009040,0.00000590,-4.3410100937e+00,2.5535354018e-01,0.2643,2.1581816673e+00
-0.7020,-0.0009780,0.0000690,0.00009030,0.00000590,-4.3163638115e+00,2.5494951010e-01,0.2653,2.1335353851e+00
-0.7010,-0.0009820,0.0000690,0.00009030,0.00000589,-4.3325252533e+00,2.5498992205e-01,0.2663,2.1496968269e+00
-0.7000,-0.0009770,0.0000688,0.00009040,0.00000589,-4.3127269745e+00,2.5418183208e-01,0.2673,2.1298985481e+00
-0.6990,-0.0009780,0.0000688,0.00009050,0.00000589,-4.3171715736e+00,2.5418183208e-01,0.2683,2.1343431473e+00
-0.6980,-0.0009760,0.0000687,0.00009050,0.00000588,-4.3090906143e+00,2.5381818414e-01,0.2693,2.1262621880e+00
-0.6970,-0.0009750,0.0000686,0.00009070,0.00000587,-4.3058586121e+00,2.5345453620e-01,0.2703,2.1230301857e+00
-0.6960,-0.0009800,0.0000686,0.00009070,0.00000587,-4.3260607719e+00,2.5345453620e-01,0.2713,2.1432323456e+00
-0.6950,-0.0009740,0.0000686,0.00009070,0.00000587,-4.3018183708e+00,2.5345453620e-01,0.2723,2.1189899445e+00
-0.6940,-0.0009730,0.0000685,0.00009080,0.00000586,-4.2981820107e+00,2.5309091806e-01,0.2733,2.1153535843e+00
-0.6930,-0.0009780,0.0000685,0.00009090,0.00000586,-4.3187880516e+00,2.5309091806e-01,0.2743,2.1359596252e+00
-0.6920,-0.0009770,0.0000686,0.00009100,0.00000586,-4.3151516914e+00,2.5349494815e-01,0.2753,2.1323232651e+00
-0.6910,-0.0009770,0.0000685,0.00009100,0.00000586,-4.3151516914e+00,2.5309091806e-01,0.2763,2.1323232651e+00
-0.6900,-0.0009780,0.0000685,0.00009100,0.00000586,-4.3191919327e+00,2.5309091806e-01,0.2773,2.1363635063e+00
-0.6890,-0.0009760,0.0000685,0.00009100,0.00000586,-4.3111109734e+00,2.5309091806e-01,0.2783,2.1282825470e+00
-0.6880,-0.0009760,0.0000685,0.00009100,0.00000585,-4.3111109734e+00,2.5313130021e-01,0.2793,2.1282825470e+00
-0.6870,-0.0009780,0.0000684,0.00009120,0.00000585,-4.3200001717e+00,2.5272727013e-01,0.2803,2.1371717453e+00
-0.6860,-0.0009740,0.0000683,0.00009110,0.00000584,-4.3034348488e+00,2.5236365199e-01,0.2813,2.1206064224e+00
-0.6850,-0.0009750,0.0000683,0.00009120,0.00000584,-4.3078784943e+00,2.5236365199e-01,0.2823,2.1250500679e+00
-0.6840,-0.0009750,0.0000682,0.00009140,0.00000583,-4.3086867332e+00,2.5200000405e-01,0.2833,2.1258583069e+00
-0.6830,-0.0009730,0.0000681,0.00009110,0.00000583,-4.2993941307e+00,2.5159597397e-01,0.2843,2.1165657043e+00
-0.6820,-0.0009800,0.0000682,0.00009140,0.00000583,-4.3288888931e+00,2.5200000405e-01,0.2853,2.1460604668e+00
-0.6810,-0.0009730,0.0000682,0.00009170,0.00000583,-4.3018183708e+00,2.5200000405e-01,0.2863,2.1189899445e+00
-0.6800,-0.0009750,0.0000681,0.00009150,0.00000582,-4.3090906143e+00,2.5163635612e-01,0.2873,2.1262621880e+00
-0.6790,-0.0009740,0.0000681,0.00009170,0.00000582,-4.3058590889e+00,2.5163635612e-01,0.2883,2.1230306625e+00
-0.6780,-0.0009760,0.0000680,0.00009170,0.00000582,-4.3139390945e+00,2.5123232603e-01,0.2893,2.1311106682e+00
-0.6770,-0.0009740,0.0000681,0.00009170,0.00000581,-4.3058590889e+00,2.5167679787e-01,0.2903,2.1230306625e+00
-0.6760,-0.0009780,0.0000681,0.00009170,0.00000581,-4.3220200539e+00,2.5167679787e-01,0.2913,2.1391916275e+00
-0.6750,-0.0009750,0.0000681,0.00009180,0.00000581,-4.3103027344e+00,2.5167679787e-01,0.2923,2.1274743080e+00
-0.6740,-0.0009780,0.0000679,0.00009180,0.00000581,-4.3224244118e+00,2.5086870790e-01,0.2933,2.1395959854e+00
-0.6730,-0.0009760,0.0000680,0.00009180,0.00000580,-4.3143434525e+00,2.5131312013e-01,0.2943,2.1315150261e+00
-0.6720,-0.0009720,0.0000679,0.00009200,0.00000580,-4.2989897728e+00,2.5090909004e-01,0.2953,2.1161613464e+00
-0.6710,-0.0009830,0.0000679,0.00009190,0.00000580,-4.3430304527e+00,2.5090909004e-01,0.2963,2.1602020264e+00
-0.6700,-0.0009710,0.0000679,0.00009210,0.00000580,-4.2953538895e+00,2.5090909004e-01,0.2973,2.1125254631e+00
-0.6690,-0.0009740,0.0000677,0.00009210,0.00000580,-4.3074750900e+00,2.5010100007e-01,0.2983,2.1246466637e+00
-0.6680,-0.0009800,0.0000679,0.00009210,0.00000579,-4.3317170143e+00,2.5094947219e-01,0.2993,2.1488885880e+00
-0.6670,-0.0009740,0.0000677,0.00009220,0.00000579,-4.3078784943e+00,2.5014138222e-01,0.3003,2.1250500679e+00
-0.6660,-0.0009780,0.0000677,0.00009230,0.00000579,-4.3244442940e+00,2.5014138222e-01,0.3013,2.1416158676e+00
-0.6650,-0.0009720,0.0000676,0.00009220,0.00000578,-4.2997980118e+00,2.4977777898e-01,0.3023,2.1169695854e+00
-0.6640,-0.0009730,0.0000676,0.00009240,0.00000578,-4.3046464920e+00,2.4977777898e-01,0.3033,2.1218180656e+00
-0.6630,-0.0009740,0.0000674,0.00009230,0.00000578,-4.3082828522e+00,2.4896968901e-01,0.3043,2.1254544258e+00
-0.6620,-0.0009770,0.0000675,0.00009240,0.00000577,-4.3208079338e+00,2.4941413105e-01,0.3053,2.1379795074e+00
-0.6610,-0.0009720,0.0000674,0.00009240,0.00000577,-4.3006057739e+00,2.4901008606e-01,0.3063,2.1177773476e+00
-0.6600,-0.0009710,0.0000673,0.00009240,0.00000577,-4.2965655327e+00,2.4860607088e-01,0.3073,2.1137371063e+00
-0.6590,-0.0009760,0.0000674,0.00009240,0.00000576,-4.3167676926e+00,2.4905049801e-01,0.3083,2.1339392662e+00
-0.6580,-0.0009710,0.0000673,0.00009240,0.00000577,-4.2965655327e+00,2.4860607088e-01,0.3093,2.1137371063e+00
-0.6570,-0.0009730,0.0000673,0.00009250,0.00000576,-4.3050503731e+00,2.4864648283e-01,0.3103,2.1222219467e+00
-0.6560,-0.0009740,0.0000673,0.00009270,0.00000576,-4.3098988533e+00,2.4864648283e-01,0.3113,2.1270704269e+00
-0.6550,-0.0009710,0.0000672,0.00009260,0.00000575,-4.2973737717e+00,2.4828283489e-01,0.3123,2.1145453453e+00
-0.6540,-0.0009710,0.0000673,0.00009270,0.00000575,-4.2977776527e+00,2.4868687987e-01,0.3133,2.1149492264e+00
-0.6530,-0.0009690,0.0000671,0.00009280,0.00000575,-4.2901005745e+00,2.4787878990e-01,0.3143,2.1072721481e+00
-0.6520,-0.0009720,0.0000671,0.00009270,0.00000574,-4.3018178940e+00,2.4791918695e-01,0.3153,2.1189894676e+00
-0.6510,-0.0009740,0.0000670,0.00009270,0.00000574,-4.3098988533e+00,2.4751514196e-01,0.3163,2.1270704269e+00
-0.6500,-0.0009750,0.0000670,0.00009280,0.00000574,-4.3143434525e+00,2.4751514196e-01,0.3173,2.1315150261e+00
-0.6490,-0.0009740,0.0000670,0.00009290,0.00000573,-4.3107070923e+00,2.4755556881e-01,0.3183,2.1278786659e+00
-0.6480,-0.0009730,0.0000670,0.00009280,0.00000573,-4.3062624931e+00,2.4755556881e-01,0.3193,2.1234340668e+00
-0.6470,-0.0009700,0.0000669,0.00009300,0.00000573,-4.2949490547e+00,2.4715152383e-01,0.3203,2.1121206284e+00
-0.6460,-0.0009730,0.0000671,0.00009290,0.00000573,-4.3066663742e+00,2.4795961380e-01,0.3213,2.1238379478e+00
-0.6450,-0.0009700,0.0000669,0.00009290,0.00000573,-4.2945451736e+00,2.4715152383e-01,0.3223,2.1117167473e+00
-0.6440,-0.0009720,0.0000668,0.00009290,0.00000573,-4.3026261330e+00,2.4674747884e-01,0.3233,2.1197977066e+00
-0.6430,-0.0009730,0.0000668,0.00009310,0.00000572,-4.3074746132e+00,2.4678787589e-01,0.3243,2.1246461868e+00
-0.6420,-0.0009730,0.0000667,0.00009320,0.00000572,-4.3078784943e+00,2.4638383090e-01,0.3253,2.1250500679e+00
-0.6410,-0.0009690,0.0000667,0.00009300,0.00000572,-4.2909088135e+00,2.4638383090e-01,0.3263,2.1080803871e+00
-0.6400,-0.0009730,0.0000666,0.00009310,0.00000572,-4.3074746132e+00,2.4597978592e-01,0.3273,2.1246461868e+00
-0.6390,-0.0009670,0.0000667,0.00009320,0.00000572,-4.2836365700e+00,2.4638383090e-01,0.3283,2.1008081436e+00
-0.6380,-0.0009720,0.0000665,0.00009300,0.00000571,-4.3030300140e+00,2.4561615288e-01,0.3293,2.1202015877e+00
-0.6370,-0.0009750,0.0000666,0.00009320,0.00000570,-4.3159594536e+00,2.4606059492e-01,0.3303,2.1331310272e+00
-0.6360,-0.0009680,0.0000666,0.00009320,0.00000570,-4.2876763344e+00,2.4606059492e-01,0.3313,2.1048479080e+00
-0.6350,-0.0009720,0.0000665,0.00009320,0.00000570,-4.3038382530e+00,2.4565654993e-01,0.3323,2.1210098267e+00
-0.6340,-0.0009700,0.0000664,0.00009330,0.00000570,-4.2961616516e+00,2.4525253475e-01,0.3333,2.1133332253e+00
-0.6330,-0.0009720,0.0000664,0.00009340,0.00000570,-4.3046464920e+00,2.4525253475e-01,0.3343,2.1218180656e+00
-0.6320,-0.0009700,0.0000664,0.00009320,0.00000570,-4.2957572937e+00,2.4525253475e-01,0.3353,2.1129288673e+00
-0.6310,-0.0009700,0.0000664,0.00009340,0.00000570,-4.2965655327e+00,2.4525253475e-01,0.3363,2.1137371063e+00
-0.6300,-0.0009680,0.0000663,0.00009330,0.00000569,-4.2880806923e+00,2.4488890171e-01,0.3373,2.1052522659e+00
-0.6290,-0.0009750,0.0000664,0.00009340,0.00000569,-4.3167676926e+00,2.4529294670e-01,0.3383,2.1339392662e+00
-0.6280,-0.0009680,0.0000663,0.00009330,0.00000569,-4.2880806923e+00,2.4488890171e-01,0.3393,2.1052522659e+00
-0.6270,-0.0009720,0.0000662,0.00009350,0.00000569,-4.3050503731e+00,2.4448485672e-01,0.3403,2.1222219467e+00
-0.6260,-0.0009680,0.0000662,0.00009350,0.00000568,-4.2888884544e+00,2.4452526867e-01,0.3413,2.1060600281e+00
-0.6250,-0.0009740,0.0000662,0.00009350,0.00000568,-4.3131313324e+00,2.4452526867e-01,0.3423,2.1303029060e+00
-0.6240,-0.0009720,0.0000662,0.00009340,0.00000567,-4.3046464920e+00,2.4456566572e-01,0.3433,2.1218180656e+00
-0.6230,-0.0009700,0.0000662,0.00009360,0.00000567,-4.2973737717e+00,2.4456566572e-01,0.3443,2.1145453453e+00
-0.6220,-0.0009700,0.0000659,0.00009350,0.00000567,-4.2969694138e+00,2.4335353076e-01,0.3453,2.1141409874e+00
-0.6210,-0.0009650,0.0000658,0.00009350,0.00000566,-4.2767677307e+00,2.4298989773e-01,0.3463,2.0939393044e+00
-0.6200,-0.0009610,0.0000659,0.00009360,0.00000566,-4.2610101700e+00,2.4339394271e-01,0.3473,2.0781817436e+00
-0.6190,-0.0009720,0.0000658,0.00009360,0.00000566,-4.3054542542e+00,2.4298989773e-01,0.3483,2.1226258278e+00
-0.6180,-0.0009640,0.0000658,0.00009360,0.00000566,-4.2731313705e+00,2.4298989773e-01,0.3493,2.0903029442e+00
-0.6170,-0.0009680,0.0000657,0.00009370,0.00000566,-4.2896966934e+00,2.4258585274e-01,0.3503,2.1068682671e+00
-0.6160,-0.0009620,0.0000656,0.00009360,0.00000566,-4.2650504112e+00,2.4218180776e-01,0.3513,2.0822219849e+00
-0.6150,-0.0009630,0.0000656,0.00009380,0.00000566,-4.2698988914e+00,2.4218180776e-01,0.3523,2.0870704651e+00
-0.6140,-0.0009680,0.0000657,0.00009400,0.00000566,-4.2909088135e+00,2.4258585274e-01,0.3533,2.1080803871e+00
-0.6130,-0.0009620,0.0000657,0.00009390,0.00000566,-4.2662625313e+00,2.4258585274e-01,0.3543,2.0834341049e+00
-0.6120,-0.0009640,0.0000656,0.00009380,0.00000566,-4.2739396095e+00,2.4218180776e-01,0.3553,2.0911111832e+00
-0.6110,-0.0009660,0.0000656,0.00009380,0.00000566,-4.2820205688e+00,2.4218180776e-01,0.3563,2.0991921425e+00
-0.6100,-0.0009690,0.0000656,0.00009370,0.00000566,-4.2937369347e+00,2.4218180776e-01,0.3573,2.1109085083e+00
-0.6090,-0.0009640,0.0000656,0.00009380,0.00000565,-4.2739396095e+00,2.4222221971e-01,0.3583,2.0911111832e+00
-0.6080,-0.0009660,0.0000656,0.00009390,0.00000565,-4.2824244499e+00,2.4222221971e-01,0.3593,2.0995960236e+00
-0.6070,-0.0009690,0.0000656,0.00009380,0.00000565,-4.2941412926e+00,2.4222221971e-01,0.3603,2.1113128662e+00
-0.6060,-0.0009660,0.0000656,0.00009380,0.00000564,-4.2820205688e+00,2.4226261675e-01,0.3613,2.0991921425e+00
-0.6050,-0.0009650,0.0000654,0.00009390,0.00000564,-4.2783842087e+00,2.4145457149e-01,0.3623,2.0955557823e+00
-0.6040,-0.0009680,0.0000655,0.00009390,0.00000564,-4.2905049324e+00,2.4185857177e-01,0.3633,2.1076765060e+00
-0.6030,-0.0009660,0.0000654,0.00009380,0.00000564,-4.2820205688e+00,2.4145457149e-01,0.3643,2.0991921425e+00
-0.6020,-0.0009640,0.0000654,0.00009400,0.00000565,-4.2747473717e+00,2.4141415954e-01,0.3653,2.0919189453e+00
-0.6010,-0.0009640,0.0000655,0.00009410,0.00000565,-4.2751517296e+00,2.4181817472e-01,0.3663,2.0923233032e+00
-0.6000,-0.0009640,0.0000653,0.00009380,0.00000564,-4.2739396095e+00,2.4105052650e-01,0.3673,2.0911111832e+00
-0.5990,-0.0009660,0.0000653,0.00009400,0.00000564,-4.2828283310e+00,2.4105052650e-01,0.3683,2.0999999046e+00
-0.5980,-0.0009700,0.0000655,0.00009400,0.00000564,-4.2989897728e+00,2.4185857177e-01,0.3693,2.1161613464e+00
-0.5970,-0.0009600,0.0000654,0.00009390,0.00000564,-4.2581815720e+00,2.4145457149e-01,0.3703,2.0753531456e+00
-0.5960,-0.0009700,0.0000653,0.00009390,0.00000564,-4.2985858917e+00,2.4105052650e-01,0.3713,2.1157574654e+00
-0.5950,-0.0009620,0.0000654,0.00009400,0.00000564,-4.2666668892e+00,2.4145457149e-01,0.3723,2.0838384628e+00
-0.5940,-0.0009650,0.0000653,0.00009390,0.00000563,-4.2783842087e+00,2.4109090865e-01,0.3733,2.0955557823e+00
-0.5930,-0.0009690,0.0000653,0.00009400,0.00000563,-4.2949490547e+00,2.4109090865e-01,0.3743,2.1121206284e+00
-0.5920,-0.0009630,0.0000654,0.00009400,0.00000563,-4.2707071304e+00,2.4149495363e-01,0.3753,2.0878787041e+00
-0.5910,-0.0009660,0.0000652,0.00009390,0.00000563,-4.2824244499e+00,2.4068686366e-01,0.3763,2.0995960236e+00
-0.5900,-0.0009680,0.0000653,0.00009400,0.00000563,-4.2909088135e+00,2.4109090865e-01,0.3773,2.1080803871e+00
-0.5890,-0.0009650,0.0000653,0.00009400,0.00000563,-4.2787880898e+00,2.4109090865e-01,0.3783,2.0959596634e+00
-0.5880,-0.0009580,0.0000653,0.00009410,0.00000563,-4.2509088516e+00,2.4109090865e-01,0.3793,2.0680804253e+00
-0.5870,-0.0009650,0.0000652,0.00009390,0.00000562,-4.2783842087e+00,2.4072727561e-01,0.3803,2.0955557823e+00
-0.5860,-0.0009690,0.0000652,0.00009410,0.00000562,-4.2953534126e+00,2.4072727561e-01,0.3813,2.1125249863e+00
-0.5850,-0.0009650,0.0000654,0.00009390,0.00000562,-4.2783842087e+00,2.4153536558e-01,0.3823,2.0955557823e+00
-0.5840,-0.0009650,0.0000652,0.00009390,0.00000562,-4.2783842087e+00,2.4072727561e-01,0.3833,2.0955557823e+00
-0.5830,-0.0009710,0.0000653,0.00009400,0.00000562,-4.3030300140e+00,2.4113132060e-01,0.3843,2.1202015877e+00
-0.5820,-0.0009640,0.0000653,0.00009400,0.00000562,-4.2747473717e+00,2.4113132060e-01,0.3853,2.0919189453e+00
-0.5810,-0.0009660,0.0000652,0.00009410,0.00000562,-4.2832326889e+00,2.4072727561e-01,0.3863,2.1004042625e+00
-0.5800,-0.0009690,0.0000653,0.00009400,0.00000562,-4.2949490547e+00,2.4113132060e-01,0.3873,2.1121206284e+00
-0.5790,-0.0009540,0.0000653,0.00009400,0.00000562,-4.2343430519e+00,2.4113132060e-01,0.3883,2.0515146255e+00
-0.5780,-0.0009730,0.0000651,0.00009410,0.00000562,-4.3115148544e+00,2.4032323062e-01,0.3893,2.1286864281e+00
-0.5770,-0.0009680,0.0000652,0.00009410,0.00000562,-4.2913126945e+00,2.4072727561e-01,0.3903,2.1084842682e+00
-0.5760,-0.0009610,0.0000652,0.00009400,0.00000561,-4.2626261711e+00,2.4076768756e-01,0.3913,2.0797977448e+00
-0.5750,-0.0009590,0.0000650,0.00009410,0.00000562,-4.2549495697e+00,2.3991918564e-01,0.3923,2.0721211433e+00
-0.5740,-0.0009700,0.0000652,0.00009400,0.00000562,-4.2989897728e+00,2.4072727561e-01,0.3933,2.1161613464e+00
-0.5730,-0.0009590,0.0000651,0.00009400,0.00000561,-4.2545452118e+00,2.4036364257e-01,0.3943,2.0717167854e+00
-0.5720,-0.0009630,0.0000651,0.00009420,0.00000561,-4.2715153694e+00,2.4036364257e-01,0.3953,2.0886869431e+00
-0.5710,-0.0009610,0.0000651,0.00009400,0.00000561,-4.2626261711e+00,2.4036364257e-01,0.3963,2.0797977448e+00
-0.5700,-0.0009650,0.0000651,0.00009420,0.00000561,-4.2795963287e+00,2.4036364257e-01,0.3973,2.0967679024e+00
-0.5690,-0.0009590,0.0000651,0.00009420,0.00000560,-4.2553534508e+00,2.4040405452e-01,0.3983,2.0725250244e+00
-0.5680,-0.0009670,0.0000651,0.00009420,0.00000561,-4.2876768112e+00,2.4036364257e-01,0.3993,2.1048483849e+00
-0.5670,-0.0009620,0.0000651,0.00009410,0.00000560,-4.2670707703e+00,2.4040405452e-01,0.4003,2.0842423439e+00
-0.5660,-0.0009620,0.0000650,0.00009420,0.00000560,-4.2674746513e+00,2.4000000954e-01,0.4013,2.0846462250e+00
-0.5650,-0.0009620,0.0000650,0.00009420,0.00000560,-4.2674746513e+00,2.4000000954e-01,0.4023,2.0846462250e+00
-0.5640,-0.0009510,0.0000651,0.00009410,0.00000560,-4.2226262093e+00,2.4040405452e-01,0.4033,2.0397977829e+00
-0.5630,-0.0009660,0.0000651,0.00009440,0.00000560,-4.2844448090e+00,2.4040405452e-01,0.4043,2.1016163826e+00
-0.5620,-0.0009620,0.0000652,0.00009430,0.00000560,-4.2678790092e+00,2.4080809951e-01,0.4053,2.0850505829e+00
-0.5610,-0.0009590,0.0000651,0.00009410,0.00000559,-4.2549495697e+00,2.4044443667e-01,0.4063,2.0721211433e+00
-0.5600,-0.0009640,0.0000651,0.00009420,0.00000559,-4.2755556107e+00,2.4044443667e-01,0.4073,2.0927271843e+00
-0.5590,-0.0009650,0.0000652,0.00009420,0.00000559,-4.2795963287e+00,2.4084848166e-01,0.4083,2.0967679024e+00
-0.5580,-0.0009610,0.0000651,0.00009420,0.00000559,-4.2634344101e+00,2.4044443667e-01,0.4093,2.0806059837e+00
-0.5570,-0.0009610,0.0000651,0.00009430,0.00000559,-4.2638382912e+00,2.4044443667e-01,0.4103,2.0810098648e+00
-0.5560,-0.0009630,0.0000651,0.00009420,0.00000559,-4.2715153694e+00,2.4044443667e-01,0.4113,2.0886869431e+00
-0.5550,-0.0009590,0.0000650,0.00009290,0.00000558,-4.2501010895e+00,2.4008080363e-01,0.4123,2.0672726631e+00
-0.5540,-0.0009600,0.0000652,0.00009440,0.00000559,-4.2602019310e+00,2.4084848166e-01,0.4133,2.0773735046e+00
-0.5530,-0.0009580,0.0000651,0.00009430,0.00000559,-4.2517170906e+00,2.4044443667e-01,0.4143,2.0688886642e+00
-0.5520,-0.0009590,0.0000651,0.00009440,0.00000559,-4.2561616898e+00,2.4044443667e-01,0.4153,2.0733332634e+00
-0.5510,-0.0009650,0.0000652,0.00009440,0.00000559,-4.2804040909e+00,2.4084848166e-01,0.4163,2.0975756645e+00
-0.5500,-0.0009590,0.0000652,0.00009430,0.00000558,-4.2557573318e+00,2.4088889360e-01,0.4173,2.0729289055e+00
-0.5490,-0.0009600,0.0000652,0.00009430,0.00000558,-4.2597980499e+00,2.4088889360e-01,0.4183,2.0769696236e+00
-0.5480,-0.0009610,0.0000650,0.00009420,0.00000557,-4.2634344101e+00,2.4012121558e-01,0.4193,2.0806059837e+00
-0.5470,-0.0009630,0.0000651,0.00009430,0.00000558,-4.2719192505e+00,2.4048484862e-01,0.4203,2.0890908241e+00
-0.5460,-0.0009600,0.0000650,0.00009420,0.00000558,-4.2593936920e+00,2.4008080363e-01,0.4213,2.0765652657e+00
-0.5450,-0.0009600,0.0000650,0.00009420,0.00000557,-4.2593936920e+00,2.4012121558e-01,0.4223,2.0765652657e+00
-0.5440,-0.0009600,0.0000651,0.00009420,0.00000557,-4.2593936920e+00,2.4052526057e-01,0.4233,2.0765652657e+00
-0.5430,-0.0009510,0.0000651,0.00009430,0.00000557,-4.2234344482e+00,2.4052526057e-01,0.4243,2.0406060219e+00
-0.5420,-0.0009620,0.0000651,0.00009430,0.00000557,-4.2678790092e+00,2.4052526057e-01,0.4253,2.0850505829e+00
-0.5410,-0.0009560,0.0000651,0.00009430,0.00000558,-4.2436361313e+00,2.4048484862e-01,0.4263,2.0608077049e+00
-0.5400,-0.0009580,0.0000651,0.00009430,0.00000558,-4.2517170906e+00,2.4048484862e-01,0.4273,2.0688886642e+00
-0.5390,-0.0009590,0.0000650,0.00009430,0.00000558,-4.2557573318e+00,2.4008080363e-01,0.4283,2.0729289055e+00
-0.5380,-0.0009580,0.0000652,0.00009410,0.00000557,-4.2509088516e+00,2.4092930555e-01,0.4293,2.0680804253e+00
-0.5370,-0.0009520,0.0000651,0.00009440,0.00000557,-4.2278785706e+00,2.4052526057e-01,0.4303,2.0450501442e+00
-0.5360,-0.0009600,0.0000650,0.00009420,0.00000557,-4.2593936920e+00,2.4012121558e-01,0.4313,2.0765652657e+00
-0.5350,-0.0009580,0.0000651,0.00009400,0.00000557,-4.2505049706e+00,2.4052526057e-01,0.4323,2.0676765442e+00
-0.5340,-0.0009500,0.0000650,0.00009430,0.00000557,-4.2193942070e+00,2.4012121558e-01,0.4333,2.0365657806e+00
-0.5330,-0.0009590,0.0000652,0.00009420,0.00000557,-4.2553534508e+00,2.4092930555e-01,0.4343,2.0725250244e+00
-0.5320,-0.0009540,0.0000651,0.00009420,0.00000557,-4.2351512909e+00,2.4052526057e-01,0.4353,2.0523228645e+00
-0.5310,-0.0009540,0.0000650,0.00009420,0.00000557,-4.2351512909e+00,2.4012121558e-01,0.4363,2.0523228645e+00
-0.5300,-0.0009560,0.0000650,0.00009430,0.00000557,-4.2436361313e+00,2.4012121558e-01,0.4373,2.0608077049e+00
-0.5290,-0.0009530,0.0000651,0.00009420,0.00000557,-4.2311110497e+00,2.4052526057e-01,0.4383,2.0482826233e+00
-0.5280,-0.0009580,0.0000651,0.00009420,0.00000557,-4.2513132095e+00,2.4052526057e-01,0.4393,2.0684847832e+00
-0.5270,-0.0009520,0.0000650,0.00009430,0.00000557,-4.2274746895e+00,2.4012121558e-01,0.4403,2.0446462631e+00
-0.5260,-0.0009600,0.0000650,0.00009430,0.00000556,-4.2597980499e+00,2.4016161263e-01,0.4413,2.0769696236e+00
-0.5250,-0.0009520,0.0000650,0.00009420,0.00000557,-4.2270703316e+00,2.4012121558e-01,0.4423,2.0442419052e+00
-0.5240,-0.0009560,0.0000649,0.00009420,0.00000557,-4.2432322502e+00,2.3971717060e-01,0.4433,2.0604038239e+00
-0.5230,-0.0009560,0.0000649,0.00009430,0.00000557,-4.2436361313e+00,2.3971717060e-01,0.4443,2.0608077049e+00
-0.5220,-0.0009550,0.0000651,0.00009430,0.00000557,-4.2395958900e+00,2.4052526057e-01,0.4453,2.0567674637e+00
-0.5210,-0.0009530,0.0000649,0.00009420,0.00000556,-4.2311110497e+00,2.3975758255e-01,0.4463,2.0482826233e+00
-0.5200,-0.0009600,0.0000650,0.00009440,0.00000556,-4.2602019310e+00,2.4016161263e-01,0.4473,2.0773735046e+00
-0.5190,-0.0009560,0.0000651,0.00009400,0.00000556,-4.2424240112e+00,2.4056565762e-01,0.4483,2.0595955849e+00
-0.5180,-0.0009540,0.0000650,0.00009430,0.00000556,-4.2355551720e+00,2.4016161263e-01,0.4493,2.0527267456e+00
-0.5170,-0.0009540,0.0000649,0.00009430,0.00000556,-4.2355551720e+00,2.3975758255e-01,0.4503,2.0527267456e+00
-0.5160,-0.0009560,0.0000651,0.00009410,0.00000556,-4.2428283691e+00,2.4056565762e-01,0.4513,2.0599999428e+00
-0.5150,-0.0009520,0.0000650,0.00009430,0.00000556,-4.2274746895e+00,2.4016161263e-01,0.4523,2.0446462631e+00
-0.5140,-0.0009570,0.0000650,0.00009420,0.00000555,-4.2472724915e+00,2.4020202458e-01,0.4533,2.0644440651e+00
-0.5130,-0.0009590,0.0000650,0.00009420,0.00000556,-4.2553534508e+00,2.4016161263e-01,0.4543,2.0725250244e+00
-0.5120,-0.0009520,0.0000650,0.00009450,0.00000556,-4.2282824516e+00,2.4016161263e-01,0.4553,2.0454540253e+00
-0.5110,-0.0009590,0.0000649,0.00009440,0.00000556,-4.2561616898e+00,2.3975758255e-01,0.4563,2.0733332634e+00
-0.5100,-0.0009550,0.0000650,0.00009430,0.00000555,-4.2395958900e+00,2.4020202458e-01,0.4573,2.0567674637e+00
-0.5090,-0.0009530,0.0000649,0.00009410,0.00000555,-4.2307066917e+00,2.3979797959e-01,0.4583,2.0478782654e+00
-0.5080,-0.0009440,0.0000648,0.00009430,0.00000555,-4.1951513290e+00,2.3939393461e-01,0.4593,2.0123229027e+00
-0.5070,-0.0009630,0.0000650,0.00009420,0.00000555,-4.2715153694e+00,2.4020202458e-01,0.4603,2.0886869431e+00
-0.5060,-0.0009540,0.0000650,0.00009400,0.00000555,-4.2343430519e+00,2.4020202458e-01,0.4613,2.0515146255e+00
-0.5050,-0.0009520,0.0000648,0.00009430,0.00000555,-4.2274746895e+00,2.3939393461e-01,0.4623,2.0446462631e+00
-0.5040,-0.0009560,0.0000649,0.00009420,0.00000555,-4.2432322502e+00,2.3979797959e-01,0.4633,2.0604038239e+00
-0.5030,-0.0009450,0.0000649,0.00009400,0.00000554,-4.1979799271e+00,2.3983837664e-01,0.4643,2.0151515007e+00
-0.5020,-0.0009570,0.0000647,0.00009420,0.00000555,-4.2472724915e+00,2.3898988962e-01,0.4653,2.0644440651e+00
-0.5010,-0.0009560,0.0000649,0.00009410,0.00000555,-4.2428283691e+00,2.3979797959e-01,0.4663,2.0599999428e+00
-0.5000,-0.0009540,0.0000648,0.00009410,0.00000555,-4.2347474098e+00,2.3939393461e-01,0.4673,2.0519189835e+00
-0.4990,-0.0009550,0.0000648,0.00009420,0.00000554,-4.2391915321e+00,2.3943433166e-01,0.4683,2.0563631058e+00
-0.4980,-0.0009540,0.0000648,0.00009420,0.00000554,-4.2351512909e+00,2.3943433166e-01,0.4693,2.0523228645e+00
-0.4970,-0.0009530,0.0000647,0.00009410,0.00000553,-4.2307066917e+00,2.3907069862e-01,0.4703,2.0478782654e+00
-0.4960,-0.0009570,0.0000647,0.00009420,0.00000553,-4.2472724915e+00,2.3907069862e-01,0.4713,2.0644440651e+00
-0.4950,-0.0009540,0.0000647,0.00009410,0.00000553,-4.2347474098e+00,2.3907069862e-01,0.4723,2.0519189835e+00
-0.4940,-0.0009520,0.0000646,0.00009400,0.00000553,-4.2262625694e+00,2.3866665363e-01,0.4733,2.0434341431e+00
-0.4930,-0.0009440,0.0000645,0.00009410,0.00000553,-4.1943435669e+00,2.3826260865e-01,0.4743,2.0115151405e+00
-0.4920,-0.0009600,0.0000646,0.00009420,0.00000553,-4.2593936920e+00,2.3866665363e-01,0.4753,2.0765652657e+00
-0.4910,-0.0009490,0.0000645,0.00009420,0.00000553,-4.2149496078e+00,2.3826260865e-01,0.4763,2.0321211815e+00
-0.4900,-0.0009460,0.0000644,0.00009420,0.00000553,-4.2028284073e+00,2.3785859346e-01,0.4773,2.0199999809e+00
-0.4890,-0.0009590,0.0000644,0.00009410,0.00000553,-4.2549495697e+00,2.3785859346e-01,0.4783,2.0721211433e+00
-0.4880,-0.0009490,0.0000644,0.00009390,0.00000553,-4.2137374878e+00,2.3785859346e-01,0.4793,2.0309090614e+00
-0.4870,-0.0009530,0.0000643,0.00009420,0.00000553,-4.2311110497e+00,2.3745454848e-01,0.4803,2.0482826233e+00
-0.4860,-0.0009550,0.0000643,0.00009410,0.00000553,-4.2387876511e+00,2.3745454848e-01,0.4813,2.0559592247e+00
-0.4850,-0.0009540,0.0000644,0.00009390,0.00000553,-4.2339391708e+00,2.3785859346e-01,0.4823,2.0511107445e+00
-0.4840,-0.0009540,0.0000643,0.00009400,0.00000553,-4.2343430519e+00,2.3745454848e-01,0.4833,2.0515146255e+00
-0.4830,-0.0009580,0.0000643,0.00009420,0.00000552,-4.2513132095e+00,2.3749496043e-01,0.4843,2.0684847832e+00
-0.4820,-0.0009550,0.0000642,0.00009400,0.00000552,-4.2383837700e+00,2.3709091544e-01,0.4853,2.0555553436e+00
-0.4810,-0.0009530,0.0000641,0.00009390,0.00000553,-4.2298989296e+00,2.3664645851e-01,0.4863,2.0470705032e+00
-0.4800,-0.0009510,0.0000642,0.00009410,0.00000553,-4.2226262093e+00,2.3705050349e-01,0.4873,2.0397977829e+00
-0.4790,-0.0009520,0.0000639,0.00009400,0.00000553,-4.2262625694e+00,2.3583838344e-01,0.4883,2.0434341431e+00
-0.4780,-0.0009590,0.0000639,0.00009410,0.00000553,-4.2549495697e+00,2.3583838344e-01,0.4893,2.0721211433e+00
-0.4770,-0.0009510,0.0000638,0.00009410,0.00000552,-4.2226262093e+00,2.3547473550e-01,0.4903,2.0397977829e+00
-0.4760,-0.0009560,0.0000638,0.00009400,0.00000552,-4.2424240112e+00,2.3547473550e-01,0.4913,2.0595955849e+00
-0.4750,-0.0009500,0.0000637,0.00009400,0.00000553,-4.2181820869e+00,2.3503029346e-01,0.4923,2.0353536606e+00
-0.4740,-0.0009570,0.0000636,0.00009400,0.00000553,-4.2464647293e+00,2.3462624848e-01,0.4933,2.0636363029e+00
-0.4730,-0.0009540,0.0000636,0.00009400,0.00000553,-4.2343430519e+00,2.3462624848e-01,0.4943,2.0515146255e+00
-0.4720,-0.0009570,0.0000635,0.00009410,0.00000553,-4.2468686104e+00,2.3422223330e-01,0.4953,2.0640401840e+00
-0.4710,-0.0009560,0.0000635,0.00009400,0.00000553,-4.2424240112e+00,2.3422223330e-01,0.4963,2.0595955849e+00
-0.4700,-0.0009550,0.0000635,0.00009390,0.00000552,-4.2379794121e+00,2.3426264524e-01,0.4973,2.0551509857e+00
-0.4690,-0.0009560,0.0000634,0.00009400,0.00000552,-4.2424240112e+00,2.3385860026e-01,0.4983,2.0595955849e+00
-0.4680,-0.0009470,0.0000633,0.00009400,0.00000553,-4.2060608864e+00,2.3341414332e-01,0.4993,2.0232324600e+00
-0.4670,-0.0009650,0.0000632,0.00009410,0.00000552,-4.2791919708e+00,2.3305051029e-01,0.5003,2.0963635445e+00
-0.4660,-0.0009550,0.0000631,0.00009400,0.00000552,-4.2383837700e+00,2.3264646530e-01,0.5013,2.0555553436e+00
-0.4650,-0.0009570,0.0000630,0.00009390,0.00000552,-4.2460603714e+00,2.3224242032e-01,0.5023,2.0632319450e+00
-0.4640,-0.0009600,0.0000630,0.00009400,0.00000552,-4.2585859299e+00,2.3224242032e-01,0.5033,2.0757575035e+00
-0.4630,-0.0009560,0.0000629,0.00009390,0.00000552,-4.2420201302e+00,2.3183837533e-01,0.5043,2.0591917038e+00
-0.4620,-0.0009640,0.0000629,0.00009380,0.00000552,-4.2739396095e+00,2.3183837533e-01,0.5053,2.0911111832e+00
-0.4610,-0.0009610,0.0000627,0.00009390,0.00000553,-4.2622222900e+00,2.3098988831e-01,0.5063,2.0793938637e+00
-0.4600,-0.0009580,0.0000624,0.00009390,0.00000553,-4.2501010895e+00,2.2977778316e-01,0.5073,2.0672726631e+00
-0.4590,-0.0009610,0.0000624,0.00009370,0.00000552,-4.2614140511e+00,2.2981819510e-01,0.5083,2.0785856247e+00
-0.4580,-0.0009580,0.0000622,0.00009390,0.00000552,-4.2501010895e+00,2.2901010513e-01,0.5093,2.0672726631e+00
-0.4570,-0.0009490,0.0000622,0.00009380,0.00000552,-4.2133336067e+00,2.2901010513e-01,0.5103,2.0305051804e+00
-0.4560,-0.0009590,0.0000619,0.00009370,0.00000552,-4.2533330917e+00,2.2779797018e-01,0.5113,2.0705046654e+00
-0.4550,-0.0009610,0.0000620,0.00009380,0.00000552,-4.2618184090e+00,2.2820201516e-01,0.5123,2.0789899826e+00
-0.4540,-0.0009540,0.0000618,0.00009400,0.00000552,-4.2343430519e+00,2.2739392519e-01,0.5133,2.0515146255e+00
-0.4530,-0.0009610,0.0000617,0.00009370,0.00000551,-4.2614140511e+00,2.2703029215e-01,0.5143,2.0785856247e+00
-0.4520,-0.0009570,0.0000616,0.00009380,0.00000552,-4.2456564903e+00,2.2658587992e-01,0.5153,2.0628280640e+00
-0.4510,-0.0009630,0.0000615,0.00009380,0.00000551,-4.2698988914e+00,2.2622223198e-01,0.5163,2.0870704651e+00
-0.4500,-0.0009580,0.0000613,0.00009370,0.00000551,-4.2492928505e+00,2.2541415691e-01,0.5173,2.0664644241e+00
-0.4490,-0.0009560,0.0000612,0.00009380,0.00000551,-4.2416162491e+00,2.2501011193e-01,0.5183,2.0587878227e+00
-0.4480,-0.0009660,0.0000611,0.00009380,0.00000551,-4.2820205688e+00,2.2460606694e-01,0.5193,2.0991921425e+00
-0.4470,-0.0009590,0.0000609,0.00009390,0.00000552,-4.2541413307e+00,2.2375757992e-01,0.5203,2.0713129044e+00
-0.4460,-0.0009580,0.0000607,0.00009360,0.00000550,-4.2488889694e+00,2.2303029895e-01,0.5213,2.0660605431e+00
-0.4450,-0.0009620,0.0000606,0.00009380,0.00000550,-4.2658586502e+00,2.2262625396e-01,0.5223,2.0830302238e+00
-0.4440,-0.0009630,0.0000604,0.00009370,0.00000550,-4.2694950104e+00,2.2181819379e-01,0.5233,2.0866665840e+00
-0.4430,-0.0009630,0.0000603,0.00009370,0.00000551,-4.2694950104e+00,2.2137375176e-01,0.5243,2.0866665840e+00
-0.4420,-0.0009600,0.0000602,0.00009360,0.00000551,-4.2569694519e+00,2.2096970677e-01,0.5253,2.0741410255e+00
-0.4410,-0.0009630,0.0000601,0.00009370,0.00000551,-4.2694950104e+00,2.2056566179e-01,0.5263,2.0866665840e+00
-0.4400,-0.0009670,0.0000599,0.00009370,0.00000551,-4.2856569290e+00,2.1975758672e-01,0.5273,2.1028285027e+00
-0.4390,-0.0009630,0.0000596,0.00009350,0.00000550,-4.2686867714e+00,2.1858584881e-01,0.5283,2.0858583450e+00
-0.4380,-0.0009680,0.0000595,0.00009380,0.00000551,-4.2901005745e+00,2.1814140677e-01,0.5293,2.1072721481e+00
-0.4370,-0.0009640,0.0000593,0.00009360,0.00000551,-4.2731313705e+00,2.1733334661e-01,0.5303,2.0903029442e+00
-0.4360,-0.0009640,0.0000591,0.00009370,0.00000551,-4.2735352516e+00,2.1652525663e-01,0.5313,2.0907068253e+00
-0.4350,-0.0009650,0.0000590,0.00009350,0.00000550,-4.2767677307e+00,2.1616162360e-01,0.5323,2.0939393044e+00
-0.4340,-0.0009620,0.0000587,0.00009350,0.00000550,-4.2646465302e+00,2.1494948864e-01,0.5333,2.0818181038e+00
-0.4330,-0.0009710,0.0000587,0.00009350,0.00000551,-4.3010101318e+00,2.1490909159e-01,0.5343,2.1181817055e+00
-0.4320,-0.0009610,0.0000585,0.00009350,0.00000550,-4.2606062889e+00,2.1414142847e-01,0.5353,2.0777778625e+00
-0.4310,-0.0009670,0.0000581,0.00009350,0.00000549,-4.2848486900e+00,2.1256564558e-01,0.5363,2.1020202637e+00
-0.4300,-0.0009720,0.0000581,0.00009360,0.00000550,-4.3054542542e+00,2.1252524853e-01,0.5373,2.1226258278e+00
-0.4290,-0.0009670,0.0000579,0.00009350,0.00000550,-4.2848486900e+00,2.1171717346e-01,0.5383,2.1020202637e+00
-0.4280,-0.0009700,0.0000576,0.00009360,0.00000550,-4.2973737717e+00,2.1050503850e-01,0.5393,2.1145453453e+00
-0.4270,-0.0009660,0.0000574,0.00009340,0.00000550,-4.2804040909e+00,2.0969697833e-01,0.5403,2.0975756645e+00
-0.4260,-0.0009740,0.0000573,0.00009350,0.00000549,-4.3131313324e+00,2.0933333039e-01,0.5413,2.1303029060e+00
-0.4250,-0.0009680,0.0000570,0.00009340,0.00000549,-4.2884845734e+00,2.0812121034e-01,0.5423,2.1056561470e+00
-0.4240,-0.0009720,0.0000568,0.00009350,0.00000549,-4.3050503731e+00,2.0731312037e-01,0.5433,2.1222219467e+00
-0.4230,-0.0009740,0.0000566,0.00009350,0.00000549,-4.3131313324e+00,2.0650506020e-01,0.5443,2.1303029060e+00
-0.4220,-0.0009640,0.0000564,0.00009340,0.00000549,-4.2723231316e+00,2.0569697022e-01,0.5453,2.0894947052e+00
-0.4210,-0.0009790,0.0000561,0.00009270,0.00000548,-4.3301010132e+00,2.0452526212e-01,0.5463,2.1472725868e+00
-0.4200,-0.0009740,0.0000560,0.00009350,0.00000550,-4.3131313324e+00,2.0404039323e-01,0.5473,2.1303029060e+00
-0.4190,-0.0009720,0.0000557,0.00009350,0.00000550,-4.3050503731e+00,2.0282827318e-01,0.5483,2.1222219467e+00
-0.4180,-0.0009770,0.0000554,0.00009340,0.00000550,-4.3248486519e+00,2.0161616802e-01,0.5493,2.1420202255e+00
-0.4170,-0.0009800,0.0000553,0.00009340,0.00000549,-4.3369698524e+00,2.0125252008e-01,0.5503,2.1541414261e+00
-0.4160,-0.0009770,0.0000551,0.00009350,0.00000549,-4.3252525330e+00,2.0044444501e-01,0.5513,2.1424241066e+00
-0.4150,-0.0009790,0.0000548,0.00009340,0.00000549,-4.3329296112e+00,1.9923231006e-01,0.5523,2.1501011848e+00
-0.4140,-0.0009730,0.0000546,0.00009330,0.00000549,-4.3082828522e+00,1.9842424989e-01,0.5533,2.1254544258e+00
-0.4130,-0.0009810,0.0000542,0.00009330,0.00000549,-4.3406062126e+00,1.9680808485e-01,0.5543,2.1577777863e+00
-0.4120,-0.0009830,0.0000541,0.00009340,0.00000549,-4.3490910530e+00,1.9640403986e-01,0.5553,2.1662626266e+00
-0.4110,-0.0009800,0.0000538,0.00009330,0.00000549,-4.3365659714e+00,1.9519190490e-01,0.5563,2.1537375450e+00
-0.4100,-0.0009840,0.0000535,0.00009360,0.00000548,-4.3539395332e+00,1.9402019680e-01,0.5573,2.1711111069e+00
-0.4090,-0.0009800,0.0000533,0.00009370,0.00000548,-4.3381819725e+00,1.9321212173e-01,0.5583,2.1553535461e+00
-0.4080,-0.0009870,0.0000530,0.00009360,0.00000549,-4.3660602570e+00,1.9195958972e-01,0.5593,2.1832318306e+00
-0.4070,-0.0009850,0.0000527,0.00009340,0.00000549,-4.3571720123e+00,1.9074746966e-01,0.5603,2.1743435860e+00
-0.4060,-0.0009840,0.0000524,0.00009340,0.00000548,-4.3531317711e+00,1.8957574666e-01,0.5613,2.1703033447e+00
-0.4050,-0.0009850,0.0000522,0.00009330,0.00000548,-4.3567681313e+00,1.8876768649e-01,0.5623,2.1739397049e+00
-0.4040,-0.0009860,0.0000519,0.00009310,0.00000547,-4.3600001335e+00,1.8759596348e-01,0.5633,2.1771717072e+00
-0.4030,-0.0009890,0.0000516,0.00009330,0.00000547,-4.3729290962e+00,1.8638384342e-01,0.5643,2.1901006699e+00
-0.4020,-0.0009840,0.0000512,0.00009330,0.00000548,-4.3527274132e+00,1.8472728133e-01,0.5653,2.1698989868e+00
-0.4010,-0.0009920,0.0000510,0.00009290,0.00000547,-4.3834342957e+00,1.8395958841e-01,0.5663,2.2006058693e+00
-0.4000,-0.0009910,0.0000508,0.00009320,0.00000548,-4.3806061745e+00,1.8311111629e-01,0.5673,2.1977777481e+00
-0.3990,-0.0009870,0.0000504,0.00009310,0.00000548,-4.3640403748e+00,1.8149495125e-01,0.5683,2.1812119484e+00
-0.3980,-0.0009950,0.0000503,0.00009310,0.00000548,-4.3963637352e+00,1.8109090626e-01,0.5693,2.2135353088e+00
-0.3970,-0.0009900,0.0000499,0.00009300,0.00000548,-4.3757576942e+00,1.7947475612e-01,0.5703,2.1929292679e+00
-0.3960,-0.0009960,0.0000495,0.00009300,0.00000547,-4.4000000954e+00,1.7789898813e-01,0.5713,2.2171716690e+00
-0.3950,-0.0009970,0.0000494,0.00009310,0.00000547,-4.4044446945e+00,1.7749495804e-01,0.5723,2.2216162682e+00
-0.3940,-0.0009920,0.0000489,0.00009300,0.00000547,-4.3838381767e+00,1.7547474802e-01,0.5733,2.2010097504e+00
-0.3930,-0.0009990,0.0000486,0.00009310,0.00000547,-4.4125256538e+00,1.7426262796e-01,0.5743,2.2296972275e+00
-0.3920,-0.0009940,0.0000484,0.00009290,0.00000547,-4.3915152550e+00,1.7345455289e-01,0.5753,2.2086868286e+00
-0.3910,-0.0009980,0.0000481,0.00009300,0.00000547,-4.4080810547e+00,1.7224241793e-01,0.5763,2.2252526283e+00
-0.3900,-0.0010000,0.0000477,0.00009310,0.00000547,-4.4165658951e+00,1.7062626779e-01,0.5773,2.2337374687e+00
-0.3890,-0.0010000,0.0000473,0.00009280,0.00000546,-4.4153537750e+00,1.6905051470e-01,0.5783,2.2325253487e+00
-0.3880,-0.0009980,0.0000471,0.00009290,0.00000546,-4.4076771736e+00,1.6824242473e-01,0.5793,2.2248487473e+00
-0.3870,-0.0010000,0.0000467,0.00009290,0.00000546,-4.4157576561e+00,1.6662625968e-01,0.5803,2.2329292297e+00
-0.3860,-0.0010000,0.0000464,0.00009280,0.00000546,-4.4153537750e+00,1.6541415453e-01,0.5813,2.2325253487e+00
-0.3850,-0.0010000,0.0000460,0.00009290,0.00000546,-4.4157576561e+00,1.6379798949e-01,0.5823,2.2329292297e+00
-0.3840,-0.0010000,0.0000457,0.00009280,0.00000546,-4.4153537750e+00,1.6258585453e-01,0.5833,2.2325253487e+00
-0.3830,-0.0010100,0.0000454,0.00009290,0.00000546,-4.4561614990e+00,1.6137374938e-01,0.5843,2.2733330727e+00
-0.3820,-0.0010100,0.0000450,0.00009280,0.00000546,-4.4557576180e+00,1.5975758433e-01,0.5853,2.2729291916e+00
-0.3810,-0.0010100,0.0000448,0.00009270,0.00000545,-4.4553537369e+00,1.5898989141e-01,0.5863,2.2725253105e+00
-0.3800,-0.0010100,0.0000444,0.00009260,0.00000545,-4.4549493790e+00,1.5737372637e-01,0.5873,2.2721209526e+00
-0.3790,-0.0010100,0.0000441,0.00009280,0.00000545,-4.4557576180e+00,1.5616162121e-01,0.5883,2.2729291916e+00
-0.3780,-0.0010100,0.0000437,0.00009270,0.00000544,-4.4553537369e+00,1.5458586812e-01,0.5893,2.2725253105e+00
-0.3770,-0.0010100,0.0000433,0.00009270,0.00000544,-4.4553537369e+00,1.5296968818e-01,0.5903,2.2725253105e+00
-0.3760,-0.0010100,0.0000429,0.00009270,0.00000545,-4.4553537369e+00,1.5131312609e-01,0.5913,2.2725253105e+00
-0.3750,-0.0010200,0.0000427,0.00009270,0.00000544,-4.4957575798e+00,1.5054546297e-01,0.5923,2.3129291534e+00
-0.3740,-0.0010100,0.0000423,0.00009260,0.00000544,-4.4549493790e+00,1.4892928302e-01,0.5933,2.2721209526e+00
-0.3730,-0.0010100,0.0000419,0.00009270,0.00000544,-4.4553537369e+00,1.4731311798e-01,0.5943,2.2725253105e+00
-0.3720,-0.0010200,0.0000416,0.00009240,0.00000544,-4.4945454597e+00,1.4610101283e-01,0.5953,2.3117170334e+00
-0.3710,-0.0010100,0.0000413,0.00009260,0.00000543,-4.4549493790e+00,1.4492930472e-01,0.5963,2.2721209526e+00
-0.3700,-0.0010200,0.0000409,0.00009260,0.00000544,-4.4953532219e+00,1.4327271283e-01,0.5973,2.3125247955e+00
-0.3690,-0.0010200,0.0000406,0.00009240,0.00000543,-4.4945454597e+00,1.4210100472e-01,0.5983,2.3117170334e+00
-0.3680,-0.0010200,0.0000403,0.00009270,0.00000544,-4.4957575798e+00,1.4084848762e-01,0.5993,2.3129291534e+00
-0.3670,-0.0010200,0.0000398,0.00009260,0.00000544,-4.4953532219e+00,1.3882827759e-01,0.6003,2.3125247955e+00
-0.3660,-0.0010200,0.0000395,0.00009240,0.00000543,-4.4945454597e+00,1.3765655458e-01,0.6013,2.3117170334e+00
-0.3650,-0.0010200,0.0000391,0.00009260,0.00000543,-4.4953532219e+00,1.3604040444e-01,0.6023,2.3125247955e+00
-0.3640,-0.0010300,0.0000388,0.00009250,0.00000542,-4.5353536606e+00,1.3486869633e-01,0.6033,2.3525252342e+00
-0.3630,-0.0010200,0.0000383,0.00009240,0.00000542,-4.4945454597e+00,1.3284848630e-01,0.6043,2.3117170334e+00
-0.3620,-0.0010200,0.0000380,0.00009250,0.00000543,-4.4949493408e+00,1.3159595430e-01,0.6053,2.3121209145e+00
-0.3610,-0.0010300,0.0000377,0.00009230,0.00000542,-4.5345454216e+00,1.3042424619e-01,0.6063,2.3517169952e+00
-0.3600,-0.0010300,0.0000373,0.00009240,0.00000543,-4.5349497795e+00,1.2876768410e-01,0.6073,2.3521213531e+00
-0.3590,-0.0010300,0.0000370,0.00009240,0.00000542,-4.5349497795e+00,1.2759597600e-01,0.6083,2.3521213531e+00
-0.3580,-0.0010300,0.0000365,0.00009250,0.00000542,-4.5353536606e+00,1.2557576597e-01,0.6093,2.3525252342e+00
-0.3570,-0.0010300,0.0000362,0.00009230,0.00000542,-4.5345454216e+00,1.2436363846e-01,0.6103,2.3517169952e+00
-0.3560,-0.0010300,0.0000359,0.00009220,0.00000542,-4.5341415405e+00,1.2315151840e-01,0.6113,2.3513131142e+00
-0.3550,-0.0010400,0.0000355,0.00009230,0.00000543,-4.5749497414e+00,1.2149495631e-01,0.6123,2.3921213150e+00
-0.3540,-0.0010300,0.0000352,0.00009220,0.00000542,-4.5341415405e+00,1.2032323331e-01,0.6133,2.3513131142e+00
-0.3530,-0.0010300,0.0000347,0.00009220,0.00000542,-4.5341415405e+00,1.1830303073e-01,0.6143,2.3513131142e+00
-0.3520,-0.0010400,0.0000345,0.00009220,0.00000542,-4.5745453835e+00,1.1749495566e-01,0.6153,2.3917169571e+00
-0.3510,-0.0010300,0.0000341,0.00009230,0.00000542,-4.5345454216e+00,1.1587879807e-01,0.6163,2.3517169952e+00
-0.3500,-0.0010400,0.0000337,0.00009220,0.00000542,-4.5745453835e+00,1.1426262558e-01,0.6173,2.3917169571e+00
-0.3490,-0.0010400,0.0000334,0.00009210,0.00000541,-4.5741415024e+00,1.1309091002e-01,0.6183,2.3913130760e+00
-0.3480,-0.0010400,0.0000329,0.00009220,0.00000541,-4.5745453835e+00,1.1107070744e-01,0.6193,2.3917169571e+00
-0.3470,-0.0010400,0.0000326,0.00009200,0.00000541,-4.5737376213e+00,1.0985858738e-01,0.6203,2.3909091949e+00
-0.3460,-0.0010400,0.0000323,0.00009220,0.00000541,-4.5745453835e+00,1.0864645988e-01,0.6213,2.3917169571e+00
-0.3450,-0.0010400,0.0000319,0.00009210,0.00000541,-4.5741415024e+00,1.0703030229e-01,0.6223,2.3913130760e+00
-0.3440,-0.0010400,0.0000316,0.00009200,0.00000540,-4.5737376213e+00,1.0585858673e-01,0.6233,2.3909091949e+00
-0.3430,-0.0010400,0.0000312,0.00009200,0.00000541,-4.5737376213e+00,1.0420202464e-01,0.6243,2.3909091949e+00
-0.3420,-0.0010400,0.0000308,0.00009190,0.00000541,-4.5733332634e+00,1.0258586705e-01,0.6253,2.3905048370e+00
-0.3410,-0.0010500,0.0000306,0.00009200,0.00000541,-4.6141414642e+00,1.0177777708e-01,0.6263,2.4313130379e+00
-0.3400,-0.0010400,0.0000301,0.00009200,0.00000541,-4.5737376213e+00,9.9757574499e-02,0.6273,2.3909091949e+00
-0.3390,-0.0010500,0.0000298,0.00009200,0.00000540,-4.6141414642e+00,9.8585858941e-02,0.6283,2.4313130379e+00
-0.3380,-0.0010500,0.0000296,0.00009200,0.00000540,-4.6141414642e+00,9.7777776420e-02,0.6293,2.4313130379e+00
-0.3370,-0.0010400,0.0000290,0.00009170,0.00000539,-4.5725255013e+00,9.5393940806e-02,0.6303,2.3896970749e+00
-0.3360,-0.0010500,0.0000288,0.00009190,0.00000540,-4.6137371063e+00,9.4545453787e-02,0.6313,2.4309086800e+00
-0.3350,-0.0010500,0.0000286,0.00009170,0.00000540,-4.6129293442e+00,9.3737363815e-02,0.6323,2.4301009178e+00
-0.3340,-0.0010500,0.0000280,0.00009180,0.00000540,-4.6133332253e+00,9.1313138604e-02,0.6333,2.4305047989e+00
-0.3330,-0.0010500,0.0000278,0.00009190,0.00000540,-4.6137371063e+00,9.0505048633e-02,0.6343,2.4309086800e+00
-0.3320,-0.0010500,0.0000274,0.00009180,0.00000540,-4.6133332253e+00,8.8888891041e-02,0.6353,2.4305047989e+00
-0.3310,-0.0010600,0.0000271,0.00009160,0.00000540,-4.6529293060e+00,8.7676770985e-02,0.6363,2.4701008797e+00
-0.3300,-0.0010500,0.0000268,0.00009170,0.00000540,-4.6129293442e+00,8.6464643478e-02,0.6373,2.4301009178e+00
-0.3290,-0.0010500,0.0000264,0.00009180,0.00000540,-4.6133332253e+00,8.4848485887e-02,0.6383,2.4305047989e+00
-0.3280,-0.0010500,0.0000262,0.00009170,0.00000540,-4.6129293442e+00,8.4040395916e-02,0.6393,2.4301009178e+00
-0.3270,-0.0010600,0.0000258,0.00009170,0.00000539,-4.6533336639e+00,8.2464642823e-02,0.6403,2.4705052376e+00
-0.3260,-0.0010600,0.0000256,0.00009170,0.00000539,-4.6533336639e+00,8.1656567752e-02,0.6413,2.4705052376e+00
-0.3250,-0.0010600,0.0000252,0.00009180,0.00000539,-4.6537375450e+00,8.0040410161e-02,0.6423,2.4709091187e+00
-0.3240,-0.0010600,0.0000248,0.00009160,0.00000538,-4.6529293060e+00,7.8464649618e-02,0.6433,2.4701008797e+00
-0.3230,-0.0010500,0.0000247,0.00009160,0.00000538,-4.6125249863e+00,7.8060612082e-02,0.6443,2.4296965599e+00
-0.3220,-0.0010500,0.0000242,0.00009150,0.00000538,-4.6121211052e+00,7.6040409505e-02,0.6453,2.4292926788e+00
-0.3210,-0.0010600,0.0000240,0.00009160,0.00000538,-4.6529293060e+00,7.5232326984e-02,0.6463,2.4701008797e+00
-0.3200,-0.0010600,0.0000237,0.00009160,0.00000538,-4.6529293060e+00,7.4020206928e-02,0.6473,2.4701008797e+00
-0.3190,-0.0010600,0.0000234,0.00009140,0.00000538,-4.6521215439e+00,7.2808079422e-02,0.6483,2.4692931175e+00
-0.3180,-0.0010600,0.0000231,0.00009140,0.00000538,-4.6521215439e+00,7.1595959365e-02,0.6493,2.4692931175e+00
-0.3170,-0.0010600,0.0000228,0.00009150,0.00000538,-4.6525254250e+00,7.0383846760e-02,0.6503,2.4696969986e+00
-0.3160,-0.0010600,0.0000225,0.00009150,0.00000538,-4.6525254250e+00,6.9171719253e-02,0.6513,2.4696969986e+00
-0.3150,-0.0010600,0.0000223,0.00009120,0.00000538,-4.6513133049e+00,6.8363644183e-02,0.6523,2.4684848785e+00
-0.3140,-0.0010600,0.0000219,0.00009140,0.00000538,-4.6521215439e+00,6.6747471690e-02,0.6533,2.4692931175e+00
-0.3130,-0.0010600,0.0000216,0.00009140,0.00000538,-4.6521215439e+00,6.5535359085e-02,0.6543,2.4692931175e+00
-0.3120,-0.0010700,0.0000214,0.00009140,0.00000538,-4.6925253868e+00,6.4727269113e-02,0.6553,2.5096969604e+00
-0.3110,-0.0010600,0.0000211,0.00009140,0.00000538,-4.6521215439e+00,6.3515156507e-02,0.6563,2.4692931175e+00
-0.3100,-0.0010700,0.0000208,0.00009140,0.00000537,-4.6925253868e+00,6.2343433499e-02,0.6573,2.5096969604e+00
-0.3090,-0.0010600,0.0000206,0.00009130,0.00000537,-4.6517171860e+00,6.1535354704e-02,0.6583,2.4688887596e+00
-0.3080,-0.0010700,0.0000203,0.00009140,0.00000537,-4.6925253868e+00,6.0323230922e-02,0.6593,2.5096969604e+00
-0.3070,-0.0010600,0.0000201,0.00009150,0.00000537,-4.6525254250e+00,5.9515152127e-02,0.6603,2.4696969986e+00
-0.3060,-0.0010700,0.0000199,0.00009130,0.00000537,-4.6921210289e+00,5.8707069606e-02,0.6613,2.5092926025e+00
-0.3050,-0.0010700,0.0000195,0.00009120,0.00000538,-4.6917171478e+00,5.7050503790e-02,0.6623,2.5088887215e+00
-0.3040,-0.0010600,0.0000193,0.00009130,0.00000537,-4.6517171860e+00,5.6282825768e-02,0.6633,2.4688887596e+00
-0.3030,-0.0010700,0.0000191,0.00009110,0.00000537,-4.6913132668e+00,5.5474746972e-02,0.6643,2.5084848404e+00
-0.3020,-0.0010600,0.0000188,0.00009120,0.00000537,-4.6513133049e+00,5.4262623191e-02,0.6653,2.4684848785e+00
-0.3010,-0.0010600,0.0000185,0.00009100,0.00000537,-4.6505050659e+00,5.3050506860e-02,0.6663,2.4676766396e+00
-0.3000,-0.0010600,0.0000183,0.00009120,0.00000537,-4.6513133049e+00,5.2242420614e-02,0.6673,2.4684848785e+00
-0.2990,-0.0010700,0.0000181,0.00009110,0.00000537,-4.6913132668e+00,5.1434338093e-02,0.6683,2.5084848404e+00
-0.2980,-0.0010600,0.0000179,0.00009110,0.00000537,-4.6509094238e+00,5.0626259297e-02,0.6693,2.4680809975e+00
-0.2970,-0.0010700,0.0000176,0.00009100,0.00000537,-4.6909089088e+00,4.9414135516e-02,0.6703,2.5080804825e+00
-0.2960,-0.0010700,0.0000174,0.00009100,0.00000536,-4.6909089088e+00,4.8646464944e-02,0.6713,2.5080804825e+00
-0.2950,-0.0010600,0.0000173,0.00009100,0.00000536,-4.6505050659e+00,4.8242427409e-02,0.6723,2.4676766396e+00
-0.2940,-0.0010700,0.0000169,0.00009110,0.00000536,-4.6913132668e+00,4.6626262367e-02,0.6733,2.5084848404e+00
-0.2930,-0.0010700,0.0000167,0.00009100,0.00000536,-4.6909089088e+00,4.5818183571e-02,0.6743,2.5080804825e+00
-0.2920,-0.0010600,0.0000166,0.00009080,0.00000535,-4.6496973038e+00,4.5454550534e-02,0.6753,2.4668688774e+00
-0.2910,-0.0010600,0.0000163,0.00009100,0.00000535,-4.6505050659e+00,4.4242426753e-02,0.6763,2.4676766396e+00
-0.2900,-0.0010600,0.0000162,0.00009080,0.00000535,-4.6496973038e+00,4.3838381767e-02,0.6773,2.4668688774e+00
-0.2890,-0.0010700,0.0000160,0.00009090,0.00000535,-4.6905050278e+00,4.3030302972e-02,0.6783,2.5076766014e+00
-0.2880,-0.0010600,0.0000157,0.00009090,0.00000535,-4.6501011848e+00,4.1818179190e-02,0.6793,2.4672727585e+00
-0.2870,-0.0010700,0.0000155,0.00009070,0.00000535,-4.6896967888e+00,4.1010100394e-02,0.6803,2.5068683624e+00
-0.2860,-0.0010600,0.0000154,0.00009090,0.00000534,-4.6501011848e+00,4.0646467358e-02,0.6813,2.4672727585e+00
-0.2850,-0.0010600,0.0000152,0.00009090,0.00000534,-4.6501011848e+00,3.9838384837e-02,0.6823,2.4672727585e+00
-0.2840,-0.0010600,0.0000149,0.00009090,0.00000534,-4.6501011848e+00,3.8626261055e-02,0.6833,2.4672727585e+00
-0.2830,-0.0010600,0.0000148,0.00009070,0.00000534,-4.6492929459e+00,3.8222223520e-02,0.6843,2.4664645195e+00
-0.2820,-0.0010600,0.0000146,0.00009070,0.00000534,-4.6492929459e+00,3.7414140999e-02,0.6853,2.4664645195e+00
-0.2810,-0.0010600,0.0000144,0.00009080,0.00000534,-4.6496973038e+00,3.6606058478e-02,0.6863,2.4668688774e+00
-0.2800,-0.0010500,0.0000143,0.00009070,0.00000534,-4.6088886261e+00,3.6202020943e-02,0.6873,2.4260601997e+00
-0.2790,-0.0010600,0.0000141,0.00009070,0.00000534,-4.6492929459e+00,3.5393938422e-02,0.6883,2.4664645195e+00
-0.2780,-0.0010600,0.0000140,0.00009060,0.00000533,-4.6488890648e+00,3.5030305386e-02,0.6893,2.4660606384e+00
-0.2770,-0.0010600,0.0000138,0.00009050,0.00000534,-4.6484851837e+00,3.4181818366e-02,0.6903,2.4656567574e+00
-0.2760,-0.0010600,0.0000136,0.00009050,0.00000534,-4.6484851837e+00,3.3373735845e-02,0.6913,2.4656567574e+00
-0.2750,-0.0010600,0.0000134,0.00009070,0.00000534,-4.6492929459e+00,3.2565657049e-02,0.6923,2.4664645195e+00
-0.2740,-0.0010600,0.0000134,0.00009060,0.00000533,-4.6488890648e+00,3.2606061548e-02,0.6933,2.4660606384e+00
-0.2730,-0.0010500,0.0000132,0.00009050,0.00000533,-4.6080808640e+00,3.1797979027e-02,0.6943,2.4252524376e+00
-0.2720,-0.0010600,0.0000130,0.00009050,0.00000533,-4.6484851837e+00,3.0989898369e-02,0.6953,2.4656567574e+00
-0.2710,-0.0010600,0.0000129,0.00009060,0.00000533,-4.6488890648e+00,3.0585858971e-02,0.6963,2.4660606384e+00
-0.2700,-0.0010600,0.0000127,0.00009040,0.00000532,-4.6480808258e+00,2.9818182811e-02,0.6973,2.4652523994e+00
-0.2690,-0.0010500,0.0000126,0.00009040,0.00000532,-4.6076765060e+00,2.9414143413e-02,0.6983,2.4248480797e+00
-0.2680,-0.0010600,0.0000124,0.00009060,0.00000533,-4.6488890648e+00,2.8565656394e-02,0.6993,2.4660606384e+00
-0.2670,-0.0010600,0.0000123,0.00009040,0.00000533,-4.6480808258e+00,2.8161616996e-02,0.7003,2.4652523994e+00
-0.2660,-0.0010500,0.0000122,0.00009040,0.00000533,-4.6076765060e+00,2.7757575735e-02,0.7013,2.4248480797e+00
-0.2650,-0.0010500,0.0000120,0.00009040,0.00000533,-4.6076765060e+00,2.6949496940e-02,0.7023,2.4248480797e+00
-0.2640,-0.0010500,0.0000119,0.00009020,0.00000533,-4.6068682671e+00,2.6545453817e-02,0.7033,2.4240398407e+00
-0.2630,-0.0010500,0.0000118,0.00009040,0.00000533,-4.6076765060e+00,2.6141412556e-02,0.7043,2.4248480797e+00
-0.2620,-0.0010500,0.0000117,0.00009020,0.00000533,-4.6068682671e+00,2.5737373158e-02,0.7053,2.4240398407e+00
-0.2610,-0.0010500,0.0000115,0.00009040,0.00000532,-4.6076765060e+00,2.4969696999e-02,0.7063,2.4248480797e+00
-0.2600,-0.0010500,0.0000114,0.00009040,0.00000532,-4.6076765060e+00,2.4565657601e-02,0.7073,2.4248480797e+00
-0.2590,-0.0010500,0.0000112,0.00009050,0.00000532,-4.6080808640e+00,2.3757575080e-02,0.7083,2.4252524376e+00
-0.2580,-0.0010400,0.0000112,0.00009020,0.00000532,-4.5664644241e+00,2.3757575080e-02,0.7093,2.3836359978e+00
-0.2570,-0.0010500,0.0000110,0.00009020,0.00000532,-4.6068682671e+00,2.2949494421e-02,0.7103,2.4240398407e+00
-0.2560,-0.0010400,0.0000110,0.00009040,0.00000532,-4.5672726631e+00,2.2949494421e-02,0.7113,2.3844442368e+00
-0.2550,-0.0010400,0.0000108,0.00009030,0.00000532,-4.5668687820e+00,2.2141415626e-02,0.7123,2.3840403557e+00
-0.2540,-0.0010500,0.0000107,0.00009030,0.00000532,-4.6072726250e+00,2.1737372503e-02,0.7133,2.4244441986e+00
-0.2530,-0.0010400,0.0000107,0.00009010,0.00000532,-4.5660605431e+00,2.1737372503e-02,0.7143,2.3832321167e+00
-0.2520,-0.0010400,0.0000105,0.00009010,0.00000532,-4.5660605431e+00,2.0929291844e-02,0.7153,2.3832321167e+00
-0.2510,-0.0010500,0.0000105,0.00009000,0.00000532,-4.6060605049e+00,2.0929291844e-02,0.7163,2.4232320786e+00
-0.2500,-0.0010300,0.0000102,0.00009010,0.00000532,-4.5256567001e+00,1.9717173651e-02,0.7173,2.3428282738e+00
-0.2490,-0.0010400,0.0000102,0.00009010,0.00000532,-4.5660605431e+00,1.9717173651e-02,0.7183,2.3832321167e+00
-0.2480,-0.0010400,0.0000101,0.00009000,0.00000532,-4.5656566620e+00,1.9313128665e-02,0.7193,2.3828282356e+00
-0.2470,-0.0010300,0.0000100,0.00009000,0.00000532,-4.5252528191e+00,1.8828282133e-02,0.7203,2.3424243927e+00
-0.2460,-0.0010400,0.0000098,0.00009010,0.00000532,-4.5660605431e+00,1.8222220242e-02,0.7213,2.3832321167e+00
-0.2450,-0.0010300,0.0000098,0.00009000,0.00000532,-4.5252528191e+00,1.8181817606e-02,0.7223,2.3424243927e+00
-0.2440,-0.0010300,0.0000097,0.00008990,0.00000531,-4.5248484612e+00,1.7575757578e-02,0.7233,2.3420200348e+00
-0.2430,-0.0010300,0.0000097,0.00009010,0.00000532,-4.5256567001e+00,1.7535351217e-02,0.7243,2.3428282738e+00
-0.2420,-0.0010300,0.0000095,0.00009010,0.00000532,-4.5256567001e+00,1.6808079556e-02,0.7253,2.3428282738e+00
-0.2410,-0.0010200,0.0000095,0.00008980,0.00000532,-4.4840402603e+00,1.6686867923e-02,0.7263,2.3012118340e+00
-0.2400,-0.0010200,0.0000093,0.00008990,0.00000531,-4.4844441414e+00,1.6121212393e-02,0.7273,2.3016157150e+00
-0.2390,-0.0010200,0.0000092,0.00008990,0.00000531,-4.4844441414e+00,1.5797980130e-02,0.7283,2.3016157150e+00
-0.2380,-0.0010200,0.0000092,0.00008990,0.00000531,-4.4844441414e+00,1.5797980130e-02,0.7293,2.3016157150e+00
-0.2370,-0.0010200,0.0000090,0.00008990,0.00000531,-4.4844441414e+00,1.4989900403e-02,0.7303,2.3016157150e+00
-0.2360,-0.0010200,0.0000090,0.00008990,0.00000531,-4.4844441414e+00,1.4747475274e-02,0.7313,2.3016157150e+00
-0.2350,-0.0010100,0.0000089,0.00008980,0.00000532,-4.4436364174e+00,1.4585859142e-02,0.7323,2.2608079910e+00
-0.2340,-0.0010100,0.0000088,0.00008980,0.00000532,-4.4436364174e+00,1.4060604386e-02,0.7333,2.2608079910e+00
-0.2330,-0.0010100,0.0000087,0.00008980,0.00000531,-4.4436364174e+00,1.3818184845e-02,0.7343,2.2608079910e+00
-0.2320,-0.0010100,0.0000087,0.00008980,0.00000531,-4.4436364174e+00,1.3616162352e-02,0.7353,2.2608079910e+00
-0.2310,-0.0010100,0.0000086,0.00008970,0.00000532,-4.4432325363e+00,1.3252524659e-02,0.7363,2.2604041100e+00
-0.2300,-0.0010000,0.0000085,0.00008990,0.00000532,-4.4036364555e+00,1.2767678127e-02,0.7373,2.2208080292e+00
-0.2290,-0.0010000,0.0000084,0.00008960,0.00000532,-4.4024243355e+00,1.2484848499e-02,0.7383,2.2195959091e+00
-0.2280,-0.0010100,0.0000084,0.00008970,0.00000532,-4.4432325363e+00,1.2404041365e-02,0.7393,2.2604041100e+00
-0.2270,-0.0009960,0.0000083,0.00008970,0.00000532,-4.3866667747e+00,1.1838383973e-02,0.7403,2.2038383484e+00
-0.2260,-0.0009970,0.0000082,0.00008970,0.00000532,-4.3907070160e+00,1.1434343643e-02,0.7413,2.2078785896e+00
-0.2250,-0.0009940,0.0000082,0.00008950,0.00000531,-4.3777775764e+00,1.1474749073e-02,0.7423,2.1949491501e+00
-0.2240,-0.0009880,0.0000080,0.00008970,0.00000532,-4.3543434143e+00,1.0989896953e-02,0.7433,2.1715149879e+00
-0.2230,-0.0009880,0.0000079,0.00008960,0.00000532,-4.3539390564e+00,1.0585856624e-02,0.7443,2.1711106300e+00
-0.2220,-0.0009810,0.0000080,0.00008950,0.00000532,-4.3252525330e+00,1.0909089819e-02,0.7453,2.1424241066e+00
-0.2210,-0.0009850,0.0000078,0.00008960,0.00000532,-4.3418183327e+00,9.9797993898e-03,0.7463,2.1589899063e+00
-0.2200,-0.0009810,0.0000078,0.00008960,0.00000532,-4.3256564140e+00,9.8585849628e-03,0.7473,2.1428279877e+00
-0.2190,-0.0009790,0.0000077,0.00008950,0.00000532,-4.3171715736e+00,9.7373733297e-03,0.7483,2.1343431473e+00
-0.2180,-0.0009760,0.0000076,0.00008960,0.00000531,-4.3054542542e+00,9.4141429290e-03,0.7493,2.1226258278e+00
-0.2170,-0.0009740,0.0000076,0.00008980,0.00000531,-4.2981820107e+00,9.1313142329e-03,0.7503,2.1153535843e+00
-0.2160,-0.0009680,0.0000075,0.00008930,0.00000531,-4.2719192505e+00,8.9696981013e-03,0.7513,2.0890908241e+00
-0.2150,-0.0009700,0.0000074,0.00008960,0.00000531,-4.2812123299e+00,8.5252542049e-03,0.7523,2.0983839035e+00
-0.2140,-0.0009680,0.0000074,0.00008960,0.00000531,-4.2731313705e+00,8.4444452077e-03,0.7533,2.0903029442e+00
-0.2130,-0.0009620,0.0000073,0.00008940,0.00000531,-4.2480807304e+00,8.0808093771e-03,0.7543,2.0652523041e+00
-0.2120,-0.0009520,0.0000073,0.00008950,0.00000531,-4.2080807686e+00,7.9191923141e-03,0.7553,2.0252523422e+00
-0.2110,-0.0009640,0.0000072,0.00008950,0.00000531,-4.2565655708e+00,7.5151529163e-03,0.7563,2.0737371445e+00
-0.2100,-0.0009520,0.0000072,0.00008960,0.00000531,-4.2084851265e+00,7.4747493491e-03,0.7573,2.0256567001e+00
-0.2090,-0.0009490,0.0000071,0.00008940,0.00000530,-4.1955556870e+00,7.2727273218e-03,0.7583,2.0127272606e+00
-0.2080,-0.0009410,0.0000070,0.00008940,0.00000531,-4.1632323265e+00,6.7070713267e-03,0.7593,1.9804039001e+00
-0.2070,-0.0009470,0.0000070,0.00008940,0.00000531,-4.1874747276e+00,6.7878803238e-03,0.7603,2.0046463013e+00
-0.2060,-0.0009390,0.0000070,0.00008930,0.00000530,-4.1547474861e+00,6.6666677594e-03,0.7613,1.9719190598e+00
-0.2050,-0.0009370,0.0000068,0.00008960,0.00000531,-4.1478786469e+00,6.1818188988e-03,0.7623,1.9650502205e+00
-0.2040,-0.0009320,0.0000068,0.00008960,0.00000530,-4.1276764870e+00,6.1010099016e-03,0.7633,1.9448480606e+00
-0.2030,-0.0009270,0.0000067,0.00008940,0.00000530,-4.1066670418e+00,5.7777790353e-03,0.7643,1.9238386154e+00
-0.2020,-0.0009270,0.0000067,0.00008950,0.00000530,-4.1070709229e+00,5.6969700381e-03,0.7653,1.9242424965e+00
-0.2010,-0.0009170,0.0000066,0.00008940,0.00000530,-4.0662627220e+00,5.4141413420e-03,0.7663,1.8834342957e+00
-0.2000,-0.0009160,0.0000066,0.00008940,0.00000531,-4.0622220039e+00,5.2121211775e-03,0.7673,1.8793935776e+00
-0.1990,-0.0009090,0.0000065,0.00008930,0.00000530,-4.0335354805e+00,5.0101014785e-03,0.7683,1.8507070541e+00
-0.1980,-0.0009080,0.0000065,0.00008940,0.00000530,-4.0298991203e+00,5.0505050458e-03,0.7693,1.8470706940e+00
-0.1970,-0.0009000,0.0000064,0.00008930,0.00000531,-3.9971716404e+00,4.4848490506e-03,0.7703,1.8143432140e+00
-0.1960,-0.0009000,0.0000064,0.00008920,0.00000530,-3.9967675209e+00,4.5252526179e-03,0.7713,1.8139390945e+00
-0.1950,-0.0008910,0.0000064,0.00008940,0.00000530,-3.9612121582e+00,4.3232324533e-03,0.7723,1.7783837318e+00
-0.1940,-0.0008910,0.0000063,0.00008920,0.00000530,-3.9604041576e+00,4.1212127544e-03,0.7733,1.7775757313e+00
-0.1930,-0.0008830,0.0000063,0.00008930,0.00000531,-3.9284846783e+00,4.1212127544e-03,0.7743,1.7456562519e+00
-0.1920,-0.0008830,0.0000062,0.00008930,0.00000530,-3.9284846783e+00,3.7979800254e-03,0.7753,1.7456562519e+00
-0.1910,-0.0008730,0.0000062,0.00008940,0.00000530,-3.8884849548e+00,3.7575764582e-03,0.7763,1.7056565285e+00
-0.1900,-0.0008720,0.0000062,0.00008900,0.00000530,-3.8828282356e+00,3.5959600937e-03,0.7773,1.6999998093e+00
-0.1890,-0.0008670,0.0000061,0.00008920,0.00000530,-3.8634343147e+00,3.1919204630e-03,0.7783,1.6806058884e+00
-0.1880,-0.0008620,0.0000061,0.00008920,0.00000530,-3.8432321548e+00,3.2727275975e-03,0.7793,1.6604037285e+00
-0.1870,-0.0008570,0.0000061,0.00008930,0.00000530,-3.8234343529e+00,3.0303040985e-03,0.7803,1.6406059265e+00
-0.1860,-0.0008480,0.0000060,0.00008920,0.00000529,-3.7866666317e+00,2.8686877340e-03,0.7813,1.6038382053e+00
-0.1850,-0.0008480,0.0000060,0.00008930,0.00000530,-3.7870705128e+00,2.9898986686e-03,0.7823,1.6042420864e+00
-0.1840,-0.0008400,0.0000060,0.00008930,0.00000530,-3.7547473907e+00,2.7878787369e-03,0.7833,1.5719189644e+00
-0.1830,-0.0008370,0.0000059,0.00008930,0.00000530,-3.7426264286e+00,2.4646462407e-03,0.7843,1.5597980022e+00
-0.1820,-0.0008330,0.0000059,0.00008930,0.00000529,-3.7264645100e+00,2.5050498080e-03,0.7853,1.5436360836e+00
-0.1810,-0.0008200,0.0000058,0.00008920,0.00000529,-3.6735353470e+00,2.1010099445e-03,0.7863,1.4907069206e+00
-0.1800,-0.0008240,0.0000059,0.00008930,0.00000529,-3.6901009083e+00,2.4242424406e-03,0.7873,1.5072724819e+00
-0.1790,-0.0008120,0.0000058,0.00008940,0.00000529,-3.6420202255e+00,2.1414135117e-03,0.7883,1.4591917992e+00
-0.1780,-0.0008090,0.0000058,0.00008890,0.00000529,-3.6278786659e+00,1.8585864455e-03,0.7893,1.4450502396e+00
-0.1770,-0.0008060,0.0000058,0.00008900,0.00000529,-3.6161615849e+00,1.9797971472e-03,0.7903,1.4333331585e+00
-0.1760,-0.0007960,0.0000057,0.00008920,0.00000529,-3.5765655041e+00,1.7373737646e-03,0.7913,1.3937370777e+00
-0.1750,-0.0007870,0.0000056,0.00008920,0.00000529,-3.5402019024e+00,1.4545447193e-03,0.7923,1.3573734760e+00
-0.1740,-0.0007890,0.0000057,0.00008930,0.00000529,-3.5486867428e+00,1.7373737646e-03,0.7933,1.3658583164e+00
-0.1730,-0.0007750,0.0000057,0.00008940,0.00000529,-3.4925253391e+00,1.5757574001e-03,0.7943,1.3096969128e+00
-0.1720,-0.0007730,0.0000056,0.00008930,0.00000528,-3.4840402603e+00,1.2929284712e-03,0.7953,1.3012118340e+00
-0.1710,-0.0007670,0.0000056,0.00008910,0.00000529,-3.4589898586e+00,1.2525249040e-03,0.7963,1.2761614323e+00
-0.1700,-0.0007570,0.0000056,0.00008920,0.00000529,-3.4189898968e+00,1.2121212203e-03,0.7973,1.2361614704e+00
-0.1690,-0.0007540,0.0000055,0.00008930,0.00000529,-3.4072725773e+00,9.6969772130e-04,0.7983,1.2244441509e+00
-0.1680,-0.0007460,0.0000055,0.00008930,0.00000529,-3.3749492168e+00,1.0505049722e-03,0.7993,1.1921207905e+00
-0.1670,-0.0007370,0.0000055,0.00008930,0.00000528,-3.3385858536e+00,8.8888866594e-04,0.8003,1.1557574272e+00
-0.1660,-0.0007330,0.0000055,0.00008920,0.00000528,-3.3220200539e+00,8.0807961058e-04,0.8013,1.1391916275e+00
-0.1650,-0.0007240,0.0000055,0.00008930,0.00000529,-3.2860605717e+00,7.2727235965e-04,0.8023,1.1032321453e+00
-0.1640,-0.0007170,0.0000054,0.00008920,0.00000529,-3.2573735714e+00,5.6565611158e-04,0.8033,1.0745451450e+00
-0.1630,-0.0007100,0.0000054,0.00008940,0.00000528,-3.2298989296e+00,4.8484886065e-04,0.8043,1.0470705032e+00
-0.1620,-0.0007020,0.0000055,0.00008920,0.00000528,-3.1967675686e+00,6.8686879240e-04,0.8053,1.0139391422e+00
-0.1610,-0.0006940,0.0000053,0.00008930,0.00000528,-3.1648483276e+00,2.8282712447e-04,0.8063,9.8201990128e-01
-0.1600,-0.0006900,0.0000053,0.00008930,0.00000528,-3.1486868858e+00,2.8282712447e-04,0.8073,9.6585845947e-01
-0.1590,-0.0006790,0.0000054,0.00008940,0.00000528,-3.1046464443e+00,4.4444343075e-04,0.8083,9.2181801796e-01
-0.1580,-0.0006730,0.0000053,0.00008930,0.00000528,-3.0799999237e+00,4.0403614548e-05,0.8093,8.9717149734e-01
-0.1570,-0.0006660,0.0000053,0.00008920,0.00000528,-3.0513131618e+00,2.4242351355e-04,0.8103,8.6848473549e-01
-0.1560,-0.0006590,0.0000053,0.00008940,0.00000528,-3.0238382816e+00,1.2121084001e-04,0.8113,8.4100985527e-01
-0.1550,-0.0006490,0.0000052,0.00008930,0.00000528,-2.9830303192e+00,-1.2121267355e-04,0.8123,8.0020189285e-01
-0.1540,-0.0006430,0.0000053,0.00008930,0.00000528,-2.9587879181e+00,-8.0809062638e-05,0.8133,7.7595949173e-01
-0.1530,-0.0006350,0.0000053,0.00008960,0.00000528,-2.9276766777e+00,-8.0809062638e-05,0.8143,7.4484825134e-01
-0.1520,-0.0006190,0.0000053,0.00008930,0.00000528,-2.8618180752e+00,-8.0809062638e-05,0.8153,6.7898964882e-01
-0.1510,-0.0006190,0.0000052,0.00008930,0.00000528,-2.8618180752e+00,-3.2323258347e-04,0.8163,6.7898964882e-01
-0.1500,-0.0006090,0.0000052,0.00008930,0.00000527,-2.8214139938e+00,-8.0809062638e-05,0.8173,6.3858556747e-01
-0.1490,-0.0006000,0.0000052,0.00008930,0.00000528,-2.7850506306e+00,-4.4444526429e-04,0.8183,6.0222220421e-01
-0.1480,-0.0005920,0.0000052,0.00008930,0.00000528,-2.7527272701e+00,-2.0201990264e-04,0.8193,5.6989884377e-01
-0.1470,-0.0005850,0.0000052,0.00008950,0.00000527,-2.7252523899e+00,-4.0404163883e-04,0.8203,5.4242396355e-01
-0.1460,-0.0005760,0.0000052,0.00008950,0.00000528,-2.6888890266e+00,-5.2525248611e-04,0.8213,5.0606060028e-01
-0.1450,-0.0005640,0.0000052,0.00008950,0.00000527,-2.6404039860e+00,-4.8484886065e-04,0.8223,4.5757555962e-01
-0.1440,-0.0005610,0.0000051,0.00008960,0.00000527,-2.6286869049e+00,-6.0606154148e-04,0.8233,4.4585847855e-01
-0.1430,-0.0005500,0.0000052,0.00008940,0.00000527,-2.5834343433e+00,-4.4444526429e-04,0.8243,4.0060591698e-01
-0.1420,-0.0005400,0.0000051,0.00008940,0.00000528,-2.5430302620e+00,-8.0808147322e-04,0.8253,3.6020183563e-01
-0.1410,-0.0005350,0.0000051,0.00008960,0.00000527,-2.5236363411e+00,-5.6565791601e-04,0.8263,3.4080791473e-01
-0.1400,-0.0005220,0.0000051,0.00008960,0.00000527,-2.4711110592e+00,-6.4646516694e-04,0.8273,2.8828263283e-01
-0.1390,-0.0005160,0.0000050,0.00008950,0.00000527,-2.4464645386e+00,-8.8889052859e-04,0.8283,2.6363611221e-01
-0.1380,-0.0005070,0.0000051,0.00008960,0.00000526,-2.4105050564e+00,-6.8686879240e-04,0.8293,2.2767663002e-01
-0.1370,-0.0004960,0.0000051,0.00008960,0.00000527,-2.3660604954e+00,-8.4848504048e-04,0.8303,1.8323206902e-01
-0.1360,-0.0004890,0.0000051,0.00008960,0.00000526,-2.3377776146e+00,-8.0807961058e-04,0.8313,1.5494918823e-01
-0.1350,-0.0004810,0.0000050,0.00008960,0.00000526,-2.3054544926e+00,-8.8888866594e-04,0.8323,1.2262606621e-01
-0.1340,-0.0004730,0.0000051,0.00008980,0.00000527,-2.2739393711e+00,-8.4848504048e-04,0.8333,9.1110944748e-02
-0.1330,-0.0004610,0.0000050,0.00008960,0.00000527,-2.2246465683e+00,-9.6969772130e-04,0.8343,4.1818141937e-02
-0.1320,-0.0004530,0.0000050,0.00008980,0.00000527,-2.1931312084e+00,-1.0505049722e-03,0.8353,1.0302782059e-02
-0.1310,-0.0004460,0.0000050,0.00008970,0.00000526,-2.1644444466e+00,-9.2929229140e-04,0.8363,1.8383979797e-02
-0.1300,-0.0004360,0.0000050,0.00008990,0.00000527,-2.1248483658e+00,-1.0505049722e-03,0.8373,5.7980060577e-02
-0.1290,-0.0004270,0.0000050,0.00008970,0.00000526,-2.0876767635e+00,-1.1717157904e-03,0.8383,9.5151662827e-02
-0.1280,-0.0004200,0.0000050,0.00008980,0.00000526,-2.0597980022e+00,-9.6969591687e-04,0.8393,1.2303042412e-01
-0.1270,-0.0004080,0.0000050,0.00008990,0.00000526,-2.0117173195e+00,-1.0505049722e-03,0.8403,1.7111110687e-01
-0.1260,-0.0004000,0.0000050,0.00008980,0.00000526,-1.9789899588e+00,-1.1313122232e-03,0.8413,2.0383846760e-01
-0.1250,-0.0003940,0.0000050,0.00008980,0.00000526,-1.9547475576e+00,-1.2121212203e-03,0.8423,2.2808086872e-01
-0.1240,-0.0003840,0.0000050,0.00008980,0.00000526,-1.9143434763e+00,-1.0505049722e-03,0.8433,2.6848495007e-01
-0.1230,-0.0003750,0.0000050,0.00008990,0.00000526,-1.8783837557e+00,-1.2121212203e-03,0.8443,3.0444467068e-01
-0.1220,-0.0003660,0.0000049,0.00009000,0.00000526,-1.8424241543e+00,-1.2929284712e-03,0.8453,3.4040427208e-01
-0.1210,-0.0003580,0.0000050,0.00009010,0.00000526,-1.8105049133e+00,-1.2121212203e-03,0.8463,3.7232351303e-01
-0.1200,-0.0003500,0.0000049,0.00009000,0.00000526,-1.7777776718e+00,-1.2525249040e-03,0.8473,4.0505075455e-01
-0.1190,-0.0003400,0.0000049,0.00009010,0.00000526,-1.7377778292e+00,-1.3737375848e-03,0.8483,4.4505059719e-01
-0.1180,-0.0003330,0.0000049,0.00009000,0.00000526,-1.7090909481e+00,-1.2929284712e-03,0.8493,4.7373747826e-01
-0.1170,-0.0003240,0.0000049,0.00009010,0.00000526,-1.6731313467e+00,-1.3333321549e-03,0.8503,5.0969707966e-01
-0.1160,-0.0003140,0.0000049,0.00009010,0.00000526,-1.6327272654e+00,-1.3333321549e-03,0.8513,5.5010116100e-01
-0.1150,-0.0003080,0.0000049,0.00009020,0.00000526,-1.6088888645e+00,-1.4141411521e-03,0.8523,5.7393956184e-01
-0.1140,-0.0002980,0.0000049,0.00009030,0.00000526,-1.5688889027e+00,-1.2929284712e-03,0.8533,6.1393952370e-01
-0.1130,-0.0002910,0.0000049,0.00009040,0.00000526,-1.5410100222e+00,-1.4949484030e-03,0.8543,6.4181840420e-01
-0.1120,-0.0002820,0.0000049,0.00009030,0.00000525,-1.5042423010e+00,-1.3737375848e-03,0.8553,6.7858612537e-01
-0.1110,-0.0002760,0.0000049,0.00009050,0.00000525,-1.4808080196e+00,-1.3737375848e-03,0.8563,7.0202040672e-01
-0.1100,-0.0002670,0.0000049,0.00009040,0.00000525,-1.4440402985e+00,-1.3737375848e-03,0.8573,7.3878812790e-01
-0.1090,-0.0002590,0.0000049,0.00009050,0.00000525,-1.4121211767e+00,-1.4949502656e-03,0.8583,7.7070724964e-01
-0.1080,-0.0002510,0.0000049,0.00009060,0.00000525,-1.3802019358e+00,-1.4141411521e-03,0.8593,8.0262649059e-01
-0.1070,-0.0002420,0.0000049,0.00009040,0.00000525,-1.3430303335e+00,-1.4545447193e-03,0.8603,8.3979809284e-01
-0.1060,-0.0002360,0.0000049,0.00009060,0.00000525,-1.3195960522e+00,-1.4545447193e-03,0.8613,8.6323237419e-01
-0.1050,-0.0002270,0.0000049,0.00009060,0.00000525,-1.2832323313e+00,-1.4545447193e-03,0.8623,8.9959609509e-01
-0.1040,-0.0002210,0.0000049,0.00009070,0.00000525,-1.2593939304e+00,-1.5353538329e-03,0.8633,9.2343449593e-01
-0.1030,-0.0002130,0.0000049,0.00009060,0.00000525,-1.2266666889e+00,-1.5353538329e-03,0.8643,9.5616173744e-01
-0.1020,-0.0002060,0.0000049,0.00009090,0.00000525,-1.1995959282e+00,-1.4949502656e-03,0.8653,9.8323249817e-01
-0.1010,-0.0002000,0.0000049,0.00009090,0.00000525,-1.1753535271e+00,-1.5353538329e-03,0.8663,1.0074748993e+00
-0.1000,-0.0001910,0.0000049,0.00009070,0.00000525,-1.1381818056e+00,-1.5353538329e-03,0.8673,1.0446466208e+00
-0.0990,-0.0001850,0.0000049,0.00009080,0.00000524,-1.1143434048e+00,-1.4949502656e-03,0.8683,1.0684850216e+00
-0.0980,-0.0001780,0.0000049,0.00009090,0.00000524,-1.0864646435e+00,-1.4949502656e-03,0.8693,1.0963637829e+00
-0.0970,-0.0001710,0.0000049,0.00009090,0.00000524,-1.0581818819e+00,-1.5353538329e-03,0.8703,1.1246465445e+00
-0.0960,-0.0001650,0.0000049,0.00009110,0.00000524,-1.0347474813e+00,-1.5353538329e-03,0.8713,1.1480809450e+00
-0.0950,-0.0001560,0.0000049,0.00009100,0.00000524,-9.9797976017e-01,-1.4949502656e-03,0.8723,1.1848486662e+00
-0.0940,-0.0001520,0.0000048,0.00009110,0.00000524,-9.8222219944e-01,-1.6161610838e-03,0.8733,1.2006062269e+00
-0.0930,-0.0001460,0.0000049,0.00009100,0.00000524,-9.5757573843e-01,-1.4949502656e-03,0.8743,1.2252526283e+00
-0.0920,-0.0001390,0.0000049,0.00009110,0.00000524,-9.2969697714e-01,-1.4949502656e-03,0.8753,1.2531313896e+00
-0.0910,-0.0001330,0.0000049,0.00009120,0.00000525,-9.0585857630e-01,-1.5757574001e-03,0.8763,1.2769699097e+00
-0.0900,-0.0001270,0.0000049,0.00009120,0.00000524,-8.8161617517e-01,-1.5353538329e-03,0.8773,1.3012123108e+00
-0.0890,-0.0001210,0.0000049,0.00009140,0.00000524,-8.5818177462e-01,-1.4949502656e-03,0.8783,1.3246467113e+00
-0.0880,-0.0001160,0.0000049,0.00009130,0.00000524,-8.3757579327e-01,-1.4949502656e-03,0.8793,1.3452526331e+00
-0.0870,-0.0001100,0.0000049,0.00009140,0.00000524,-8.1373733282e-01,-1.5353538329e-03,0.8803,1.3690910339e+00
-0.0860,-0.0001040,0.0000049,0.00009140,0.00000524,-7.8949499130e-01,-1.4949502656e-03,0.8813,1.3933334351e+00
-0.0850,-0.0000983,0.0000049,0.00009140,0.00000524,-7.6646459103e-01,-1.5353538329e-03,0.8823,1.4163638353e+00
-0.0840,-0.0000936,0.0000049,0.00009160,0.00000524,-7.4828284979e-01,-1.5353538329e-03,0.8833,1.4345455170e+00
-0.0830,-0.0000879,0.0000049,0.00009160,0.00000523,-7.2525250912e-01,-1.4949502656e-03,0.8843,1.4575759172e+00
-0.0820,-0.0000827,0.0000049,0.00009170,0.00000523,-7.0464640856e-01,-1.4545465820e-03,0.8853,1.4781820774e+00
-0.0810,-0.0000778,0.0000049,0.00009170,0.00000522,-6.8484854698e-01,-1.4949484030e-03,0.8863,1.4979798794e+00
-0.0800,-0.0000729,0.0000049,0.00009180,0.00000522,-6.6545456648e-01,-1.4545447193e-03,0.8873,1.5173738003e+00
-0.0790,-0.0000682,0.0000049,0.00009180,0.00000522,-6.4646464586e-01,-1.4545447193e-03,0.8883,1.5363638401e+00
-0.0780,-0.0000632,0.0000049,0.00009180,0.00000522,-6.2626260519e-01,-1.4545447193e-03,0.8893,1.5565657616e+00
-0.0770,-0.0000589,0.0000049,0.00009180,0.00000521,-6.0888886452e-01,-1.4141411521e-03,0.8903,1.5739395618e+00
-0.0760,-0.0000541,0.0000049,0.00009200,0.00000522,-5.9030306339e-01,-1.4545447193e-03,0.8913,1.5925253630e+00
-0.0750,-0.0000501,0.0000049,0.00009190,0.00000522,-5.7373738289e-01,-1.4949484030e-03,0.8923,1.6090910435e+00
-0.0740,-0.0000457,0.0000049,0.00009190,0.00000522,-5.5595958233e-01,-1.4545447193e-03,0.8933,1.6268688440e+00
-0.0730,-0.0000414,0.0000049,0.00009170,0.00000522,-5.3777778149e-01,-1.4545447193e-03,0.8943,1.6450506449e+00
-0.0720,-0.0000376,0.0000049,0.00009210,0.00000522,-5.2404040098e-01,-1.4545447193e-03,0.8953,1.6587879658e+00
-0.0710,-0.0000335,0.0000049,0.00009230,0.00000522,-5.0828284025e-01,-1.4545447193e-03,0.8963,1.6745455265e+00
-0.0700,-0.0000293,0.0000049,0.00009210,0.00000522,-4.9050503969e-01,-1.4545447193e-03,0.8973,1.6923234463e+00
-0.0690,-0.0000260,0.0000049,0.00009270,0.00000522,-4.7959595919e-01,-1.4545447193e-03,0.8983,1.7032325268e+00
-0.0680,-0.0000222,0.0000049,0.00009260,0.00000522,-4.6383839846e-01,-1.4545447193e-03,0.8993,1.7189900875e+00
-0.0670,-0.0000186,0.0000049,0.00009260,0.00000521,-4.4929292798e-01,-1.4141411521e-03,0.9003,1.7335355282e+00
-0.0660,-0.0000151,0.0000049,0.00009270,0.00000522,-4.3555554748e-01,-1.4545447193e-03,0.9013,1.7472728491e+00
-0.0650,-0.0000118,0.0000049,0.00009260,0.00000522,-4.2181819677e-01,-1.4141411521e-03,0.9023,1.7610101700e+00
-0.0640,-0.0000083,0.0000049,0.00009270,0.00000522,-4.0787878633e-01,-1.4545447193e-03,0.9033,1.7749496698e+00
-0.0630,-0.0000053,0.0000049,0.00009290,0.00000521,-3.9684849977e-01,-1.3737375848e-03,0.9043,1.7859799862e+00
-0.0620,-0.0000020,0.0000049,0.00009280,0.00000521,-3.8323232532e-01,-1.4141411521e-03,0.9053,1.7995960712e+00
-0.0610,0.0000010,0.0000049,0.00009290,0.00000521,-3.7115150690e-01,-1.4141411521e-03,0.9063,1.8116769791e+00
-0.0600,0.0000040,0.0000049,0.00009290,0.00000521,-3.5939395428e-01,-1.4141411521e-03,0.9073,1.8234344721e+00
-0.0590,0.0000068,0.0000049,0.00009300,0.00000521,-3.4828284383e-01,-1.4141411521e-03,0.9083,1.8345456123e+00
-0.0580,0.0000097,0.0000049,0.00009330,0.00000520,-3.3781814575e-01,-1.3737375848e-03,0.9093,1.8450102806e+00
-0.0570,0.0000124,0.0000049,0.00009330,0.00000520,-3.2686868310e-01,-1.3737375848e-03,0.9103,1.8559597731e+00
-0.0560,0.0000149,0.0000049,0.00009320,0.00000520,-3.1636363268e-01,-1.3737375848e-03,0.9113,1.8664648533e+00
-0.0550,0.0000175,0.0000049,0.00009320,0.00000520,-3.0585855246e-01,-1.3333339011e-03,0.9123,1.8769698143e+00
-0.0540,0.0000200,0.0000049,0.00009350,0.00000520,-2.9696968198e-01,-1.3333339011e-03,0.9133,1.8858587742e+00
-0.0530,0.0000224,0.0000049,0.00009350,0.00000520,-2.8727275133e-01,-1.3737375848e-03,0.9143,1.8955557346e+00
-0.0520,0.0000247,0.0000049,0.00009370,0.00000520,-2.7878788114e-01,-1.3737375848e-03,0.9153,1.9040405750e+00
-0.0510,0.0000271,0.0000049,0.00009370,0.00000520,-2.6909089088e-01,-1.3737375848e-03,0.9163,1.9137375355e+00
-0.0500,0.0000290,0.0000049,0.00009340,0.00000520,-2.6020199060e-01,-1.3737375848e-03,0.9173,1.9226264954e+00
-0.0490,0.0000310,0.0000049,0.00009360,0.00000520,-2.5292927027e-01,-1.3737375848e-03,0.9183,1.9298992157e+00
-0.0480,0.0000332,0.0000049,0.00009390,0.00000520,-2.4525250494e-01,-1.3333339011e-03,0.9193,1.9375759363e+00
-0.0470,0.0000352,0.0000049,0.00009380,0.00000520,-2.3676767945e-01,-1.3333339011e-03,0.9203,1.9460607767e+00
-0.0460,0.0000369,0.0000049,0.00009410,0.00000519,-2.3111110926e-01,-1.3333339011e-03,0.9213,1.9517173767e+00
-0.0450,0.0000391,0.0000049,0.00009400,0.00000519,-2.2181817889e-01,-1.2929303339e-03,0.9223,1.9610102177e+00
-0.0440,0.0000408,0.0000049,0.00009420,0.00000519,-2.1575754881e-01,-1.2929303339e-03,0.9233,1.9670708179e+00
-0.0430,0.0000423,0.0000049,0.00009420,0.00000519,-2.0969694853e-01,-1.2929303339e-03,0.9243,1.9731314182e+00
-0.0420,0.0000440,0.0000049,0.00009420,0.00000519,-2.0282825828e-01,-1.2929303339e-03,0.9253,1.9800001383e+00
-0.0410,0.0000460,0.0000049,0.00009440,0.00000519,-1.9555553794e-01,-1.2929303339e-03,0.9263,1.9872728586e+00
-0.0400,0.0000473,0.0000049,0.00009450,0.00000519,-1.9070705771e-01,-1.2929303339e-03,0.9273,1.9921213388e+00
-0.0390,0.0000491,0.0000049,0.00009450,0.00000518,-1.8343432248e-01,-1.2525249040e-03,0.9283,1.9993940592e+00
-0.0380,0.0000506,0.0000049,0.00009450,0.00000518,-1.7737372220e-01,-1.2525249040e-03,0.9293,2.0054547787e+00
-0.0370,0.0000517,0.0000049,0.00009480,0.00000519,-1.7414140701e-01,-1.2929303339e-03,0.9303,2.0086870193e+00
-0.0360,0.0000533,0.0000049,0.00009470,0.00000518,-1.6727271676e-01,-1.2525249040e-03,0.9313,2.0155556202e+00
-0.0350,0.0000547,0.0000049,0.00009480,0.00000518,-1.6202019155e-01,-1.2121212203e-03,0.9323,2.0208082199e+00
-0.0340,0.0000560,0.0000049,0.00009490,0.00000518,-1.5717171133e-01,-1.2525249040e-03,0.9333,2.0256567001e+00
-0.0330,0.0000574,0.0000049,0.00009500,0.00000518,-1.5191918612e-01,-1.2525249040e-03,0.9343,2.0309092999e+00
-0.0320,0.0000586,0.0000049,0.00009510,0.00000517,-1.4747472107e-01,-1.2121212203e-03,0.9353,2.0353536606e+00
-0.0310,0.0000595,0.0000049,0.00009520,0.00000518,-1.4424240589e-01,-1.2525249040e-03,0.9363,2.0385861397e+00
-0.0300,0.0000610,0.0000049,0.00009520,0.00000517,-1.3818179071e-01,-1.2121212203e-03,0.9373,2.0446467400e+00
-0.0290,0.0000620,0.0000049,0.00009550,0.00000517,-1.3535352051e-01,-1.2121212203e-03,0.9383,2.0474748611e+00
-0.0280,0.0000633,0.0000049,0.00009550,0.00000517,-1.3010098040e-01,-1.2121212203e-03,0.9393,2.0527274609e+00
-0.0270,0.0000642,0.0000049,0.00009540,0.00000517,-1.2606057525e-01,-1.2121212203e-03,0.9403,2.0567679405e+00
-0.0260,0.0000650,0.0000049,0.00009560,0.00000517,-1.2363635749e-01,-1.2525249040e-03,0.9413,2.0591921806e+00
-0.0250,0.0000662,0.0000049,0.00009580,0.00000517,-1.1959595233e-01,-1.1717176531e-03,0.9423,2.0632324219e+00
-0.0240,0.0000673,0.0000049,0.00009580,0.00000517,-1.1515150219e-01,-1.1717176531e-03,0.9433,2.0676770210e+00
-0.0230,0.0000678,0.0000049,0.00009600,0.00000517,-1.1393940449e-01,-1.2121212203e-03,0.9443,2.0688891411e+00
-0.0220,0.0000693,0.0000049,0.00009590,0.00000517,-1.0747476667e-01,-1.1717176531e-03,0.9453,2.0753536224e+00
-0.0210,0.0000700,0.0000049,0.00009590,0.00000517,-1.0464645922e-01,-1.2121212203e-03,0.9463,2.0781819820e+00
-0.0200,0.0000707,0.0000049,0.00009620,0.00000517,-1.0303028673e-01,-1.2121212203e-03,0.9473,2.0797982216e+00
-0.0190,0.0000717,0.0000049,0.00009640,0.00000516,-9.9797971547e-02,-1.1717176531e-03,0.9483,2.0830304623e+00
-0.0180,0.0000725,0.0000049,0.00009650,0.00000516,-9.6969693899e-02,-1.1717176531e-03,0.9493,2.0858588219e+00
-0.0170,0.0000732,0.0000049,0.00009650,0.00000516,-9.4141416252e-02,-1.1717176531e-03,0.9503,2.0886869431e+00
-0.0160,0.0000740,0.0000049,0.00009660,0.00000515,-9.1313116252e-02,-1.0909104021e-03,0.9513,2.0915153027e+00
-0.0150,0.0000749,0.0000049,0.00009660,0.00000516,-8.7676748633e-02,-1.1717176531e-03,0.9523,2.0951516628e+00
-0.0140,0.0000755,0.0000049,0.00009670,0.00000516,-8.5656560957e-02,-1.1717176531e-03,0.9533,2.0971717834e+00
-0.0130,0.0000766,0.0000049,0.00009690,0.00000516,-8.2020200789e-02,-1.1717176531e-03,0.9543,2.1008081436e+00
-0.0120,0.0000772,0.0000049,0.00009700,0.00000516,-7.9999983311e-02,-1.1717176531e-03,0.9553,2.1028285027e+00
-0.0110,0.0000775,0.0000049,0.00009700,0.00000515,-7.8787855804e-02,-1.1717176531e-03,0.9563,2.1040406227e+00
-0.0100,0.0000781,0.0000049,0.00009720,0.00000515,-7.7171713114e-02,-1.1717176531e-03,0.9573,2.1056566238e+00
-0.0090,0.0000791,0.0000049,0.00009750,0.00000515,-7.4343435466e-02,-1.1313140858e-03,0.9583,2.1084849834e+00
-0.0080,0.0000795,0.0000049,0.00009730,0.00000515,-7.1919173002e-02,-1.1717176531e-03,0.9593,2.1109092236e+00
-0.0070,0.0000803,0.0000049,0.00009760,0.00000515,-6.9898985326e-02,-1.1717176531e-03,0.9603,2.1129293442e+00
-0.0060,0.0000812,0.0000049,0.00009740,0.00000515,-6.5454535186e-02,-1.1717176531e-03,0.9613,2.1173739433e+00
-0.0050,0.0000811,0.0000049,0.00009760,0.00000514,-6.6666670144e-02,-1.1313140858e-03,0.9623,2.1161618233e+00
-0.0040,0.0000820,0.0000049,0.00009790,0.00000515,-6.4242437482e-02,-1.1717176531e-03,0.9633,2.1185860634e+00
-0.0030,0.0000826,0.0000049,0.00009780,0.00000515,-6.1414126307e-02,-1.1717176531e-03,0.9643,2.1214141846e+00
-0.0020,0.0000828,0.0000049,0.00009810,0.00000515,-6.1818171293e-02,-1.1313140858e-03,0.9653,2.1210103035e+00
-0.0010,0.0000838,0.0000049,0.00009820,0.00000514,-5.8181807399e-02,-1.1717176531e-03,0.9663,2.1246466637e+00
0.0000,0.0000851,0.0000049,0.00009860,0.00000515,-5.4545447230e-02,-1.1717176531e-03,0.9673,2.1282830238e+00
0.0010,0.0000848,0.0000049,0.00009870,0.00000515,-5.6161619723e-02,-1.1313140858e-03,0.9683,2.1266667843e+00
0.0020,0.0000853,0.0000049,0.00009870,0.00000514,-5.4141402245e-02,-1.1313140858e-03,0.9693,2.1286869049e+00
0.0030,0.0000857,0.0000049,0.00009870,0.00000514,-5.2525259554e-02,-1.1313140858e-03,0.9703,2.1303031445e+00
0.0040,0.0000860,0.0000049,0.00009870,0.00000514,-5.1313128322e-02,-1.1313140858e-03,0.9713,2.1315152645e+00
0.0050,0.0000864,0.0000049,0.00009870,0.00000513,-4.9696955830e-02,-1.0909085395e-03,0.9723,2.1331315041e+00
0.0060,0.0000872,0.0000049,0.00009900,0.00000513,-4.7676738352e-02,-1.0909085395e-03,0.9733,2.1351516247e+00
0.0070,0.0000874,0.0000049,0.00009900,0.00000513,-4.6868652105e-02,-1.0909085395e-03,0.9743,2.1359598637e+00
0.0080,0.0000877,0.0000049,0.00009910,0.00000513,-4.6060591936e-02,-1.0909085395e-03,0.9753,2.1367678642e+00
0.0090,0.0000884,0.0000049,0.00009920,0.00000513,-4.3636363000e-02,-1.0909085395e-03,0.9763,2.1391921043e+00
0.0100,0.0000887,0.0000049,0.00009930,0.00000513,-4.2828273028e-02,-1.0909085395e-03,0.9773,2.1400001049e+00
0.0110,0.0000893,0.0000049,0.00009950,0.00000513,-4.1212100536e-02,-1.0909085395e-03,0.9783,2.1416163445e+00
0.0120,0.0000898,0.0000049,0.00009950,0.00000513,-3.9191912860e-02,-1.1313122232e-03,0.9793,2.1436364651e+00
0.0130,0.0000899,0.0000049,0.00009980,0.00000513,-3.9999999106e-02,-1.0909085395e-03,0.9803,2.1428284645e+00
0.0140,0.0000903,0.0000049,0.00009970,0.00000512,-3.7979811430e-02,-1.0505049722e-03,0.9813,2.1448485851e+00
0.0150,0.0000910,0.0000049,0.00010000,0.00000513,-3.6363609135e-02,-1.1313122232e-03,0.9823,2.1464648247e+00
0.0160,0.0000909,0.0000049,0.00010000,0.00000512,-3.6767650396e-02,-1.0505049722e-03,0.9833,2.1460607052e+00
0.0170,0.0000917,0.0000049,0.00010000,0.00000512,-3.3535331488e-02,-1.0505049722e-03,0.9843,2.1492931843e+00
0.0180,0.0000921,0.0000049,0.00010000,0.00000512,-3.1919158995e-02,-1.0909085395e-03,0.9853,2.1509091854e+00
0.0190,0.0000922,0.0000049,0.00010100,0.00000512,-3.5555522889e-02,-1.0909085395e-03,0.9863,2.1472728252e+00
0.0200,0.0000930,0.0000049,0.00010100,0.00000511,-3.2323203981e-02,-1.0505049722e-03,0.9873,2.1505053043e+00
0.0210,0.0000930,0.0000049,0.00010100,0.00000510,-3.2323203981e-02,-9.6969772130e-04,0.9883,2.1505053043e+00
0.0220,0.0000932,0.0000049,0.00010100,0.00000511,-3.1515143812e-02,-1.0505049722e-03,0.9893,2.1513133049e+00
0.0230,0.0000940,0.0000049,0.00010100,0.00000510,-2.8282798827e-02,-1.0101014050e-03,0.9903,2.1545455456e+00
0.0240,0.0000941,0.0000049,0.00010100,0.00000510,-2.7878755704e-02,-1.0101014050e-03,0.9913,2.1549496651e+00
0.0250,0.0000944,0.0000048,0.00010100,0.00000510,-2.6666654274e-02,-1.0505049722e-03,0.9923,2.1561617851e+00
0.0260,0.0000949,0.0000048,0.00010100,0.00000510,-2.4646436796e-02,-1.0505049722e-03,0.9933,2.1581819057e+00
0.0270,0.0000952,0.0000049,0.00010100,0.00000510,-2.3434335366e-02,-1.0101014050e-03,0.9943,2.1593940258e+00
0.0280,0.0000953,0.0000048,0.00010100,0.00000509,-2.3030292243e-02,-1.0100995423e-03,0.9953,2.1597981453e+00
0.0290,0.0000960,0.0000048,0.00010200,0.00000509,-2.4242393672e-02,-1.0100995423e-03,0.9963,2.1585860252e+00
0.0300,0.0000959,0.0000048,0.00010200,0.00000509,-2.4646436796e-02,-1.0100995423e-03,0.9973,2.1581819057e+00
0.0310,0.0000965,0.0000048,0.00010200,0.00000508,-2.2222205997e-02,-9.6969591687e-04,0.9983,2.1606061459e+00
0.0320,0.0000969,0.0000048,0.00010200,0.00000508,-2.0606031641e-02,-9.6969591687e-04,0.9993,2.1622223854e+00
0.0330,0.0000968,0.0000048,0.00010200,0.00000508,-2.1010074764e-02,-9.6969591687e-04,1.0003,2.1618182659e+00
0.0340,0.0000976,0.0000048,0.00010200,0.00000509,-1.7777757719e-02,-1.0100995423e-03,1.0013,2.1650507450e+00
0.0350,0.0000979,0.0000048,0.00010200,0.00000508,-1.6565626487e-02,-9.6969591687e-04,1.0023,2.1662628651e+00
0.0360,0.0000980,0.0000048,0.00010300,0.00000508,-2.0202018321e-02,-9.6969591687e-04,1.0033,2.1626265049e+00
0.0370,0.0000983,0.0000048,0.00010300,0.00000508,-1.8989887089e-02,-9.6969591687e-04,1.0043,2.1638386250e+00
0.0380,0.0000989,0.0000048,0.00010300,0.00000508,-1.6565656289e-02,-1.0101014050e-03,1.0053,2.1662628651e+00
0.0390,0.0000985,0.0000048,0.00010300,0.00000508,-1.8181800842e-02,-1.0101014050e-03,1.0063,2.1646466255e+00
0.0400,0.0000992,0.0000048,0.00010300,0.00000508,-1.5353524126e-02,-9.6969591687e-04,1.0073,2.1674749851e+00
0.0410,0.0000998,0.0000048,0.00010400,0.00000508,-1.6969669610e-02,-1.0101014050e-03,1.0083,2.1658587456e+00
0.0420,0.0000998,0.0000048,0.00010300,0.00000507,-1.2929263525e-02,-9.6969772130e-04,1.0093,2.1698992252e+00
0.0430,0.0001000,0.0000048,0.00010400,0.00000508,-1.6161613166e-02,-1.0101014050e-03,1.0103,2.1666667461e+00
0.0440,0.0001010,0.0000048,0.00010400,0.00000507,-1.2121206149e-02,-1.0101014050e-03,1.0113,2.1707072258e+00
0.0450,0.0001010,0.0000048,0.00010400,0.00000507,-1.2121206149e-02,-1.0101014050e-03,1.0123,2.1707072258e+00
0.0460,0.0001010,0.0000048,0.00010400,0.00000507,-1.2121206149e-02,-9.6969772130e-04,1.0133,2.1707072258e+00
0.0470,0.0001020,0.0000048,0.00010400,0.00000507,-8.0808009952e-03,-1.0101014050e-03,1.0143,2.1747477055e+00
0.0480,0.0001010,0.0000048,0.00010400,0.00000505,-1.2121206149e-02,-9.2929229140e-04,1.0153,2.1707072258e+00
0.0490,0.0001020,0.0000048,0.00010500,0.00000507,-1.2121206149e-02,-1.0101014050e-03,1.0163,2.1707072258e+00
0.0500,0.0001030,0.0000048,0.00010500,0.00000506,-8.0808009952e-03,-1.0101014050e-03,1.0173,2.1747477055e+00
0.0510,0.0001030,0.0000048,0.00010500,0.00000506,-8.0808009952e-03,-1.0101014050e-03,1.0183,2.1747477055e+00
0.0520,0.0001030,0.0000048,0.00010500,0.00000506,-8.0808009952e-03,-9.6969772130e-04,1.0193,2.1747477055e+00
0.0530,0.0001030,0.0000048,0.00010500,0.00000507,-8.0808009952e-03,-1.0101014050e-03,1.0203,2.1747477055e+00
0.0540,0.0001040,0.0000048,0.00010500,0.00000506,-4.0403958410e-03,-9.6969772130e-04,1.0213,2.1787879467e+00
0.0550,0.0001040,0.0000048,0.00010500,0.00000506,-4.0403958410e-03,-9.6969772130e-04,1.0223,2.1787879467e+00
0.0560,0.0001040,0.0000048,0.00010600,0.00000506,-8.0808009952e-03,-9.6969772130e-04,1.0233,2.1747477055e+00
0.0570,0.0001050,0.0000048,0.00010600,0.00000505,-4.0403958410e-03,-9.2929229140e-04,1.0243,2.1787879467e+00
0.0580,0.0001050,0.0000048,0.00010600,0.00000505,-4.0403958410e-03,-9.6969591687e-04,1.0253,2.1787879467e+00
0.0590,0.0001050,0.0000048,0.00010600,0.00000505,-4.0403958410e-03,-9.6969591687e-04,1.0263,2.1787879467e+00
0.0600,0.0001050,0.0000048,0.00010600,0.00000505,-4.0403958410e-03,-9.6969591687e-04,1.0273,2.1787879467e+00
0.0610,0.0001050,0.0000048,0.00010600,0.00000505,-4.0403958410e-03,-9.6969591687e-04,1.0283,2.1787879467e+00
0.0620,0.0001050,0.0000048,0.00010700,0.00000505,-8.0808009952e-03,-9.6969591687e-04,1.0293,2.1747477055e+00
0.0630,0.0001060,0.0000048,0.00010700,0.00000504,-4.0403958410e-03,-9.2929229140e-04,1.0303,2.1787879467e+00
0.0640,0.0001060,0.0000048,0.00010700,0.00000505,-4.0403958410e-03,-1.0100995423e-03,1.0313,2.1787879467e+00
0.0650,0.0001060,0.0000048,0.00010700,0.00000505,-4.0403958410e-03,-9.6969591687e-04,1.0323,2.1787879467e+00
0.0660,0.0001070,0.0000048,0.00010700,0.00000504,9.9999999392e-09,-9.6969591687e-04,1.0333,2.1828284264e+00
0.0670,0.0001070,0.0000048,0.00010700,0.00000504,9.9999999392e-09,-9.6969591687e-04,1.0343,2.1828284264e+00
0.0680,0.0001080,0.0000048,0.00010700,0.00000504,4.0404153988e-03,-9.2929229140e-04,1.0353,2.1868689060e+00
0.0690,0.0001080,0.0000048,0.00010800,0.00000504,9.9999999392e-09,-1.0101014050e-03,1.0363,2.1828284264e+00
0.0700,0.0001080,0.0000048,0.00010800,0.00000503,9.9999999392e-09,-8.8888866594e-04,1.0373,2.1828284264e+00
0.0710,0.0001090,0.0000048,0.00010800,0.00000503,4.0404153988e-03,-9.2929229140e-04,1.0383,2.1868689060e+00
0.0720,0.0001080,0.0000048,0.00010800,0.00000504,9.9999999392e-09,-9.6969591687e-04,1.0393,2.1828284264e+00
0.0730,0.0001090,0.0000048,0.00010800,0.00000503,4.0404153988e-03,-9.2929229140e-04,1.0403,2.1868689060e+00
0.0740,0.0001090,0.0000048,0.00010800,0.00000503,4.0404153988e-03,-9.6969772130e-04,1.0413,2.1868689060e+00
0.0750,0.0001090,0.0000048,0.00010900,0.00000504,9.9999999392e-09,-9.6969591687e-04,1.0423,2.1828284264e+00
0.0760,0.0001100,0.0000048,0.00010900,0.00000504,4.0404153988e-03,-1.0101014050e-03,1.0433,2.1868689060e+00
0.0770,0.0001100,0.0000048,0.00010900,0.00000503,4.0404153988e-03,-1.0101014050e-03,1.0443,2.1868689060e+00
0.0780,0.0001100,0.0000048,0.00010900,0.00000504,4.0404153988e-03,-1.0101014050e-03,1.0453,2.1868689060e+00
0.0790,0.0001100,0.0000048,0.00010900,0.00000503,4.0404153988e-03,-9.6969772130e-04,1.0463,2.1868689060e+00
0.0800,0.0001110,0.0000048,0.00011000,0.00000503,4.0404153988e-03,-1.0101014050e-03,1.0473,2.1868689060e+00
0.0810,0.0001110,0.0000048,0.00011000,0.00000502,4.0404153988e-03,-1.0101014050e-03,1.0483,2.1868689060e+00
0.0820,0.0001120,0.0000048,0.00011000,0.00000502,8.0808214843e-03,-1.0101014050e-03,1.0493,2.1909091473e+00
0.0830,0.0001120,0.0000048,0.00011000,0.00000502,8.0808214843e-03,-9.6969772130e-04,1.0503,2.1909091473e+00
0.0840,0.0001120,0.0000048,0.00011000,0.00000502,8.0808214843e-03,-1.0101014050e-03,1.0513,2.1909091473e+00
0.0850,0.0001120,0.0000048,0.00011100,0.00000502,4.0404153988e-03,-9.6969772130e-04,1.0523,2.1868689060e+00
0.0860,0.0001130,0.0000048,0.00011100,0.00000502,8.0808214843e-03,-9.6969772130e-04,1.0533,2.1909091473e+00
0.0870,0.0001130,0.0000048,0.00011100,0.00000502,8.0808214843e-03,-1.0101014050e-03,1.0543,2.1909091473e+00
0.0880,0.0001130,0.0000048,0.00011100,0.00000502,8.0808214843e-03,-9.6969772130e-04,1.0553,2.1909091473e+00
0.0890,0.0001130,0.0000048,0.00011200,0.00000501,4.0404153988e-03,-9.6969772130e-04,1.0563,2.1868689060e+00
0.0900,0.0001140,0.0000048,0.00011200,0.00000501,8.0808214843e-03,-9.6969772130e-04,1.0573,2.1909091473e+00
0.0910,0.0001140,0.0000048,0.00011200,0.00000501,8.0808214843e-03,-9.6969772130e-04,1.0583,2.1909091473e+00
0.0920,0.0001150,0.0000048,0.00011200,0.00000500,1.2121226639e-02,-9.2929229140e-04,1.0593,2.1949496269e+00
0.0930,0.0001140,0.0000048,0.00011200,0.00000501,8.0808214843e-03,-9.6969772130e-04,1.0603,2.1909091473e+00
0.0940,0.0001150,0.0000048,0.00011200,0.00000500,1.2121226639e-02,-9.2929229140e-04,1.0613,2.1949496269e+00
0.0950,0.0001160,0.0000048,0.00011300,0.00000501,1.2121226639e-02,-9.6969772130e-04,1.0623,2.1949496269e+00
0.0960,0.0001150,0.0000048,0.00011300,0.00000501,8.0808214843e-03,-9.6969772130e-04,1.0633,2.1909091473e+00
0.0970,0.0001160,0.0000048,0.00011300,0.00000501,1.2121226639e-02,-9.2929415405e-04,1.0643,2.1949496269e+00
0.0980,0.0001160,0.0000048,0.00011300,0.00000500,1.2121226639e-02,-9.6969591687e-04,1.0653,2.1949496269e+00
0.0990,0.0001170,0.0000048,0.00011400,0.00000500,1.2121226639e-02,-9.2929229140e-04,1.0663,2.1949496269e+00
0.1000,0.0001170,0.0000048,0.00011400,0.00000500,1.2121226639e-02,-9.2929229140e-04,1.0673,2.1949496269e+00
0.1010,0.0001170,0.0000047,0.00011400,0.00000500,1.2121226639e-02,-1.0101014050e-03,1.0683,2.1949496269e+00
0.1020,0.0001180,0.0000048,0.00011400,0.00000500,1.6161631793e-02,-9.6969591687e-04,1.0693,2.1989901066e+00
0.1030,0.0001180,0.0000048,0.00011500,0.00000500,1.2121226639e-02,-9.6969591687e-04,1.0703,2.1949496269e+00
0.1040,0.0001180,0.0000047,0.00011500,0.00000500,1.2121226639e-02,-1.0101014050e-03,1.0713,2.1949496269e+00
0.1050,0.0001180,0.0000048,0.00011500,0.00000499,1.2121226639e-02,-9.2929229140e-04,1.0723,2.1949496269e+00
0.1060,0.0001190,0.0000048,0.00011500,0.00000499,1.6161601990e-02,-9.2929229140e-04,1.0733,2.1989901066e+00
0.1070,0.0001190,0.0000047,0.00011500,0.00000499,1.6161601990e-02,-9.6969772130e-04,1.0743,2.1989901066e+00
0.1080,0.0001200,0.0000048,0.00011600,0.00000499,1.6161601990e-02,-9.2929229140e-04,1.0753,2.1989901066e+00
0.1090,0.0001200,0.0000048,0.00011600,0.00000499,1.6161601990e-02,-9.2929229140e-04,1.0763,2.1989901066e+00
0.1100,0.0001200,0.0000047,0.00011600,0.00000499,1.6161601990e-02,-9.6969772130e-04,1.0773,2.1989901066e+00
0.1110,0.0001210,0.0000048,0.00011600,0.00000499,2.0202007145e-02,-9.2929229140e-04,1.0783,2.2030303478e+00
0.1120,0.0001210,0.0000047,0.00011700,0.00000499,1.6161601990e-02,-9.6969772130e-04,1.0793,2.1989901066e+00
0.1130,0.0001210,0.0000047,0.00011700,0.00000499,1.6161601990e-02,-1.0101014050e-03,1.0803,2.1989901066e+00
0.1140,0.0001220,0.0000047,0.00011700,0.00000498,2.0202007145e-02,-9.6969772130e-04,1.0813,2.2030303478e+00
0.1150,0.0001220,0.0000047,0.00011700,0.00000498,2.0202007145e-02,-9.6969772130e-04,1.0823,2.2030303478e+00
0.1160,0.0001210,0.0000047,0.00011800,0.00000498,1.2121196836e-02,-1.0101014050e-03,1.0833,2.1949496269e+00
0.1170,0.0001230,0.0000047,0.00011800,0.00000498,2.0202036947e-02,-9.6969772130e-04,1.0843,2.2030303478e+00
0.1180,0.0001230,0.0000047,0.00011800,0.00000497,2.0202036947e-02,-9.2929415405e-04,1.0853,2.2030303478e+00
0.1190,0.0001240,0.0000047,0.00011800,0.00000497,2.4242412299e-02,-1.0101014050e-03,1.0863,2.2070708275e+00
0.1200,0.0001230,0.0000047,0.00011900,0.00000497,1.6161659732e-02,-9.6969772130e-04,1.0873,2.1989901066e+00
0.1210,0.0001240,0.0000047,0.00011900,0.00000497,2.0202036947e-02,-1.0101014050e-03,1.0883,2.2030303478e+00
0.1220,0.0001240,0.0000047,0.00011900,0.00000497,2.0202036947e-02,-9.6969772130e-04,1.0893,2.2030303478e+00
0.1230,0.0001250,0.0000047,0.00011900,0.00000498,2.4242471904e-02,-1.0505049722e-03,1.0903,2.2070708275e+00
0.1240,0.0001240,0.0000047,0.00012000,0.00000497,1.6161631793e-02,-1.0101014050e-03,1.0913,2.1989901066e+00
0.1250,0.0001260,0.0000047,0.00012000,0.00000497,2.4242442101e-02,-1.0101014050e-03,1.0923,2.2070708275e+00
0.1260,0.0001260,0.0000047,0.00012000,0.00000497,2.4242442101e-02,-1.0505049722e-03,1.0933,2.2070708275e+00
0.1270,0.0001260,0.0000047,0.00012000,0.00000496,2.4242442101e-02,-9.2929229140e-04,1.0943,2.2070708275e+00
0.1280,0.0001270,0.0000047,0.00012100,0.00000496,2.4242471904e-02,-9.6969591687e-04,1.0953,2.2070708275e+00
0.1290,0.0001260,0.0000047,0.00012100,0.00000496,2.0202036947e-02,-1.0100995423e-03,1.0963,2.2030303478e+00
0.1300,0.0001270,0.0000047,0.00012100,0.00000496,2.4242471904e-02,-9.6969591687e-04,1.0973,2.2070708275e+00
0.1310,0.0001280,0.0000047,0.00012200,0.00000495,2.4242442101e-02,-9.6969591687e-04,1.0983,2.2070708275e+00
0.1320,0.0001280,0.0000047,0.00012200,0.00000496,2.4242442101e-02,-1.0505049722e-03,1.0993,2.2070708275e+00
0.1330,0.0001290,0.0000047,0.00012200,0.00000496,2.8282817453e-02,-1.0100995423e-03,1.1003,2.2111113071e+00
0.1340,0.0001290,0.0000047,0.00012300,0.00000496,2.4242382497e-02,-1.0505049722e-03,1.1013,2.2070708275e+00
0.1350,0.0001290,0.0000047,0.00012300,0.00000495,2.4242382497e-02,-9.2929229140e-04,1.1023,2.2070708275e+00
0.1360,0.0001300,0.0000047,0.00012300,0.00000496,2.8282817453e-02,-1.0100995423e-03,1.1033,2.2111113071e+00
0.1370,0.0001300,0.0000047,0.00012400,0.00000495,2.4242442101e-02,-9.6969591687e-04,1.1043,2.2070708275e+00
0.1380,0.0001300,0.0000047,0.00012400,0.00000495,2.4242442101e-02,-9.2929229140e-04,1.1053,2.2070708275e+00
0.1390,0.0001310,0.0000047,0.00012400,0.00000494,2.8282817453e-02,-9.6969772130e-04,1.1063,2.2111113071e+00
0.1400,0.0001310,0.0000047,0.00012500,0.00000495,2.4242382497e-02,-1.0101014050e-03,1.1073,2.2070708275e+00
0.1410,0.0001320,0.0000047,0.00012500,0.00000494,2.8282817453e-02,-8.8888866594e-04,1.1083,2.2111113071e+00
0.1420,0.0001330,0.0000047,0.00012500,0.00000495,3.2323196530e-02,-1.0101014050e-03,1.1093,2.2151515484e+00
0.1430,0.0001330,0.0000047,0.00012600,0.00000494,2.8282817453e-02,-9.2929229140e-04,1.1103,2.2111113071e+00
0.1440,0.0001330,0.0000047,0.00012600,0.00000494,2.8282817453e-02,-9.6969772130e-04,1.1113,2.2111113071e+00
0.1450,0.0001340,0.0000047,0.00012700,0.00000494,2.8282817453e-02,-9.2929229140e-04,1.1123,2.2111113071e+00
0.1460,0.0001340,0.0000047,0.00012700,0.00000494,2.8282817453e-02,-1.0101014050e-03,1.1133,2.2111113071e+00
0.1470,0.0001350,0.0000047,0.00012700,0.00000494,3.2323196530e-02,-1.0101014050e-03,1.1143,2.2151515484e+00
0.1480,0.0001350,0.0000047,0.00012700,0.00000493,3.2323196530e-02,-9.2929415405e-04,1.1153,2.2151515484e+00
0.1490,0.0001360,0.0000047,0.00012800,0.00000494,3.2323256135e-02,-1.0101014050e-03,1.1163,2.2151517868e+00
0.1500,0.0001360,0.0000047,0.00012800,0.00000493,3.2323256135e-02,-9.2929415405e-04,1.1173,2.2151517868e+00
0.1510,0.0001370,0.0000047,0.00012900,0.00000493,3.2323256135e-02,-9.6969772130e-04,1.1183,2.2151517868e+00
0.1520,0.0001370,0.0000047,0.00012900,0.00000493,3.2323256135e-02,-9.2929415405e-04,1.1193,2.2151517868e+00
0.1530,0.0001380,0.0000047,0.00012900,0.00000492,3.6363691092e-02,-9.6969591687e-04,1.1203,2.2191920280e+00
0.1540,0.0001380,0.0000047,0.00013000,0.00000492,3.2323256135e-02,-8.8888866594e-04,1.1213,2.2151517868e+00
0.1550,0.0001380,0.0000047,0.00013000,0.00000492,3.2323256135e-02,-9.2929229140e-04,1.1223,2.2151517868e+00
0.1560,0.0001390,0.0000047,0.00013100,0.00000492,3.2323256135e-02,-9.2929229140e-04,1.1233,2.2151517868e+00
0.1570,0.0001400,0.0000047,0.00013100,0.00000491,3.6363691092e-02,-8.8888866594e-04,1.1243,2.2191920280e+00
0.1580,0.0001410,0.0000047,0.00013100,0.00000492,4.0404066443e-02,-9.6969591687e-04,1.1253,2.2232325077e+00
0.1590,0.0001400,0.0000047,0.00013200,0.00000491,3.2323256135e-02,-9.6969591687e-04,1.1263,2.2151517868e+00
0.1600,0.0001420,0.0000047,0.00013200,0.00000491,4.0404066443e-02,-9.2929229140e-04,1.1273,2.2232325077e+00
0.1610,0.0001410,0.0000047,0.00013300,0.00000492,3.2323256135e-02,-1.0100995423e-03,1.1283,2.2151517868e+00
0.1620,0.0001430,0.0000047,0.00013300,0.00000491,4.0404066443e-02,-9.6969591687e-04,1.1293,2.2232325077e+00
0.1630,0.0001430,0.0000047,0.00013300,0.00000491,4.0404066443e-02,-9.6969591687e-04,1.1303,2.2232325077e+00
0.1640,0.0001440,0.0000047,0.00013400,0.00000492,4.0404066443e-02,-1.0100995423e-03,1.1313,2.2232325077e+00
0.1650,0.0001440,0.0000047,0.00013400,0.00000491,4.0404066443e-02,-9.6969591687e-04,1.1323,2.2232325077e+00
0.1660,0.0001450,0.0000046,0.00013500,0.00000492,4.0404066443e-02,-1.0909085395e-03,1.1333,2.2232325077e+00
0.1670,0.0001450,0.0000047,0.00013500,0.00000491,4.0404066443e-02,-1.0101014050e-03,1.1343,2.2232325077e+00
0.1680,0.0001460,0.0000047,0.00013600,0.00000491,4.0404066443e-02,-1.0101014050e-03,1.1353,2.2232325077e+00
0.1690,0.0001460,0.0000046,0.00013600,0.00000491,4.0404066443e-02,-1.0505049722e-03,1.1363,2.2232325077e+00
0.1700,0.0001470,0.0000046,0.00013600,0.00000490,4.4444441795e-02,-1.0101014050e-03,1.1373,2.2272729874e+00
0.1710,0.0001480,0.0000046,0.00013700,0.00000490,4.4444501400e-02,-1.0101014050e-03,1.1383,2.2272729874e+00
0.1720,0.0001480,0.0000046,0.00013800,0.00000490,4.0404066443e-02,-1.0101014050e-03,1.1393,2.2232325077e+00
0.1730,0.0001490,0.0000046,0.00013800,0.00000490,4.4444441795e-02,-1.0101014050e-03,1.1403,2.2272729874e+00
0.1740,0.0001500,0.0000046,0.00013800,0.00000489,4.8484876752e-02,-1.0101014050e-03,1.1413,2.2313132286e+00
0.1750,0.0001500,0.0000046,0.00013900,0.00000489,4.4444501400e-02,-1.0101014050e-03,1.1423,2.2272729874e+00
0.1760,0.0001510,0.0000046,0.00013900,0.00000489,4.8484876752e-02,-9.6969772130e-04,1.1433,2.2313132286e+00
0.1770,0.0001520,0.0000046,0.00014000,0.00000488,4.8484817147e-02,-9.6969591687e-04,1.1443,2.2313132286e+00
0.1780,0.0001520,0.0000046,0.00014000,0.00000489,4.8484817147e-02,-1.0101014050e-03,1.1453,2.2313132286e+00
0.1790,0.0001530,0.0000046,0.00014100,0.00000489,4.8484876752e-02,-9.6969772130e-04,1.1463,2.2313132286e+00
0.1800,0.0001530,0.0000046,0.00014100,0.00000488,4.8484876752e-02,-9.6969591687e-04,1.1473,2.2313132286e+00
0.1810,0.0001540,0.0000046,0.00014200,0.00000488,4.8484817147e-02,-9.6969591687e-04,1.1483,2.2313132286e+00
0.1820,0.0001550,0.0000046,0.00014200,0.00000488,5.2525252104e-02,-9.6969591687e-04,1.1493,2.2353537083e+00
0.1830,0.0001550,0.0000046,0.00014300,0.00000488,4.8484876752e-02,-9.6969591687e-04,1.1503,2.2313132286e+00
0.1840,0.0001560,0.0000046,0.00014300,0.00000487,5.2525252104e-02,-9.2929229140e-04,1.1513,2.2353537083e+00
0.1850,0.0001560,0.0000046,0.00014400,0.00000487,4.8484817147e-02,-9.6969591687e-04,1.1523,2.2313132286e+00
0.1860,0.0001580,0.0000046,0.00014400,0.00000486,5.6565627456e-02,-8.8888866594e-04,1.1533,2.2393939495e+00
0.1870,0.0001580,0.0000046,0.00014500,0.00000487,5.2525252104e-02,-1.0101014050e-03,1.1543,2.2353537083e+00
0.1880,0.0001590,0.0000046,0.00014600,0.00000487,5.2525252104e-02,-9.6969591687e-04,1.1553,2.2353537083e+00
0.1890,0.0001600,0.0000046,0.00014600,0.00000486,5.6565627456e-02,-9.2929229140e-04,1.1563,2.2393939495e+00
0.1900,0.0001610,0.0000046,0.00014700,0.00000486,5.6565687060e-02,-9.6969772130e-04,1.1573,2.2393941879e+00
0.1910,0.0001610,0.0000046,0.00014800,0.00000486,5.2525252104e-02,-9.6969772130e-04,1.1583,2.2353537083e+00
0.1920,0.0001620,0.0000046,0.00014800,0.00000485,5.6565627456e-02,-9.2929415405e-04,1.1593,2.2393939495e+00
0.1930,0.0001630,0.0000046,0.00014900,0.00000486,5.6565687060e-02,-9.6969772130e-04,1.1603,2.2393941879e+00
0.1940,0.0001640,0.0000046,0.00014900,0.00000486,6.0606062412e-02,-9.6969772130e-04,1.1613,2.2434344292e+00
0.1950,0.0001650,0.0000046,0.00015000,0.00000485,6.0606062412e-02,-9.2929415405e-04,1.1623,2.2434344292e+00
0.1960,0.0001660,0.0000046,0.00015100,0.00000485,6.0606062412e-02,-9.2929415405e-04,1.1633,2.2434344292e+00
0.1970,0.0001660,0.0000046,0.00015100,0.00000486,6.0606062412e-02,-9.6969772130e-04,1.1643,2.2434344292e+00
0.1980,0.0001670,0.0000046,0.00015200,0.00000486,6.0606122017e-02,-9.6969772130e-04,1.1653,2.2434344292e+00
0.1990,0.0001690,0.0000046,0.00015300,0.00000484,6.4646497369e-02,-8.8889052859e-04,1.1663,2.2474749088e+00
