Potential,Disk-O2,Ring-O2,Disk-N2,Ring-N2,Disk-Density,Ring-Density,Potential_RHE,ABS
-0.9000,-0.0014900,0.0000500,-0.00035600,0.00001570,-4.5818181038e+00,1.3858585060e-01,0.0673,2.3410100937e+00
-0.8990,-0.0013900,0.0000498,-0.00031500,0.00001550,-4.3434343338e+00,1.3858585060e-01,0.0683,2.1026263237e+00
-0.8980,-0.0013500,0.0000497,-0.00027900,0.00001530,-4.3272728920e+00,1.3898989558e-01,0.0693,2.0864648819e+00
-0.8970,-0.0013100,0.0000496,-0.00024700,0.00001510,-4.2949490547e+00,1.3939394057e-01,0.0703,2.0541410446e+00
-0.8960,-0.0012800,0.0000496,-0.00021900,0.00001490,-4.2868685722e+00,1.4020201564e-01,0.0713,2.0460605621e+00
-0.8950,-0.0012600,0.0000495,-0.00019400,0.00001480,-4.3070712090e+00,1.4020201564e-01,0.0723,2.0662631989e+00
-0.8940,-0.0012400,0.0000494,-0.00017200,0.00001470,-4.3151516914e+00,1.4020203054e-01,0.0733,2.0743436813e+00
-0.8930,-0.0012200,0.0000492,-0.00015200,0.00001450,-4.3151516914e+00,1.4020201564e-01,0.0743,2.0743436813e+00
-0.8920,-0.0012100,0.0000490,-0.00013400,0.00001440,-4.3474750519e+00,1.3979797065e-01,0.0753,2.1066670418e+00
-0.8910,-0.0012000,0.0000489,-0.00011800,0.00001430,-4.3717174530e+00,1.3979798555e-01,0.0763,2.1309094429e+00
-0.8900,-0.0011800,0.0000487,-0.00010300,0.00001420,-4.3515152931e+00,1.3939394057e-01,0.0773,2.1107072830e+00
-0.8890,-0.0011700,0.0000487,-0.00008980,0.00001410,-4.3644442558e+00,1.3979798555e-01,0.0783,2.1236362457e+00
-0.8880,-0.0011600,0.0000485,-0.00007780,0.00001400,-4.3725252151e+00,1.3939392567e-01,0.0793,2.1317172050e+00
-0.8870,-0.0011600,0.0000483,-0.00006690,0.00001390,-4.4165654182e+00,1.3898989558e-01,0.0803,2.1757574081e+00
-0.8860,-0.0011500,0.0000484,-0.00005680,0.00001380,-4.4169697762e+00,1.3979798555e-01,0.0813,2.1761617661e+00
-0.8850,-0.0011400,0.0000482,-0.00004780,0.00001370,-4.4129290581e+00,1.3939394057e-01,0.0823,2.1721210480e+00
-0.8840,-0.0011400,0.0000480,-0.00003940,0.00001360,-4.4468688965e+00,1.3898989558e-01,0.0833,2.2060608864e+00
-0.8830,-0.0011300,0.0000479,-0.00003180,0.00001350,-4.4371714592e+00,1.3898989558e-01,0.0843,2.1963634491e+00
-0.8820,-0.0011300,0.0000478,-0.00002480,0.00001340,-4.4654545784e+00,1.3898989558e-01,0.0853,2.2246465683e+00
-0.8810,-0.0011200,0.0000477,-0.00001820,0.00001330,-4.4517173767e+00,1.3898989558e-01,0.0863,2.2109093666e+00
-0.8800,-0.0011200,0.0000476,-0.00001230,0.00001330,-4.4755558968e+00,1.3858585060e-01,0.0873,2.2347478867e+00
-0.8790,-0.0011200,0.0000476,-0.00000678,0.00001320,-4.4978585243e+00,1.3898989558e-01,0.0883,2.2570505142e+00
-0.8780,-0.0011100,0.0000475,-0.00000169,0.00001310,-4.4780201912e+00,1.3898989558e-01,0.0893,2.2372121811e+00
-0.8770,-0.0011100,0.0000472,0.00000306,0.00001310,-4.4972119331e+00,1.3777777553e-01,0.0903,2.2564039230e+00
-0.8760,-0.0011100,0.0000472,0.00000743,0.00001300,-4.5148682594e+00,1.3818180561e-01,0.0913,2.2740602493e+00
-0.8750,-0.0011000,0.0000471,0.00001130,0.00001290,-4.4901008606e+00,1.3818180561e-01,0.0923,2.2492928505e+00
-0.8740,-0.0011000,0.0000470,0.00001510,0.00001290,-4.5054545403e+00,1.3777779043e-01,0.0933,2.2646465302e+00
-0.8730,-0.0011000,0.0000469,0.00001860,0.00001280,-4.5195960999e+00,1.3777779043e-01,0.0943,2.2787880898e+00
-0.8720,-0.0010900,0.0000469,0.00002180,0.00001280,-4.4921216965e+00,1.3777779043e-01,0.0953,2.2513136864e+00
-0.8710,-0.0010900,0.0000467,0.00002480,0.00001270,-4.5042424202e+00,1.3737373054e-01,0.0963,2.2634344101e+00
-0.8700,-0.0010900,0.0000467,0.00002780,0.00001270,-4.5163636208e+00,1.3737373054e-01,0.0973,2.2755556107e+00
-0.8690,-0.0010900,0.0000466,0.00003040,0.00001260,-4.5268688202e+00,1.3737373054e-01,0.0983,2.2860608101e+00
-0.8680,-0.0010900,0.0000466,0.00003280,0.00001250,-4.5365657806e+00,1.3777777553e-01,0.0993,2.2957577705e+00
-0.8670,-0.0010800,0.0000465,0.00003520,0.00001250,-4.5058584213e+00,1.3737374544e-01,0.1003,2.2650504112e+00
-0.8660,-0.0010800,0.0000464,0.00003720,0.00001240,-4.5139393806e+00,1.3737374544e-01,0.1013,2.2731313705e+00
-0.8650,-0.0010800,0.0000464,0.00003920,0.00001240,-4.5220198631e+00,1.3737374544e-01,0.1023,2.2812118530e+00
-0.8640,-0.0010700,0.0000463,0.00004130,0.00001230,-4.4901008606e+00,1.3737374544e-01,0.1033,2.2492928505e+00
-0.8630,-0.0010800,0.0000461,0.00004310,0.00001230,-4.5377774239e+00,1.3656567037e-01,0.1043,2.2969694138e+00
-0.8620,-0.0010800,0.0000462,0.00004480,0.00001220,-4.5446462631e+00,1.3737373054e-01,0.1053,2.3038382530e+00
-0.8610,-0.0010700,0.0000460,0.00004640,0.00001220,-4.5107069016e+00,1.3656567037e-01,0.1063,2.2698988914e+00
-0.8600,-0.0010700,0.0000460,0.00004810,0.00001210,-4.5175757408e+00,1.3696970046e-01,0.1073,2.2767677307e+00
-0.8590,-0.0010700,0.0000459,0.00004950,0.00001210,-4.5232324600e+00,1.3656565547e-01,0.1083,2.2824244499e+00
-0.8580,-0.0010700,0.0000458,0.00005100,0.00001210,-4.5292930603e+00,1.3616161048e-01,0.1093,2.2884850502e+00
-0.8570,-0.0010700,0.0000457,0.00005240,0.00001200,-4.5349497795e+00,1.3616161048e-01,0.1103,2.2941417694e+00
-0.8560,-0.0010700,0.0000457,0.00005360,0.00001200,-4.5397977829e+00,1.3616161048e-01,0.1113,2.2989897728e+00
-0.8550,-0.0010600,0.0000455,0.00005470,0.00001190,-4.5038385391e+00,1.3575758040e-01,0.1123,2.2630305290e+00
-0.8540,-0.0010600,0.0000455,0.00005590,0.00001190,-4.5086870193e+00,1.3575758040e-01,0.1133,2.2678790092e+00
-0.8530,-0.0010600,0.0000455,0.00005710,0.00001190,-4.5135354996e+00,1.3575758040e-01,0.1143,2.2727274895e+00
-0.8520,-0.0010600,0.0000454,0.00005810,0.00001180,-4.5175757408e+00,1.3575758040e-01,0.1153,2.2767677307e+00
-0.8510,-0.0010600,0.0000454,0.00005920,0.00001180,-4.5220203400e+00,1.3575758040e-01,0.1163,2.2812123299e+00
-0.8500,-0.0010600,0.0000454,0.00006010,0.00001180,-4.5256567001e+00,1.3575758040e-01,0.1173,2.2848486900e+00
-0.8490,-0.0010600,0.0000451,0.00006100,0.00001170,-4.5292930603e+00,1.3494949043e-01,0.1183,2.2884850502e+00
-0.8480,-0.0010600,0.0000452,0.00006190,0.00001170,-4.5329294205e+00,1.3535353541e-01,0.1193,2.2921214104e+00
-0.8470,-0.0010600,0.0000452,0.00006280,0.00001170,-4.5365657806e+00,1.3535353541e-01,0.1203,2.2957577705e+00
-0.8460,-0.0010600,0.0000451,0.00006360,0.00001160,-4.5397982597e+00,1.3535353541e-01,0.1213,2.2989902496e+00
-0.8450,-0.0010600,0.0000451,0.00006440,0.00001160,-4.5430307388e+00,1.3535353541e-01,0.1223,2.3022227287e+00
-0.8440,-0.0010500,0.0000450,0.00006520,0.00001160,-4.5058584213e+00,1.3494949043e-01,0.1233,2.2650504112e+00
-0.8430,-0.0010600,0.0000450,0.00006580,0.00001150,-4.5486869812e+00,1.3535353541e-01,0.1243,2.3078789711e+00
-0.8420,-0.0010500,0.0000448,0.00006650,0.00001150,-4.5111112595e+00,1.3454544544e-01,0.1253,2.2703032494e+00
-0.8410,-0.0010500,0.0000450,0.00006720,0.00001150,-4.5139393806e+00,1.3535353541e-01,0.1263,2.2731313705e+00
-0.8400,-0.0010600,0.0000448,0.00006770,0.00001140,-4.5563640594e+00,1.3494949043e-01,0.1273,2.3155560493e+00
-0.8390,-0.0010500,0.0000447,0.00006840,0.00001140,-4.5187873840e+00,1.3454544544e-01,0.1283,2.2779793739e+00
-0.8380,-0.0010500,0.0000448,0.00006900,0.00001140,-4.5212116241e+00,1.3494949043e-01,0.1293,2.2804036140e+00
-0.8370,-0.0010500,0.0000446,0.00006960,0.00001130,-4.5236358643e+00,1.3454546034e-01,0.1303,2.2828278542e+00
-0.8360,-0.0010500,0.0000447,0.00007030,0.00001130,-4.5264644623e+00,1.3494949043e-01,0.1313,2.2856564522e+00
-0.8350,-0.0010500,0.0000446,0.00007080,0.00001130,-4.5284843445e+00,1.3454546034e-01,0.1323,2.2876763344e+00
-0.8340,-0.0010500,0.0000445,0.00007130,0.00001120,-4.5305047035e+00,1.3454544544e-01,0.1333,2.2896966934e+00
-0.8330,-0.0010500,0.0000446,0.00007180,0.00001120,-4.5325250626e+00,1.3494949043e-01,0.1343,2.2917170525e+00
-0.8320,-0.0010400,0.0000444,0.00007230,0.00001120,-4.4941411018e+00,1.3414140046e-01,0.1353,2.2533330917e+00
-0.8310,-0.0010500,0.0000444,0.00007280,0.00001120,-4.5365653038e+00,1.3414140046e-01,0.1363,2.2957572937e+00
-0.8300,-0.0010500,0.0000444,0.00007320,0.00001120,-4.5381817818e+00,1.3414140046e-01,0.1373,2.2973737717e+00
-0.8290,-0.0010500,0.0000443,0.00007370,0.00001110,-4.5402016640e+00,1.3414140046e-01,0.1383,2.2993936539e+00
-0.8280,-0.0010500,0.0000443,0.00007420,0.00001110,-4.5422220230e+00,1.3414140046e-01,0.1393,2.3014140129e+00
-0.8270,-0.0010400,0.0000442,0.00007460,0.00001110,-4.5034341812e+00,1.3373737037e-01,0.1403,2.2626261711e+00
-0.8260,-0.0010500,0.0000442,0.00007520,0.00001100,-4.5462622643e+00,1.3414140046e-01,0.1413,2.3054542542e+00
-0.8250,-0.0010400,0.0000442,0.00007560,0.00001100,-4.5074748993e+00,1.3414140046e-01,0.1423,2.2666668892e+00
-0.8240,-0.0010400,0.0000441,0.00007600,0.00001100,-4.5090909004e+00,1.3373738527e-01,0.1433,2.2682828903e+00
-0.8230,-0.0010400,0.0000441,0.00007630,0.00001100,-4.5103030205e+00,1.3373738527e-01,0.1443,2.2694950104e+00
-0.8220,-0.0010400,0.0000441,0.00007680,0.00001100,-4.5123233795e+00,1.3373738527e-01,0.1453,2.2715153694e+00
-0.8210,-0.0010400,0.0000440,0.00007710,0.00001090,-4.5135354996e+00,1.3373738527e-01,0.1463,2.2727274895e+00
-0.8200,-0.0010400,0.0000440,0.00007760,0.00001090,-4.5155553818e+00,1.3373738527e-01,0.1473,2.2747473717e+00
-0.8190,-0.0010400,0.0000439,0.00007850,0.00001090,-4.5191922188e+00,1.3333334029e-01,0.1483,2.2783842087e+00
-0.8180,-0.0010400,0.0000439,0.00007880,0.00001090,-4.5204043388e+00,1.3333334029e-01,0.1493,2.2795963287e+00
-0.8170,-0.0010400,0.0000439,0.00007890,0.00001080,-4.5208082199e+00,1.3373737037e-01,0.1503,2.2800002098e+00
-0.8160,-0.0010400,0.0000438,0.00007910,0.00001080,-4.5216164589e+00,1.3333332539e-01,0.1513,2.2808084488e+00
-0.8150,-0.0010400,0.0000439,0.00007940,0.00001080,-4.5228285789e+00,1.3373737037e-01,0.1523,2.2820205688e+00
-0.8140,-0.0010400,0.0000438,0.00007960,0.00001080,-4.5236363411e+00,1.3333332539e-01,0.1533,2.2828283310e+00
-0.8130,-0.0010400,0.0000437,0.00007990,0.00001080,-4.5248484612e+00,1.3292931020e-01,0.1543,2.2840404510e+00
-0.8120,-0.0010400,0.0000438,0.00008020,0.00001080,-4.5260605812e+00,1.3333332539e-01,0.1553,2.2852525711e+00
-0.8110,-0.0010300,0.0000436,0.00008030,0.00001070,-4.4860610962e+00,1.3292931020e-01,0.1563,2.2452530861e+00
-0.8100,-0.0010400,0.0000436,0.00008060,0.00001070,-4.5276770592e+00,1.3292931020e-01,0.1573,2.2868690491e+00
-0.8090,-0.0010300,0.0000437,0.00008080,0.00001070,-4.4880809784e+00,1.3333335519e-01,0.1583,2.2472729683e+00
-0.8080,-0.0010300,0.0000434,0.00008110,0.00001070,-4.4892930984e+00,1.3212122023e-01,0.1593,2.2484850883e+00
-0.8070,-0.0010400,0.0000435,0.00008140,0.00001070,-4.5309090614e+00,1.3252526522e-01,0.1603,2.2901010513e+00
-0.8060,-0.0010300,0.0000436,0.00008170,0.00001060,-4.4917173386e+00,1.3333334029e-01,0.1613,2.2509093285e+00
-0.8050,-0.0010300,0.0000434,0.00008180,0.00001060,-4.4921216965e+00,1.3252525032e-01,0.1623,2.2513136864e+00
-0.8040,-0.0010400,0.0000435,0.00008210,0.00001060,-4.5337376595e+00,1.3292929530e-01,0.1633,2.2929296494e+00
-0.8030,-0.0010300,0.0000434,0.00008230,0.00001060,-4.4941415787e+00,1.3252525032e-01,0.1643,2.2533335686e+00
-0.8020,-0.0010300,0.0000434,0.00008250,0.00001060,-4.4949498177e+00,1.3252525032e-01,0.1653,2.2541418076e+00
-0.8010,-0.0010400,0.0000434,0.00008280,0.00001060,-4.5365657806e+00,1.3252525032e-01,0.1663,2.2957577705e+00
-0.8000,-0.0010300,0.0000433,0.00008310,0.00001050,-4.4973740578e+00,1.3252525032e-01,0.1673,2.2565660477e+00
-0.7990,-0.0010400,0.0000433,0.00008330,0.00001050,-4.5385861397e+00,1.3252525032e-01,0.1683,2.2977781296e+00
-0.7980,-0.0010300,0.0000432,0.00008350,0.00001050,-4.4989905357e+00,1.3212122023e-01,0.1693,2.2581825256e+00
-0.7970,-0.0010300,0.0000432,0.00008370,0.00001050,-4.4997978210e+00,1.3212122023e-01,0.1703,2.2589898109e+00
-0.7960,-0.0010300,0.0000432,0.00008400,0.00001050,-4.5010104179e+00,1.3212122023e-01,0.1713,2.2602024078e+00
-0.7950,-0.0010300,0.0000431,0.00008430,0.00001040,-4.5022220612e+00,1.3212122023e-01,0.1723,2.2614140511e+00
-0.7940,-0.0010300,0.0000431,0.00008460,0.00001040,-4.5034341812e+00,1.3212122023e-01,0.1733,2.2626261711e+00
-0.7930,-0.0010300,0.0000432,0.00008480,0.00001040,-4.5042424202e+00,1.3252526522e-01,0.1743,2.2634344101e+00
-0.7920,-0.0010300,0.0000430,0.00008490,0.00001040,-4.5046463013e+00,1.3171717525e-01,0.1753,2.2638382912e+00
-0.7910,-0.0010300,0.0000431,0.00008520,0.00001040,-4.5058584213e+00,1.3212122023e-01,0.1763,2.2650504112e+00
-0.7900,-0.0010300,0.0000431,0.00008540,0.00001040,-4.5066666603e+00,1.3212122023e-01,0.1773,2.2658586502e+00
-0.7890,-0.0010300,0.0000430,0.00008550,0.00001030,-4.5070705414e+00,1.3212122023e-01,0.1783,2.2662625313e+00
-0.7880,-0.0010300,0.0000430,0.00008570,0.00001030,-4.5078787804e+00,1.3212122023e-01,0.1793,2.2670707703e+00
-0.7870,-0.0010300,0.0000430,0.00008600,0.00001030,-4.5090909004e+00,1.3212122023e-01,0.1803,2.2682828903e+00
-0.7860,-0.0010300,0.0000430,0.00008610,0.00001030,-4.5094947815e+00,1.3212122023e-01,0.1813,2.2686867714e+00
-0.7850,-0.0010200,0.0000429,0.00008630,0.00001030,-4.4698987007e+00,1.3171717525e-01,0.1823,2.2290906906e+00
-0.7840,-0.0010300,0.0000429,0.00008650,0.00001030,-4.5111112595e+00,1.3171717525e-01,0.1833,2.2703032494e+00
-0.7830,-0.0010300,0.0000428,0.00008670,0.00001030,-4.5119190216e+00,1.3131313026e-01,0.1843,2.2711110115e+00
-0.7820,-0.0010300,0.0000428,0.00008680,0.00001030,-4.5123233795e+00,1.3131313026e-01,0.1853,2.2715153694e+00
-0.7810,-0.0010300,0.0000428,0.00008710,0.00001020,-4.5135354996e+00,1.3171716034e-01,0.1863,2.2727274895e+00
-0.7800,-0.0010300,0.0000427,0.00008730,0.00001020,-4.5143432617e+00,1.3131313026e-01,0.1873,2.2735352516e+00
-0.7790,-0.0010300,0.0000427,0.00008730,0.00001020,-4.5143432617e+00,1.3131313026e-01,0.1883,2.2735352516e+00
-0.7780,-0.0010200,0.0000427,0.00008740,0.00001020,-4.4743432999e+00,1.3131313026e-01,0.1893,2.2335352898e+00
-0.7770,-0.0010200,0.0000427,0.00008760,0.00001020,-4.4751510620e+00,1.3131313026e-01,0.1903,2.2343430519e+00
-0.7760,-0.0010200,0.0000426,0.00008770,0.00001020,-4.4755554199e+00,1.3090908527e-01,0.1913,2.2347474098e+00
-0.7750,-0.0010200,0.0000427,0.00008790,0.00001020,-4.4763631821e+00,1.3131313026e-01,0.1923,2.2355551720e+00
-0.7740,-0.0010200,0.0000426,0.00008820,0.00001020,-4.4775753021e+00,1.3090908527e-01,0.1933,2.2367672920e+00
-0.7730,-0.0010200,0.0000425,0.00008820,0.00001020,-4.4775753021e+00,1.3050504029e-01,0.1943,2.2367672920e+00
-0.7720,-0.0010300,0.0000426,0.00008840,0.00001010,-4.5187878609e+00,1.3131313026e-01,0.1953,2.2779798508e+00
-0.7710,-0.0010200,0.0000426,0.00008860,0.00001010,-4.4791917801e+00,1.3131313026e-01,0.1963,2.2383837700e+00
-0.7700,-0.0010200,0.0000425,0.00008860,0.00001010,-4.4791917801e+00,1.3090908527e-01,0.1973,2.2383837700e+00
-0.7690,-0.0010200,0.0000425,0.00008880,0.00001010,-4.4800000191e+00,1.3090908527e-01,0.1983,2.2391920090e+00
-0.7680,-0.0010200,0.0000425,0.00008900,0.00001010,-4.4808077812e+00,1.3090908527e-01,0.1993,2.2399997711e+00
-0.7670,-0.0010200,0.0000425,0.00008920,0.00001010,-4.4816160202e+00,1.3090908527e-01,0.2003,2.2408080101e+00
-0.7660,-0.0010200,0.0000424,0.00008930,0.00001010,-4.4820199013e+00,1.3050504029e-01,0.2013,2.2412118912e+00
-0.7650,-0.0010300,0.0000425,0.00008940,0.00001010,-4.5228285789e+00,1.3090908527e-01,0.2023,2.2820205688e+00
-0.7640,-0.0010200,0.0000424,0.00008950,0.00001010,-4.4828281403e+00,1.3050504029e-01,0.2033,2.2420201302e+00
-0.7630,-0.0010200,0.0000425,0.00008960,0.00001010,-4.4832320213e+00,1.3090908527e-01,0.2043,2.2424240112e+00
-0.7620,-0.0010200,0.0000424,0.00008980,0.00001000,-4.4840402603e+00,1.3090908527e-01,0.2053,2.2432322502e+00
-0.7610,-0.0010200,0.0000424,0.00009000,0.00001000,-4.4848484993e+00,1.3090908527e-01,0.2063,2.2440404892e+00
-0.7600,-0.0010200,0.0000424,0.00009000,0.00001000,-4.4848484993e+00,1.3090908527e-01,0.2073,2.2440404892e+00
-0.7590,-0.0010200,0.0000423,0.00009010,0.00001000,-4.4852523804e+00,1.3050504029e-01,0.2083,2.2444443703e+00
-0.7580,-0.0010200,0.0000424,0.00009030,0.00000999,-4.4860606194e+00,1.3094949722e-01,0.2093,2.2452526093e+00
-0.7570,-0.0010200,0.0000423,0.00009040,0.00000997,-4.4864645004e+00,1.3062624633e-01,0.2103,2.2456564903e+00
-0.7560,-0.0010200,0.0000422,0.00009050,0.00000997,-4.4868683815e+00,1.3022221625e-01,0.2113,2.2460603714e+00
-0.7550,-0.0010200,0.0000422,0.00009060,0.00000996,-4.4872727394e+00,1.3026262820e-01,0.2123,2.2464647293e+00
-0.7540,-0.0010100,0.0000423,0.00009070,0.00000995,-4.4472727776e+00,1.3070707023e-01,0.2133,2.2064647675e+00
-0.7530,-0.0010200,0.0000422,0.00009070,0.00000995,-4.4876766205e+00,1.3030304015e-01,0.2143,2.2468686104e+00
-0.7520,-0.0010200,0.0000422,0.00009090,0.00000993,-4.4884848595e+00,1.3038383424e-01,0.2153,2.2476768494e+00
-0.7510,-0.0010200,0.0000422,0.00009100,0.00000993,-4.4888887405e+00,1.3038383424e-01,0.2163,2.2480807304e+00
-0.7500,-0.0010200,0.0000422,0.00009100,0.00000992,-4.4888887405e+00,1.3042424619e-01,0.2173,2.2480807304e+00
-0.7490,-0.0010200,0.0000422,0.00009130,0.00000990,-4.4901008606e+00,1.3050505519e-01,0.2183,2.2492928505e+00
-0.7480,-0.0010100,0.0000421,0.00009140,0.00000989,-4.4501008987e+00,1.3014142215e-01,0.2193,2.2092928886e+00
-0.7470,-0.0010200,0.0000422,0.00009140,0.00000989,-4.4905047417e+00,1.3054546714e-01,0.2203,2.2496967316e+00
-0.7460,-0.0010100,0.0000422,0.00009160,0.00000988,-4.4509091377e+00,1.3058586419e-01,0.2213,2.2101011276e+00
-0.7450,-0.0010100,0.0000420,0.00009170,0.00000987,-4.4513130188e+00,1.2981818616e-01,0.2223,2.2105050087e+00
-0.7440,-0.0010200,0.0000421,0.00009180,0.00000987,-4.4921212196e+00,1.3022221625e-01,0.2233,2.2513132095e+00
-0.7430,-0.0010100,0.0000421,0.00009190,0.00000985,-4.4521212578e+00,1.3030302525e-01,0.2243,2.2113132477e+00
-0.7420,-0.0010100,0.0000420,0.00009210,0.00000983,-4.4529294968e+00,1.2997978926e-01,0.2253,2.2121214867e+00
-0.7410,-0.0010200,0.0000421,0.00009220,0.00000982,-4.4937372208e+00,1.3042424619e-01,0.2263,2.2529292107e+00
-0.7400,-0.0010100,0.0000420,0.00009230,0.00000982,-4.4537372589e+00,1.3002020121e-01,0.2273,2.2129292488e+00
-0.7390,-0.0010100,0.0000420,0.00009240,0.00000980,-4.4541416168e+00,1.3010099530e-01,0.2283,2.2133336067e+00
-0.7380,-0.0010200,0.0000420,0.00009250,0.00000980,-4.4949493408e+00,1.3010099530e-01,0.2293,2.2541413307e+00
-0.7370,-0.0010100,0.0000420,0.00009260,0.00000979,-4.4549493790e+00,1.3014140725e-01,0.2303,2.2141413689e+00
-0.7360,-0.0010100,0.0000420,0.00009270,0.00000978,-4.4553537369e+00,1.3018181920e-01,0.2313,2.2145457268e+00
-0.7350,-0.0010100,0.0000419,0.00009270,0.00000978,-4.4553537369e+00,1.2977777421e-01,0.2323,2.2145457268e+00
-0.7340,-0.0010100,0.0000419,0.00009280,0.00000977,-4.4557576180e+00,1.2981818616e-01,0.2333,2.2149496078e+00
-0.7330,-0.0010100,0.0000420,0.00009290,0.00000977,-4.4561614990e+00,1.3022221625e-01,0.2343,2.2153534889e+00
-0.7320,-0.0010100,0.0000419,0.00009300,0.00000976,-4.4565658569e+00,1.2985858321e-01,0.2353,2.2157578468e+00
-0.7310,-0.0010100,0.0000419,0.00009310,0.00000975,-4.4569697380e+00,1.2989898026e-01,0.2363,2.2161617279e+00
-0.7300,-0.0010100,0.0000420,0.00009330,0.00000974,-4.4577779770e+00,1.3034343719e-01,0.2373,2.2169699669e+00
-0.7290,-0.0010100,0.0000417,0.00009350,0.00000972,-4.4585857391e+00,1.2921212614e-01,0.2383,2.2177777290e+00
-0.7280,-0.0010100,0.0000418,0.00009350,0.00000971,-4.4585857391e+00,1.2965656817e-01,0.2393,2.2177777290e+00
-0.7270,-0.0010100,0.0000419,0.00009370,0.00000972,-4.4593939781e+00,1.3002020121e-01,0.2403,2.2185859680e+00
-0.7260,-0.0010100,0.0000418,0.00009370,0.00000970,-4.4593939781e+00,1.2969698012e-01,0.2413,2.2185859680e+00
-0.7250,-0.0010100,0.0000418,0.00009380,0.00000971,-4.4597978592e+00,1.2965656817e-01,0.2423,2.2189898491e+00
-0.7240,-0.0010100,0.0000418,0.00009390,0.00000970,-4.4602022171e+00,1.2969698012e-01,0.2433,2.2193942070e+00
-0.7230,-0.0010100,0.0000418,0.00009400,0.00000970,-4.4606060982e+00,1.2969698012e-01,0.2443,2.2197980881e+00
-0.7220,-0.0010100,0.0000418,0.00009410,0.00000967,-4.4610099792e+00,1.2981820107e-01,0.2453,2.2202019691e+00
-0.7210,-0.0010000,0.0000416,0.00009420,0.00000966,-4.4210104942e+00,1.2905049324e-01,0.2463,2.1802024841e+00
-0.7200,-0.0010100,0.0000418,0.00009440,0.00000965,-4.4622225761e+00,1.2989899516e-01,0.2473,2.2214145660e+00
-0.7190,-0.0010000,0.0000417,0.00009440,0.00000964,-4.4218182564e+00,1.2953536212e-01,0.2483,2.1810102463e+00
-0.7180,-0.0010100,0.0000417,0.00009450,0.00000964,-4.4626264572e+00,1.2953536212e-01,0.2493,2.2218184471e+00
-0.7170,-0.0010100,0.0000417,0.00009470,0.00000964,-4.4634346962e+00,1.2953536212e-01,0.2503,2.2226266861e+00
-0.7160,-0.0010100,0.0000417,0.00009490,0.00000964,-4.4642424583e+00,1.2953536212e-01,0.2513,2.2234344482e+00
-0.7150,-0.0010100,0.0000417,0.00009490,0.00000962,-4.4642424583e+00,1.2961617112e-01,0.2523,2.2234344482e+00
-0.7140,-0.0010000,0.0000416,0.00009490,0.00000961,-4.4238386154e+00,1.2925252318e-01,0.2533,2.1830306053e+00
-0.7130,-0.0010100,0.0000416,0.00009500,0.00000961,-4.4646468163e+00,1.2925252318e-01,0.2543,2.2238388062e+00
-0.7120,-0.0010100,0.0000417,0.00009500,0.00000961,-4.4646468163e+00,1.2965656817e-01,0.2553,2.2238388062e+00
-0.7110,-0.0010100,0.0000417,0.00009510,0.00000959,-4.4650506973e+00,1.2973737717e-01,0.2563,2.2242426872e+00
-0.7100,-0.0010100,0.0000416,0.00009530,0.00000959,-4.4658589363e+00,1.2933333218e-01,0.2573,2.2250509262e+00
-0.7090,-0.0010000,0.0000416,0.00009540,0.00000958,-4.4258589745e+00,1.2937374413e-01,0.2583,2.1850509644e+00
-0.7080,-0.0010000,0.0000416,0.00009540,0.00000957,-4.4258589745e+00,1.2941415608e-01,0.2593,2.1850509644e+00
-0.7070,-0.0010000,0.0000415,0.00009550,0.00000956,-4.4262628555e+00,1.2905049324e-01,0.2603,2.1854548454e+00
-0.7060,-0.0010100,0.0000416,0.00009560,0.00000955,-4.4670710564e+00,1.2949495018e-01,0.2613,2.2262630463e+00
-0.7050,-0.0009990,0.0000416,0.00009570,0.00000954,-4.4230303764e+00,1.2953536212e-01,0.2623,2.1822223663e+00
-0.7040,-0.0010000,0.0000415,0.00009580,0.00000953,-4.4274749756e+00,1.2917171419e-01,0.2633,2.1866669655e+00
-0.7030,-0.0010000,0.0000415,0.00009600,0.00000952,-4.4282832146e+00,1.2921211123e-01,0.2643,2.1874752045e+00
-0.7020,-0.0010000,0.0000416,0.00009620,0.00000949,-4.4290914536e+00,1.2973737717e-01,0.2653,2.1882834435e+00
-0.7010,-0.0010000,0.0000415,0.00009630,0.00000948,-4.4294953346e+00,1.2937372923e-01,0.2663,2.1886873245e+00
-0.7000,-0.0010000,0.0000414,0.00009640,0.00000948,-4.4298992157e+00,1.2896968424e-01,0.2673,2.1890912056e+00
-0.6990,-0.0010000,0.0000415,0.00009650,0.00000949,-4.4303035736e+00,1.2933333218e-01,0.2683,2.1894955635e+00
-0.6980,-0.0009910,0.0000414,0.00009660,0.00000948,-4.3943433762e+00,1.2896968424e-01,0.2693,2.1535353661e+00
-0.6970,-0.0010000,0.0000413,0.00009670,0.00000948,-4.4311113358e+00,1.2856566906e-01,0.2703,2.1903033257e+00
-0.6960,-0.0009990,0.0000414,0.00009670,0.00000947,-4.4270710945e+00,1.2901009619e-01,0.2713,2.1862630844e+00
-0.6950,-0.0009970,0.0000413,0.00009680,0.00000946,-4.4193940163e+00,1.2864647806e-01,0.2723,2.1785860062e+00
-0.6940,-0.0009980,0.0000413,0.00009700,0.00000946,-4.4242424965e+00,1.2864647806e-01,0.2733,2.1834344864e+00
-0.6930,-0.0010000,0.0000414,0.00009700,0.00000945,-4.4323234558e+00,1.2909090519e-01,0.2743,2.1915154457e+00
-0.6920,-0.0009930,0.0000413,0.00009710,0.00000944,-4.4044446945e+00,1.2872727215e-01,0.2753,2.1636366844e+00
-0.6910,-0.0010000,0.0000413,0.00009710,0.00000944,-4.4327278137e+00,1.2872727215e-01,0.2763,2.1919198036e+00
-0.6900,-0.0009980,0.0000414,0.00009720,0.00000944,-4.4250507355e+00,1.2913131714e-01,0.2773,2.1842427254e+00
-0.6890,-0.0009970,0.0000413,0.00009720,0.00000944,-4.4210104942e+00,1.2872727215e-01,0.2783,2.1802024841e+00
-0.6880,-0.0009950,0.0000412,0.00009730,0.00000942,-4.4133334160e+00,1.2840403616e-01,0.2793,2.1725254059e+00
-0.6870,-0.0009960,0.0000413,0.00009750,0.00000941,-4.4181818962e+00,1.2884849310e-01,0.2803,2.1773738861e+00
-0.6860,-0.0009900,0.0000413,0.00009750,0.00000940,-4.3939394951e+00,1.2888890505e-01,0.2813,2.1531314850e+00
-0.6850,-0.0009900,0.0000411,0.00009760,0.00000941,-4.3943433762e+00,1.2804040313e-01,0.2823,2.1535353661e+00
-0.6840,-0.0009980,0.0000413,0.00009770,0.00000941,-4.4270710945e+00,1.2884849310e-01,0.2833,2.1862630844e+00
-0.6830,-0.0009920,0.0000413,0.00009760,0.00000941,-4.4024243355e+00,1.2884849310e-01,0.2843,2.1616163254e+00
-0.6820,-0.0009920,0.0000412,0.00009760,0.00000940,-4.4024243355e+00,1.2848486006e-01,0.2853,2.1616163254e+00
-0.6810,-0.0009960,0.0000413,0.00009780,0.00000939,-4.4193940163e+00,1.2892928720e-01,0.2863,2.1785860062e+00
-0.6800,-0.0009980,0.0000413,0.00009780,0.00000938,-4.4274749756e+00,1.2896969914e-01,0.2873,2.1866669655e+00
-0.6790,-0.0009930,0.0000412,0.00009790,0.00000937,-4.4076771736e+00,1.2860606611e-01,0.2883,2.1668691635e+00
-0.6780,-0.0009960,0.0000412,0.00009800,0.00000937,-4.4202022552e+00,1.2860606611e-01,0.2893,2.1793942451e+00
-0.6770,-0.0009910,0.0000412,0.00009800,0.00000937,-4.4000000954e+00,1.2860606611e-01,0.2903,2.1591920853e+00
-0.6760,-0.0009930,0.0000412,0.00009810,0.00000936,-4.4084849358e+00,1.2864647806e-01,0.2913,2.1676769257e+00
-0.6750,-0.0009940,0.0000412,0.00009810,0.00000935,-4.4125256538e+00,1.2868687510e-01,0.2923,2.1717176437e+00
-0.6740,-0.0009950,0.0000412,0.00009820,0.00000935,-4.4169697762e+00,1.2868687510e-01,0.2933,2.1761617661e+00
-0.6730,-0.0009800,0.0000412,0.00009820,0.00000935,-4.3563637733e+00,1.2868687510e-01,0.2943,2.1155557632e+00
-0.6720,-0.0009980,0.0000412,0.00009830,0.00000935,-4.4294953346e+00,1.2868687510e-01,0.2953,2.1886873245e+00
-0.6710,-0.0009890,0.0000412,0.00009850,0.00000934,-4.3939394951e+00,1.2872727215e-01,0.2963,2.1531314850e+00
-0.6700,-0.0009900,0.0000411,0.00009840,0.00000933,-4.3975758553e+00,1.2836363912e-01,0.2973,2.1567678452e+00
-0.6690,-0.0009930,0.0000412,0.00009850,0.00000933,-4.4101014137e+00,1.2876768410e-01,0.2983,2.1692934036e+00
-0.6680,-0.0009900,0.0000412,0.00009850,0.00000933,-4.3979797363e+00,1.2876768410e-01,0.2993,2.1571717262e+00
-0.6670,-0.0009890,0.0000411,0.00009860,0.00000933,-4.3943433762e+00,1.2836363912e-01,0.3003,2.1535353661e+00
-0.6660,-0.0009930,0.0000411,0.00009870,0.00000932,-4.4109091759e+00,1.2840403616e-01,0.3013,2.1701011658e+00
-0.6650,-0.0009870,0.0000411,0.00009880,0.00000933,-4.3870706558e+00,1.2836363912e-01,0.3023,2.1462626457e+00
-0.6640,-0.0009880,0.0000411,0.00009860,0.00000933,-4.3903031349e+00,1.2836363912e-01,0.3033,2.1494951248e+00
-0.6630,-0.0009920,0.0000411,0.00009870,0.00000932,-4.4068689346e+00,1.2840403616e-01,0.3043,2.1660609245e+00
-0.6620,-0.0009880,0.0000411,0.00009870,0.00000931,-4.3907070160e+00,1.2844444811e-01,0.3053,2.1498990059e+00
-0.6610,-0.0009820,0.0000411,0.00009870,0.00000930,-4.3664650917e+00,1.2848486006e-01,0.3063,2.1256570816e+00
-0.6600,-0.0009930,0.0000411,0.00009880,0.00000930,-4.4113135338e+00,1.2848486006e-01,0.3073,2.1705055237e+00
-0.6590,-0.0009860,0.0000411,0.00009890,0.00000929,-4.3834342957e+00,1.2852525711e-01,0.3083,2.1426262856e+00
-0.6580,-0.0009860,0.0000411,0.00009900,0.00000928,-4.3838386536e+00,1.2856565416e-01,0.3093,2.1430306435e+00
-0.6570,-0.0009900,0.0000411,0.00009900,0.00000929,-4.3999996185e+00,1.2852525711e-01,0.3103,2.1591916084e+00
-0.6560,-0.0009870,0.0000412,0.00009920,0.00000928,-4.3886866570e+00,1.2896969914e-01,0.3113,2.1478786469e+00
-0.6550,-0.0009870,0.0000411,0.00009930,0.00000927,-4.3890910149e+00,1.2860606611e-01,0.3123,2.1482830048e+00
-0.6540,-0.0009870,0.0000411,0.00009930,0.00000927,-4.3890910149e+00,1.2860606611e-01,0.3133,2.1482830048e+00
-0.6530,-0.0009860,0.0000411,0.00009940,0.00000926,-4.3854551315e+00,1.2864646316e-01,0.3143,2.1446471214e+00
-0.6520,-0.0009880,0.0000411,0.00009950,0.00000926,-4.3939394951e+00,1.2864646316e-01,0.3153,2.1531314850e+00
-0.6510,-0.0009880,0.0000411,0.00009940,0.00000926,-4.3935351372e+00,1.2864646316e-01,0.3163,2.1527271271e+00
-0.6500,-0.0009860,0.0000411,0.00009960,0.00000925,-4.3862628937e+00,1.2868686020e-01,0.3173,2.1454548836e+00
-0.6490,-0.0009830,0.0000410,0.00009970,0.00000924,-4.3745455742e+00,1.2832322717e-01,0.3183,2.1337375641e+00
-0.6480,-0.0009910,0.0000411,0.00009980,0.00000923,-4.4072723389e+00,1.2876768410e-01,0.3193,2.1664643288e+00
-0.6470,-0.0009820,0.0000411,0.00010000,0.00000921,-4.3717169762e+00,1.2884847820e-01,0.3203,2.1309089661e+00
-0.6460,-0.0009870,0.0000410,0.00010000,0.00000922,-4.3919186592e+00,1.2840403616e-01,0.3213,2.1511106491e+00
-0.6450,-0.0009880,0.0000411,0.00010000,0.00000922,-4.3959593773e+00,1.2880808115e-01,0.3223,2.1551513672e+00
-0.6440,-0.0009830,0.0000411,0.00010000,0.00000923,-4.3757576942e+00,1.2876768410e-01,0.3233,2.1349496841e+00
-0.6430,-0.0009860,0.0000410,0.00010000,0.00000922,-4.3878788948e+00,1.2840403616e-01,0.3243,2.1470708847e+00
-0.6420,-0.0009860,0.0000411,0.00010000,0.00000921,-4.3878788948e+00,1.2884847820e-01,0.3253,2.1470708847e+00
-0.6410,-0.0009860,0.0000411,0.00010000,0.00000920,-4.3878788948e+00,1.2888889015e-01,0.3263,2.1470708847e+00
-0.6400,-0.0009830,0.0000411,0.00010000,0.00000919,-4.3757576942e+00,1.2892928720e-01,0.3273,2.1349496841e+00
-0.6390,-0.0009840,0.0000411,0.00010000,0.00000919,-4.3797979355e+00,1.2892928720e-01,0.3283,2.1389899254e+00
-0.6380,-0.0009830,0.0000411,0.00010000,0.00000918,-4.3757576942e+00,1.2896969914e-01,0.3293,2.1349496841e+00
-0.6370,-0.0009840,0.0000410,0.00010100,0.00000917,-4.3838381767e+00,1.2860606611e-01,0.3303,2.1430301666e+00
-0.6360,-0.0009740,0.0000411,0.00010100,0.00000917,-4.3434343338e+00,1.2901011109e-01,0.3313,2.1026263237e+00
-0.6350,-0.0009800,0.0000410,0.00010100,0.00000918,-4.3676767349e+00,1.2856565416e-01,0.3323,2.1268687248e+00
-0.6340,-0.0009840,0.0000411,0.00010100,0.00000917,-4.3838381767e+00,1.2901011109e-01,0.3333,2.1430301666e+00
-0.6330,-0.0009760,0.0000411,0.00010100,0.00000917,-4.3515148163e+00,1.2901011109e-01,0.3343,2.1107068062e+00
-0.6320,-0.0009840,0.0000411,0.00010100,0.00000917,-4.3838381767e+00,1.2901011109e-01,0.3353,2.1430301666e+00
-0.6310,-0.0009820,0.0000411,0.00010100,0.00000917,-4.3757576942e+00,1.2901011109e-01,0.3363,2.1349496841e+00
-0.6300,-0.0009790,0.0000410,0.00010100,0.00000917,-4.3636360168e+00,1.2860606611e-01,0.3373,2.1228280067e+00
-0.6290,-0.0009840,0.0000411,0.00010100,0.00000917,-4.3838381767e+00,1.2901011109e-01,0.3383,2.1430301666e+00
-0.6280,-0.0009770,0.0000412,0.00010100,0.00000916,-4.3555555344e+00,1.2945453823e-01,0.3393,2.1147475243e+00
-0.6270,-0.0009770,0.0000410,0.00010100,0.00000915,-4.3555555344e+00,1.2868686020e-01,0.3403,2.1147475243e+00
-0.6260,-0.0009850,0.0000411,0.00010100,0.00000915,-4.3878788948e+00,1.2909090519e-01,0.3413,2.1470708847e+00
-0.6250,-0.0009810,0.0000411,0.00010100,0.00000915,-4.3717169762e+00,1.2909090519e-01,0.3423,2.1309089661e+00
-0.6240,-0.0009790,0.0000411,0.00010100,0.00000915,-4.3636360168e+00,1.2909090519e-01,0.3433,2.1228280067e+00
-0.6230,-0.0009850,0.0000412,0.00010100,0.00000914,-4.3878788948e+00,1.2953536212e-01,0.3443,2.1470708847e+00
-0.6220,-0.0009730,0.0000410,0.00010100,0.00000913,-4.3393940926e+00,1.2876768410e-01,0.3453,2.0985860825e+00
-0.6210,-0.0009830,0.0000412,0.00010100,0.00000913,-4.3797979355e+00,1.2957575917e-01,0.3463,2.1389899254e+00
-0.6200,-0.0009770,0.0000412,0.00010100,0.00000914,-4.3555555344e+00,1.2953536212e-01,0.3473,2.1147475243e+00
-0.6190,-0.0009800,0.0000411,0.00010100,0.00000912,-4.3676767349e+00,1.2921212614e-01,0.3483,2.1268687248e+00
-0.6180,-0.0009750,0.0000411,0.00010100,0.00000912,-4.3474745750e+00,1.2921212614e-01,0.3493,2.1066665649e+00
-0.6170,-0.0009810,0.0000412,0.00010100,0.00000914,-4.3717169762e+00,1.2953536212e-01,0.3503,2.1309089661e+00
-0.6160,-0.0009770,0.0000411,0.00010200,0.00000912,-4.3595957756e+00,1.2921212614e-01,0.3513,2.1187877655e+00
-0.6150,-0.0009770,0.0000411,0.00010200,0.00000911,-4.3595957756e+00,1.2925252318e-01,0.3523,2.1187877655e+00
-0.6140,-0.0009740,0.0000412,0.00010200,0.00000910,-4.3474750519e+00,1.2969698012e-01,0.3533,2.1066670418e+00
-0.6130,-0.0009740,0.0000411,0.00010200,0.00000910,-4.3474750519e+00,1.2929293513e-01,0.3543,2.1066670418e+00
-0.6120,-0.0009790,0.0000412,0.00010200,0.00000910,-4.3676767349e+00,1.2969698012e-01,0.3553,2.1268687248e+00
-0.6110,-0.0009760,0.0000412,0.00010200,0.00000909,-4.3555555344e+00,1.2973737717e-01,0.3563,2.1147475243e+00
-0.6100,-0.0009750,0.0000411,0.00010200,0.00000909,-4.3515148163e+00,1.2933333218e-01,0.3573,2.1107068062e+00
-0.6090,-0.0009770,0.0000412,0.00010200,0.00000909,-4.3595957756e+00,1.2973737717e-01,0.3583,2.1187877655e+00
-0.6080,-0.0009770,0.0000412,0.00010200,0.00000908,-4.3595957756e+00,1.2977777421e-01,0.3593,2.1187877655e+00
-0.6070,-0.0009740,0.0000412,0.00010200,0.00000908,-4.3474750519e+00,1.2977777421e-01,0.3603,2.1066670418e+00
-0.6060,-0.0009750,0.0000412,0.00010200,0.00000908,-4.3515148163e+00,1.2977777421e-01,0.3613,2.1107068062e+00
-0.6050,-0.0009730,0.0000413,0.00010200,0.00000908,-4.3434343338e+00,1.3018181920e-01,0.3623,2.1026263237e+00
-0.6040,-0.0009720,0.0000413,0.00010200,0.00000908,-4.3393940926e+00,1.3018181920e-01,0.3633,2.0985860825e+00
-0.6030,-0.0009740,0.0000412,0.00010200,0.00000907,-4.3474750519e+00,1.2981820107e-01,0.3643,2.1066670418e+00
-0.6020,-0.0009770,0.0000413,0.00010200,0.00000907,-4.3595957756e+00,1.3022223115e-01,0.3653,2.1187877655e+00
-0.6010,-0.0009740,0.0000413,0.00010200,0.00000907,-4.3474750519e+00,1.3022223115e-01,0.3663,2.1066670418e+00
-0.6000,-0.0009730,0.0000413,0.00010200,0.00000907,-4.3434343338e+00,1.3022223115e-01,0.3673,2.1026263237e+00
-0.5990,-0.0009730,0.0000413,0.00010200,0.00000906,-4.3434343338e+00,1.3026262820e-01,0.3683,2.1026263237e+00
-0.5980,-0.0009750,0.0000413,0.00010200,0.00000905,-4.3515148163e+00,1.3030304015e-01,0.3693,2.1107068062e+00
-0.5970,-0.0009730,0.0000413,0.00010200,0.00000905,-4.3434343338e+00,1.3030304015e-01,0.3703,2.1026263237e+00
-0.5960,-0.0009690,0.0000413,0.00010200,0.00000905,-4.3272728920e+00,1.3030304015e-01,0.3713,2.0864648819e+00
-0.5950,-0.0009750,0.0000414,0.00010300,0.00000905,-4.3555555344e+00,1.3070707023e-01,0.3723,2.1147475243e+00
-0.5940,-0.0009720,0.0000413,0.00010300,0.00000905,-4.3434343338e+00,1.3030304015e-01,0.3733,2.1026263237e+00
-0.5930,-0.0009730,0.0000413,0.00010300,0.00000904,-4.3474750519e+00,1.3034345210e-01,0.3743,2.1066670418e+00
-0.5920,-0.0009720,0.0000414,0.00010300,0.00000904,-4.3434343338e+00,1.3074746728e-01,0.3753,2.1026263237e+00
-0.5910,-0.0009700,0.0000413,0.00010300,0.00000904,-4.3353538513e+00,1.3034345210e-01,0.3763,2.0945458412e+00
-0.5900,-0.0009730,0.0000414,0.00010300,0.00000904,-4.3474750519e+00,1.3074746728e-01,0.3773,2.1066670418e+00
-0.5890,-0.0009710,0.0000415,0.00010300,0.00000904,-4.3393940926e+00,1.3115151227e-01,0.3783,2.0985860825e+00
-0.5880,-0.0009580,0.0000414,0.00010300,0.00000904,-4.2868690491e+00,1.3074746728e-01,0.3793,2.0460610390e+00
-0.5870,-0.0009730,0.0000414,0.00010300,0.00000904,-4.3474750519e+00,1.3074746728e-01,0.3803,2.1066670418e+00
-0.5860,-0.0009690,0.0000414,0.00010300,0.00000903,-4.3313131332e+00,1.3078787923e-01,0.3813,2.0905051231e+00
-0.5850,-0.0009690,0.0000414,0.00010300,0.00000903,-4.3313131332e+00,1.3078787923e-01,0.3823,2.0905051231e+00
-0.5840,-0.0009700,0.0000414,0.00010300,0.00000903,-4.3353538513e+00,1.3078787923e-01,0.3833,2.0945458412e+00
-0.5830,-0.0009700,0.0000415,0.00010300,0.00000902,-4.3353538513e+00,1.3123232126e-01,0.3843,2.0945458412e+00
-0.5820,-0.0009650,0.0000415,0.00010300,0.00000902,-4.3151516914e+00,1.3123232126e-01,0.3853,2.0743436813e+00
-0.5810,-0.0009660,0.0000415,0.00010300,0.00000902,-4.3191919327e+00,1.3123232126e-01,0.3863,2.0783839226e+00
-0.5800,-0.0009690,0.0000415,0.00010300,0.00000902,-4.3313131332e+00,1.3123232126e-01,0.3873,2.0905051231e+00
-0.5790,-0.0009660,0.0000416,0.00010300,0.00000901,-4.3191919327e+00,1.3167676330e-01,0.3883,2.0783839226e+00
-0.5780,-0.0009680,0.0000415,0.00010300,0.00000901,-4.3272728920e+00,1.3127271831e-01,0.3893,2.0864648819e+00
-0.5770,-0.0009640,0.0000416,0.00010300,0.00000901,-4.3111109734e+00,1.3167676330e-01,0.3903,2.0703029633e+00
-0.5760,-0.0009660,0.0000416,0.00010300,0.00000901,-4.3191919327e+00,1.3167676330e-01,0.3913,2.0783839226e+00
-0.5750,-0.0009640,0.0000416,0.00010300,0.00000901,-4.3111109734e+00,1.3167676330e-01,0.3923,2.0703029633e+00
-0.5740,-0.0009650,0.0000417,0.00010300,0.00000901,-4.3151516914e+00,1.3208080828e-01,0.3933,2.0743436813e+00
-0.5730,-0.0009680,0.0000416,0.00010300,0.00000900,-4.3272728920e+00,1.3171717525e-01,0.3943,2.0864648819e+00
-0.5720,-0.0009640,0.0000416,0.00010300,0.00000900,-4.3111109734e+00,1.3171717525e-01,0.3953,2.0703029633e+00
-0.5710,-0.0009620,0.0000416,0.00010300,0.00000900,-4.3030300140e+00,1.3171717525e-01,0.3963,2.0622220039e+00
-0.5700,-0.0009670,0.0000417,0.00010300,0.00000900,-4.3232321739e+00,1.3212122023e-01,0.3973,2.0824241638e+00
-0.5690,-0.0009630,0.0000417,0.00010400,0.00000899,-4.3111109734e+00,1.3216161728e-01,0.3983,2.0703029633e+00
-0.5680,-0.0009610,0.0000417,0.00010400,0.00000898,-4.3030300140e+00,1.3220202923e-01,0.3993,2.0622220039e+00
-0.5670,-0.0009670,0.0000418,0.00010400,0.00000897,-4.3272728920e+00,1.3264647126e-01,0.4003,2.0864648819e+00
-0.5660,-0.0009590,0.0000418,0.00010400,0.00000897,-4.2949495316e+00,1.3264647126e-01,0.4013,2.0541415215e+00
-0.5650,-0.0009610,0.0000418,0.00010400,0.00000897,-4.3030300140e+00,1.3264647126e-01,0.4023,2.0622220039e+00
-0.5640,-0.0009630,0.0000418,0.00010400,0.00000897,-4.3111109734e+00,1.3264647126e-01,0.4033,2.0703029633e+00
-0.5630,-0.0009610,0.0000418,0.00010400,0.00000897,-4.3030300140e+00,1.3264647126e-01,0.4043,2.0622220039e+00
-0.5620,-0.0009580,0.0000418,0.00010400,0.00000897,-4.2909092903e+00,1.3264647126e-01,0.4053,2.0501012802e+00
-0.5610,-0.0009630,0.0000419,0.00010400,0.00000896,-4.3111109734e+00,1.3309089839e-01,0.4063,2.0703029633e+00
-0.5600,-0.0009610,0.0000419,0.00010400,0.00000895,-4.3030300140e+00,1.3313131034e-01,0.4073,2.0622220039e+00
-0.5590,-0.0009590,0.0000419,0.00010400,0.00000896,-4.2949495316e+00,1.3309089839e-01,0.4083,2.0541415215e+00
-0.5580,-0.0009620,0.0000419,0.00010400,0.00000895,-4.3070707321e+00,1.3313131034e-01,0.4093,2.0662627220e+00
-0.5570,-0.0009610,0.0000420,0.00010400,0.00000896,-4.3030300140e+00,1.3349494338e-01,0.4103,2.0622220039e+00
-0.5560,-0.0009590,0.0000420,0.00010400,0.00000896,-4.2949495316e+00,1.3349494338e-01,0.4113,2.0541415215e+00
-0.5550,-0.0009610,0.0000420,0.00010400,0.00000895,-4.3030300140e+00,1.3353535533e-01,0.4123,2.0622220039e+00
-0.5540,-0.0009580,0.0000421,0.00010400,0.00000895,-4.2909092903e+00,1.3393940032e-01,0.4133,2.0501012802e+00
-0.5530,-0.0009530,0.0000419,0.00010400,0.00000895,-4.2707071304e+00,1.3313131034e-01,0.4143,2.0298991203e+00
-0.5520,-0.0009630,0.0000420,0.00010400,0.00000894,-4.3111109734e+00,1.3357576728e-01,0.4153,2.0703029633e+00
-0.5510,-0.0009560,0.0000421,0.00010400,0.00000894,-4.2828283310e+00,1.3397981226e-01,0.4163,2.0420203209e+00
-0.5500,-0.0009560,0.0000420,0.00010400,0.00000895,-4.2828283310e+00,1.3353535533e-01,0.4173,2.0420203209e+00
-0.5490,-0.0009600,0.0000421,0.00010400,0.00000895,-4.2989897728e+00,1.3393940032e-01,0.4183,2.0581817627e+00
-0.5480,-0.0009520,0.0000422,0.00010400,0.00000896,-4.2666668892e+00,1.3430303335e-01,0.4193,2.0258588791e+00
-0.5470,-0.0009570,0.0000421,0.00010400,0.00000896,-4.2868690491e+00,1.3389898837e-01,0.4203,2.0460610390e+00
-0.5460,-0.0009540,0.0000421,0.00010400,0.00000895,-4.2747473717e+00,1.3393940032e-01,0.4213,2.0339393616e+00
-0.5450,-0.0009540,0.0000422,0.00010400,0.00000895,-4.2747473717e+00,1.3434344530e-01,0.4223,2.0339393616e+00
-0.5440,-0.0009550,0.0000422,0.00010400,0.00000895,-4.2787880898e+00,1.3434344530e-01,0.4233,2.0379800797e+00
-0.5430,-0.0009560,0.0000422,0.00010400,0.00000894,-4.2828283310e+00,1.3438385725e-01,0.4243,2.0420203209e+00
-0.5420,-0.0009540,0.0000423,0.00010400,0.00000894,-4.2747473717e+00,1.3478785753e-01,0.4253,2.0339393616e+00
-0.5410,-0.0009540,0.0000423,0.00010400,0.00000894,-4.2747473717e+00,1.3478785753e-01,0.4263,2.0339393616e+00
-0.5400,-0.0009550,0.0000423,0.00010400,0.00000893,-4.2787880898e+00,1.3482826948e-01,0.4273,2.0379800797e+00
-0.5390,-0.0009550,0.0000423,0.00010500,0.00000893,-4.2828283310e+00,1.3482826948e-01,0.4283,2.0420203209e+00
-0.5380,-0.0009520,0.0000423,0.00010500,0.00000894,-4.2707071304e+00,1.3478785753e-01,0.4293,2.0298991203e+00
-0.5370,-0.0009520,0.0000424,0.00010500,0.00000893,-4.2707071304e+00,1.3523231447e-01,0.4303,2.0298991203e+00
-0.5360,-0.0009550,0.0000424,0.00010500,0.00000893,-4.2828283310e+00,1.3523231447e-01,0.4313,2.0420203209e+00
-0.5350,-0.0009490,0.0000424,0.00010500,0.00000892,-4.2585859299e+00,1.3527272642e-01,0.4323,2.0177779198e+00
-0.5340,-0.0009530,0.0000424,0.00010500,0.00000893,-4.2747473717e+00,1.3523231447e-01,0.4333,2.0339393616e+00
-0.5330,-0.0009550,0.0000425,0.00010500,0.00000893,-4.2828283310e+00,1.3563635945e-01,0.4343,2.0420203209e+00
-0.5320,-0.0009400,0.0000426,0.00010500,0.00000893,-4.2222223282e+00,1.3604040444e-01,0.4353,1.9814143181e+00
-0.5310,-0.0009530,0.0000424,0.00010500,0.00000892,-4.2747473717e+00,1.3527272642e-01,0.4363,2.0339393616e+00
-0.5300,-0.0009530,0.0000426,0.00010500,0.00000892,-4.2747473717e+00,1.3608081639e-01,0.4373,2.0339393616e+00
-0.5290,-0.0009480,0.0000426,0.00010500,0.00000892,-4.2545452118e+00,1.3608081639e-01,0.4383,2.0137372017e+00
-0.5280,-0.0009520,0.0000426,0.00010500,0.00000892,-4.2707071304e+00,1.3608081639e-01,0.4393,2.0298991203e+00
-0.5270,-0.0009520,0.0000427,0.00010500,0.00000892,-4.2707071304e+00,1.3648484647e-01,0.4403,2.0298991203e+00
-0.5260,-0.0009440,0.0000426,0.00010500,0.00000892,-4.2383842468e+00,1.3608081639e-01,0.4413,1.9975762367e+00
-0.5250,-0.0009530,0.0000427,0.00010500,0.00000891,-4.2747473717e+00,1.3652525842e-01,0.4423,2.0339393616e+00
-0.5240,-0.0009500,0.0000427,0.00010500,0.00000891,-4.2626261711e+00,1.3652525842e-01,0.4433,2.0218181610e+00
-0.5230,-0.0009470,0.0000427,0.00010500,0.00000892,-4.2505049706e+00,1.3648484647e-01,0.4443,2.0096969604e+00
-0.5220,-0.0009500,0.0000427,0.00010500,0.00000891,-4.2626261711e+00,1.3652525842e-01,0.4453,2.0218181610e+00
-0.5210,-0.0009470,0.0000428,0.00010500,0.00000892,-4.2505049706e+00,1.3688887656e-01,0.4463,2.0096969604e+00
-0.5200,-0.0009450,0.0000427,0.00010500,0.00000892,-4.2424240112e+00,1.3648484647e-01,0.4473,2.0016160011e+00
-0.5190,-0.0009470,0.0000428,0.00010500,0.00000891,-4.2505049706e+00,1.3692928851e-01,0.4483,2.0096969604e+00
-0.5180,-0.0009480,0.0000429,0.00010500,0.00000891,-4.2545452118e+00,1.3733333349e-01,0.4493,2.0137372017e+00
-0.5170,-0.0009450,0.0000428,0.00010500,0.00000891,-4.2424240112e+00,1.3692928851e-01,0.4503,2.0016160011e+00
-0.5160,-0.0009470,0.0000428,0.00010500,0.00000891,-4.2505049706e+00,1.3692928851e-01,0.4513,2.0096969604e+00
-0.5150,-0.0009450,0.0000429,0.00010500,0.00000891,-4.2424240112e+00,1.3733333349e-01,0.4523,2.0016160011e+00
-0.5140,-0.0009450,0.0000429,0.00010500,0.00000891,-4.2424240112e+00,1.3733333349e-01,0.4533,2.0016160011e+00
-0.5130,-0.0009450,0.0000429,0.00010500,0.00000890,-4.2424240112e+00,1.3737374544e-01,0.4543,2.0016160011e+00
-0.5120,-0.0009440,0.0000430,0.00010500,0.00000890,-4.2383842468e+00,1.3777779043e-01,0.4553,1.9975762367e+00
-0.5110,-0.0009450,0.0000430,0.00010500,0.00000890,-4.2424240112e+00,1.3777779043e-01,0.4563,2.0016160011e+00
-0.5100,-0.0009450,0.0000430,0.00010500,0.00000891,-4.2424240112e+00,1.3773737848e-01,0.4573,2.0016160011e+00
-0.5090,-0.0009470,0.0000430,0.00010500,0.00000893,-4.2505049706e+00,1.3765655458e-01,0.4583,2.0096969604e+00
-0.5080,-0.0009430,0.0000431,0.00010500,0.00000892,-4.2343435287e+00,1.3810101151e-01,0.4593,1.9935355186e+00
-0.5070,-0.0009430,0.0000430,0.00010500,0.00000891,-4.2343435287e+00,1.3773737848e-01,0.4603,1.9935355186e+00
-0.5060,-0.0009440,0.0000431,0.00010500,0.00000890,-4.2383842468e+00,1.3818182051e-01,0.4613,1.9975762367e+00
-0.5050,-0.0009400,0.0000431,0.00010500,0.00000889,-4.2222223282e+00,1.3822223246e-01,0.4623,1.9814143181e+00
-0.5040,-0.0009440,0.0000431,0.00010500,0.00000889,-4.2383842468e+00,1.3822223246e-01,0.4633,1.9975762367e+00
-0.5030,-0.0009420,0.0000431,0.00010500,0.00000889,-4.2303032875e+00,1.3822223246e-01,0.4643,1.9894952774e+00
-0.5020,-0.0009400,0.0000431,0.00010500,0.00000889,-4.2222223282e+00,1.3822223246e-01,0.4653,1.9814143181e+00
-0.5010,-0.0009370,0.0000431,0.00010500,0.00000889,-4.2101011276e+00,1.3822223246e-01,0.4663,1.9692931175e+00
-0.5000,-0.0009450,0.0000433,0.00010500,0.00000889,-4.2424240112e+00,1.3903029263e-01,0.4673,2.0016160011e+00
-0.4990,-0.0009370,0.0000433,0.00010500,0.00000889,-4.2101011276e+00,1.3903029263e-01,0.4683,1.9692931175e+00
-0.4980,-0.0009370,0.0000432,0.00010500,0.00000889,-4.2101011276e+00,1.3862627745e-01,0.4693,1.9692931175e+00
-0.4970,-0.0009420,0.0000432,0.00010500,0.00000888,-4.2303032875e+00,1.3866667449e-01,0.4703,1.9894952774e+00
-0.4960,-0.0009380,0.0000432,0.00010500,0.00000888,-4.2141413689e+00,1.3866667449e-01,0.4713,1.9733333588e+00
-0.4950,-0.0009390,0.0000433,0.00010500,0.00000887,-4.2181820869e+00,1.3911110163e-01,0.4723,1.9773740768e+00
-0.4940,-0.0009360,0.0000433,0.00010500,0.00000887,-4.2060608864e+00,1.3911110163e-01,0.4733,1.9652528763e+00
-0.4930,-0.0009390,0.0000433,0.00010500,0.00000888,-4.2181820869e+00,1.3907070458e-01,0.4743,1.9773740768e+00
-0.4920,-0.0009370,0.0000433,0.00010500,0.00000887,-4.2101011276e+00,1.3911110163e-01,0.4753,1.9692931175e+00
-0.4910,-0.0009390,0.0000433,0.00010500,0.00000887,-4.2181820869e+00,1.3911110163e-01,0.4763,1.9773740768e+00
-0.4900,-0.0009390,0.0000434,0.00010500,0.00000888,-4.2181820869e+00,1.3947474957e-01,0.4773,1.9773740768e+00
-0.4890,-0.0009360,0.0000433,0.00010500,0.00000888,-4.2060608864e+00,1.3907070458e-01,0.4783,1.9652528763e+00
-0.4880,-0.0009380,0.0000433,0.00010500,0.00000887,-4.2141413689e+00,1.3911110163e-01,0.4793,1.9733333588e+00
-0.4870,-0.0009300,0.0000433,0.00010500,0.00000887,-4.1818180084e+00,1.3911110163e-01,0.4803,1.9410099983e+00
-0.4860,-0.0009400,0.0000434,0.00010500,0.00000887,-4.2222223282e+00,1.3951514661e-01,0.4813,1.9814143181e+00
-0.4850,-0.0009320,0.0000434,0.00010500,0.00000887,-4.1898989677e+00,1.3951514661e-01,0.4823,1.9490909576e+00
-0.4840,-0.0009330,0.0000434,0.00010500,0.00000887,-4.1939392090e+00,1.3951514661e-01,0.4833,1.9531311989e+00
-0.4830,-0.0009340,0.0000435,0.00010500,0.00000887,-4.1979799271e+00,1.3991919160e-01,0.4843,1.9571719170e+00
-0.4820,-0.0009340,0.0000434,0.00010500,0.00000886,-4.1979799271e+00,1.3955555856e-01,0.4853,1.9571719170e+00
-0.4810,-0.0009360,0.0000435,0.00010500,0.00000887,-4.2060608864e+00,1.3991919160e-01,0.4863,1.9652528763e+00
-0.4800,-0.0009330,0.0000435,0.00010500,0.00000887,-4.1939392090e+00,1.3991919160e-01,0.4873,1.9531311989e+00
-0.4790,-0.0009340,0.0000435,0.00010500,0.00000887,-4.1979799271e+00,1.3991919160e-01,0.4883,1.9571719170e+00
-0.4780,-0.0009380,0.0000435,0.00010500,0.00000886,-4.2141413689e+00,1.3995960355e-01,0.4893,1.9733333588e+00
-0.4770,-0.0009350,0.0000435,0.00010500,0.00000886,-4.2020201683e+00,1.3995960355e-01,0.4903,1.9612121582e+00
-0.4760,-0.0009330,0.0000435,0.00010600,0.00000885,-4.1979799271e+00,1.4000001550e-01,0.4913,1.9571719170e+00
-0.4750,-0.0009370,0.0000435,0.00010600,0.00000885,-4.2141413689e+00,1.4000001550e-01,0.4923,1.9733333588e+00
-0.4740,-0.0009350,0.0000435,0.00010600,0.00000884,-4.2060608864e+00,1.4004039764e-01,0.4933,1.9652528763e+00
-0.4730,-0.0009320,0.0000435,0.00010600,0.00000884,-4.1939392090e+00,1.4004039764e-01,0.4943,1.9531311989e+00
-0.4720,-0.0009350,0.0000435,0.00010600,0.00000884,-4.2060608864e+00,1.4004039764e-01,0.4953,1.9652528763e+00
-0.4710,-0.0009360,0.0000436,0.00010600,0.00000885,-4.2101011276e+00,1.4040404558e-01,0.4963,1.9692931175e+00
-0.4700,-0.0009300,0.0000434,0.00010600,0.00000885,-4.1858582497e+00,1.3959597051e-01,0.4973,1.9450502396e+00
-0.4690,-0.0009320,0.0000435,0.00010600,0.00000884,-4.1939392090e+00,1.4004039764e-01,0.4983,1.9531311989e+00
-0.4680,-0.0009320,0.0000436,0.00010600,0.00000885,-4.1939392090e+00,1.4040404558e-01,0.4993,1.9531311989e+00
-0.4670,-0.0009340,0.0000436,0.00010600,0.00000884,-4.2020201683e+00,1.4044444263e-01,0.5003,1.9612121582e+00
-0.4660,-0.0009220,0.0000436,0.00010600,0.00000883,-4.1535353661e+00,1.4048485458e-01,0.5013,1.9127273560e+00
-0.4650,-0.0009370,0.0000435,0.00010600,0.00000882,-4.2141413689e+00,1.4012122154e-01,0.5023,1.9733333588e+00
-0.4640,-0.0009320,0.0000436,0.00010600,0.00000882,-4.1939392090e+00,1.4052525163e-01,0.5033,1.9531311989e+00
-0.4630,-0.0009270,0.0000435,0.00010600,0.00000882,-4.1737375259e+00,1.4012122154e-01,0.5043,1.9329295158e+00
-0.4620,-0.0009330,0.0000436,0.00010600,0.00000882,-4.1979799271e+00,1.4052525163e-01,0.5053,1.9571719170e+00
-0.4610,-0.0009300,0.0000435,0.00010600,0.00000882,-4.1858582497e+00,1.4012122154e-01,0.5063,1.9450502396e+00
-0.4600,-0.0009280,0.0000434,0.00010600,0.00000882,-4.1777782440e+00,1.3971717656e-01,0.5073,1.9369702339e+00
-0.4590,-0.0009340,0.0000435,0.00010600,0.00000882,-4.2020201683e+00,1.4012122154e-01,0.5083,1.9612121582e+00
-0.4580,-0.0009320,0.0000435,0.00010600,0.00000882,-4.1939392090e+00,1.4012122154e-01,0.5093,1.9531311989e+00
-0.4570,-0.0009280,0.0000434,0.00010600,0.00000882,-4.1777782440e+00,1.3971717656e-01,0.5103,1.9369702339e+00
-0.4560,-0.0009310,0.0000434,0.00010600,0.00000882,-4.1898989677e+00,1.3971717656e-01,0.5113,1.9490909576e+00
-0.4550,-0.0009290,0.0000435,0.00010600,0.00000882,-4.1818180084e+00,1.4012122154e-01,0.5123,1.9410099983e+00
-0.4540,-0.0009240,0.0000434,0.00010600,0.00000882,-4.1616163254e+00,1.3971717656e-01,0.5133,1.9208083153e+00
-0.4530,-0.0009320,0.0000434,0.00010600,0.00000882,-4.1939392090e+00,1.3971717656e-01,0.5143,1.9531311989e+00
-0.4520,-0.0009260,0.0000434,0.00010600,0.00000882,-4.1696972847e+00,1.3971717656e-01,0.5153,1.9288892746e+00
-0.4510,-0.0009290,0.0000434,0.00010600,0.00000882,-4.1818180084e+00,1.3971717656e-01,0.5163,1.9410099983e+00
-0.4500,-0.0009310,0.0000434,0.00010600,0.00000881,-4.1898989677e+00,1.3975757360e-01,0.5173,1.9490909576e+00
-0.4490,-0.0009280,0.0000434,0.00010600,0.00000882,-4.1777782440e+00,1.3971717656e-01,0.5183,1.9369702339e+00
-0.4480,-0.0009250,0.0000433,0.00010600,0.00000881,-4.1656565666e+00,1.3935352862e-01,0.5193,1.9248485565e+00
-0.4470,-0.0009310,0.0000434,0.00010600,0.00000881,-4.1898989677e+00,1.3975757360e-01,0.5203,1.9490909576e+00
-0.4460,-0.0009300,0.0000433,0.00010600,0.00000880,-4.1858582497e+00,1.3939394057e-01,0.5213,1.9450502396e+00
-0.4450,-0.0009260,0.0000433,0.00010600,0.00000880,-4.1696972847e+00,1.3939394057e-01,0.5223,1.9288892746e+00
-0.4440,-0.0009290,0.0000433,0.00010500,0.00000881,-4.1777777672e+00,1.3935352862e-01,0.5233,1.9369697571e+00
-0.4430,-0.0009210,0.0000433,0.00010500,0.00000880,-4.1454544067e+00,1.3939394057e-01,0.5243,1.9046463966e+00
-0.4420,-0.0009320,0.0000432,0.00010500,0.00000879,-4.1898989677e+00,1.3903030753e-01,0.5253,1.9490909576e+00
-0.4410,-0.0009260,0.0000433,0.00010600,0.00000879,-4.1696972847e+00,1.3943433762e-01,0.5263,1.9288892746e+00
-0.4400,-0.0009280,0.0000432,0.00010500,0.00000879,-4.1737375259e+00,1.3903030753e-01,0.5273,1.9329295158e+00
-0.4390,-0.0009300,0.0000432,0.00010500,0.00000879,-4.1818180084e+00,1.3903030753e-01,0.5283,1.9410099983e+00
-0.4380,-0.0009260,0.0000431,0.00010500,0.00000878,-4.1656565666e+00,1.3866667449e-01,0.5293,1.9248485565e+00
-0.4370,-0.0009290,0.0000431,0.00010500,0.00000878,-4.1777777672e+00,1.3866667449e-01,0.5303,1.9369697571e+00
-0.4360,-0.0009300,0.0000431,0.00010500,0.00000878,-4.1818180084e+00,1.3866667449e-01,0.5313,1.9410099983e+00
-0.4350,-0.0009240,0.0000430,0.00010500,0.00000878,-4.1575760841e+00,1.3826262951e-01,0.5323,1.9167680740e+00
-0.4340,-0.0009290,0.0000429,0.00010500,0.00000878,-4.1777777672e+00,1.3785858452e-01,0.5333,1.9369697571e+00
-0.4330,-0.0009240,0.0000430,0.00010500,0.00000878,-4.1575760841e+00,1.3826262951e-01,0.5343,1.9167680740e+00
-0.4320,-0.0009200,0.0000428,0.00010500,0.00000877,-4.1414141655e+00,1.3749495149e-01,0.5353,1.9006061554e+00
-0.4310,-0.0009330,0.0000429,0.00010500,0.00000876,-4.1939392090e+00,1.3793939352e-01,0.5363,1.9531311989e+00
-0.4300,-0.0009220,0.0000429,0.00010500,0.00000874,-4.1494951248e+00,1.3802020252e-01,0.5373,1.9086871147e+00
-0.4290,-0.0009260,0.0000428,0.00010500,0.00000874,-4.1656565666e+00,1.3761615753e-01,0.5383,1.9248485565e+00
-0.4280,-0.0009270,0.0000428,0.00010500,0.00000874,-4.1696972847e+00,1.3761615753e-01,0.5393,1.9288892746e+00
-0.4270,-0.0009250,0.0000427,0.00010500,0.00000874,-4.1616163254e+00,1.3721212745e-01,0.5403,1.9208083153e+00
-0.4260,-0.0009280,0.0000427,0.00010500,0.00000873,-4.1737375259e+00,1.3725253940e-01,0.5413,1.9329295158e+00
-0.4250,-0.0009270,0.0000426,0.00010500,0.00000873,-4.1696972847e+00,1.3684849441e-01,0.5423,1.9288892746e+00
-0.4240,-0.0009270,0.0000426,0.00010500,0.00000873,-4.1696972847e+00,1.3684849441e-01,0.5433,1.9288892746e+00
-0.4230,-0.0009280,0.0000425,0.00010500,0.00000873,-4.1737375259e+00,1.3644444942e-01,0.5443,1.9329295158e+00
-0.4220,-0.0009270,0.0000425,0.00010500,0.00000872,-4.1696972847e+00,1.3648484647e-01,0.5453,1.9288892746e+00
-0.4210,-0.0009270,0.0000424,0.00010500,0.00000872,-4.1696972847e+00,1.3608081639e-01,0.5463,1.9288892746e+00
-0.4200,-0.0009240,0.0000424,0.00010500,0.00000872,-4.1575760841e+00,1.3608081639e-01,0.5473,1.9167680740e+00
-0.4190,-0.0009260,0.0000423,0.00010500,0.00000872,-4.1656565666e+00,1.3567677140e-01,0.5483,1.9248485565e+00
-0.4180,-0.0009290,0.0000423,0.00010500,0.00000872,-4.1777777672e+00,1.3567677140e-01,0.5493,1.9369697571e+00
-0.4170,-0.0009280,0.0000422,0.00010500,0.00000871,-4.1737375259e+00,1.3531313837e-01,0.5503,1.9329295158e+00
-0.4160,-0.0009230,0.0000421,0.00010500,0.00000871,-4.1535353661e+00,1.3490910828e-01,0.5513,1.9127273560e+00
-0.4150,-0.0009280,0.0000421,0.00010500,0.00000870,-4.1737375259e+00,1.3494949043e-01,0.5523,1.9329295158e+00
-0.4140,-0.0009260,0.0000420,0.00010500,0.00000870,-4.1656565666e+00,1.3454544544e-01,0.5533,1.9248485565e+00
-0.4130,-0.0009240,0.0000419,0.00010500,0.00000870,-4.1575760841e+00,1.3414140046e-01,0.5543,1.9167680740e+00
-0.4120,-0.0009290,0.0000418,0.00010500,0.00000870,-4.1777777672e+00,1.3373738527e-01,0.5553,1.9369697571e+00
-0.4110,-0.0009270,0.0000418,0.00010500,0.00000868,-4.1696972847e+00,1.3381819427e-01,0.5563,1.9288892746e+00
-0.4100,-0.0009250,0.0000417,0.00010500,0.00000866,-4.1616163254e+00,1.3349494338e-01,0.5573,1.9208083153e+00
-0.4090,-0.0009230,0.0000416,0.00010500,0.00000866,-4.1535353661e+00,1.3309089839e-01,0.5583,1.9127273560e+00
-0.4080,-0.0009290,0.0000416,0.00010500,0.00000866,-4.1777777672e+00,1.3309089839e-01,0.5593,1.9369697571e+00
-0.4070,-0.0009260,0.0000415,0.00010500,0.00000865,-4.1656565666e+00,1.3272726536e-01,0.5603,1.9248485565e+00
-0.4060,-0.0009290,0.0000414,0.00010500,0.00000865,-4.1777777672e+00,1.3232322037e-01,0.5613,1.9369697571e+00
-0.4050,-0.0009220,0.0000414,0.00010500,0.00000865,-4.1494951248e+00,1.3232322037e-01,0.5623,1.9086871147e+00
-0.4040,-0.0009270,0.0000412,0.00010500,0.00000865,-4.1696972847e+00,1.3151516020e-01,0.5633,1.9288892746e+00
-0.4030,-0.0009300,0.0000412,0.00010500,0.00000864,-4.1818180084e+00,1.3155555725e-01,0.5643,1.9410099983e+00
-0.4020,-0.0009250,0.0000411,0.00010500,0.00000863,-4.1616163254e+00,1.3119192421e-01,0.5653,1.9208083153e+00
-0.4010,-0.0009260,0.0000409,0.00010500,0.00000862,-4.1656565666e+00,1.3042423129e-01,0.5663,1.9248485565e+00
-0.4000,-0.0009300,0.0000409,0.00010500,0.00000861,-4.1818180084e+00,1.3046464324e-01,0.5673,1.9410099983e+00
-0.3990,-0.0009250,0.0000408,0.00010500,0.00000861,-4.1616163254e+00,1.3006061316e-01,0.5683,1.9208083153e+00
-0.3980,-0.0009320,0.0000407,0.00010500,0.00000861,-4.1898989677e+00,1.2965656817e-01,0.5693,1.9490909576e+00
-0.3970,-0.0009280,0.0000407,0.00010500,0.00000861,-4.1737375259e+00,1.2965656817e-01,0.5703,1.9329295158e+00
-0.3960,-0.0009260,0.0000406,0.00010500,0.00000861,-4.1656565666e+00,1.2925252318e-01,0.5713,1.9248485565e+00
-0.3950,-0.0009320,0.0000405,0.00010400,0.00000861,-4.1858582497e+00,1.2884847820e-01,0.5723,1.9450502396e+00
-0.3940,-0.0009300,0.0000404,0.00010400,0.00000860,-4.1777777672e+00,1.2848484516e-01,0.5733,1.9369697571e+00
-0.3930,-0.0009290,0.0000403,0.00010400,0.00000859,-4.1737370491e+00,1.2812122703e-01,0.5743,1.9329290390e+00
-0.3920,-0.0009320,0.0000401,0.00010400,0.00000858,-4.1858582497e+00,1.2735353410e-01,0.5753,1.9450502396e+00
-0.3910,-0.0009230,0.0000401,0.00010400,0.00000857,-4.1494951248e+00,1.2739393115e-01,0.5763,1.9086871147e+00
-0.3900,-0.0009300,0.0000399,0.00010400,0.00000856,-4.1777777672e+00,1.2662625313e-01,0.5773,1.9369697571e+00
-0.3890,-0.0009310,0.0000399,0.00010400,0.00000855,-4.1818180084e+00,1.2666666508e-01,0.5783,1.9410099983e+00
-0.3880,-0.0009280,0.0000397,0.00010400,0.00000855,-4.1696972847e+00,1.2585859001e-01,0.5793,1.9288892746e+00
-0.3870,-0.0009320,0.0000396,0.00010400,0.00000854,-4.1858582497e+00,1.2549495697e-01,0.5803,1.9450502396e+00
-0.3860,-0.0009310,0.0000396,0.00010400,0.00000852,-4.1818180084e+00,1.2557575107e-01,0.5813,1.9410099983e+00
-0.3850,-0.0009300,0.0000393,0.00010400,0.00000852,-4.1777777672e+00,1.2436363846e-01,0.5823,1.9369697571e+00
-0.3840,-0.0009340,0.0000393,0.00010400,0.00000851,-4.1939392090e+00,1.2440404296e-01,0.5833,1.9531311989e+00
-0.3830,-0.0009300,0.0000392,0.00010400,0.00000850,-4.1777777672e+00,1.2404040992e-01,0.5843,1.9369697571e+00
-0.3820,-0.0009270,0.0000390,0.00010400,0.00000849,-4.1656565666e+00,1.2327272445e-01,0.5853,1.9248485565e+00
-0.3810,-0.0009370,0.0000389,0.00010400,0.00000849,-4.2060608864e+00,1.2286869437e-01,0.5863,1.9652528763e+00
-0.3800,-0.0009290,0.0000388,0.00010400,0.00000848,-4.1737370491e+00,1.2250504643e-01,0.5873,1.9329290390e+00
-0.3790,-0.0009310,0.0000386,0.00010400,0.00000847,-4.1818180084e+00,1.2173736840e-01,0.5883,1.9410099983e+00
-0.3780,-0.0009330,0.0000385,0.00010400,0.00000847,-4.1898989677e+00,1.2133332342e-01,0.5893,1.9490909576e+00
-0.3770,-0.0009320,0.0000384,0.00010400,0.00000846,-4.1858582497e+00,1.2096970528e-01,0.5903,1.9450502396e+00
-0.3760,-0.0009320,0.0000382,0.00010400,0.00000845,-4.1858582497e+00,1.2020202726e-01,0.5913,1.9450502396e+00
-0.3750,-0.0009350,0.0000381,0.00010400,0.00000844,-4.1979799271e+00,1.1983837932e-01,0.5923,1.9571719170e+00
-0.3740,-0.0009330,0.0000380,0.00010400,0.00000844,-4.1898989677e+00,1.1943433434e-01,0.5933,1.9490909576e+00
-0.3730,-0.0009330,0.0000378,0.00010400,0.00000843,-4.1898989677e+00,1.1866666377e-01,0.5943,1.9490909576e+00
-0.3720,-0.0009350,0.0000377,0.00010300,0.00000842,-4.1939392090e+00,1.1830303073e-01,0.5953,1.9531311989e+00
-0.3710,-0.0009320,0.0000376,0.00010300,0.00000841,-4.1818180084e+00,1.1793939024e-01,0.5963,1.9410099983e+00
-0.3700,-0.0009370,0.0000374,0.00010300,0.00000841,-4.2020201683e+00,1.1713132262e-01,0.5973,1.9612121582e+00
-0.3690,-0.0009360,0.0000373,0.00010300,0.00000840,-4.1979799271e+00,1.1676767468e-01,0.5983,1.9571719170e+00
-0.3680,-0.0009320,0.0000372,0.00010300,0.00000839,-4.1818180084e+00,1.1640403420e-01,0.5993,1.9410099983e+00
-0.3670,-0.0009380,0.0000370,0.00010300,0.00000838,-4.2060608864e+00,1.1563637108e-01,0.6003,1.9652528763e+00
-0.3660,-0.0009340,0.0000369,0.00010300,0.00000837,-4.1898989677e+00,1.1527273059e-01,0.6013,1.9490909576e+00
-0.3650,-0.0009410,0.0000367,0.00010300,0.00000836,-4.2181820869e+00,1.1450505257e-01,0.6023,1.9773740768e+00
-0.3640,-0.0009370,0.0000366,0.00010300,0.00000834,-4.2020201683e+00,1.1418180913e-01,0.6033,1.9612121582e+00
-0.3630,-0.0009360,0.0000363,0.00010300,0.00000834,-4.1979799271e+00,1.1296969652e-01,0.6043,1.9571719170e+00
-0.3620,-0.0009440,0.0000363,0.00010300,0.00000833,-4.2303032875e+00,1.1301010102e-01,0.6053,1.9894952774e+00
-0.3610,-0.0009360,0.0000362,0.00010300,0.00000832,-4.1979799271e+00,1.1264646798e-01,0.6063,1.9571719170e+00
-0.3600,-0.0009400,0.0000359,0.00010300,0.00000831,-4.2141413689e+00,1.1147474498e-01,0.6073,1.9733333588e+00
-0.3590,-0.0009380,0.0000357,0.00010300,0.00000831,-4.2060608864e+00,1.1066666245e-01,0.6083,1.9652528763e+00
-0.3580,-0.0009430,0.0000356,0.00010300,0.00000829,-4.2262630463e+00,1.1034342647e-01,0.6093,1.9854550362e+00
-0.3570,-0.0009400,0.0000354,0.00010200,0.00000827,-4.2101011276e+00,1.0961616784e-01,0.6103,1.9692931175e+00
-0.3560,-0.0009420,0.0000353,0.00010200,0.00000827,-4.2181820869e+00,1.0921212286e-01,0.6113,1.9773740768e+00
-0.3550,-0.0009440,0.0000351,0.00010200,0.00000826,-4.2262630463e+00,1.0844445229e-01,0.6123,1.9854550362e+00
-0.3540,-0.0009400,0.0000349,0.00010200,0.00000824,-4.2101011276e+00,1.0771717131e-01,0.6133,1.9692931175e+00
-0.3530,-0.0009410,0.0000347,0.00010200,0.00000823,-4.2141413689e+00,1.0694949329e-01,0.6143,1.9733333588e+00
-0.3520,-0.0009470,0.0000346,0.00010200,0.00000822,-4.2383837700e+00,1.0658586025e-01,0.6153,1.9975757599e+00
-0.3510,-0.0009420,0.0000344,0.00010200,0.00000821,-4.2181820869e+00,1.0581818223e-01,0.6163,1.9773740768e+00
-0.3500,-0.0009430,0.0000342,0.00010200,0.00000820,-4.2222223282e+00,1.0505049676e-01,0.6173,1.9814143181e+00
-0.3490,-0.0009460,0.0000340,0.00010200,0.00000819,-4.2343430519e+00,1.0428283364e-01,0.6183,1.9935350418e+00
-0.3480,-0.0009460,0.0000339,0.00010200,0.00000818,-4.2343430519e+00,1.0391919315e-01,0.6193,1.9935350418e+00
-0.3470,-0.0009410,0.0000336,0.00010200,0.00000817,-4.2141413689e+00,1.0274747759e-01,0.6203,1.9733333588e+00
-0.3460,-0.0009460,0.0000335,0.00010200,0.00000817,-4.2343430519e+00,1.0234344006e-01,0.6213,1.9935350418e+00
-0.3450,-0.0009500,0.0000333,0.00010200,0.00000815,-4.2505049706e+00,1.0161615908e-01,0.6223,2.0096969604e+00
-0.3440,-0.0009470,0.0000331,0.00010100,0.00000814,-4.2343430519e+00,1.0084848851e-01,0.6233,1.9935350418e+00
-0.3430,-0.0009480,0.0000329,0.00010100,0.00000813,-4.2383837700e+00,1.0008080304e-01,0.6243,1.9975757599e+00
-0.3420,-0.0009500,0.0000327,0.00010100,0.00000812,-4.2464647293e+00,9.9313139915e-02,0.6253,2.0056567192e+00
-0.3410,-0.0009500,0.0000325,0.00010100,0.00000811,-4.2464647293e+00,9.8545454443e-02,0.6263,2.0056567192e+00
-0.3400,-0.0009430,0.0000324,0.00010100,0.00000810,-4.2181820869e+00,9.8181813955e-02,0.6273,1.9773740768e+00
-0.3390,-0.0009510,0.0000321,0.00010100,0.00000809,-4.2505049706e+00,9.7010105848e-02,0.6283,2.0096969604e+00
-0.3380,-0.0009500,0.0000319,0.00010100,0.00000809,-4.2464647293e+00,9.6202023327e-02,0.6293,2.0056567192e+00
-0.3370,-0.0009510,0.0000317,0.00010100,0.00000807,-4.2505049706e+00,9.5474749804e-02,0.6303,2.0096969604e+00
-0.3360,-0.0009510,0.0000315,0.00010100,0.00000806,-4.2505049706e+00,9.4707071781e-02,0.6313,2.0096969604e+00
-0.3350,-0.0009520,0.0000313,0.00010100,0.00000805,-4.2545452118e+00,9.3939386308e-02,0.6323,2.0137372017e+00
-0.3340,-0.0009510,0.0000311,0.00010100,0.00000803,-4.2505049706e+00,9.3212127686e-02,0.6333,2.0096969604e+00
-0.3330,-0.0009540,0.0000309,0.00010100,0.00000802,-4.2626261711e+00,9.2444434762e-02,0.6343,2.0218181610e+00
-0.3320,-0.0009520,0.0000307,0.00010100,0.00000801,-4.2545452118e+00,9.1676771641e-02,0.6353,2.0137372017e+00
-0.3310,-0.0009510,0.0000305,0.00010000,0.00000800,-4.2464647293e+00,9.0909093618e-02,0.6363,2.0056567192e+00
-0.3300,-0.0009570,0.0000303,0.00010000,0.00000798,-4.2707071304e+00,9.0181820095e-02,0.6373,2.0298991203e+00
-0.3290,-0.0009550,0.0000301,0.00010100,0.00000795,-4.2666668892e+00,8.9494958520e-02,0.6383,2.0258588791e+00
-0.3280,-0.0009550,0.0000298,0.00010100,0.00000790,-4.2666668892e+00,8.8484846056e-02,0.6393,2.0258588791e+00
-0.3270,-0.0009580,0.0000297,0.00010100,0.00000789,-4.2787880898e+00,8.8121213019e-02,0.6403,2.0379800797e+00
-0.3260,-0.0009550,0.0000295,0.00010100,0.00000790,-4.2666668892e+00,8.7272733450e-02,0.6413,2.0258588791e+00
-0.3250,-0.0009580,0.0000292,0.00010000,0.00000790,-4.2747473717e+00,8.6060605943e-02,0.6423,2.0339393616e+00
-0.3240,-0.0009610,0.0000290,0.00010000,0.00000789,-4.2868685722e+00,8.5292935371e-02,0.6433,2.0460605621e+00
-0.3230,-0.0009560,0.0000288,0.00010000,0.00000788,-4.2666668892e+00,8.4525249898e-02,0.6443,2.0258588791e+00
-0.3220,-0.0009590,0.0000286,0.00009990,0.00000788,-4.2783842087e+00,8.3717167377e-02,0.6453,2.0375761986e+00
-0.3210,-0.0009590,0.0000284,0.00009980,0.00000787,-4.2779798508e+00,8.2949489355e-02,0.6463,2.0371718407e+00
-0.3200,-0.0009600,0.0000282,0.00009980,0.00000785,-4.2820200920e+00,8.2222223282e-02,0.6473,2.0412120819e+00
-0.3190,-0.0009590,0.0000279,0.00009960,0.00000785,-4.2771716118e+00,8.1010103226e-02,0.6483,2.0363636017e+00
-0.3180,-0.0009600,0.0000277,0.00009930,0.00000784,-4.2800002098e+00,8.0242417753e-02,0.6493,2.0391921997e+00
-0.3170,-0.0009610,0.0000274,0.00009930,0.00000783,-4.2840404510e+00,7.9070702195e-02,0.6503,2.0432324409e+00
-0.3160,-0.0009630,0.0000273,0.00009920,0.00000782,-4.2917170525e+00,7.8707076609e-02,0.6513,2.0509090424e+00
-0.3150,-0.0009610,0.0000270,0.00009910,0.00000780,-4.2832326889e+00,7.7575758100e-02,0.6523,2.0424246788e+00
-0.3140,-0.0009610,0.0000268,0.00009900,0.00000779,-4.2828278542e+00,7.6808080077e-02,0.6533,2.0420198441e+00
-0.3130,-0.0009640,0.0000266,0.00009900,0.00000778,-4.2949490547e+00,7.6040409505e-02,0.6543,2.0541410446e+00
-0.3120,-0.0009630,0.0000263,0.00009880,0.00000777,-4.2901010513e+00,7.4868693948e-02,0.6553,2.0492930412e+00
-0.3110,-0.0009650,0.0000261,0.00009860,0.00000775,-4.2973742485e+00,7.4141420424e-02,0.6563,2.0565662384e+00
-0.3100,-0.0009630,0.0000259,0.00009850,0.00000774,-4.2888889313e+00,7.3373742402e-02,0.6573,2.0480809212e+00
-0.3090,-0.0009640,0.0000257,0.00009830,0.00000773,-4.2921214104e+00,7.2606064379e-02,0.6583,2.0513134003e+00
-0.3080,-0.0009660,0.0000254,0.00009820,0.00000772,-4.2997984886e+00,7.1434348822e-02,0.6593,2.0589904785e+00
-0.3070,-0.0009670,0.0000253,0.00009830,0.00000770,-4.3042426109e+00,7.1111105382e-02,0.6603,2.0634346008e+00
-0.3060,-0.0009630,0.0000250,0.00009800,0.00000769,-4.2868690491e+00,6.9939389825e-02,0.6613,2.0460610390e+00
-0.3050,-0.0009700,0.0000247,0.00009780,0.00000768,-4.3143434525e+00,6.8767674267e-02,0.6623,2.0735354424e+00
-0.3040,-0.0009700,0.0000246,0.00009760,0.00000767,-4.3135352135e+00,6.8404041231e-02,0.6633,2.0727272034e+00
-0.3030,-0.0009660,0.0000243,0.00009750,0.00000765,-4.2969698906e+00,6.7272722721e-02,0.6643,2.0561618805e+00
-0.3020,-0.0009680,0.0000241,0.00009740,0.00000764,-4.3046464920e+00,6.6505044699e-02,0.6653,2.0638384819e+00
-0.3010,-0.0009690,0.0000239,0.00009730,0.00000763,-4.3082828522e+00,6.5737374127e-02,0.6663,2.0674748421e+00
-0.3000,-0.0009690,0.0000236,0.00009720,0.00000762,-4.3078784943e+00,6.4565658569e-02,0.6673,2.0670704842e+00
-0.2990,-0.0009700,0.0000234,0.00009700,0.00000760,-4.3111109734e+00,6.3838385046e-02,0.6683,2.0703029633e+00
-0.2980,-0.0009690,0.0000233,0.00009690,0.00000759,-4.3066663742e+00,6.3474744558e-02,0.6693,2.0658583641e+00
-0.2970,-0.0009680,0.0000229,0.00009680,0.00000757,-4.3022222519e+00,6.1939388514e-02,0.6703,2.0614142418e+00
-0.2960,-0.0009670,0.0000227,0.00009670,0.00000756,-4.2977781296e+00,6.1171717942e-02,0.6713,2.0569701195e+00
-0.2950,-0.0009730,0.0000225,0.00009660,0.00000755,-4.3216161728e+00,6.0404039919e-02,0.6723,2.0808081627e+00
-0.2940,-0.0009670,0.0000223,0.00009660,0.00000753,-4.2973742485e+00,5.9676773846e-02,0.6733,2.0565662384e+00
-0.2930,-0.0009700,0.0000220,0.00009630,0.00000753,-4.3082828522e+00,5.8464650065e-02,0.6743,2.0674748421e+00
-0.2920,-0.0009720,0.0000218,0.00009610,0.00000752,-4.3155555725e+00,5.7696968317e-02,0.6753,2.0747475624e+00
-0.2910,-0.0009690,0.0000216,0.00009600,0.00000750,-4.3030300140e+00,5.6969702244e-02,0.6763,2.0622220039e+00
-0.2900,-0.0009710,0.0000213,0.00009580,0.00000749,-4.3103027344e+00,5.5797982961e-02,0.6773,2.0694947243e+00
-0.2890,-0.0009730,0.0000212,0.00009570,0.00000747,-4.3179798126e+00,5.5474746972e-02,0.6783,2.0771718025e+00
-0.2880,-0.0009690,0.0000209,0.00009560,0.00000746,-4.3014140129e+00,5.4303035140e-02,0.6793,2.0606060028e+00
-0.2870,-0.0009760,0.0000208,0.00009550,0.00000745,-4.3292927742e+00,5.3939394653e-02,0.6803,2.0884847641e+00
-0.2860,-0.0009720,0.0000205,0.00009540,0.00000744,-4.3127269745e+00,5.2767679095e-02,0.6813,2.0719189644e+00
-0.2850,-0.0009720,0.0000203,0.00009530,0.00000742,-4.3123230934e+00,5.2040405571e-02,0.6823,2.0715150833e+00
-0.2840,-0.0009760,0.0000201,0.00009520,0.00000741,-4.3280806541e+00,5.1272727549e-02,0.6833,2.0872726440e+00
-0.2830,-0.0009720,0.0000198,0.00009500,0.00000740,-4.3111109734e+00,5.0101008266e-02,0.6843,2.0703029633e+00
-0.2820,-0.0009750,0.0000196,0.00009490,0.00000739,-4.3228282928e+00,4.9333333969e-02,0.6853,2.0820202827e+00
-0.2810,-0.0009760,0.0000195,0.00009480,0.00000738,-4.3264646530e+00,4.8969693482e-02,0.6863,2.0856566429e+00
-0.2800,-0.0009730,0.0000192,0.00009460,0.00000736,-4.3135352135e+00,4.7838386148e-02,0.6873,2.0727272034e+00
-0.2790,-0.0009750,0.0000190,0.00009450,0.00000735,-4.3212122917e+00,4.7070704401e-02,0.6883,2.0804042816e+00
-0.2780,-0.0009750,0.0000188,0.00009440,0.00000734,-4.3208079338e+00,4.6303026378e-02,0.6893,2.0799999237e+00
-0.2770,-0.0009750,0.0000185,0.00009420,0.00000733,-4.3200001717e+00,4.5131318271e-02,0.6903,2.0791921616e+00
-0.2760,-0.0009760,0.0000184,0.00009410,0.00000732,-4.3236365318e+00,4.4767677784e-02,0.6913,2.0828285217e+00
-0.2750,-0.0009740,0.0000182,0.00009400,0.00000731,-4.3151516914e+00,4.3999999762e-02,0.6923,2.0743436813e+00
-0.2740,-0.0009690,0.0000180,0.00009380,0.00000729,-4.2941412926e+00,4.3272729963e-02,0.6933,2.0533332825e+00
-0.2730,-0.0009780,0.0000177,0.00009370,0.00000728,-4.3301010132e+00,4.2101014405e-02,0.6943,2.0892930031e+00
-0.2720,-0.0009780,0.0000176,0.00009350,0.00000727,-4.3292927742e+00,4.1737370193e-02,0.6953,2.0884847641e+00
-0.2710,-0.0009710,0.0000174,0.00009350,0.00000725,-4.3010101318e+00,4.1010096669e-02,0.6963,2.0602021217e+00
-0.2700,-0.0009740,0.0000171,0.00009340,0.00000724,-4.3127269745e+00,3.9838381112e-02,0.6973,2.0719189644e+00
-0.2690,-0.0009770,0.0000170,0.00009340,0.00000722,-4.3248486519e+00,3.9515152574e-02,0.6983,2.0840406418e+00
-0.2680,-0.0009700,0.0000168,0.00009330,0.00000721,-4.2961616516e+00,3.8747478276e-02,0.6993,2.0553536415e+00
-0.2670,-0.0009740,0.0000165,0.00009300,0.00000720,-4.3111109734e+00,3.7575758994e-02,0.7003,2.0703029633e+00
-0.2660,-0.0009760,0.0000164,0.00009300,0.00000719,-4.3191919327e+00,3.7212122232e-02,0.7013,2.0783839226e+00
-0.2650,-0.0009730,0.0000162,0.00009280,0.00000718,-4.3062624931e+00,3.6444440484e-02,0.7023,2.0654544830e+00
-0.2640,-0.0009750,0.0000160,0.00009260,0.00000717,-4.3135352135e+00,3.5676769912e-02,0.7033,2.0727272034e+00
-0.2630,-0.0009730,0.0000158,0.00009260,0.00000716,-4.3054542542e+00,3.4909088165e-02,0.7043,2.0646462440e+00
-0.2620,-0.0009740,0.0000157,0.00009260,0.00000715,-4.3094949722e+00,3.4545451403e-02,0.7053,2.0686869621e+00
-0.2610,-0.0009700,0.0000155,0.00009240,0.00000714,-4.2925248146e+00,3.3777777106e-02,0.7063,2.0517168045e+00
-0.2600,-0.0009700,0.0000153,0.00009230,0.00000713,-4.2921209335e+00,3.3010102808e-02,0.7073,2.0513129234e+00
-0.2590,-0.0009730,0.0000151,0.00009220,0.00000712,-4.3038382530e+00,3.2242424786e-02,0.7083,2.0630302429e+00
-0.2580,-0.0009700,0.0000149,0.00009200,0.00000711,-4.2909088135e+00,3.1474750489e-02,0.7093,2.0501008034e+00
-0.2570,-0.0009720,0.0000148,0.00009200,0.00000709,-4.2989897728e+00,3.1151512638e-02,0.7103,2.0581817627e+00
-0.2560,-0.0009680,0.0000146,0.00009200,0.00000708,-4.2828278542e+00,3.0383838341e-02,0.7113,2.0420198441e+00
-0.2550,-0.0009690,0.0000144,0.00009190,0.00000708,-4.2864646912e+00,2.9575755820e-02,0.7123,2.0456566811e+00
-0.2540,-0.0009690,0.0000142,0.00009170,0.00000706,-4.2856569290e+00,2.8848484159e-02,0.7133,2.0448489189e+00
-0.2530,-0.0009690,0.0000141,0.00009160,0.00000705,-4.2852520943e+00,2.8484849259e-02,0.7143,2.0444440842e+00
-0.2520,-0.0009670,0.0000138,0.00009150,0.00000704,-4.2767677307e+00,2.7313129976e-02,0.7153,2.0359597206e+00
-0.2510,-0.0009640,0.0000137,0.00009140,0.00000703,-4.2642426491e+00,2.6949495077e-02,0.7163,2.0234346390e+00
-0.2500,-0.0009680,0.0000136,0.00009130,0.00000702,-4.2800002098e+00,2.6585858315e-02,0.7173,2.0391921997e+00
-0.2490,-0.0009640,0.0000134,0.00009120,0.00000701,-4.2634344101e+00,2.5818182155e-02,0.7183,2.0226264000e+00
-0.2480,-0.0009630,0.0000132,0.00009100,0.00000700,-4.2585859299e+00,2.5050502270e-02,0.7193,2.0177779198e+00
-0.2470,-0.0009660,0.0000131,0.00009100,0.00000699,-4.2707071304e+00,2.4686867371e-02,0.7203,2.0298991203e+00
-0.2460,-0.0009630,0.0000129,0.00009090,0.00000698,-4.2581815720e+00,2.3919193074e-02,0.7213,2.0173735619e+00
-0.2450,-0.0009620,0.0000128,0.00009080,0.00000696,-4.2537374496e+00,2.3595960811e-02,0.7223,2.0129294395e+00
-0.2440,-0.0009600,0.0000126,0.00009070,0.00000695,-4.2452526093e+00,2.2828284651e-02,0.7233,2.0044445992e+00
-0.2430,-0.0009640,0.0000125,0.00009060,0.00000694,-4.2610101700e+00,2.2464646026e-02,0.7243,2.0202021599e+00
-0.2420,-0.0009620,0.0000123,0.00009060,0.00000693,-4.2529292107e+00,2.1696969867e-02,0.7253,2.0121212006e+00
-0.2410,-0.0009610,0.0000122,0.00009060,0.00000692,-4.2488889694e+00,2.1333333105e-02,0.7263,2.0080809593e+00
-0.2400,-0.0009580,0.0000120,0.00009050,0.00000691,-4.2363638878e+00,2.0565656945e-02,0.7273,1.9955558777e+00
-0.2390,-0.0009570,0.0000119,0.00009040,0.00000691,-4.2319192886e+00,2.0161613822e-02,0.7283,1.9911112785e+00
-0.2380,-0.0009490,0.0000118,0.00009030,0.00000690,-4.1991920471e+00,1.9797980785e-02,0.7293,1.9583840370e+00
-0.2370,-0.0009540,0.0000116,0.00009020,0.00000690,-4.2189898491e+00,1.8989900127e-02,0.7303,1.9781818390e+00
-0.2360,-0.0009540,0.0000115,0.00009010,0.00000689,-4.2185859680e+00,1.8626263365e-02,0.7313,1.9777779579e+00
-0.2350,-0.0009480,0.0000113,0.00008990,0.00000688,-4.1935353279e+00,1.7858585343e-02,0.7323,1.9527273178e+00
-0.2340,-0.0009500,0.0000112,0.00008980,0.00000687,-4.2012119293e+00,1.7494948581e-02,0.7333,1.9604039192e+00
-0.2330,-0.0009520,0.0000111,0.00008980,0.00000686,-4.2092928886e+00,1.7131311819e-02,0.7343,1.9684848785e+00
-0.2320,-0.0009460,0.0000109,0.00008970,0.00000685,-4.1846461296e+00,1.6363637522e-02,0.7353,1.9438381195e+00
-0.2310,-0.0009480,0.0000108,0.00008960,0.00000684,-4.1923232079e+00,1.6000002623e-02,0.7363,1.9515151978e+00
-0.2300,-0.0009410,0.0000107,0.00008960,0.00000683,-4.1640405655e+00,1.5636362135e-02,0.7373,1.9232325554e+00
-0.2290,-0.0009470,0.0000106,0.00008940,0.00000682,-4.1874747276e+00,1.5272725374e-02,0.7383,1.9466667175e+00
-0.2280,-0.0009340,0.0000105,0.00008930,0.00000682,-4.1345453262e+00,1.4868685976e-02,0.7393,1.8937373161e+00
-0.2270,-0.0009430,0.0000103,0.00008920,0.00000681,-4.1705055237e+00,1.4101011679e-02,0.7403,1.9296975136e+00
-0.2260,-0.0009400,0.0000102,0.00008910,0.00000680,-4.1579799652e+00,1.3737375848e-02,0.7413,1.9171719551e+00
-0.2250,-0.0009360,0.0000101,0.00008910,0.00000679,-4.1418180466e+00,1.3373735361e-02,0.7423,1.9010100365e+00
-0.2240,-0.0009360,0.0000099,0.00008900,0.00000679,-4.1414141655e+00,1.2646462768e-02,0.7433,1.9006061554e+00
-0.2230,-0.0009330,0.0000099,0.00008890,0.00000678,-4.1288886070e+00,1.2404041365e-02,0.7443,1.8880805969e+00
-0.2220,-0.0009310,0.0000097,0.00008880,0.00000677,-4.1204037666e+00,1.1878789403e-02,0.7453,1.8795957565e+00
-0.2210,-0.0009300,0.0000096,0.00008870,0.00000676,-4.1159596443e+00,1.1636363342e-02,0.7463,1.8751516342e+00
-0.2200,-0.0009260,0.0000095,0.00008870,0.00000675,-4.0997982025e+00,1.1030302383e-02,0.7473,1.8589901924e+00
-0.2190,-0.0009270,0.0000094,0.00008860,0.00000674,-4.1034345627e+00,1.0666665621e-02,0.7483,1.8626265526e+00
-0.2180,-0.0009220,0.0000093,0.00008860,0.00000673,-4.0832324028e+00,1.0545454919e-02,0.7493,1.8424243927e+00
-0.2170,-0.0009230,0.0000091,0.00008860,0.00000673,-4.0872726440e+00,9.7777750343e-03,0.7503,1.8464646339e+00
-0.2160,-0.0009150,0.0000091,0.00008840,0.00000672,-4.0541410446e+00,9.6161626279e-03,0.7513,1.8133330345e+00
-0.2150,-0.0009190,0.0000089,0.00008840,0.00000671,-4.0703029633e+00,9.0505052358e-03,0.7523,1.8294949532e+00
-0.2140,-0.0009150,0.0000089,0.00008840,0.00000670,-4.0541410446e+00,8.7272720411e-03,0.7533,1.8133330345e+00
-0.2130,-0.0009120,0.0000088,0.00008830,0.00000670,-4.0416164398e+00,8.3636362106e-03,0.7543,1.8008084297e+00
-0.2120,-0.0009080,0.0000087,0.00008820,0.00000669,-4.0250506401e+00,7.9595958814e-03,0.7553,1.7842426300e+00
-0.2110,-0.0009070,0.0000086,0.00008810,0.00000668,-4.0206060410e+00,7.6767690480e-03,0.7563,1.7797980309e+00
-0.2100,-0.0009030,0.0000085,0.00008800,0.00000667,-4.0040402412e+00,7.2727259248e-03,0.7573,1.7632322311e+00
-0.2090,-0.0008990,0.0000084,0.00008790,0.00000667,-3.9874744415e+00,6.8686860614e-03,0.7583,1.7466664314e+00
-0.2080,-0.0009010,0.0000083,0.00008790,0.00000666,-3.9955554008e+00,6.6666677594e-03,0.7593,1.7547473907e+00
-0.2070,-0.0008920,0.0000082,0.00008790,0.00000665,-3.9591920376e+00,6.1818170361e-03,0.7603,1.7183840275e+00
-0.2060,-0.0008950,0.0000081,0.00008780,0.00000665,-3.9709091187e+00,5.8181807399e-03,0.7613,1.7301011086e+00
-0.2050,-0.0008900,0.0000080,0.00008790,0.00000664,-3.9511110783e+00,5.6161610410e-03,0.7623,1.7103030682e+00
-0.2040,-0.0008840,0.0000079,0.00008800,0.00000664,-3.9272725582e+00,5.0909104757e-03,0.7633,1.6864645481e+00
-0.2030,-0.0008870,0.0000079,0.00008780,0.00000663,-3.9385857582e+00,4.9696960486e-03,0.7643,1.6977777481e+00
-0.2020,-0.0008810,0.0000078,0.00008770,0.00000662,-3.9139394760e+00,4.8080813140e-03,0.7653,1.6731314659e+00
-0.2010,-0.0008780,0.0000077,0.00008770,0.00000661,-3.9018182755e+00,4.2424234562e-03,0.7663,1.6610102654e+00
-0.2000,-0.0008740,0.0000076,0.00008760,0.00000660,-3.8852524757e+00,4.2020217516e-03,0.7673,1.6444444656e+00
-0.1990,-0.0008700,0.0000075,0.00008760,0.00000660,-3.8690907955e+00,3.5555565264e-03,0.7683,1.6282827854e+00
-0.1980,-0.0008680,0.0000074,0.00008760,0.00000659,-3.8610098362e+00,3.3535365947e-03,0.7693,1.6202018261e+00
-0.1970,-0.0008650,0.0000074,0.00008750,0.00000659,-3.8484849930e+00,3.1515148003e-03,0.7703,1.6076769829e+00
-0.1960,-0.0008600,0.0000073,0.00008750,0.00000658,-3.8282828331e+00,2.7878787369e-03,0.7713,1.5874748230e+00
-0.1950,-0.0008590,0.0000072,0.00008760,0.00000657,-3.8246464729e+00,2.7070697397e-03,0.7723,1.5838384628e+00
-0.1940,-0.0008520,0.0000071,0.00008760,0.00000657,-3.7963638306e+00,2.2626263089e-03,0.7733,1.5555558205e+00
-0.1930,-0.0008520,0.0000071,0.00008750,0.00000656,-3.7959597111e+00,2.0606045146e-03,0.7743,1.5551517010e+00
-0.1920,-0.0008460,0.0000070,0.00008760,0.00000656,-3.7721211910e+00,1.7777773319e-03,0.7753,1.5313131809e+00
-0.1910,-0.0008430,0.0000069,0.00008760,0.00000655,-3.7599999905e+00,1.5757574001e-03,0.7763,1.5191919804e+00
-0.1900,-0.0008380,0.0000069,0.00008760,0.00000654,-3.7397978306e+00,1.2929303339e-03,0.7773,1.4989898205e+00
-0.1890,-0.0008330,0.0000068,0.00008750,0.00000654,-3.7191920280e+00,1.2121212203e-03,0.7783,1.4783840179e+00
-0.1880,-0.0008270,0.0000067,0.00008760,0.00000653,-3.6953535080e+00,7.2727235965e-04,0.7793,1.4545454979e+00
-0.1870,-0.0008260,0.0000067,0.00008750,0.00000652,-3.6909089088e+00,5.6565611158e-04,0.7803,1.4501008987e+00
-0.1860,-0.0008180,0.0000067,0.00008760,0.00000652,-3.6589899063e+00,5.6565611158e-04,0.7813,1.4181818962e+00
-0.1850,-0.0008170,0.0000065,0.00008770,0.00000651,-3.6553535461e+00,1.2121267355e-04,0.7823,1.4145455360e+00
-0.1840,-0.0008130,0.0000065,0.00008770,0.00000651,-3.6391918659e+00,0.0000000000e+00,0.7833,1.3983838558e+00
-0.1830,-0.0008080,0.0000064,0.00008770,0.00000650,-3.6189897060e+00,-2.4242351355e-04,0.7843,1.3781816959e+00
-0.1820,-0.0008030,0.0000064,0.00008780,0.00000649,-3.5991921425e+00,-4.0403980529e-04,0.7853,1.3583841324e+00
-0.1810,-0.0007960,0.0000063,0.00008780,0.00000649,-3.5709090233e+00,-6.4646516694e-04,0.7863,1.3301010132e+00
-0.1800,-0.0007920,0.0000063,0.00008780,0.00000649,-3.5547473431e+00,-7.6767598512e-04,0.7873,1.3139393330e+00
-0.1790,-0.0007860,0.0000062,0.00008780,0.00000648,-3.5305051804e+00,-1.0505049722e-03,0.7883,1.2896971703e+00
-0.1780,-0.0007820,0.0000062,0.00008790,0.00000648,-3.5147473812e+00,-1.1717176531e-03,0.7893,1.2739393711e+00
-0.1770,-0.0007760,0.0000061,0.00008780,0.00000648,-3.4901008606e+00,-1.4141411521e-03,0.7903,1.2492928505e+00
-0.1760,-0.0007730,0.0000061,0.00008790,0.00000647,-3.4783840179e+00,-1.6565646511e-03,0.7913,1.2375760078e+00
-0.1750,-0.0007650,0.0000061,0.00008800,0.00000647,-3.4464645386e+00,-1.6969683347e-03,0.7923,1.2056565285e+00
-0.1740,-0.0007620,0.0000060,0.00008800,0.00000646,-3.4343433380e+00,-1.7373737646e-03,0.7933,1.1935353279e+00
-0.1730,-0.0007550,0.0000059,0.00008810,0.00000646,-3.4064648151e+00,-2.0606063772e-03,0.7943,1.1656568050e+00
-0.1720,-0.0007520,0.0000059,0.00008820,0.00000645,-3.3947474957e+00,-2.2626263089e-03,0.7953,1.1539394855e+00
-0.1710,-0.0007460,0.0000059,0.00008810,0.00000645,-3.3701007366e+00,-2.1414135117e-03,0.7963,1.1292927265e+00
-0.1700,-0.0007370,0.0000058,0.00008830,0.00000645,-3.3345453739e+00,-2.5454552379e-03,0.7973,1.0937373638e+00
-0.1690,-0.0007340,0.0000058,0.00008840,0.00000644,-3.3228282928e+00,-2.6666678023e-03,0.7983,1.0820202827e+00
-0.1680,-0.0007270,0.0000058,0.00008850,0.00000644,-3.2949495316e+00,-2.7878787369e-03,0.7993,1.0541415215e+00
-0.1670,-0.0007210,0.0000058,0.00008860,0.00000643,-3.2711110115e+00,-2.6666678023e-03,0.8003,1.0303030014e+00
-0.1660,-0.0007150,0.0000057,0.00008870,0.00000642,-3.2472724915e+00,-3.0303022359e-03,0.8013,1.0064644814e+00
-0.1650,-0.0007080,0.0000057,0.00008870,0.00000641,-3.2189896107e+00,-3.0303022359e-03,0.8023,9.7818160057e-01
-0.1640,-0.0007030,0.0000056,0.00008880,0.00000641,-3.1991918087e+00,-3.1919186004e-03,0.8033,9.5838379860e-01
-0.1630,-0.0006960,0.0000056,0.00008880,0.00000640,-3.1709089279e+00,-3.3535347320e-03,0.8043,9.3010091782e-01
-0.1620,-0.0006900,0.0000056,0.00008890,0.00000640,-3.1470706463e+00,-3.3939401619e-03,0.8053,9.0626263618e-01
-0.1610,-0.0006820,0.0000055,0.00008910,0.00000640,-3.1155555248e+00,-3.4343439620e-03,0.8063,8.7474751472e-01
-0.1600,-0.0006760,0.0000055,0.00008920,0.00000640,-3.0917172432e+00,-3.6363636609e-03,0.8073,8.5090923309e-01
-0.1590,-0.0006670,0.0000054,0.00008940,0.00000639,-3.0561616421e+00,-3.8383835927e-03,0.8083,8.1535363197e-01
-0.1580,-0.0006640,0.0000054,0.00008940,0.00000639,-3.0440402031e+00,-3.8383835927e-03,0.8093,8.0323219299e-01
-0.1570,-0.0006550,0.0000054,0.00008960,0.00000638,-3.0084846020e+00,-3.8383835927e-03,0.8103,7.6767659187e-01
-0.1560,-0.0006460,0.0000054,0.00008970,0.00000638,-2.9725251198e+00,-4.0808073245e-03,0.8113,7.3171710968e-01
-0.1550,-0.0006440,0.0000054,0.00008990,0.00000638,-2.9652526379e+00,-4.0808073245e-03,0.8123,7.2444462776e-01
-0.1540,-0.0006330,0.0000053,0.00009010,0.00000638,-2.9216160774e+00,-4.2424234562e-03,0.8133,6.8080806732e-01
-0.1530,-0.0006260,0.0000053,0.00009030,0.00000638,-2.8941414356e+00,-4.3232324533e-03,0.8143,6.5333342552e-01
-0.1520,-0.0006210,0.0000053,0.00009030,0.00000637,-2.8739395142e+00,-4.3232324533e-03,0.8153,6.3313150406e-01
-0.1510,-0.0006120,0.0000053,0.00009040,0.00000637,-2.8379797935e+00,-4.3636360206e-03,0.8163,5.9717178345e-01
-0.1500,-0.0006040,0.0000052,0.00009060,0.00000636,-2.8064646721e+00,-4.6060616150e-03,0.8173,5.6565666199e-01
-0.1490,-0.0005980,0.0000052,0.00009070,0.00000636,-2.7826263905e+00,-4.5656561852e-03,0.8183,5.4181838036e-01
-0.1480,-0.0005860,0.0000052,0.00009080,0.00000636,-2.7345454693e+00,-4.5656561852e-03,0.8193,4.9373745918e-01
-0.1470,-0.0005830,0.0000052,0.00009100,0.00000636,-2.7232322693e+00,-4.8080813140e-03,0.8203,4.8242425919e-01
-0.1460,-0.0005760,0.0000052,0.00009110,0.00000636,-2.6953535080e+00,-4.7272723168e-03,0.8213,4.5454549789e-01
-0.1450,-0.0005650,0.0000052,0.00009120,0.00000635,-2.6513130665e+00,-4.8080813140e-03,0.8223,4.1050505638e-01
-0.1440,-0.0005580,0.0000051,0.00009130,0.00000635,-2.6234343052e+00,-5.0505050458e-03,0.8233,3.8262629509e-01
-0.1430,-0.0005510,0.0000052,0.00009160,0.00000635,-2.5963635445e+00,-4.8484848812e-03,0.8243,3.5555553436e-01
-0.1420,-0.0005420,0.0000051,0.00009170,0.00000634,-2.5604040623e+00,-5.0505050458e-03,0.8253,3.1959605217e-01
-0.1410,-0.0005340,0.0000051,0.00009200,0.00000634,-2.5292928219e+00,-5.1717157476e-03,0.8263,2.8848481178e-01
-0.1400,-0.0005270,0.0000051,0.00009220,0.00000634,-2.5018181801e+00,-5.0909086131e-03,0.8273,2.6101016998e-01
-0.1390,-0.0005180,0.0000051,0.00009230,0.00000634,-2.4658584595e+00,-5.0909086131e-03,0.8283,2.2505044937e-01
-0.1380,-0.0005110,0.0000050,0.00009260,0.00000633,-2.4387879372e+00,-5.2929283120e-03,0.8293,1.9797992706e-01
-0.1370,-0.0005020,0.0000050,0.00009280,0.00000633,-2.4032323360e+00,-5.2121211775e-03,0.8303,1.6242432594e-01
-0.1360,-0.0004930,0.0000050,0.00009310,0.00000632,-2.3680808544e+00,-5.2525247447e-03,0.8313,1.2727284431e-01
-0.1350,-0.0004850,0.0000050,0.00009340,0.00000632,-2.3369696140e+00,-5.4141413420e-03,0.8323,9.6161603928e-02
-0.1340,-0.0004770,0.0000050,0.00009370,0.00000632,-2.3058586121e+00,-5.3737373091e-03,0.8333,6.5050601959e-02
-0.1330,-0.0004680,0.0000050,0.00009390,0.00000632,-2.2703032494e+00,-5.3737373091e-03,0.8343,2.9495239258e-02
-0.1320,-0.0004580,0.0000049,0.00009410,0.00000632,-2.2307071686e+00,-5.6161610410e-03,0.8353,1.0100841522e-02
-0.1310,-0.0004520,0.0000050,0.00009440,0.00000631,-2.2076768875e+00,-5.4545467719e-03,0.8363,3.3131122589e-02
-0.1300,-0.0004430,0.0000049,0.00009460,0.00000631,-2.1721212864e+00,-5.4949503392e-03,0.8373,6.8686723709e-02
-0.1290,-0.0004330,0.0000049,0.00009470,0.00000631,-2.1321213245e+00,-5.6565664709e-03,0.8383,1.0868668556e-01
-0.1280,-0.0004260,0.0000049,0.00009500,0.00000631,-2.1050505638e+00,-5.6565664709e-03,0.8393,1.3575744629e-01
-0.1270,-0.0004170,0.0000049,0.00009520,0.00000631,-2.0694949627e+00,-5.6161629036e-03,0.8403,1.7131304741e-01
-0.1260,-0.0004070,0.0000049,0.00009540,0.00000630,-2.0298988819e+00,-5.7373754680e-03,0.8413,2.1090912819e-01
-0.1250,-0.0004010,0.0000049,0.00009560,0.00000630,-2.0064647198e+00,-5.6161629036e-03,0.8423,2.3434329033e-01
-0.1240,-0.0003890,0.0000049,0.00009600,0.00000630,-1.9595959187e+00,-5.6969700381e-03,0.8433,2.8121209145e-01
-0.1230,-0.0003820,0.0000049,0.00009620,0.00000630,-1.9321212769e+00,-5.8181826025e-03,0.8443,3.0868673325e-01
-0.1220,-0.0003740,0.0000049,0.00009640,0.00000630,-1.9006060362e+00,-5.7777790353e-03,0.8453,3.4020197392e-01
-0.1210,-0.0003640,0.0000049,0.00009680,0.00000630,-1.8618181944e+00,-5.8181826025e-03,0.8463,3.7898981571e-01
-0.1200,-0.0003560,0.0000049,0.00009690,0.00000629,-1.8298990726e+00,-5.8181807399e-03,0.8473,4.1090893745e-01
-0.1190,-0.0003470,0.0000048,0.00009720,0.00000629,-1.7947474718e+00,-5.8989902027e-03,0.8483,4.4606053829e-01
-0.1180,-0.0003390,0.0000048,0.00009760,0.00000629,-1.7640404701e+00,-5.9393937699e-03,0.8493,4.7676753998e-01
-0.1170,-0.0003290,0.0000049,0.00009780,0.00000628,-1.7244443893e+00,-5.7777771726e-03,0.8503,5.1636362076e-01
-0.1160,-0.0003200,0.0000048,0.00009810,0.00000628,-1.6892929077e+00,-5.9393937699e-03,0.8513,5.5151510239e-01
-0.1150,-0.0003140,0.0000048,0.00009850,0.00000628,-1.6666666269e+00,-5.9797973372e-03,0.8523,5.7414138317e-01
-0.1140,-0.0003030,0.0000048,0.00009870,0.00000628,-1.6230303049e+00,-5.8989902027e-03,0.8533,6.1777770519e-01
-0.1130,-0.0002950,0.0000048,0.00009900,0.00000627,-1.5919191837e+00,-6.0202027671e-03,0.8543,6.4888882637e-01
-0.1120,-0.0002870,0.0000048,0.00009930,0.00000627,-1.5608080626e+00,-5.9797991998e-03,0.8553,6.7999994755e-01
-0.1110,-0.0002780,0.0000048,0.00009960,0.00000627,-1.5256565809e+00,-5.9797991998e-03,0.8563,7.1515142918e-01
-0.1100,-0.0002690,0.0000048,0.00009980,0.00000627,-1.4901010990e+00,-6.1010099016e-03,0.8573,7.5070691109e-01
-0.1090,-0.0002630,0.0000048,0.00010000,0.00000627,-1.4666666985e+00,-6.0202027671e-03,0.8583,7.7414131165e-01
-0.1080,-0.0002520,0.0000048,0.00010100,0.00000626,-1.4262626171e+00,-5.9797991998e-03,0.8593,8.1454539299e-01
-0.1070,-0.0002460,0.0000048,0.00010100,0.00000626,-1.4020203352e+00,-6.0606063344e-03,0.8603,8.3878767490e-01
-0.1060,-0.0002360,0.0000048,0.00010100,0.00000625,-1.3616161346e+00,-6.0202009045e-03,0.8613,8.7919187546e-01
-0.1050,-0.0002280,0.0000047,0.00010100,0.00000625,-1.3292928934e+00,-6.0606063344e-03,0.8623,9.1151511669e-01
-0.1040,-0.0002200,0.0000047,0.00010200,0.00000625,-1.3010101318e+00,-6.0606063344e-03,0.8633,9.3979787827e-01
-0.1030,-0.0002120,0.0000047,0.00010200,0.00000625,-1.2686868906e+00,-6.1414134689e-03,0.8643,9.7212111950e-01
-0.1020,-0.0002030,0.0000047,0.00010300,0.00000625,-1.2363636494e+00,-6.1010099016e-03,0.8653,1.0044443607e+00
-0.1010,-0.0001970,0.0000047,0.00010300,0.00000625,-1.2121212482e+00,-6.1010099016e-03,0.8663,1.0286867619e+00
-0.1000,-0.0001890,0.0000047,0.00010300,0.00000625,-1.1797980070e+00,-6.1414134689e-03,0.8673,1.0610100031e+00
-0.0990,-0.0001810,0.0000047,0.00010300,0.00000624,-1.1474747658e+00,-6.1010099016e-03,0.8683,1.0933332443e+00
-0.0980,-0.0001730,0.0000047,0.00010400,0.00000624,-1.1191918850e+00,-6.1414134689e-03,0.8693,1.1216161251e+00
-0.0970,-0.0001650,0.0000047,0.00010400,0.00000624,-1.0868687630e+00,-6.1414134689e-03,0.8703,1.1539392471e+00
-0.0960,-0.0001580,0.0000047,0.00010400,0.00000624,-1.0585857630e+00,-6.1414134689e-03,0.8713,1.1822222471e+00
-0.0950,-0.0001510,0.0000047,0.00010500,0.00000624,-1.0343434811e+00,-6.1010099016e-03,0.8723,1.2064645290e+00
-0.0940,-0.0001430,0.0000047,0.00010500,0.00000624,-1.0020202398e+00,-6.1818170361e-03,0.8733,1.2387877703e+00
-0.0930,-0.0001370,0.0000047,0.00010500,0.00000623,-9.7777777910e-01,-6.1414134689e-03,0.8743,1.2630302906e+00
-0.0920,-0.0001280,0.0000047,0.00010600,0.00000623,-9.4545459747e-01,-6.1414134689e-03,0.8753,1.2953534126e+00
-0.0910,-0.0001230,0.0000047,0.00010600,0.00000623,-9.2525249720e-01,-6.1818188988e-03,0.8763,1.3155555725e+00
-0.0900,-0.0001160,0.0000047,0.00010600,0.00000623,-8.9696973562e-01,-6.1414134689e-03,0.8773,1.3438382149e+00
-0.0890,-0.0001090,0.0000047,0.00010700,0.00000622,-8.7272727489e-01,-6.1414153315e-03,0.8783,1.3680807352e+00
-0.0880,-0.0001030,0.0000047,0.00010700,0.00000622,-8.4848487377e-01,-6.1414153315e-03,0.8793,1.3923231363e+00
-0.0870,-0.0000957,0.0000047,0.00010700,0.00000622,-8.1898993254e-01,-6.1414153315e-03,0.8803,1.4218180180e+00
-0.0860,-0.0000898,0.0000047,0.00010700,0.00000622,-7.9515153170e-01,-6.1414153315e-03,0.8813,1.4456565380e+00
-0.0850,-0.0000836,0.0000047,0.00010800,0.00000622,-7.7414143085e-01,-6.1818188988e-03,0.8823,1.4666665792e+00
-0.0840,-0.0000769,0.0000047,0.00010800,0.00000622,-7.4707072973e-01,-6.1818188988e-03,0.8833,1.4937372208e+00
-0.0830,-0.0000714,0.0000047,0.00010800,0.00000621,-7.2484850883e-01,-6.1414134689e-03,0.8843,1.5159595013e+00
-0.0820,-0.0000654,0.0000047,0.00010900,0.00000621,-7.0464646816e-01,-6.1414134689e-03,0.8853,1.5361615419e+00
-0.0810,-0.0000592,0.0000047,0.00010900,0.00000621,-6.7959594727e-01,-6.1414134689e-03,0.8863,1.5612120628e+00
-0.0800,-0.0000540,0.0000047,0.00010900,0.00000621,-6.5858590603e-01,-6.1414134689e-03,0.8873,1.5822221041e+00
-0.0790,-0.0000485,0.0000047,0.00010900,0.00000621,-6.3636368513e-01,-6.1414134689e-03,0.8883,1.6044442654e+00
-0.0780,-0.0000430,0.0000047,0.00011000,0.00000621,-6.1818182468e-01,-6.1818170361e-03,0.8893,1.6226261854e+00
-0.0770,-0.0000379,0.0000047,0.00011000,0.00000621,-5.9757578373e-01,-6.1414134689e-03,0.8903,1.6432322264e+00
-0.0760,-0.0000324,0.0000047,0.00011000,0.00000620,-5.7535356283e-01,-6.1010099016e-03,0.8913,1.6654543877e+00
-0.0750,-0.0000275,0.0000047,0.00011000,0.00000620,-5.5555558205e-01,-6.1414134689e-03,0.8923,1.6852524281e+00
-0.0740,-0.0000227,0.0000047,0.00011100,0.00000620,-5.4020202160e-01,-6.1010099016e-03,0.8933,1.7006059885e+00
-0.0730,-0.0000178,0.0000047,0.00011100,0.00000619,-5.2040404081e-01,-6.1010099016e-03,0.8943,1.7204039097e+00
-0.0720,-0.0000134,0.0000047,0.00011100,0.00000619,-5.0262624025e-01,-6.1010099016e-03,0.8953,1.7381818295e+00
-0.0710,-0.0000085,0.0000047,0.00011100,0.00000620,-4.8294949532e-01,-6.1414134689e-03,0.8963,1.7578585148e+00
-0.0700,-0.0000040,0.0000047,0.00011200,0.00000619,-4.6864646673e-01,-6.1010099016e-03,0.8973,1.7721614838e+00
-0.0690,0.0000001,0.0000047,0.00011200,0.00000619,-4.5210102201e-01,-6.1010099016e-03,0.8983,1.7887070179e+00
-0.0680,0.0000044,0.0000047,0.00011200,0.00000619,-4.3482828140e-01,-6.1010099016e-03,0.8993,1.8059797287e+00
-0.0670,0.0000085,0.0000047,0.00011200,0.00000618,-4.1814142466e-01,-6.0606063344e-03,0.9003,1.8226666451e+00
-0.0660,0.0000126,0.0000047,0.00011300,0.00000618,-4.0565657616e-01,-6.0606063344e-03,0.9013,1.8351514339e+00
-0.0650,0.0000164,0.0000047,0.00011300,0.00000618,-3.9030304551e-01,-6.0606063344e-03,0.9023,1.8505049944e+00
-0.0640,0.0000203,0.0000047,0.00011300,0.00000618,-3.7454545498e-01,-6.0606063344e-03,0.9033,1.8662625551e+00
-0.0630,0.0000236,0.0000047,0.00011300,0.00000618,-3.6121213436e-01,-6.0606063344e-03,0.9043,1.8795958757e+00
-0.0620,0.0000270,0.0000047,0.00011400,0.00000617,-3.5151514411e-01,-6.0202009045e-03,0.9053,1.8892928362e+00
-0.0610,0.0000304,0.0000047,0.00011400,0.00000617,-3.3777779341e-01,-6.0202009045e-03,0.9063,1.9030301571e+00
-0.0600,0.0000337,0.0000047,0.00011400,0.00000617,-3.2444444299e-01,-6.0606044717e-03,0.9073,1.9163635969e+00
-0.0590,0.0000367,0.0000047,0.00011400,0.00000617,-3.1232327223e-01,-6.0202009045e-03,0.9083,1.9284846783e+00
-0.0580,0.0000403,0.0000047,0.00011400,0.00000616,-2.9777777195e-01,-5.9797973372e-03,0.9093,1.9430302382e+00
-0.0570,0.0000433,0.0000047,0.00011500,0.00000616,-2.8969699144e-01,-5.9797973372e-03,0.9103,1.9511110783e+00
-0.0560,0.0000454,0.0000047,0.00011500,0.00000616,-2.8121215105e-01,-5.9797973372e-03,0.9113,1.9595959187e+00
-0.0550,0.0000489,0.0000047,0.00011500,0.00000616,-2.6707071066e-01,-5.9797973372e-03,0.9123,1.9737372398e+00
-0.0540,0.0000516,0.0000047,0.00011500,0.00000616,-2.5616163015e-01,-5.9797973372e-03,0.9133,1.9846463203e+00
-0.0530,0.0000542,0.0000047,0.00011500,0.00000616,-2.4565654993e-01,-5.9797973372e-03,0.9143,1.9951515198e+00
-0.0520,0.0000566,0.0000047,0.00011600,0.00000615,-2.3999999464e-01,-5.9797973372e-03,0.9153,2.0008080006e+00
-0.0510,0.0000595,0.0000047,0.00011600,0.00000616,-2.2828283906e-01,-5.9797973372e-03,0.9163,2.0125250816e+00
-0.0500,0.0000612,0.0000047,0.00011600,0.00000615,-2.2141413391e-01,-5.9393937699e-03,0.9173,2.0193939209e+00
-0.0490,0.0000634,0.0000047,0.00011600,0.00000614,-2.1252523363e-01,-5.8989902027e-03,0.9183,2.0282828808e+00
-0.0480,0.0000659,0.0000047,0.00011600,0.00000614,-2.0242424309e-01,-5.9393937699e-03,0.9193,2.0383837223e+00
-0.0470,0.0000675,0.0000047,0.00011700,0.00000613,-2.0000000298e-01,-5.8585861698e-03,0.9203,2.0408079624e+00
-0.0460,0.0000699,0.0000047,0.00011700,0.00000613,-1.9030302763e-01,-5.8585861698e-03,0.9213,2.0505049229e+00
-0.0450,0.0000720,0.0000047,0.00011700,0.00000613,-1.8181817234e-01,-5.8989902027e-03,0.9223,2.0589897633e+00
-0.0440,0.0000742,0.0000047,0.00011700,0.00000613,-1.7292930186e-01,-5.8989902027e-03,0.9233,2.0678787231e+00
-0.0430,0.0000756,0.0000047,0.00011700,0.00000612,-1.6727271676e-01,-5.8181807399e-03,0.9243,2.0735352039e+00
-0.0420,0.0000778,0.0000047,0.00011700,0.00000612,-1.5838383138e-01,-5.8585847728e-03,0.9253,2.0824241638e+00
-0.0410,0.0000796,0.0000047,0.00011700,0.00000612,-1.5111109614e-01,-5.8585847728e-03,0.9263,2.0896968842e+00
-0.0400,0.0000807,0.0000047,0.00011800,0.00000612,-1.5070705116e-01,-5.8585847728e-03,0.9273,2.0901010036e+00
-0.0390,0.0000825,0.0000047,0.00011800,0.00000612,-1.4343433082e-01,-5.8585847728e-03,0.9283,2.0973737240e+00
-0.0380,0.0000845,0.0000047,0.00011800,0.00000611,-1.3535352051e-01,-5.8181807399e-03,0.9293,2.1054544449e+00
-0.0370,0.0000854,0.0000047,0.00011800,0.00000612,-1.3171716034e-01,-5.8585847728e-03,0.9303,2.1090908051e+00
-0.0360,0.0000867,0.0000047,0.00011800,0.00000611,-1.2646465003e-01,-5.7777771726e-03,0.9313,2.1143434048e+00
-0.0350,0.0000885,0.0000047,0.00011800,0.00000611,-1.1919193715e-01,-5.8181807399e-03,0.9323,2.1216161251e+00
-0.0340,0.0000896,0.0000047,0.00011800,0.00000611,-1.1474748701e-01,-5.8181807399e-03,0.9333,2.1260604858e+00
-0.0330,0.0000907,0.0000047,0.00011800,0.00000610,-1.1030303687e-01,-5.7373736054e-03,0.9343,2.1305050850e+00
-0.0320,0.0000924,0.0000047,0.00011900,0.00000610,-1.0747473687e-01,-5.7777771726e-03,0.9353,2.1333332062e+00
-0.0310,0.0000933,0.0000047,0.00011900,0.00000610,-1.0383837670e-01,-5.7777771726e-03,0.9363,2.1369695663e+00
-0.0300,0.0000938,0.0000047,0.00011900,0.00000610,-1.0181815922e-01,-5.7373736054e-03,0.9373,2.1389899254e+00
-0.0290,0.0000957,0.0000047,0.00011900,0.00000610,-9.4141386449e-02,-5.7777771726e-03,0.9383,2.1466665268e+00
-0.0280,0.0000969,0.0000047,0.00011900,0.00000610,-8.9292898774e-02,-5.8181826025e-03,0.9393,2.1515150070e+00
-0.0270,0.0000974,0.0000047,0.00011900,0.00000610,-8.7272711098e-02,-5.7777771726e-03,0.9403,2.1535353661e+00
-0.0260,0.0000989,0.0000047,0.00011900,0.00000610,-8.1212118268e-02,-5.7777771726e-03,0.9413,2.1595959663e+00
-0.0250,0.0000999,0.0000047,0.00012000,0.00000610,-8.1212118268e-02,-5.8181826025e-03,0.9423,2.1595959663e+00
-0.0240,0.0000999,0.0000047,0.00012000,0.00000610,-8.1212118268e-02,-5.7777771726e-03,0.9433,2.1595959663e+00
-0.0230,0.0001020,0.0000047,0.00012000,0.00000609,-7.2727262974e-02,-5.7373736054e-03,0.9443,2.1680808067e+00
-0.0220,0.0001020,0.0000047,0.00012000,0.00000610,-7.2727262974e-02,-5.8181826025e-03,0.9453,2.1680808067e+00
-0.0210,0.0001030,0.0000047,0.00012000,0.00000609,-6.8686857820e-02,-5.7373736054e-03,0.9463,2.1721210480e+00
-0.0200,0.0001040,0.0000047,0.00012000,0.00000609,-6.4646452665e-02,-5.7373736054e-03,0.9473,2.1761615276e+00
-0.0190,0.0001040,0.0000047,0.00012000,0.00000609,-6.4646452665e-02,-5.7373736054e-03,0.9483,2.1761615276e+00
-0.0180,0.0001060,0.0000046,0.00012000,0.00000608,-5.6565634906e-02,-5.7777771726e-03,0.9493,2.1842424870e+00
-0.0170,0.0001060,0.0000047,0.00012000,0.00000608,-5.6565634906e-02,-5.7373736054e-03,0.9503,2.1842424870e+00
-0.0160,0.0001070,0.0000047,0.00012100,0.00000608,-5.6565634906e-02,-5.7373736054e-03,0.9513,2.1842424870e+00
-0.0150,0.0001080,0.0000047,0.00012100,0.00000608,-5.2525229752e-02,-5.7373736054e-03,0.9523,2.1882827282e+00
-0.0140,0.0001080,0.0000047,0.00012100,0.00000608,-5.2525229752e-02,-5.6969681755e-03,0.9533,2.1882827282e+00
-0.0130,0.0001090,0.0000047,0.00012100,0.00000607,-4.8484824598e-02,-5.6969700381e-03,0.9543,2.1923232079e+00
-0.0120,0.0001100,0.0000047,0.00012100,0.00000607,-4.4444419444e-02,-5.6969700381e-03,0.9553,2.1963636875e+00
-0.0110,0.0001100,0.0000047,0.00012100,0.00000607,-4.4444419444e-02,-5.6969700381e-03,0.9563,2.1963636875e+00
-0.0100,0.0001110,0.0000047,0.00012100,0.00000607,-4.0404014289e-02,-5.6969700381e-03,0.9573,2.2004039288e+00
-0.0090,0.0001110,0.0000046,0.00012100,0.00000607,-4.0404014289e-02,-5.7373736054e-03,0.9583,2.2004039288e+00
-0.0080,0.0001110,0.0000047,0.00012100,0.00000607,-4.0404014289e-02,-5.6565646082e-03,0.9593,2.2004039288e+00
-0.0070,0.0001130,0.0000046,0.00012200,0.00000607,-3.6363609135e-02,-5.7373736054e-03,0.9603,2.2044444084e+00
-0.0060,0.0001130,0.0000046,0.00012200,0.00000606,-3.6363609135e-02,-5.6969700381e-03,0.9613,2.2044444084e+00
-0.0050,0.0001130,0.0000047,0.00012200,0.00000606,-3.6363609135e-02,-5.6565664709e-03,0.9623,2.2044444084e+00
-0.0040,0.0001140,0.0000046,0.00012200,0.00000606,-3.2323203981e-02,-5.6969700381e-03,0.9633,2.2084848881e+00
-0.0030,0.0001140,0.0000046,0.00012200,0.00000606,-3.2323203981e-02,-5.6969700381e-03,0.9643,2.2084848881e+00
-0.0020,0.0001150,0.0000046,0.00012200,0.00000606,-2.8282798827e-02,-5.6969700381e-03,0.9653,2.2125251293e+00
-0.0010,0.0001150,0.0000046,0.00012200,0.00000606,-2.8282798827e-02,-5.6969700381e-03,0.9663,2.2125251293e+00
0.0000,0.0001170,0.0000046,0.00012300,0.00000606,-2.4242423475e-02,-5.6969700381e-03,0.9673,2.2165656090e+00
0.0010,0.0001170,0.0000047,0.00012300,0.00000606,-2.4242423475e-02,-5.6565664709e-03,0.9683,2.2165656090e+00
0.0020,0.0001170,0.0000046,0.00012300,0.00000605,-2.4242423475e-02,-5.6565664709e-03,0.9693,2.2165656090e+00
0.0030,0.0001170,0.0000046,0.00012300,0.00000605,-2.4242423475e-02,-5.6565664709e-03,0.9703,2.2165656090e+00
0.0040,0.0001180,0.0000046,0.00012300,0.00000605,-2.0202018321e-02,-5.6565664709e-03,0.9713,2.2206060886e+00
0.0050,0.0001180,0.0000046,0.00012300,0.00000604,-2.0202018321e-02,-5.6161610410e-03,0.9723,2.2206060886e+00
0.0060,0.0001190,0.0000046,0.00012300,0.00000604,-1.6161641106e-02,-5.6161610410e-03,0.9733,2.2246463299e+00
0.0070,0.0001190,0.0000046,0.00012300,0.00000604,-1.6161641106e-02,-5.6565646082e-03,0.9743,2.2246463299e+00
0.0080,0.0001180,0.0000047,0.00012300,0.00000604,-2.0202018321e-02,-5.5757574737e-03,0.9753,2.2206060886e+00
0.0090,0.0001200,0.0000046,0.00012400,0.00000604,-1.6161613166e-02,-5.6161610410e-03,0.9763,2.2246463299e+00
0.0100,0.0001200,0.0000046,0.00012400,0.00000603,-1.6161613166e-02,-5.5757574737e-03,0.9773,2.2246463299e+00
0.0110,0.0001200,0.0000046,0.00012400,0.00000603,-1.6161613166e-02,-5.6565646082e-03,0.9783,2.2246463299e+00
0.0120,0.0001200,0.0000046,0.00012400,0.00000603,-1.6161613166e-02,-5.5757574737e-03,0.9793,2.2246463299e+00
0.0130,0.0001210,0.0000046,0.00012400,0.00000602,-1.2121206149e-02,-5.5757574737e-03,0.9803,2.2286868095e+00
0.0140,0.0001210,0.0000046,0.00012400,0.00000602,-1.2121206149e-02,-5.5353539065e-03,0.9813,2.2286868095e+00
0.0150,0.0001210,0.0000046,0.00012400,0.00000602,-1.2121206149e-02,-5.5757574737e-03,0.9823,2.2286868095e+00
0.0160,0.0001220,0.0000046,0.00012400,0.00000602,-8.0808009952e-03,-5.5757574737e-03,0.9833,2.2327272892e+00
0.0170,0.0001220,0.0000046,0.00012400,0.00000602,-8.0808009952e-03,-5.5757574737e-03,0.9843,2.2327272892e+00
0.0180,0.0001230,0.0000046,0.00012500,0.00000602,-8.0808009952e-03,-5.5757574737e-03,0.9853,2.2327272892e+00
0.0190,0.0001230,0.0000046,0.00012500,0.00000602,-8.0808009952e-03,-5.5757574737e-03,0.9863,2.2327272892e+00
0.0200,0.0001230,0.0000046,0.00012500,0.00000601,-8.0808009952e-03,-5.5353539065e-03,0.9873,2.2327272892e+00
0.0210,0.0001230,0.0000046,0.00012500,0.00000601,-8.0808009952e-03,-5.5757574737e-03,0.9883,2.2327272892e+00
0.0220,0.0001240,0.0000046,0.00012500,0.00000601,-4.0404251777e-03,-5.5353539065e-03,0.9893,2.2367675304e+00
0.0230,0.0001240,0.0000046,0.00012500,0.00000601,-4.0404251777e-03,-5.5757574737e-03,0.9903,2.2367675304e+00
0.0240,0.0001240,0.0000046,0.00012500,0.00000600,-4.0404251777e-03,-5.4949503392e-03,0.9913,2.2367675304e+00
0.0250,0.0001240,0.0000046,0.00012600,0.00000601,-8.0808009952e-03,-5.5757574737e-03,0.9923,2.2327272892e+00
0.0260,0.0001250,0.0000046,0.00012600,0.00000600,-4.0403660387e-03,-5.5353539065e-03,0.9933,2.2367675304e+00
0.0270,0.0001250,0.0000046,0.00012600,0.00000600,-4.0403660387e-03,-5.5353539065e-03,0.9943,2.2367675304e+00
0.0280,0.0001250,0.0000046,0.00012600,0.00000600,-4.0403660387e-03,-5.5757593364e-03,0.9953,2.2367675304e+00
0.0290,0.0001260,0.0000046,0.00012600,0.00000600,9.9999999392e-09,-5.5757593364e-03,0.9963,2.2408080101e+00
0.0300,0.0001250,0.0000046,0.00012600,0.00000600,-4.0403660387e-03,-5.5353539065e-03,0.9973,2.2367675304e+00
0.0310,0.0001270,0.0000046,0.00012600,0.00000599,4.0404447354e-03,-5.5353539065e-03,0.9983,2.2448484898e+00
0.0320,0.0001270,0.0000046,0.00012600,0.00000599,4.0404447354e-03,-5.5757574737e-03,0.9993,2.2448484898e+00
0.0330,0.0001260,0.0000046,0.00012700,0.00000599,-4.0404251777e-03,-5.4949484766e-03,1.0003,2.2367675304e+00
0.0340,0.0001270,0.0000046,0.00012700,0.00000599,9.9999999392e-09,-5.5757574737e-03,1.0013,2.2408080101e+00
0.0350,0.0001270,0.0000046,0.00012700,0.00000599,9.9999999392e-09,-5.5757574737e-03,1.0023,2.2408080101e+00
0.0360,0.0001280,0.0000046,0.00012700,0.00000599,4.0403855965e-03,-5.5353539065e-03,1.0033,2.2448484898e+00
0.0370,0.0001280,0.0000046,0.00012700,0.00000599,4.0403855965e-03,-5.5757574737e-03,1.0043,2.2448484898e+00
0.0380,0.0001280,0.0000046,0.00012700,0.00000598,4.0403855965e-03,-5.4949503392e-03,1.0053,2.2448484898e+00
0.0390,0.0001290,0.0000046,0.00012700,0.00000598,8.0807618797e-03,-5.4949503392e-03,1.0063,2.2488887310e+00
0.0400,0.0001280,0.0000046,0.00012700,0.00000597,4.0403855965e-03,-5.4949503392e-03,1.0073,2.2448484898e+00
0.0410,0.0001290,0.0000046,0.00012800,0.00000597,4.0403855965e-03,-5.4545467719e-03,1.0083,2.2448484898e+00
0.0420,0.0001290,0.0000046,0.00012800,0.00000597,4.0403855965e-03,-5.4949503392e-03,1.0093,2.2448484898e+00
0.0430,0.0001290,0.0000046,0.00012800,0.00000596,4.0403855965e-03,-5.4545467719e-03,1.0103,2.2448484898e+00
0.0440,0.0001300,0.0000046,0.00012800,0.00000596,8.0808214843e-03,-5.4545467719e-03,1.0113,2.2488887310e+00
0.0450,0.0001300,0.0000046,0.00012800,0.00000596,8.0808214843e-03,-5.4545467719e-03,1.0123,2.2488887310e+00
0.0460,0.0001310,0.0000046,0.00012800,0.00000596,1.2121196836e-02,-5.4545467719e-03,1.0133,2.2529292107e+00
0.0470,0.0001310,0.0000046,0.00012800,0.00000596,1.2121196836e-02,-5.4545467719e-03,1.0143,2.2529292107e+00
0.0480,0.0001310,0.0000046,0.00012900,0.00000596,8.0808214843e-03,-5.4949503392e-03,1.0153,2.2488887310e+00
0.0490,0.0001320,0.0000046,0.00012900,0.00000596,1.2121255510e-02,-5.4545467719e-03,1.0163,2.2529292107e+00
0.0500,0.0001300,0.0000046,0.00012900,0.00000596,4.0404447354e-03,-5.4949503392e-03,1.0173,2.2448484898e+00
0.0510,0.0001330,0.0000046,0.00012900,0.00000596,1.6161631793e-02,-5.4949503392e-03,1.0183,2.2569696903e+00
0.0520,0.0001320,0.0000046,0.00012900,0.00000595,1.2121255510e-02,-5.4545449093e-03,1.0193,2.2529292107e+00
0.0530,0.0001330,0.0000046,0.00012900,0.00000595,1.6161631793e-02,-5.4545449093e-03,1.0203,2.2569696903e+00
0.0540,0.0001330,0.0000046,0.00013000,0.00000595,1.2121196836e-02,-5.4545449093e-03,1.0213,2.2529292107e+00
0.0550,0.0001330,0.0000046,0.00013000,0.00000595,1.2121196836e-02,-5.4949484766e-03,1.0223,2.2529292107e+00
0.0560,0.0001330,0.0000046,0.00013000,0.00000595,1.2121196836e-02,-5.4545449093e-03,1.0233,2.2529292107e+00
0.0570,0.0001340,0.0000046,0.00013000,0.00000594,1.6161631793e-02,-5.4545449093e-03,1.0243,2.2569696903e+00
0.0580,0.0001340,0.0000046,0.00013000,0.00000594,1.6161631793e-02,-5.4545449093e-03,1.0253,2.2569696903e+00
0.0590,0.0001340,0.0000046,0.00013000,0.00000594,1.6161631793e-02,-5.4545449093e-03,1.0263,2.2569696903e+00
0.0600,0.0001340,0.0000046,0.00013000,0.00000594,1.6161631793e-02,-5.4545449093e-03,1.0273,2.2569696903e+00
0.0610,0.0001340,0.0000046,0.00013100,0.00000594,1.2121255510e-02,-5.5353539065e-03,1.0283,2.2529292107e+00
0.0620,0.0001350,0.0000046,0.00013100,0.00000594,1.6161631793e-02,-5.4141413420e-03,1.0293,2.2569696903e+00
0.0630,0.0001350,0.0000046,0.00013100,0.00000594,1.6161631793e-02,-5.4949484766e-03,1.0303,2.2569696903e+00
0.0640,0.0001350,0.0000046,0.00013100,0.00000593,1.6161631793e-02,-5.4545449093e-03,1.0313,2.2569696903e+00
0.0650,0.0001350,0.0000046,0.00013100,0.00000593,1.6161631793e-02,-5.3737373091e-03,1.0323,2.2569696903e+00
0.0660,0.0001360,0.0000046,0.00013100,0.00000593,2.0202064887e-02,-5.4545449093e-03,1.0333,2.2610101700e+00
0.0670,0.0001360,0.0000046,0.00013100,0.00000593,2.0202064887e-02,-5.4949503392e-03,1.0343,2.2610101700e+00
0.0680,0.0001370,0.0000046,0.00013200,0.00000593,2.0202007145e-02,-5.4141413420e-03,1.0353,2.2610099316e+00
0.0690,0.0001370,0.0000046,0.00013200,0.00000592,2.0202007145e-02,-5.4141413420e-03,1.0363,2.2610099316e+00
0.0700,0.0001370,0.0000046,0.00013200,0.00000592,2.0202007145e-02,-5.4545467719e-03,1.0373,2.2610099316e+00
0.0710,0.0001370,0.0000046,0.00013200,0.00000592,2.0202007145e-02,-5.4141413420e-03,1.0383,2.2610099316e+00
0.0720,0.0001380,0.0000046,0.00013200,0.00000591,2.4242442101e-02,-5.3737359121e-03,1.0393,2.2650504112e+00
0.0730,0.0001380,0.0000046,0.00013300,0.00000591,2.0202064887e-02,-5.4141413420e-03,1.0403,2.2610101700e+00
0.0740,0.0001380,0.0000046,0.00013300,0.00000591,2.0202064887e-02,-5.3737359121e-03,1.0413,2.2610101700e+00
0.0750,0.0001390,0.0000046,0.00013300,0.00000591,2.4242442101e-02,-5.4141413420e-03,1.0423,2.2650504112e+00
0.0760,0.0001390,0.0000046,0.00013300,0.00000591,2.4242442101e-02,-5.4141413420e-03,1.0433,2.2650504112e+00
0.0770,0.0001390,0.0000046,0.00013300,0.00000590,2.4242442101e-02,-5.3737373091e-03,1.0443,2.2650504112e+00
0.0780,0.0001400,0.0000046,0.00013300,0.00000590,2.8282877058e-02,-5.3737373091e-03,1.0453,2.2690908909e+00
0.0790,0.0001390,0.0000046,0.00013300,0.00000590,2.4242442101e-02,-5.4545449093e-03,1.0463,2.2650504112e+00
0.0800,0.0001400,0.0000046,0.00013400,0.00000589,2.4242442101e-02,-5.3333337419e-03,1.0473,2.2650504112e+00
0.0810,0.0001410,0.0000046,0.00013400,0.00000589,2.8282817453e-02,-5.3333337419e-03,1.0483,2.2690908909e+00
0.0820,0.0001410,0.0000046,0.00013400,0.00000589,2.8282817453e-02,-5.3737373091e-03,1.0493,2.2690908909e+00
0.0830,0.0001400,0.0000046,0.00013400,0.00000589,2.4242442101e-02,-5.3333337419e-03,1.0503,2.2650504112e+00
0.0840,0.0001420,0.0000046,0.00013400,0.00000589,3.2323256135e-02,-5.3737373091e-03,1.0513,2.2731313705e+00
0.0850,0.0001410,0.0000046,0.00013400,0.00000589,2.8282817453e-02,-5.3737373091e-03,1.0523,2.2690908909e+00
0.0860,0.0001420,0.0000046,0.00013500,0.00000589,2.8282877058e-02,-5.3737373091e-03,1.0533,2.2690908909e+00
0.0870,0.0001420,0.0000046,0.00013500,0.00000589,2.8282877058e-02,-5.3737373091e-03,1.0543,2.2690908909e+00
0.0880,0.0001420,0.0000046,0.00013500,0.00000588,2.8282877058e-02,-5.3333337419e-03,1.0553,2.2690908909e+00
0.0890,0.0001430,0.0000046,0.00013500,0.00000588,3.2323256135e-02,-5.3333337419e-03,1.0563,2.2731313705e+00
0.0900,0.0001430,0.0000046,0.00013600,0.00000588,2.8282817453e-02,-5.3737373091e-03,1.0573,2.2690908909e+00
0.0910,0.0001430,0.0000046,0.00013600,0.00000588,2.8282817453e-02,-5.2929301746e-03,1.0583,2.2690908909e+00
0.0920,0.0001440,0.0000046,0.00013600,0.00000588,3.2323256135e-02,-5.3737373091e-03,1.0593,2.2731313705e+00
0.0930,0.0001440,0.0000046,0.00013600,0.00000587,3.2323256135e-02,-5.2929301746e-03,1.0603,2.2731313705e+00
0.0940,0.0001440,0.0000046,0.00013600,0.00000587,3.2323256135e-02,-5.3333337419e-03,1.0613,2.2731313705e+00
0.0950,0.0001450,0.0000045,0.00013600,0.00000587,3.6363631487e-02,-5.3737373091e-03,1.0623,2.2771716118e+00
0.0960,0.0001450,0.0000046,0.00013700,0.00000587,3.2323256135e-02,-5.2929301746e-03,1.0633,2.2731313705e+00
0.0970,0.0001460,0.0000046,0.00013700,0.00000587,3.6363691092e-02,-5.3333337419e-03,1.0643,2.2771716118e+00
0.0980,0.0001460,0.0000045,0.00013700,0.00000587,3.6363691092e-02,-5.3737373091e-03,1.0653,2.2771716118e+00
0.0990,0.0001460,0.0000046,0.00013700,0.00000587,3.6363691092e-02,-5.3333337419e-03,1.0663,2.2771716118e+00
0.1000,0.0001460,0.0000046,0.00013800,0.00000587,3.2323256135e-02,-5.3333337419e-03,1.0673,2.2731313705e+00
0.1010,0.0001470,0.0000045,0.00013800,0.00000587,3.6363631487e-02,-5.3737373091e-03,1.0683,2.2771716118e+00
0.1020,0.0001480,0.0000046,0.00013800,0.00000587,4.0404066443e-02,-5.3333337419e-03,1.0693,2.2812120914e+00
0.1030,0.0001480,0.0000046,0.00013800,0.00000587,4.0404066443e-02,-5.3333337419e-03,1.0703,2.2812120914e+00
0.1040,0.0001480,0.0000045,0.00013900,0.00000587,3.6363691092e-02,-5.3737373091e-03,1.0713,2.2771716118e+00
0.1050,0.0001480,0.0000046,0.00013900,0.00000586,3.6363691092e-02,-5.2929283120e-03,1.0723,2.2771716118e+00
0.1060,0.0001490,0.0000045,0.00013900,0.00000586,4.0404066443e-02,-5.3333318792e-03,1.0733,2.2812120914e+00
0.1070,0.0001490,0.0000045,0.00013900,0.00000586,4.0404066443e-02,-5.3333318792e-03,1.0743,2.2812120914e+00
0.1080,0.0001480,0.0000046,0.00013900,0.00000586,3.6363691092e-02,-5.2929283120e-03,1.0753,2.2771716118e+00
0.1090,0.0001510,0.0000045,0.00014000,0.00000586,4.4444441795e-02,-5.3737373091e-03,1.0763,2.2852525711e+00
0.1100,0.0001500,0.0000045,0.00014000,0.00000586,4.0404066443e-02,-5.3737373091e-03,1.0773,2.2812120914e+00
0.1110,0.0001500,0.0000045,0.00014000,0.00000586,4.0404066443e-02,-5.3737373091e-03,1.0783,2.2812120914e+00
0.1120,0.0001510,0.0000045,0.00014000,0.00000585,4.4444441795e-02,-5.2929283120e-03,1.0793,2.2852525711e+00
0.1130,0.0001520,0.0000045,0.00014100,0.00000585,4.4444441795e-02,-5.2929283120e-03,1.0803,2.2852525711e+00
0.1140,0.0001520,0.0000045,0.00014100,0.00000585,4.4444441795e-02,-5.3737373091e-03,1.0813,2.2852525711e+00
0.1150,0.0001530,0.0000045,0.00014100,0.00000585,4.8484876752e-02,-5.3333337419e-03,1.0823,2.2892928123e+00
0.1160,0.0001530,0.0000045,0.00014100,0.00000585,4.8484876752e-02,-5.2929283120e-03,1.0833,2.2892928123e+00
0.1170,0.0001530,0.0000045,0.00014100,0.00000585,4.8484876752e-02,-5.3333337419e-03,1.0843,2.2892928123e+00
0.1180,0.0001540,0.0000045,0.00014200,0.00000585,4.8484817147e-02,-5.3333337419e-03,1.0853,2.2892928123e+00
0.1190,0.0001530,0.0000045,0.00014200,0.00000584,4.4444441795e-02,-5.3737373091e-03,1.0863,2.2852525711e+00
0.1200,0.0001540,0.0000045,0.00014200,0.00000584,4.8484817147e-02,-5.2929301746e-03,1.0873,2.2892928123e+00
0.1210,0.0001560,0.0000045,0.00014300,0.00000584,5.2525252104e-02,-5.3333337419e-03,1.0883,2.2933332920e+00
0.1220,0.0001560,0.0000045,0.00014300,0.00000584,5.2525252104e-02,-5.3333337419e-03,1.0893,2.2933332920e+00
0.1230,0.0001560,0.0000045,0.00014300,0.00000584,5.2525252104e-02,-5.3333337419e-03,1.0903,2.2933332920e+00
0.1240,0.0001570,0.0000045,0.00014300,0.00000584,5.6565687060e-02,-5.3333337419e-03,1.0913,2.2973737717e+00
0.1250,0.0001570,0.0000045,0.00014400,0.00000584,5.2525252104e-02,-5.2929301746e-03,1.0923,2.2933332920e+00
0.1260,0.0001560,0.0000045,0.00014400,0.00000583,4.8484817147e-02,-5.2929301746e-03,1.0933,2.2892928123e+00
0.1270,0.0001590,0.0000045,0.00014400,0.00000583,6.0606062412e-02,-5.3333337419e-03,1.0943,2.3014140129e+00
0.1280,0.0001590,0.0000045,0.00014500,0.00000583,5.6565687060e-02,-5.3333337419e-03,1.0953,2.2973737717e+00
0.1290,0.0001590,0.0000045,0.00014500,0.00000583,5.6565687060e-02,-5.3333337419e-03,1.0963,2.2973737717e+00
0.1300,0.0001600,0.0000045,0.00014500,0.00000583,6.0606062412e-02,-5.3333337419e-03,1.0973,2.3014140129e+00
0.1310,0.0001590,0.0000045,0.00014500,0.00000582,5.6565687060e-02,-5.2525247447e-03,1.0983,2.2973737717e+00
0.1320,0.0001620,0.0000045,0.00014600,0.00000582,6.4646437764e-02,-5.2929283120e-03,1.0993,2.3054544926e+00
0.1330,0.0001610,0.0000045,0.00014600,0.00000582,6.0606062412e-02,-5.3737373091e-03,1.1003,2.3014140129e+00
0.1340,0.0001620,0.0000045,0.00014600,0.00000582,6.4646437764e-02,-5.2929283120e-03,1.1013,2.3054544926e+00
0.1350,0.0001630,0.0000045,0.00014700,0.00000582,6.4646497369e-02,-5.2929283120e-03,1.1023,2.3054544926e+00
0.1360,0.0001630,0.0000045,0.00014700,0.00000582,6.4646497369e-02,-5.3333318792e-03,1.1033,2.3054544926e+00
0.1370,0.0001640,0.0000045,0.00014700,0.00000581,6.8686872721e-02,-5.2929283120e-03,1.1043,2.3094949722e+00
0.1380,0.0001650,0.0000045,0.00014800,0.00000581,6.8686872721e-02,-5.2929283120e-03,1.1053,2.3094949722e+00
0.1390,0.0001650,0.0000045,0.00014800,0.00000581,6.8686872721e-02,-5.2929283120e-03,1.1063,2.3094949722e+00
0.1400,0.0001660,0.0000045,0.00014800,0.00000581,7.2727248073e-02,-5.3333337419e-03,1.1073,2.3135352135e+00
0.1410,0.0001650,0.0000045,0.00014900,0.00000581,6.4646497369e-02,-5.2525247447e-03,1.1083,2.3054544926e+00
0.1420,0.0001680,0.0000045,0.00014900,0.00000580,7.6767683029e-02,-5.2525247447e-03,1.1093,2.3175756931e+00
0.1430,0.0001670,0.0000045,0.00014900,0.00000580,7.2727307677e-02,-5.2929301746e-03,1.1103,2.3135352135e+00
0.1440,0.0001680,0.0000045,0.00015000,0.00000580,7.2727248073e-02,-5.2525247447e-03,1.1113,2.3135352135e+00
0.1450,0.0001690,0.0000045,0.00015000,0.00000580,7.6767683029e-02,-5.2929301746e-03,1.1123,2.3175756931e+00
0.1460,0.0001700,0.0000045,0.00015000,0.00000580,8.0808058381e-02,-5.3333337419e-03,1.1133,2.3216161728e+00
0.1470,0.0001700,0.0000045,0.00015100,0.00000580,7.6767683029e-02,-5.2929301746e-03,1.1143,2.3175756931e+00
0.1480,0.0001720,0.0000045,0.00015100,0.00000580,8.4848493338e-02,-5.3333337419e-03,1.1153,2.3256564140e+00
0.1490,0.0001720,0.0000045,0.00015200,0.00000580,8.0808117986e-02,-5.3333337419e-03,1.1163,2.3216161728e+00
0.1500,0.0001720,0.0000045,0.00015200,0.00000580,8.0808117986e-02,-5.3333337419e-03,1.1173,2.3216161728e+00
0.1510,0.0001730,0.0000045,0.00015200,0.00000579,8.4848493338e-02,-5.2121211775e-03,1.1183,2.3256564140e+00
0.1520,0.0001750,0.0000045,0.00015300,0.00000579,8.8888868690e-02,-5.3333337419e-03,1.1193,2.3296968937e+00
0.1530,0.0001750,0.0000045,0.00015300,0.00000579,8.8888868690e-02,-5.2929301746e-03,1.1203,2.3296968937e+00
0.1540,0.0001760,0.0000045,0.00015400,0.00000579,8.8888928294e-02,-5.2929301746e-03,1.1213,2.3296968937e+00
0.1550,0.0001760,0.0000045,0.00015400,0.00000579,8.8888928294e-02,-5.3333337419e-03,1.1223,2.3296968937e+00
0.1560,0.0001780,0.0000045,0.00015500,0.00000579,9.2929303646e-02,-5.3333337419e-03,1.1233,2.3337373734e+00
0.1570,0.0001780,0.0000045,0.00015500,0.00000578,9.2929303646e-02,-5.2525247447e-03,1.1243,2.3337373734e+00
0.1580,0.0001790,0.0000045,0.00015600,0.00000578,9.2929303646e-02,-5.2929283120e-03,1.1253,2.3337373734e+00
0.1590,0.0001800,0.0000045,0.00015600,0.00000578,9.6969738603e-02,-5.2929283120e-03,1.1263,2.3377778530e+00
0.1600,0.0001810,0.0000045,0.00015700,0.00000578,9.6969678998e-02,-5.2525247447e-03,1.1273,2.3377776146e+00
0.1610,0.0001810,0.0000045,0.00015700,0.00000577,9.6969678998e-02,-5.2525247447e-03,1.1283,2.3377776146e+00
0.1620,0.0001820,0.0000045,0.00015700,0.00000578,1.0101011395e-01,-5.2929283120e-03,1.1293,2.3418180943e+00
0.1630,0.0001850,0.0000045,0.00015800,0.00000577,1.0909092426e-01,-5.2525247447e-03,1.1303,2.3498988152e+00
0.1640,0.0001840,0.0000045,0.00015800,0.00000578,1.0505054891e-01,-5.3333318792e-03,1.1313,2.3458585739e+00
0.1650,0.0001860,0.0000044,0.00015900,0.00000577,1.0909092426e-01,-5.3333337419e-03,1.1323,2.3498988152e+00
0.1660,0.0001870,0.0000045,0.00016000,0.00000577,1.0909092426e-01,-5.2525247447e-03,1.1333,2.3498988152e+00
0.1670,0.0001880,0.0000045,0.00016000,0.00000577,1.1313135922e-01,-5.2929283120e-03,1.1343,2.3539392948e+00
0.1680,0.0001890,0.0000045,0.00016000,0.00000577,1.1717173457e-01,-5.2929283120e-03,1.1353,2.3579797745e+00
0.1690,0.0001900,0.0000045,0.00016100,0.00000576,1.1717173457e-01,-5.2525247447e-03,1.1363,2.3579797745e+00
0.1700,0.0001910,0.0000045,0.00016200,0.00000576,1.1717173457e-01,-5.2525247447e-03,1.1373,2.3579797745e+00
0.1710,0.0001910,0.0000045,0.00016200,0.00000576,1.1717173457e-01,-5.2525247447e-03,1.1383,2.3579797745e+00
0.1720,0.0001930,0.0000044,0.00016300,0.00000576,1.2121210992e-01,-5.2929301746e-03,1.1393,2.3620200157e+00
0.1730,0.0001940,0.0000045,0.00016300,0.00000576,1.2525250018e-01,-5.2525247447e-03,1.1403,2.3660604954e+00
0.1740,0.0001960,0.0000044,0.00016400,0.00000575,1.2929293513e-01,-5.2525266074e-03,1.1413,2.3701009750e+00
0.1750,0.0001960,0.0000044,0.00016500,0.00000575,1.2525250018e-01,-5.2525266074e-03,1.1423,2.3660604954e+00
0.1760,0.0001970,0.0000044,0.00016500,0.00000575,1.2929293513e-01,-5.2525266074e-03,1.1433,2.3701009750e+00
0.1770,0.0001980,0.0000044,0.00016600,0.00000575,1.2929293513e-01,-5.2929301746e-03,1.1443,2.3701009750e+00
0.1780,0.0002010,0.0000044,0.00016600,0.00000574,1.4141418040e-01,-5.2121211775e-03,1.1453,2.3822221756e+00
0.1790,0.0002000,0.0000044,0.00016700,0.00000574,1.3333331048e-01,-5.2121211775e-03,1.1463,2.3741412163e+00
0.1800,0.0002020,0.0000044,0.00016800,0.00000574,1.3737374544e-01,-5.2121211775e-03,1.1473,2.3781816959e+00
0.1810,0.0002040,0.0000044,0.00016800,0.00000574,1.4545455575e-01,-5.3333318792e-03,1.1483,2.3862626553e+00
0.1820,0.0002040,0.0000044,0.00016900,0.00000574,1.4141412079e-01,-5.2121211775e-03,1.1493,2.3822221756e+00
0.1830,0.0002060,0.0000044,0.00017000,0.00000574,1.4545455575e-01,-5.2525247447e-03,1.1503,2.3862626553e+00
0.1840,0.0002070,0.0000044,0.00017000,0.00000574,1.4949499071e-01,-5.2929283120e-03,1.1513,2.3903028965e+00
0.1850,0.0002090,0.0000044,0.00017100,0.00000573,1.5353536606e-01,-5.2525247447e-03,1.1523,2.3943433762e+00
0.1860,0.0002080,0.0000044,0.00017200,0.00000573,1.4545455575e-01,-5.2121211775e-03,1.1533,2.3862626553e+00
0.1870,0.0002120,0.0000044,0.00017300,0.00000573,1.5757580101e-01,-5.2929283120e-03,1.1543,2.3983838558e+00
0.1880,0.0002120,0.0000044,0.00017300,0.00000572,1.5757580101e-01,-5.2121211775e-03,1.1553,2.3983838558e+00
0.1890,0.0002140,0.0000044,0.00017400,0.00000572,1.6161617637e-01,-5.2121211775e-03,1.1563,2.4024240971e+00
0.1900,0.0002150,0.0000044,0.00017500,0.00000572,1.6161617637e-01,-5.2525247447e-03,1.1573,2.4024240971e+00
0.1910,0.0002170,0.0000044,0.00017600,0.00000572,1.6565655172e-01,-5.2525247447e-03,1.1583,2.4064645767e+00
0.1920,0.0002180,0.0000044,0.00017700,0.00000572,1.6565661132e-01,-5.2121211775e-03,1.1593,2.4064645767e+00
0.1930,0.0002180,0.0000044,0.00017700,0.00000572,1.6565661132e-01,-5.2121211775e-03,1.1603,2.4064645767e+00
0.1940,0.0002220,0.0000044,0.00017800,0.00000572,1.7777779698e-01,-5.2525247447e-03,1.1613,2.4185857773e+00
0.1950,0.0002210,0.0000044,0.00017900,0.00000572,1.6969698668e-01,-5.2929283120e-03,1.1623,2.4105050564e+00
0.1960,0.0002230,0.0000044,0.00018000,0.00000572,1.7373736203e-01,-5.2525247447e-03,1.1633,2.4145452976e+00
0.1970,0.0002250,0.0000044,0.00018100,0.00000572,1.7777779698e-01,-5.2929283120e-03,1.1643,2.4185857773e+00
0.1980,0.0002260,0.0000044,0.00018200,0.00000571,1.7777779698e-01,-5.2929301746e-03,1.1653,2.4185857773e+00
0.1990,0.0002290,0.0000044,0.00018300,0.00000571,1.8585860729e-01,-5.2525247447e-03,1.1663,2.4266667366e+00
