Potential,Disk-O2,Ring-O2,Disk-N2,Ring-N2,Disk-Density,Ring-Density,Potential_RHE,ABS
-0.9000,-0.0015600,0.0000453,-0.00132000,0.00000891,-9.6969681978e-01,1.4703030884e-01,0.0673,1.4161617756e+00
-0.8990,-0.0014500,0.0000454,-0.00119000,0.00000868,-1.0505050421e+00,1.4836363494e-01,0.0683,1.3353534937e+00
-0.8980,-0.0014000,0.0000455,-0.00108000,0.00000853,-1.2929292917e+00,1.4937373996e-01,0.0693,1.0929292440e+00
-0.8970,-0.0013700,0.0000453,-0.00097700,0.00000842,-1.5878787041e+00,1.4901009202e-01,0.0703,7.9797983170e-01
-0.8960,-0.0013400,0.0000454,-0.00088400,0.00000837,-1.8424241543e+00,1.4961616695e-01,0.0713,5.4343438148e-01
-0.8950,-0.0013100,0.0000450,-0.00080100,0.00000823,-2.0565655231e+00,1.4856566489e-01,0.0723,3.2929301262e-01
-0.8940,-0.0012900,0.0000451,-0.00072700,0.00000817,-2.2747476101e+00,1.4921213686e-01,0.0733,1.1111092567e-01
-0.8930,-0.0012800,0.0000452,-0.00065900,0.00000809,-2.5090906620e+00,1.4993938804e-01,0.0743,1.2323212624e-01
-0.8920,-0.0012600,0.0000450,-0.00059700,0.00000801,-2.6787879467e+00,1.4945454895e-01,0.0753,2.9292941093e-01
-0.8910,-0.0012400,0.0000446,-0.00054200,0.00000795,-2.8202021122e+00,1.4808082581e-01,0.0763,4.3434357643e-01
-0.8900,-0.0012400,0.0000449,-0.00049000,0.00000787,-3.0303030014e+00,1.4961616695e-01,0.0773,6.4444446564e-01
-0.8890,-0.0012200,0.0000446,-0.00044400,0.00000781,-3.1353533268e+00,1.4864645898e-01,0.0783,7.4949479103e-01
-0.8880,-0.0012200,0.0000445,-0.00040200,0.00000775,-3.3050503731e+00,1.4848484099e-01,0.0793,9.1919183731e-01
-0.8870,-0.0012000,0.0000445,-0.00036300,0.00000769,-3.3818185329e+00,1.4872728288e-01,0.0803,9.9595999718e-01
-0.8860,-0.0011900,0.0000442,-0.00032800,0.00000764,-3.4828281403e+00,1.4771716297e-01,0.0813,1.0969696045e+00
-0.8850,-0.0011900,0.0000443,-0.00029500,0.00000757,-3.6161613464e+00,1.4840403199e-01,0.0823,1.2303028107e+00
-0.8840,-0.0011800,0.0000441,-0.00026500,0.00000753,-3.6969697475e+00,1.4775757492e-01,0.0833,1.3111112118e+00
-0.8830,-0.0011800,0.0000441,-0.00023800,0.00000746,-3.8060605526e+00,1.4804041386e-01,0.0843,1.4202020168e+00
-0.8820,-0.0011700,0.0000440,-0.00021400,0.00000740,-3.8626260757e+00,1.4787879586e-01,0.0853,1.4767675400e+00
-0.8810,-0.0011600,0.0000437,-0.00019100,0.00000736,-3.9151513577e+00,1.4682829380e-01,0.0863,1.5292928219e+00
-0.8800,-0.0011600,0.0000439,-0.00017000,0.00000731,-4.0000000000e+00,1.4783836901e-01,0.0873,1.6141414642e+00
-0.8790,-0.0011500,0.0000437,-0.00015000,0.00000725,-4.0404043198e+00,1.4727273583e-01,0.0883,1.6545457840e+00
-0.8780,-0.0011500,0.0000437,-0.00013200,0.00000721,-4.1131315231e+00,1.4743435383e-01,0.0893,1.7272729874e+00
-0.8770,-0.0011400,0.0000435,-0.00011500,0.00000716,-4.1414136887e+00,1.4682827890e-01,0.0903,1.7555551529e+00
-0.8760,-0.0011400,0.0000432,-0.00010000,0.00000711,-4.2020201683e+00,1.4581818879e-01,0.0913,1.8161616325e+00
-0.8750,-0.0011300,0.0000433,-0.00008650,0.00000707,-4.2161617279e+00,1.4638383687e-01,0.0923,1.8303031921e+00
-0.8740,-0.0011300,0.0000431,-0.00007320,0.00000702,-4.2698988914e+00,1.4577777684e-01,0.0933,1.8840403557e+00
-0.8730,-0.0011300,0.0000431,-0.00006100,0.00000697,-4.3191919327e+00,1.4597980678e-01,0.0943,1.9333333969e+00
-0.8720,-0.0011200,0.0000430,-0.00004960,0.00000694,-4.3248486519e+00,1.4569696784e-01,0.0953,1.9389901161e+00
-0.8710,-0.0011200,0.0000427,-0.00003900,0.00000689,-4.3676772118e+00,1.4468687773e-01,0.0963,1.9818186760e+00
-0.8700,-0.0011200,0.0000429,-0.00002930,0.00000685,-4.4068689346e+00,1.4565655589e-01,0.0973,2.0210103989e+00
-0.8690,-0.0011100,0.0000426,-0.00002040,0.00000681,-4.4024238586e+00,1.4460605383e-01,0.0983,2.0165653229e+00
-0.8680,-0.0011100,0.0000424,-0.00001220,0.00000676,-4.4355554581e+00,1.4399999380e-01,0.0993,2.0496969223e+00
-0.8670,-0.0011100,0.0000426,-0.00000427,0.00000672,-4.4675955772e+00,1.4496970177e-01,0.1003,2.0817370415e+00
-0.8660,-0.0011000,0.0000422,0.00000335,0.00000668,-4.4579796791e+00,1.4351516962e-01,0.1013,2.0721211433e+00
-0.8650,-0.0011000,0.0000424,0.00000977,0.00000663,-4.4839191437e+00,1.4452524483e-01,0.1023,2.0980606079e+00
-0.8640,-0.0011000,0.0000423,0.00001620,0.00000659,-4.5098991394e+00,1.4428283274e-01,0.1033,2.1240406036e+00
-0.8630,-0.0011000,0.0000421,0.00002230,0.00000656,-4.5345454216e+00,1.4359596372e-01,0.1043,2.1486868858e+00
-0.8620,-0.0010900,0.0000420,0.00002800,0.00000652,-4.5171718597e+00,1.4335353673e-01,0.1053,2.1313133240e+00
-0.8610,-0.0011000,0.0000421,0.00003330,0.00000648,-4.5789899826e+00,1.4391918480e-01,0.1063,2.1931314468e+00
-0.8600,-0.0010900,0.0000419,0.00003820,0.00000644,-4.5583839417e+00,1.4327271283e-01,0.1073,2.1725254059e+00
-0.8590,-0.0010900,0.0000419,0.00004270,0.00000641,-4.5765657425e+00,1.4339393377e-01,0.1083,2.1907072067e+00
-0.8580,-0.0010900,0.0000418,0.00004730,0.00000637,-4.5951519012e+00,1.4315152168e-01,0.1093,2.2092933655e+00
-0.8570,-0.0010900,0.0000418,0.00005170,0.00000634,-4.6129298210e+00,1.4327272773e-01,0.1103,2.2270712852e+00
-0.8560,-0.0010900,0.0000417,0.00005540,0.00000630,-4.6278786659e+00,1.4303030074e-01,0.1113,2.2420201302e+00
-0.8550,-0.0010900,0.0000416,0.00005920,0.00000627,-4.6432323456e+00,1.4274746180e-01,0.1123,2.2573738098e+00
-0.8540,-0.0010800,0.0000417,0.00006260,0.00000624,-4.6165657043e+00,1.4327272773e-01,0.1133,2.2307071686e+00
-0.8530,-0.0010900,0.0000414,0.00006580,0.00000620,-4.6698994637e+00,1.4222221076e-01,0.1143,2.2840409279e+00
-0.8520,-0.0010800,0.0000414,0.00006890,0.00000617,-4.6420202255e+00,1.4234343171e-01,0.1153,2.2561616898e+00
-0.8510,-0.0010800,0.0000415,0.00007200,0.00000614,-4.6545453072e+00,1.4286869764e-01,0.1163,2.2686867714e+00
-0.8500,-0.0010800,0.0000413,0.00007480,0.00000610,-4.6658582687e+00,1.4222222567e-01,0.1173,2.2799997330e+00
-0.8490,-0.0010800,0.0000413,0.00007730,0.00000607,-4.6759595871e+00,1.4234344661e-01,0.1183,2.2901010513e+00
-0.8480,-0.0010700,0.0000415,0.00007990,0.00000604,-4.6460609436e+00,1.4327271283e-01,0.1193,2.2602024078e+00
-0.8470,-0.0010800,0.0000412,0.00008230,0.00000602,-4.6961617470e+00,1.4214141667e-01,0.1203,2.3103032112e+00
-0.8460,-0.0010800,0.0000412,0.00008450,0.00000598,-4.7050499916e+00,1.4230303466e-01,0.1213,2.3191914558e+00
-0.8450,-0.0010800,0.0000412,0.00008690,0.00000596,-4.7147469521e+00,1.4238384366e-01,0.1223,2.3288884163e+00
-0.8440,-0.0010800,0.0000413,0.00008900,0.00000593,-4.7232322693e+00,1.4290909469e-01,0.1233,2.3373737335e+00
-0.8430,-0.0010800,0.0000411,0.00009090,0.00000590,-4.7309088707e+00,1.4222221076e-01,0.1243,2.3450503349e+00
-0.8420,-0.0010700,0.0000409,0.00009280,0.00000587,-4.6981816292e+00,1.4153535664e-01,0.1253,2.3123230934e+00
-0.8410,-0.0010700,0.0000411,0.00009460,0.00000584,-4.7054548264e+00,1.4246465266e-01,0.1263,2.3195962906e+00
-0.8400,-0.0010700,0.0000408,0.00009640,0.00000581,-4.7127275467e+00,1.4137373865e-01,0.1273,2.3268690109e+00
-0.8390,-0.0010800,0.0000410,0.00009800,0.00000579,-4.7595958710e+00,1.4226262271e-01,0.1283,2.3737373352e+00
-0.8380,-0.0010700,0.0000409,0.00009970,0.00000576,-4.7260603905e+00,1.4197978377e-01,0.1293,2.3402018547e+00
-0.8370,-0.0010800,0.0000408,0.00010100,0.00000574,-4.7717165947e+00,1.4165657759e-01,0.1303,2.3858580589e+00
-0.8360,-0.0010700,0.0000409,0.00010200,0.00000571,-4.7353534698e+00,1.4218181372e-01,0.1313,2.3494949341e+00
-0.8350,-0.0010700,0.0000408,0.00010400,0.00000569,-4.7434344292e+00,1.4185859263e-01,0.1323,2.3575758934e+00
-0.8340,-0.0010700,0.0000406,0.00010500,0.00000566,-4.7474746704e+00,1.4117172360e-01,0.1333,2.3616161346e+00
-0.8330,-0.0010600,0.0000404,0.00010700,0.00000563,-4.7151517868e+00,1.4048483968e-01,0.1343,2.3292932510e+00
-0.8320,-0.0010600,0.0000404,0.00010800,0.00000561,-4.7191920280e+00,1.4056564867e-01,0.1353,2.3333334923e+00
-0.8310,-0.0010700,0.0000405,0.00010900,0.00000559,-4.7636365891e+00,1.4105050266e-01,0.1363,2.3777780533e+00
-0.8300,-0.0010600,0.0000404,0.00011000,0.00000556,-4.7272729874e+00,1.4076767862e-01,0.1373,2.3414144516e+00
-0.8290,-0.0010600,0.0000401,0.00011100,0.00000554,-4.7313132286e+00,1.3963635266e-01,0.1383,2.3454546928e+00
-0.8280,-0.0010600,0.0000402,0.00011200,0.00000551,-4.7353539467e+00,1.4016161859e-01,0.1393,2.3494954109e+00
-0.8270,-0.0010600,0.0000400,0.00011300,0.00000548,-4.7393941879e+00,1.3947474957e-01,0.1403,2.3535356522e+00
-0.8260,-0.0010500,0.0000400,0.00011400,0.00000546,-4.7030305862e+00,1.3955555856e-01,0.1413,2.3171720505e+00
-0.8250,-0.0010600,0.0000400,0.00011500,0.00000545,-4.7474751472e+00,1.3959595561e-01,0.1423,2.3616166115e+00
-0.8240,-0.0010600,0.0000400,0.00011600,0.00000542,-4.7515149117e+00,1.3971717656e-01,0.1433,2.3656563759e+00
-0.8230,-0.0010600,0.0000400,0.00011700,0.00000540,-4.7555556297e+00,1.3979797065e-01,0.1443,2.3696970940e+00
-0.8220,-0.0010500,0.0000399,0.00011800,0.00000538,-4.7191915512e+00,1.3947474957e-01,0.1453,2.3333330154e+00
-0.8210,-0.0010600,0.0000399,0.00011900,0.00000537,-4.7636365891e+00,1.3951514661e-01,0.1463,2.3777780533e+00
-0.8200,-0.0010500,0.0000398,0.00011900,0.00000534,-4.7232322693e+00,1.3923232257e-01,0.1473,2.3373737335e+00
-0.8190,-0.0010500,0.0000396,0.00012100,0.00000532,-4.7313127518e+00,1.3850504160e-01,0.1483,2.3454542160e+00
-0.8180,-0.0010500,0.0000398,0.00012100,0.00000531,-4.7313127518e+00,1.3935352862e-01,0.1493,2.3454542160e+00
-0.8170,-0.0010500,0.0000395,0.00012200,0.00000528,-4.7353534698e+00,1.3826262951e-01,0.1503,2.3494949341e+00
-0.8160,-0.0010500,0.0000397,0.00012300,0.00000527,-4.7393937111e+00,1.3911110163e-01,0.1513,2.3535351753e+00
-0.8150,-0.0010500,0.0000396,0.00012300,0.00000525,-4.7393937111e+00,1.3878788054e-01,0.1523,2.3535351753e+00
-0.8140,-0.0010500,0.0000396,0.00012400,0.00000523,-4.7434344292e+00,1.3886868954e-01,0.1533,2.3575758934e+00
-0.8130,-0.0010500,0.0000396,0.00012400,0.00000521,-4.7434344292e+00,1.3894949853e-01,0.1543,2.3575758934e+00
-0.8120,-0.0010500,0.0000396,0.00012500,0.00000520,-4.7474746704e+00,1.3898989558e-01,0.1553,2.3616161346e+00
-0.8110,-0.0010500,0.0000396,0.00012600,0.00000517,-4.7515149117e+00,1.3911110163e-01,0.1563,2.3656563759e+00
-0.8100,-0.0010500,0.0000395,0.00012600,0.00000516,-4.7515149117e+00,1.3874746859e-01,0.1573,2.3656563759e+00
-0.8090,-0.0010500,0.0000395,0.00012700,0.00000514,-4.7555556297e+00,1.3882827759e-01,0.1583,2.3696970940e+00
-0.8080,-0.0010500,0.0000395,0.00012700,0.00000513,-4.7555556297e+00,1.3886867464e-01,0.1593,2.3696970940e+00
-0.8070,-0.0010400,0.0000393,0.00012800,0.00000511,-4.7191920280e+00,1.3814142346e-01,0.1603,2.3333334923e+00
-0.8060,-0.0010500,0.0000393,0.00012800,0.00000509,-4.7595958710e+00,1.3822223246e-01,0.1613,2.3737373352e+00
-0.8050,-0.0010500,0.0000394,0.00012900,0.00000507,-4.7636361122e+00,1.3870707154e-01,0.1623,2.3777775764e+00
-0.8040,-0.0010400,0.0000392,0.00012900,0.00000505,-4.7232327461e+00,1.3797980547e-01,0.1633,2.3373742104e+00
-0.8030,-0.0010500,0.0000393,0.00013000,0.00000503,-4.7676763535e+00,1.3846464455e-01,0.1643,2.3818178177e+00
-0.8020,-0.0010500,0.0000394,0.00013000,0.00000502,-4.7676763535e+00,1.3890910149e-01,0.1653,2.3818178177e+00
-0.8010,-0.0010400,0.0000393,0.00013000,0.00000501,-4.7272729874e+00,1.3854546845e-01,0.1663,2.3414144516e+00
-0.8000,-0.0010500,0.0000392,0.00013100,0.00000499,-4.7717165947e+00,1.3822221756e-01,0.1673,2.3858580589e+00
-0.7990,-0.0010500,0.0000393,0.00013100,0.00000497,-4.7717165947e+00,1.3870707154e-01,0.1683,2.3858580589e+00
-0.7980,-0.0010500,0.0000390,0.00013200,0.00000496,-4.7757573128e+00,1.3753534853e-01,0.1693,2.3898987770e+00
-0.7970,-0.0010500,0.0000392,0.00013200,0.00000494,-4.7757573128e+00,1.3842424750e-01,0.1703,2.3898987770e+00
-0.7960,-0.0010500,0.0000390,0.00013300,0.00000492,-4.7797975540e+00,1.3769696653e-01,0.1713,2.3939390182e+00
-0.7950,-0.0010400,0.0000391,0.00013300,0.00000491,-4.7393937111e+00,1.3814142346e-01,0.1723,2.3535351753e+00
-0.7940,-0.0010400,0.0000389,0.00013300,0.00000489,-4.7393937111e+00,1.3741414249e-01,0.1733,2.3535351753e+00
-0.7930,-0.0010400,0.0000389,0.00013400,0.00000487,-4.7434344292e+00,1.3749496639e-01,0.1743,2.3575758934e+00
-0.7920,-0.0010400,0.0000389,0.00013400,0.00000486,-4.7434344292e+00,1.3753534853e-01,0.1753,2.3575758934e+00
-0.7910,-0.0010400,0.0000388,0.00013400,0.00000485,-4.7434344292e+00,1.3717171550e-01,0.1763,2.3575758934e+00
-0.7900,-0.0010400,0.0000388,0.00013500,0.00000483,-4.7474746704e+00,1.3725253940e-01,0.1773,2.3616161346e+00
-0.7890,-0.0010400,0.0000387,0.00013500,0.00000481,-4.7474746704e+00,1.3692928851e-01,0.1783,2.3616161346e+00
-0.7880,-0.0010400,0.0000389,0.00013500,0.00000480,-4.7474746704e+00,1.3777779043e-01,0.1793,2.3616161346e+00
-0.7870,-0.0010400,0.0000387,0.00013600,0.00000478,-4.7515149117e+00,1.3705050945e-01,0.1803,2.3656563759e+00
-0.7860,-0.0010400,0.0000387,0.00013600,0.00000477,-4.7515149117e+00,1.3709090650e-01,0.1813,2.3656563759e+00
-0.7850,-0.0010400,0.0000387,0.00013600,0.00000476,-4.7515149117e+00,1.3713131845e-01,0.1823,2.3656563759e+00
-0.7840,-0.0010400,0.0000386,0.00013700,0.00000475,-4.7555556297e+00,1.3676767051e-01,0.1833,2.3696970940e+00
-0.7830,-0.0010400,0.0000386,0.00013700,0.00000474,-4.7555556297e+00,1.3680808246e-01,0.1843,2.3696970940e+00
-0.7820,-0.0010400,0.0000386,0.00013700,0.00000473,-4.7555556297e+00,1.3684847951e-01,0.1853,2.3696970940e+00
-0.7810,-0.0010400,0.0000386,0.00013800,0.00000471,-4.7595958710e+00,1.3692928851e-01,0.1863,2.3737373352e+00
-0.7800,-0.0010400,0.0000385,0.00013800,0.00000470,-4.7595958710e+00,1.3656565547e-01,0.1873,2.3737373352e+00
-0.7790,-0.0010400,0.0000386,0.00013800,0.00000468,-4.7595958710e+00,1.3705049455e-01,0.1883,2.3737373352e+00
-0.7780,-0.0010400,0.0000386,0.00013800,0.00000467,-4.7595958710e+00,1.3709090650e-01,0.1893,2.3737373352e+00
-0.7770,-0.0010300,0.0000384,0.00013900,0.00000466,-4.7232327461e+00,1.3632324338e-01,0.1903,2.3373742104e+00
-0.7760,-0.0010400,0.0000386,0.00013900,0.00000464,-4.7636365891e+00,1.3721212745e-01,0.1913,2.3777780533e+00
-0.7750,-0.0010400,0.0000386,0.00013900,0.00000463,-4.7636365891e+00,1.3725252450e-01,0.1923,2.3777780533e+00
-0.7740,-0.0010300,0.0000383,0.00013900,0.00000462,-4.7232327461e+00,1.3608081639e-01,0.1933,2.3373742104e+00
-0.7730,-0.0010400,0.0000385,0.00014000,0.00000460,-4.7676768303e+00,1.3696970046e-01,0.1943,2.3818182945e+00
-0.7720,-0.0010400,0.0000384,0.00014000,0.00000459,-4.7676768303e+00,1.3660606742e-01,0.1953,2.3818182945e+00
-0.7710,-0.0010400,0.0000383,0.00014000,0.00000459,-4.7676768303e+00,1.3620202243e-01,0.1963,2.3818182945e+00
-0.7700,-0.0010300,0.0000385,0.00014000,0.00000457,-4.7272729874e+00,1.3709090650e-01,0.1973,2.3414144516e+00
-0.7690,-0.0010300,0.0000383,0.00014100,0.00000456,-4.7313132286e+00,1.3632324338e-01,0.1983,2.3454546928e+00
-0.7680,-0.0010300,0.0000383,0.00014100,0.00000454,-4.7313132286e+00,1.3640403748e-01,0.1993,2.3454546928e+00
-0.7670,-0.0010400,0.0000383,0.00014100,0.00000454,-4.7717170715e+00,1.3640403748e-01,0.2003,2.3858585358e+00
-0.7660,-0.0010300,0.0000383,0.00014100,0.00000452,-4.7313132286e+00,1.3648484647e-01,0.2013,2.3454546928e+00
-0.7650,-0.0010300,0.0000382,0.00014200,0.00000451,-4.7353539467e+00,1.3612121344e-01,0.2023,2.3494954109e+00
-0.7640,-0.0010300,0.0000381,0.00014200,0.00000450,-4.7353539467e+00,1.3575756550e-01,0.2033,2.3494954109e+00
-0.7630,-0.0010400,0.0000383,0.00014200,0.00000449,-4.7757577896e+00,1.3660606742e-01,0.2043,2.3898992538e+00
-0.7620,-0.0010300,0.0000383,0.00014200,0.00000447,-4.7353539467e+00,1.3668687642e-01,0.2053,2.3494954109e+00
-0.7610,-0.0010300,0.0000382,0.00014200,0.00000447,-4.7353539467e+00,1.3628283143e-01,0.2063,2.3494954109e+00
-0.7600,-0.0010300,0.0000383,0.00014200,0.00000446,-4.7353539467e+00,1.3672727346e-01,0.2073,2.3494954109e+00
-0.7590,-0.0010300,0.0000382,0.00014300,0.00000444,-4.7393941879e+00,1.3640403748e-01,0.2083,2.3535356522e+00
-0.7580,-0.0010300,0.0000381,0.00014300,0.00000443,-4.7393941879e+00,1.3604040444e-01,0.2093,2.3535356522e+00
-0.7570,-0.0010300,0.0000381,0.00014300,0.00000443,-4.7393941879e+00,1.3604040444e-01,0.2103,2.3535356522e+00
-0.7560,-0.0010300,0.0000382,0.00014300,0.00000442,-4.7393941879e+00,1.3648484647e-01,0.2113,2.3535356522e+00
-0.7550,-0.0010300,0.0000380,0.00014300,0.00000440,-4.7393941879e+00,1.3575756550e-01,0.2123,2.3535356522e+00
-0.7540,-0.0010300,0.0000380,0.00014300,0.00000440,-4.7393941879e+00,1.3575756550e-01,0.2133,2.3535356522e+00
-0.7530,-0.0010300,0.0000381,0.00014400,0.00000439,-4.7434349060e+00,1.3620202243e-01,0.2143,2.3575763702e+00
-0.7520,-0.0010300,0.0000378,0.00014400,0.00000438,-4.7434349060e+00,1.3503031433e-01,0.2153,2.3575763702e+00
-0.7510,-0.0010300,0.0000380,0.00014400,0.00000437,-4.7434349060e+00,1.3587878644e-01,0.2163,2.3575763702e+00
-0.7500,-0.0010200,0.0000379,0.00014400,0.00000436,-4.7030305862e+00,1.3551515341e-01,0.2173,2.3171720505e+00
-0.7490,-0.0010300,0.0000380,0.00014400,0.00000435,-4.7434349060e+00,1.3595959544e-01,0.2183,2.3575763702e+00
-0.7480,-0.0010300,0.0000380,0.00014500,0.00000434,-4.7474751472e+00,1.3599999249e-01,0.2193,2.3616166115e+00
-0.7470,-0.0010300,0.0000379,0.00014500,0.00000433,-4.7474751472e+00,1.3563637435e-01,0.2203,2.3616166115e+00
-0.7460,-0.0010300,0.0000380,0.00014500,0.00000432,-4.7474751472e+00,1.3608081639e-01,0.2213,2.3616166115e+00
-0.7450,-0.0010200,0.0000378,0.00014500,0.00000432,-4.7070708275e+00,1.3527272642e-01,0.2223,2.3212122917e+00
-0.7440,-0.0010200,0.0000376,0.00014500,0.00000430,-4.7070708275e+00,1.3454544544e-01,0.2233,2.3212122917e+00
-0.7430,-0.0010200,0.0000378,0.00014500,0.00000429,-4.7070708275e+00,1.3539394736e-01,0.2243,2.3212122917e+00
-0.7420,-0.0010200,0.0000377,0.00014600,0.00000428,-4.7111110687e+00,1.3503031433e-01,0.2253,2.3252525330e+00
-0.7410,-0.0010300,0.0000378,0.00014500,0.00000427,-4.7474751472e+00,1.3547474146e-01,0.2263,2.3616166115e+00
-0.7400,-0.0010200,0.0000379,0.00014600,0.00000427,-4.7111110687e+00,1.3587878644e-01,0.2273,2.3252525330e+00
-0.7390,-0.0010200,0.0000378,0.00014600,0.00000426,-4.7111110687e+00,1.3551515341e-01,0.2283,2.3252525330e+00
-0.7380,-0.0010200,0.0000378,0.00014600,0.00000425,-4.7111110687e+00,1.3555556536e-01,0.2293,2.3252525330e+00
-0.7370,-0.0010200,0.0000377,0.00014600,0.00000423,-4.7111110687e+00,1.3523232937e-01,0.2303,2.3252525330e+00
-0.7360,-0.0010200,0.0000378,0.00014600,0.00000423,-4.7111110687e+00,1.3563637435e-01,0.2313,2.3252525330e+00
-0.7350,-0.0010200,0.0000377,0.00014600,0.00000421,-4.7111110687e+00,1.3531312346e-01,0.2323,2.3252525330e+00
-0.7340,-0.0010200,0.0000377,0.00014600,0.00000421,-4.7111110687e+00,1.3531312346e-01,0.2333,2.3252525330e+00
-0.7330,-0.0010200,0.0000376,0.00014700,0.00000420,-4.7151513100e+00,1.3494949043e-01,0.2343,2.3292927742e+00
-0.7320,-0.0010100,0.0000376,0.00014700,0.00000419,-4.6747474670e+00,1.3498990238e-01,0.2353,2.2888889313e+00
-0.7310,-0.0010200,0.0000377,0.00014700,0.00000418,-4.7151513100e+00,1.3543434441e-01,0.2363,2.3292927742e+00
-0.7300,-0.0010200,0.0000376,0.00014700,0.00000417,-4.7151513100e+00,1.3507069647e-01,0.2373,2.3292927742e+00
-0.7290,-0.0010200,0.0000375,0.00014700,0.00000416,-4.7151513100e+00,1.3470707834e-01,0.2383,2.3292927742e+00
-0.7280,-0.0010200,0.0000378,0.00014700,0.00000415,-4.7151513100e+00,1.3595959544e-01,0.2393,2.3292927742e+00
-0.7270,-0.0010200,0.0000376,0.00014700,0.00000414,-4.7151513100e+00,1.3519190252e-01,0.2403,2.3292927742e+00
-0.7260,-0.0010200,0.0000376,0.00014800,0.00000413,-4.7191915512e+00,1.3523231447e-01,0.2413,2.3333330154e+00
-0.7250,-0.0010200,0.0000377,0.00014800,0.00000413,-4.7191915512e+00,1.3563635945e-01,0.2423,2.3333330154e+00
-0.7240,-0.0010200,0.0000376,0.00014800,0.00000411,-4.7191915512e+00,1.3531312346e-01,0.2433,2.3333330154e+00
-0.7230,-0.0010100,0.0000374,0.00014800,0.00000411,-4.6787877083e+00,1.3450506330e-01,0.2443,2.2929291725e+00
-0.7220,-0.0010100,0.0000375,0.00014800,0.00000410,-4.6787877083e+00,1.3494950533e-01,0.2453,2.2929291725e+00
-0.7210,-0.0010200,0.0000375,0.00014800,0.00000409,-4.7191915512e+00,1.3498990238e-01,0.2463,2.3333330154e+00
-0.7200,-0.0010200,0.0000376,0.00014800,0.00000409,-4.7191915512e+00,1.3539393246e-01,0.2473,2.3333330154e+00
-0.7190,-0.0010200,0.0000376,0.00014800,0.00000408,-4.7191915512e+00,1.3543434441e-01,0.2483,2.3333330154e+00
-0.7180,-0.0010200,0.0000376,0.00014800,0.00000407,-4.7191915512e+00,1.3547474146e-01,0.2493,2.3333330154e+00
-0.7170,-0.0010100,0.0000375,0.00014900,0.00000407,-4.6828284264e+00,1.3507071137e-01,0.2503,2.2969698906e+00
-0.7160,-0.0010100,0.0000375,0.00014900,0.00000406,-4.6828284264e+00,1.3511112332e-01,0.2513,2.2969698906e+00
-0.7150,-0.0010100,0.0000376,0.00014900,0.00000406,-4.6828284264e+00,1.3551515341e-01,0.2523,2.2969698906e+00
-0.7140,-0.0010100,0.0000375,0.00014900,0.00000405,-4.6828284264e+00,1.3515152037e-01,0.2533,2.2969698906e+00
-0.7130,-0.0010100,0.0000375,0.00014900,0.00000404,-4.6828284264e+00,1.3519191742e-01,0.2543,2.2969698906e+00
-0.7120,-0.0010100,0.0000376,0.00014900,0.00000404,-4.6828284264e+00,1.3559594750e-01,0.2553,2.2969698906e+00
-0.7110,-0.0010200,0.0000374,0.00014900,0.00000403,-4.7232322693e+00,1.3482828438e-01,0.2563,2.3373737335e+00
-0.7100,-0.0010100,0.0000376,0.00014900,0.00000402,-4.6828284264e+00,1.3567677140e-01,0.2573,2.2969698906e+00
-0.7090,-0.0010200,0.0000375,0.00014900,0.00000401,-4.7232322693e+00,1.3531313837e-01,0.2583,2.3373737335e+00
-0.7080,-0.0010100,0.0000376,0.00014900,0.00000401,-4.6828284264e+00,1.3571716845e-01,0.2593,2.2969698906e+00
-0.7070,-0.0010100,0.0000374,0.00014900,0.00000400,-4.6828284264e+00,1.3494949043e-01,0.2603,2.2969698906e+00
-0.7060,-0.0010200,0.0000376,0.00015000,0.00000400,-4.7272725105e+00,1.3575756550e-01,0.2613,2.3414139748e+00
-0.7050,-0.0010100,0.0000375,0.00015000,0.00000399,-4.6868686676e+00,1.3539394736e-01,0.2623,2.3010101318e+00
-0.7040,-0.0010100,0.0000375,0.00015000,0.00000398,-4.6868686676e+00,1.3543435931e-01,0.2633,2.3010101318e+00
-0.7030,-0.0010100,0.0000375,0.00015000,0.00000398,-4.6868686676e+00,1.3543435931e-01,0.2643,2.3010101318e+00
-0.7020,-0.0010200,0.0000376,0.00015000,0.00000397,-4.7272725105e+00,1.3587878644e-01,0.2653,2.3414139748e+00
-0.7010,-0.0010100,0.0000376,0.00015000,0.00000396,-4.6868686676e+00,1.3591918349e-01,0.2663,2.3010101318e+00
-0.7000,-0.0010100,0.0000375,0.00015000,0.00000396,-4.6868686676e+00,1.3551516831e-01,0.2673,2.3010101318e+00
-0.6990,-0.0010200,0.0000376,0.00015000,0.00000395,-4.7272725105e+00,1.3595959544e-01,0.2683,2.3414139748e+00
-0.6980,-0.0010100,0.0000375,0.00015000,0.00000393,-4.6868686676e+00,1.3563637435e-01,0.2693,2.3010101318e+00
-0.6970,-0.0010200,0.0000375,0.00015000,0.00000393,-4.7272725105e+00,1.3563637435e-01,0.2703,2.3414139748e+00
-0.6960,-0.0010100,0.0000375,0.00015000,0.00000393,-4.6868686676e+00,1.3563637435e-01,0.2713,2.3010101318e+00
-0.6950,-0.0010100,0.0000375,0.00015100,0.00000392,-4.6909089088e+00,1.3567678630e-01,0.2723,2.3050503731e+00
-0.6940,-0.0010100,0.0000375,0.00015000,0.00000391,-4.6868686676e+00,1.3571716845e-01,0.2733,2.3010101318e+00
-0.6930,-0.0010100,0.0000375,0.00015100,0.00000391,-4.6909089088e+00,1.3571716845e-01,0.2743,2.3050503731e+00
-0.6920,-0.0010100,0.0000374,0.00015100,0.00000390,-4.6909089088e+00,1.3535353541e-01,0.2753,2.3050503731e+00
-0.6910,-0.0010100,0.0000376,0.00015100,0.00000389,-4.6909089088e+00,1.3620202243e-01,0.2763,2.3050503731e+00
-0.6900,-0.0010200,0.0000378,0.00015100,0.00000388,-4.7313127518e+00,1.3705050945e-01,0.2773,2.3454542160e+00
-0.6890,-0.0010100,0.0000376,0.00015100,0.00000388,-4.6909089088e+00,1.3624241948e-01,0.2783,2.3050503731e+00
-0.6880,-0.0010100,0.0000376,0.00015100,0.00000388,-4.6909089088e+00,1.3624241948e-01,0.2793,2.3050503731e+00
-0.6870,-0.0010100,0.0000376,0.00015100,0.00000387,-4.6909089088e+00,1.3628283143e-01,0.2803,2.3050503731e+00
-0.6860,-0.0010200,0.0000376,0.00015100,0.00000386,-4.7313127518e+00,1.3632322848e-01,0.2813,2.3454542160e+00
-0.6850,-0.0010100,0.0000376,0.00015200,0.00000386,-4.6949496269e+00,1.3632322848e-01,0.2823,2.3090910912e+00
-0.6840,-0.0010200,0.0000376,0.00015100,0.00000385,-4.7313127518e+00,1.3636362553e-01,0.2833,2.3454542160e+00
-0.6830,-0.0010100,0.0000377,0.00015200,0.00000385,-4.6949496269e+00,1.3676767051e-01,0.2843,2.3090910912e+00
-0.6820,-0.0010100,0.0000374,0.00015200,0.00000384,-4.6949496269e+00,1.3559596241e-01,0.2853,2.3090910912e+00
-0.6810,-0.0010100,0.0000376,0.00015200,0.00000384,-4.6949496269e+00,1.3640403748e-01,0.2863,2.3090910912e+00
-0.6800,-0.0010100,0.0000375,0.00015200,0.00000383,-4.6949496269e+00,1.3604041934e-01,0.2873,2.3090910912e+00
-0.6790,-0.0010200,0.0000375,0.00015200,0.00000382,-4.7353534698e+00,1.3608081639e-01,0.2883,2.3494949341e+00
-0.6780,-0.0010100,0.0000376,0.00015200,0.00000381,-4.6949496269e+00,1.3652524352e-01,0.2893,2.3090910912e+00
-0.6770,-0.0010100,0.0000376,0.00015200,0.00000381,-4.6949496269e+00,1.3652524352e-01,0.2903,2.3090910912e+00
-0.6760,-0.0010100,0.0000375,0.00015200,0.00000380,-4.6949496269e+00,1.3616162539e-01,0.2913,2.3090910912e+00
-0.6750,-0.0010100,0.0000376,0.00015200,0.00000380,-4.6949496269e+00,1.3656565547e-01,0.2923,2.3090910912e+00
-0.6740,-0.0010100,0.0000375,0.00015200,0.00000380,-4.6949496269e+00,1.3616162539e-01,0.2933,2.3090910912e+00
-0.6730,-0.0010100,0.0000375,0.00015200,0.00000379,-4.6949496269e+00,1.3620203733e-01,0.2943,2.3090910912e+00
-0.6720,-0.0010100,0.0000375,0.00015200,0.00000378,-4.6949496269e+00,1.3624243438e-01,0.2953,2.3090910912e+00
-0.6710,-0.0010100,0.0000375,0.00015200,0.00000378,-4.6949496269e+00,1.3624243438e-01,0.2963,2.3090910912e+00
-0.6700,-0.0010100,0.0000376,0.00015200,0.00000377,-4.6949496269e+00,1.3668686152e-01,0.2973,2.3090910912e+00
-0.6690,-0.0010000,0.0000374,0.00015200,0.00000377,-4.6545457840e+00,1.3587878644e-01,0.2983,2.2686872482e+00
-0.6680,-0.0010100,0.0000376,0.00015200,0.00000376,-4.6949496269e+00,1.3672727346e-01,0.2993,2.3090910912e+00
-0.6670,-0.0010100,0.0000375,0.00015200,0.00000376,-4.6949496269e+00,1.3632324338e-01,0.3003,2.3090910912e+00
-0.6660,-0.0010000,0.0000375,0.00015300,0.00000375,-4.6585860252e+00,1.3636364043e-01,0.3013,2.2727274895e+00
-0.6650,-0.0010000,0.0000374,0.00015300,0.00000375,-4.6585860252e+00,1.3595959544e-01,0.3023,2.2727274895e+00
-0.6640,-0.0010100,0.0000376,0.00015300,0.00000375,-4.6989898682e+00,1.3676767051e-01,0.3033,2.3131313324e+00
-0.6630,-0.0010000,0.0000374,0.00015300,0.00000373,-4.6585860252e+00,1.3604040444e-01,0.3043,2.2727274895e+00
-0.6620,-0.0010100,0.0000375,0.00015300,0.00000373,-4.6989898682e+00,1.3644444942e-01,0.3053,2.3131313324e+00
-0.6610,-0.0010100,0.0000376,0.00015300,0.00000372,-4.6989898682e+00,1.3688887656e-01,0.3063,2.3131313324e+00
-0.6600,-0.0010100,0.0000377,0.00015300,0.00000372,-4.6989898682e+00,1.3729292154e-01,0.3073,2.3131313324e+00
-0.6590,-0.0010000,0.0000374,0.00015300,0.00000371,-4.6585860252e+00,1.3612121344e-01,0.3083,2.2727274895e+00
-0.6580,-0.0010100,0.0000376,0.00015300,0.00000371,-4.6989898682e+00,1.3692928851e-01,0.3093,2.3131313324e+00
-0.6570,-0.0010100,0.0000377,0.00015300,0.00000371,-4.6989898682e+00,1.3733333349e-01,0.3103,2.3131313324e+00
-0.6560,-0.0010100,0.0000375,0.00015300,0.00000370,-4.6989898682e+00,1.3656567037e-01,0.3113,2.3131313324e+00
-0.6550,-0.0010100,0.0000377,0.00015300,0.00000370,-4.6989898682e+00,1.3737374544e-01,0.3123,2.3131313324e+00
-0.6540,-0.0010000,0.0000375,0.00015300,0.00000370,-4.6585860252e+00,1.3656567037e-01,0.3133,2.2727274895e+00
-0.6530,-0.0010100,0.0000376,0.00015300,0.00000368,-4.6989898682e+00,1.3705049455e-01,0.3143,2.3131313324e+00
-0.6520,-0.0010000,0.0000375,0.00015300,0.00000368,-4.6585860252e+00,1.3664646447e-01,0.3153,2.2727274895e+00
-0.6510,-0.0010000,0.0000375,0.00015300,0.00000367,-4.6585860252e+00,1.3668687642e-01,0.3163,2.2727274895e+00
-0.6500,-0.0010100,0.0000375,0.00015300,0.00000367,-4.6989898682e+00,1.3668687642e-01,0.3173,2.3131313324e+00
-0.6490,-0.0010000,0.0000376,0.00015300,0.00000367,-4.6585860252e+00,1.3709090650e-01,0.3183,2.2727274895e+00
-0.6480,-0.0010100,0.0000376,0.00015300,0.00000367,-4.6989898682e+00,1.3709090650e-01,0.3193,2.3131313324e+00
-0.6470,-0.0010100,0.0000377,0.00015300,0.00000366,-4.6989898682e+00,1.3753534853e-01,0.3203,2.3131313324e+00
-0.6460,-0.0010000,0.0000376,0.00015400,0.00000366,-4.6626262665e+00,1.3713131845e-01,0.3213,2.2767677307e+00
-0.6450,-0.0010000,0.0000376,0.00015400,0.00000365,-4.6626262665e+00,1.3717171550e-01,0.3223,2.2767677307e+00
-0.6440,-0.0010000,0.0000376,0.00015400,0.00000365,-4.6626262665e+00,1.3717171550e-01,0.3233,2.2767677307e+00
-0.6430,-0.0010100,0.0000377,0.00015400,0.00000364,-4.7030305862e+00,1.3761615753e-01,0.3243,2.3171720505e+00
-0.6420,-0.0009990,0.0000376,0.00015400,0.00000364,-4.6585860252e+00,1.3721211255e-01,0.3253,2.2727274895e+00
-0.6410,-0.0010000,0.0000376,0.00015400,0.00000363,-4.6626262665e+00,1.3725252450e-01,0.3263,2.2767677307e+00
-0.6400,-0.0010000,0.0000375,0.00015400,0.00000363,-4.6626262665e+00,1.3684849441e-01,0.3273,2.2767677307e+00
-0.6390,-0.0010000,0.0000377,0.00015400,0.00000363,-4.6626262665e+00,1.3765655458e-01,0.3283,2.2767677307e+00
-0.6380,-0.0010000,0.0000375,0.00015400,0.00000362,-4.6626262665e+00,1.3688889146e-01,0.3293,2.2767677307e+00
-0.6370,-0.0009980,0.0000376,0.00015400,0.00000362,-4.6545457840e+00,1.3729292154e-01,0.3303,2.2686872482e+00
-0.6360,-0.0009980,0.0000376,0.00015400,0.00000361,-4.6545457840e+00,1.3733333349e-01,0.3313,2.2686872482e+00
-0.6350,-0.0009940,0.0000375,0.00015400,0.00000361,-4.6383838654e+00,1.3692930341e-01,0.3323,2.2525253296e+00
-0.6340,-0.0009990,0.0000376,0.00015400,0.00000361,-4.6585860252e+00,1.3733333349e-01,0.3333,2.2727274895e+00
-0.6330,-0.0009950,0.0000375,0.00015400,0.00000361,-4.6424241066e+00,1.3692930341e-01,0.3343,2.2565655708e+00
-0.6320,-0.0009960,0.0000375,0.00015400,0.00000360,-4.6464648247e+00,1.3696971536e-01,0.3353,2.2606062889e+00
-0.6310,-0.0009970,0.0000376,0.00015400,0.00000359,-4.6505050659e+00,1.3741412759e-01,0.3363,2.2646465302e+00
-0.6300,-0.0009950,0.0000376,0.00015400,0.00000359,-4.6424241066e+00,1.3741412759e-01,0.3373,2.2565655708e+00
-0.6290,-0.0009970,0.0000376,0.00015400,0.00000358,-4.6505050659e+00,1.3745453954e-01,0.3383,2.2646465302e+00
-0.6280,-0.0009950,0.0000375,0.00015400,0.00000358,-4.6424241066e+00,1.3705050945e-01,0.3393,2.2565655708e+00
-0.6270,-0.0009990,0.0000377,0.00015500,0.00000358,-4.6626262665e+00,1.3785858452e-01,0.3403,2.2767677307e+00
-0.6260,-0.0009900,0.0000375,0.00015400,0.00000357,-4.6222219467e+00,1.3709092140e-01,0.3413,2.2363634109e+00
-0.6250,-0.0009970,0.0000376,0.00015400,0.00000356,-4.6505050659e+00,1.3753534853e-01,0.3423,2.2646465302e+00
-0.6240,-0.0009880,0.0000376,0.00015400,0.00000356,-4.6141414642e+00,1.3753534853e-01,0.3433,2.2282829285e+00
-0.6230,-0.0009940,0.0000376,0.00015400,0.00000356,-4.6383838654e+00,1.3753534853e-01,0.3443,2.2525253296e+00
-0.6220,-0.0009920,0.0000375,0.00015400,0.00000355,-4.6303029060e+00,1.3717171550e-01,0.3453,2.2444443703e+00
-0.6210,-0.0009900,0.0000376,0.00015500,0.00000355,-4.6262626648e+00,1.3757574558e-01,0.3463,2.2404041290e+00
-0.6200,-0.0009940,0.0000377,0.00015500,0.00000355,-4.6424241066e+00,1.3797979057e-01,0.3473,2.2565655708e+00
-0.6190,-0.0009930,0.0000376,0.00015500,0.00000355,-4.6383838654e+00,1.3757574558e-01,0.3483,2.2525253296e+00
-0.6180,-0.0009900,0.0000377,0.00015500,0.00000354,-4.6262626648e+00,1.3802020252e-01,0.3493,2.2404041290e+00
-0.6170,-0.0009940,0.0000377,0.00015500,0.00000353,-4.6424241066e+00,1.3806059957e-01,0.3503,2.2565655708e+00
-0.6160,-0.0009930,0.0000377,0.00015500,0.00000354,-4.6383838654e+00,1.3802020252e-01,0.3513,2.2525253296e+00
-0.6150,-0.0009890,0.0000377,0.00015500,0.00000353,-4.6222219467e+00,1.3806059957e-01,0.3523,2.2363634109e+00
-0.6140,-0.0009960,0.0000378,0.00015500,0.00000353,-4.6505050659e+00,1.3846464455e-01,0.3533,2.2646465302e+00
-0.6130,-0.0009880,0.0000378,0.00015500,0.00000353,-4.6181817055e+00,1.3846464455e-01,0.3543,2.2323231697e+00
-0.6120,-0.0009960,0.0000378,0.00015500,0.00000352,-4.6505050659e+00,1.3850505650e-01,0.3553,2.2646465302e+00
-0.6110,-0.0009890,0.0000379,0.00015500,0.00000352,-4.6222219467e+00,1.3890910149e-01,0.3563,2.2363634109e+00
-0.6100,-0.0009960,0.0000378,0.00015500,0.00000351,-4.6505050659e+00,1.3854546845e-01,0.3573,2.2646465302e+00
-0.6090,-0.0009890,0.0000378,0.00015500,0.00000351,-4.6222219467e+00,1.3854546845e-01,0.3583,2.2363634109e+00
-0.6080,-0.0009930,0.0000378,0.00015500,0.00000351,-4.6383838654e+00,1.3854546845e-01,0.3593,2.2525253296e+00
-0.6070,-0.0009930,0.0000379,0.00015500,0.00000350,-4.6383838654e+00,1.3898989558e-01,0.3603,2.2525253296e+00
-0.6060,-0.0009910,0.0000379,0.00015500,0.00000349,-4.6303029060e+00,1.3903030753e-01,0.3613,2.2444443703e+00
-0.6050,-0.0009890,0.0000378,0.00015500,0.00000348,-4.6222219467e+00,1.3866667449e-01,0.3623,2.2363634109e+00
-0.6040,-0.0009920,0.0000379,0.00015500,0.00000349,-4.6343436241e+00,1.3903030753e-01,0.3633,2.2484850883e+00
-0.6030,-0.0009890,0.0000379,0.00015500,0.00000348,-4.6222219467e+00,1.3907071948e-01,0.3643,2.2363634109e+00
-0.6020,-0.0009880,0.0000379,0.00015500,0.00000347,-4.6181817055e+00,1.3911111653e-01,0.3653,2.2323231697e+00
-0.6010,-0.0009920,0.0000380,0.00015500,0.00000348,-4.6343436241e+00,1.3947474957e-01,0.3663,2.2484850883e+00
-0.6000,-0.0009910,0.0000379,0.00015500,0.00000347,-4.6303029060e+00,1.3911111653e-01,0.3673,2.2444443703e+00
-0.5990,-0.0009860,0.0000379,0.00015500,0.00000347,-4.6101012230e+00,1.3911111653e-01,0.3683,2.2242426872e+00
-0.5980,-0.0009910,0.0000380,0.00015500,0.00000346,-4.6303029060e+00,1.3955554366e-01,0.3693,2.2444443703e+00
-0.5970,-0.0009860,0.0000380,0.00015500,0.00000346,-4.6101012230e+00,1.3955554366e-01,0.3703,2.2242426872e+00
-0.5960,-0.0009890,0.0000380,0.00015500,0.00000346,-4.6222219467e+00,1.3955554366e-01,0.3713,2.2363634109e+00
-0.5950,-0.0009880,0.0000381,0.00015500,0.00000346,-4.6181817055e+00,1.3995958865e-01,0.3723,2.2323231697e+00
-0.5940,-0.0009860,0.0000380,0.00015500,0.00000346,-4.6101012230e+00,1.3955554366e-01,0.3733,2.2242426872e+00
-0.5930,-0.0009890,0.0000380,0.00015500,0.00000346,-4.6222219467e+00,1.3955554366e-01,0.3743,2.2363634109e+00
-0.5920,-0.0009890,0.0000381,0.00015500,0.00000345,-4.6222219467e+00,1.4000000060e-01,0.3753,2.2363634109e+00
-0.5910,-0.0009890,0.0000382,0.00015500,0.00000345,-4.6222219467e+00,1.4040403068e-01,0.3763,2.2363634109e+00
-0.5900,-0.0009850,0.0000382,0.00015500,0.00000344,-4.6060609818e+00,1.4044444263e-01,0.3773,2.2202024460e+00
-0.5890,-0.0009890,0.0000382,0.00015500,0.00000344,-4.6222219467e+00,1.4044444263e-01,0.3783,2.2363634109e+00
-0.5880,-0.0009900,0.0000382,0.00015500,0.00000344,-4.6262626648e+00,1.4044444263e-01,0.3793,2.2404041290e+00
-0.5870,-0.0009880,0.0000382,0.00015500,0.00000344,-4.6181817055e+00,1.4044444263e-01,0.3803,2.2323231697e+00
-0.5860,-0.0009850,0.0000381,0.00015500,0.00000343,-4.6060609818e+00,1.4008080959e-01,0.3813,2.2202024460e+00
-0.5850,-0.0009900,0.0000383,0.00015500,0.00000343,-4.6262626648e+00,1.4088889956e-01,0.3823,2.2404041290e+00
-0.5840,-0.0009840,0.0000382,0.00015500,0.00000343,-4.6020202637e+00,1.4048485458e-01,0.3833,2.2161617279e+00
-0.5830,-0.0009830,0.0000381,0.00015500,0.00000342,-4.5979800224e+00,1.4012122154e-01,0.3843,2.2121214867e+00
-0.5820,-0.0009850,0.0000383,0.00015500,0.00000342,-4.6060609818e+00,1.4092929661e-01,0.3853,2.2202024460e+00
-0.5810,-0.0009830,0.0000381,0.00015500,0.00000342,-4.5979800224e+00,1.4012122154e-01,0.3863,2.2121214867e+00
-0.5800,-0.0009880,0.0000383,0.00015600,0.00000341,-4.6222219467e+00,1.4096969366e-01,0.3873,2.2363634109e+00
-0.5790,-0.0009850,0.0000383,0.00015500,0.00000340,-4.6060609818e+00,1.4101010561e-01,0.3883,2.2202024460e+00
-0.5780,-0.0009840,0.0000383,0.00015500,0.00000341,-4.6020202637e+00,1.4096969366e-01,0.3893,2.2161617279e+00
-0.5770,-0.0009820,0.0000383,0.00015600,0.00000340,-4.5979800224e+00,1.4101010561e-01,0.3903,2.2121214867e+00
-0.5760,-0.0009810,0.0000383,0.00015600,0.00000340,-4.5939397812e+00,1.4101010561e-01,0.3913,2.2080812454e+00
-0.5750,-0.0009820,0.0000385,0.00015600,0.00000340,-4.5979800224e+00,1.4181818068e-01,0.3923,2.2121214867e+00
-0.5740,-0.0009870,0.0000385,0.00015500,0.00000340,-4.6141414642e+00,1.4181818068e-01,0.3933,2.2282829285e+00
-0.5730,-0.0009800,0.0000383,0.00015600,0.00000339,-4.5898990631e+00,1.4105050266e-01,0.3943,2.2040405273e+00
-0.5720,-0.0009830,0.0000385,0.00015600,0.00000338,-4.6020202637e+00,1.4189898968e-01,0.3953,2.2161617279e+00
-0.5710,-0.0009770,0.0000385,0.00015600,0.00000339,-4.5777778625e+00,1.4185857773e-01,0.3963,2.1919193268e+00
-0.5700,-0.0009830,0.0000384,0.00015600,0.00000339,-4.6020202637e+00,1.4145454764e-01,0.3973,2.2161617279e+00
-0.5690,-0.0009790,0.0000385,0.00015600,0.00000339,-4.5858588219e+00,1.4185857773e-01,0.3983,2.2000002861e+00
-0.5680,-0.0009820,0.0000386,0.00015600,0.00000338,-4.5979800224e+00,1.4230303466e-01,0.3993,2.2121214867e+00
-0.5670,-0.0009790,0.0000385,0.00015500,0.00000337,-4.5818181038e+00,1.4193938673e-01,0.4003,2.1959595680e+00
-0.5660,-0.0009770,0.0000385,0.00015600,0.00000338,-4.5777778625e+00,1.4189898968e-01,0.4013,2.1919193268e+00
-0.5650,-0.0009840,0.0000386,0.00015500,0.00000337,-4.6020202637e+00,1.4234343171e-01,0.4023,2.2161617279e+00
-0.5640,-0.0009750,0.0000385,0.00015600,0.00000337,-4.5696969032e+00,1.4193938673e-01,0.4033,2.1838383675e+00
-0.5630,-0.0009770,0.0000386,0.00015600,0.00000336,-4.5777778625e+00,1.4238382876e-01,0.4043,2.1919193268e+00
-0.5620,-0.0009780,0.0000388,0.00015600,0.00000336,-4.5818181038e+00,1.4319191873e-01,0.4053,2.1959595680e+00
-0.5610,-0.0009750,0.0000385,0.00015600,0.00000335,-4.5696969032e+00,1.4202019572e-01,0.4063,2.1838383675e+00
-0.5600,-0.0009740,0.0000387,0.00015600,0.00000335,-4.5656566620e+00,1.4282828569e-01,0.4073,2.1797981262e+00
-0.5590,-0.0009770,0.0000386,0.00015600,0.00000335,-4.5777778625e+00,1.4242424071e-01,0.4083,2.1919193268e+00
-0.5580,-0.0009740,0.0000387,0.00015600,0.00000335,-4.5656566620e+00,1.4282828569e-01,0.4093,2.1797981262e+00
-0.5570,-0.0009730,0.0000386,0.00015600,0.00000335,-4.5616159439e+00,1.4242424071e-01,0.4103,2.1757574081e+00
-0.5560,-0.0009740,0.0000387,0.00015600,0.00000334,-4.5656566620e+00,1.4286869764e-01,0.4113,2.1797981262e+00
-0.5550,-0.0009740,0.0000387,0.00015600,0.00000333,-4.5656566620e+00,1.4290909469e-01,0.4123,2.1797981262e+00
-0.5540,-0.0009720,0.0000388,0.00015600,0.00000334,-4.5575757027e+00,1.4327272773e-01,0.4133,2.1717171669e+00
-0.5530,-0.0009750,0.0000388,0.00015600,0.00000333,-4.5696969032e+00,1.4331313968e-01,0.4143,2.1838383675e+00
-0.5520,-0.0009760,0.0000389,0.00015600,0.00000333,-4.5737376213e+00,1.4371718466e-01,0.4153,2.1878790855e+00
-0.5510,-0.0009720,0.0000389,0.00015600,0.00000333,-4.5575757027e+00,1.4371718466e-01,0.4163,2.1717171669e+00
-0.5500,-0.0009740,0.0000388,0.00015600,0.00000333,-4.5656566620e+00,1.4331313968e-01,0.4173,2.1797981262e+00
-0.5490,-0.0009720,0.0000390,0.00015600,0.00000333,-4.5575757027e+00,1.4412121475e-01,0.4183,2.1717171669e+00
-0.5480,-0.0009740,0.0000390,0.00015600,0.00000333,-4.5656566620e+00,1.4412121475e-01,0.4193,2.1797981262e+00
-0.5470,-0.0009730,0.0000390,0.00015600,0.00000332,-4.5616159439e+00,1.4416161180e-01,0.4203,2.1757574081e+00
-0.5460,-0.0009730,0.0000391,0.00015600,0.00000332,-4.5616159439e+00,1.4456565678e-01,0.4213,2.1757574081e+00
-0.5450,-0.0009710,0.0000391,0.00015600,0.00000332,-4.5535354614e+00,1.4456565678e-01,0.4223,2.1676769257e+00
-0.5440,-0.0009750,0.0000391,0.00015600,0.00000332,-4.5696969032e+00,1.4456565678e-01,0.4233,2.1838383675e+00
-0.5430,-0.0009730,0.0000393,0.00015600,0.00000331,-4.5616159439e+00,1.4541414380e-01,0.4243,2.1757574081e+00
-0.5420,-0.0009710,0.0000391,0.00015600,0.00000331,-4.5535354614e+00,1.4460605383e-01,0.4253,2.1676769257e+00
-0.5410,-0.0009720,0.0000392,0.00015600,0.00000331,-4.5575757027e+00,1.4501009881e-01,0.4263,2.1717171669e+00
-0.5400,-0.0009700,0.0000393,0.00015600,0.00000331,-4.5494947433e+00,1.4541414380e-01,0.4273,2.1636362076e+00
-0.5390,-0.0009730,0.0000392,0.00015500,0.00000330,-4.5575757027e+00,1.4505051076e-01,0.4283,2.1717171669e+00
-0.5380,-0.0009710,0.0000393,0.00015600,0.00000330,-4.5535354614e+00,1.4545455575e-01,0.4293,2.1676769257e+00
-0.5370,-0.0009700,0.0000394,0.00015600,0.00000330,-4.5494947433e+00,1.4585860074e-01,0.4303,2.1636362076e+00
-0.5360,-0.0009700,0.0000394,0.00015500,0.00000330,-4.5454545021e+00,1.4585860074e-01,0.4313,2.1595959663e+00
-0.5350,-0.0009710,0.0000395,0.00015500,0.00000330,-4.5494947433e+00,1.4626261592e-01,0.4323,2.1636362076e+00
-0.5340,-0.0009710,0.0000394,0.00015600,0.00000330,-4.5535354614e+00,1.4585860074e-01,0.4333,2.1676769257e+00
-0.5330,-0.0009710,0.0000395,0.00015600,0.00000329,-4.5535354614e+00,1.4630302787e-01,0.4343,2.1676769257e+00
-0.5320,-0.0009690,0.0000396,0.00015600,0.00000330,-4.5454545021e+00,1.4666666090e-01,0.4353,2.1595959663e+00
-0.5310,-0.0009710,0.0000395,0.00015600,0.00000329,-4.5535354614e+00,1.4630302787e-01,0.4363,2.1676769257e+00
-0.5300,-0.0009700,0.0000396,0.00015600,0.00000329,-4.5494947433e+00,1.4670707285e-01,0.4373,2.1636362076e+00
-0.5290,-0.0009710,0.0000397,0.00015600,0.00000329,-4.5535354614e+00,1.4711111784e-01,0.4383,2.1676769257e+00
-0.5280,-0.0009680,0.0000396,0.00015600,0.00000328,-4.5414137840e+00,1.4674746990e-01,0.4393,2.1555552483e+00
-0.5270,-0.0009700,0.0000397,0.00015600,0.00000329,-4.5494947433e+00,1.4711111784e-01,0.4403,2.1636362076e+00
-0.5260,-0.0009690,0.0000398,0.00015600,0.00000328,-4.5454545021e+00,1.4755555987e-01,0.4413,2.1595959663e+00
-0.5250,-0.0009690,0.0000398,0.00015600,0.00000327,-4.5454545021e+00,1.4759595692e-01,0.4423,2.1595959663e+00
-0.5240,-0.0009670,0.0000398,0.00015600,0.00000327,-4.5373740196e+00,1.4759595692e-01,0.4433,2.1515154839e+00
-0.5230,-0.0009730,0.0000399,0.00015500,0.00000327,-4.5575757027e+00,1.4799998701e-01,0.4443,2.1717171669e+00
-0.5220,-0.0009640,0.0000399,0.00015600,0.00000327,-4.5252528191e+00,1.4799998701e-01,0.4453,2.1393942833e+00
-0.5210,-0.0009710,0.0000399,0.00015600,0.00000327,-4.5535354614e+00,1.4799998701e-01,0.4463,2.1676769257e+00
-0.5200,-0.0009670,0.0000400,0.00015500,0.00000327,-4.5333333015e+00,1.4840403199e-01,0.4473,2.1474747658e+00
-0.5190,-0.0009660,0.0000399,0.00015500,0.00000326,-4.5292930603e+00,1.4804039896e-01,0.4483,2.1434345245e+00
-0.5180,-0.0009660,0.0000400,0.00015600,0.00000326,-4.5333333015e+00,1.4844444394e-01,0.4493,2.1474747658e+00
-0.5170,-0.0009690,0.0000401,0.00015500,0.00000325,-4.5414137840e+00,1.4888888597e-01,0.4503,2.1555552483e+00
-0.5160,-0.0009670,0.0000402,0.00015600,0.00000326,-4.5373740196e+00,1.4925253391e-01,0.4513,2.1515154839e+00
-0.5150,-0.0009610,0.0000400,0.00015600,0.00000324,-4.5131311417e+00,1.4852525294e-01,0.4523,2.1272726059e+00
-0.5140,-0.0009700,0.0000402,0.00015600,0.00000325,-4.5494947433e+00,1.4929293096e-01,0.4533,2.1636362076e+00
-0.5130,-0.0009590,0.0000401,0.00015600,0.00000325,-4.5050506592e+00,1.4888888597e-01,0.4543,2.1191921234e+00
-0.5120,-0.0009700,0.0000402,0.00015600,0.00000324,-4.5494947433e+00,1.4933334291e-01,0.4553,2.1636362076e+00
-0.5110,-0.0009630,0.0000403,0.00015600,0.00000325,-4.5212121010e+00,1.4969697595e-01,0.4563,2.1353535652e+00
-0.5100,-0.0009620,0.0000402,0.00015600,0.00000325,-4.5171718597e+00,1.4929293096e-01,0.4573,2.1313133240e+00
-0.5090,-0.0009670,0.0000403,0.00015600,0.00000324,-4.5373740196e+00,1.4973738790e-01,0.4583,2.1515154839e+00
-0.5080,-0.0009620,0.0000404,0.00015500,0.00000323,-4.5131311417e+00,1.5018180013e-01,0.4593,2.1272726059e+00
-0.5070,-0.0009610,0.0000404,0.00015500,0.00000324,-4.5090909004e+00,1.5014141798e-01,0.4603,2.1232323647e+00
-0.5060,-0.0009630,0.0000403,0.00015600,0.00000324,-4.5212121010e+00,1.4973738790e-01,0.4613,2.1353535652e+00
-0.5050,-0.0009610,0.0000404,0.00015600,0.00000323,-4.5131311417e+00,1.5018180013e-01,0.4623,2.1272726059e+00
-0.5040,-0.0009590,0.0000404,0.00015500,0.00000323,-4.5010099411e+00,1.5018180013e-01,0.4633,2.1151514053e+00
-0.5030,-0.0009600,0.0000404,0.00015500,0.00000323,-4.5050506592e+00,1.5018180013e-01,0.4643,2.1191921234e+00
-0.5020,-0.0009550,0.0000404,0.00015500,0.00000323,-4.4848484993e+00,1.5018180013e-01,0.4653,2.0989899635e+00
-0.5010,-0.0009620,0.0000406,0.00015600,0.00000324,-4.5171718597e+00,1.5094950795e-01,0.4663,2.1313133240e+00
-0.5000,-0.0009580,0.0000405,0.00015600,0.00000323,-4.5010099411e+00,1.5058584511e-01,0.4673,2.1151514053e+00
-0.4990,-0.0009620,0.0000406,0.00015500,0.00000322,-4.5131311417e+00,1.5103030205e-01,0.4683,2.1272726059e+00
-0.4980,-0.0009610,0.0000407,0.00015500,0.00000323,-4.5090909004e+00,1.5139393508e-01,0.4693,2.1232323647e+00
-0.4970,-0.0009610,0.0000408,0.00015500,0.00000322,-4.5090909004e+00,1.5183839202e-01,0.4703,2.1232323647e+00
-0.4960,-0.0009600,0.0000407,0.00015500,0.00000322,-4.5050506592e+00,1.5143434703e-01,0.4713,2.1191921234e+00
-0.4950,-0.0009570,0.0000407,0.00015500,0.00000322,-4.4929289818e+00,1.5143434703e-01,0.4723,2.1070704460e+00
-0.4940,-0.0009610,0.0000408,0.00015500,0.00000322,-4.5090909004e+00,1.5183839202e-01,0.4733,2.1232323647e+00
-0.4930,-0.0009580,0.0000408,0.00015500,0.00000321,-4.4969696999e+00,1.5187878907e-01,0.4743,2.1111111641e+00
-0.4920,-0.0009560,0.0000407,0.00015500,0.00000321,-4.4888887405e+00,1.5147475898e-01,0.4753,2.1030302048e+00
-0.4910,-0.0009590,0.0000408,0.00015500,0.00000321,-4.5010099411e+00,1.5187878907e-01,0.4763,2.1151514053e+00
-0.4900,-0.0009510,0.0000408,0.00015500,0.00000321,-4.4686870575e+00,1.5187878907e-01,0.4773,2.0828285217e+00
-0.4890,-0.0009570,0.0000408,0.00015500,0.00000321,-4.4929289818e+00,1.5187878907e-01,0.4783,2.1070704460e+00
-0.4880,-0.0009550,0.0000409,0.00015500,0.00000321,-4.4848484993e+00,1.5228281915e-01,0.4793,2.0989899635e+00
-0.4870,-0.0009550,0.0000410,0.00015500,0.00000321,-4.4848484993e+00,1.5268686414e-01,0.4803,2.0989899635e+00
-0.4860,-0.0009600,0.0000410,0.00015500,0.00000321,-4.5050506592e+00,1.5268686414e-01,0.4813,2.1191921234e+00
-0.4850,-0.0009520,0.0000410,0.00015500,0.00000320,-4.4727268219e+00,1.5272727609e-01,0.4823,2.0868682861e+00
-0.4840,-0.0009540,0.0000410,0.00015500,0.00000320,-4.4808077812e+00,1.5272727609e-01,0.4833,2.0949492455e+00
-0.4830,-0.0009550,0.0000410,0.00015500,0.00000320,-4.4848484993e+00,1.5272727609e-01,0.4843,2.0989899635e+00
-0.4820,-0.0009570,0.0000411,0.00015500,0.00000320,-4.4929289818e+00,1.5313132107e-01,0.4853,2.1070704460e+00
-0.4810,-0.0009540,0.0000412,0.00015500,0.00000320,-4.4808077812e+00,1.5353536606e-01,0.4863,2.0949492455e+00
-0.4800,-0.0009520,0.0000411,0.00015500,0.00000319,-4.4727268219e+00,1.5317173302e-01,0.4873,2.0868682861e+00
-0.4790,-0.0009530,0.0000412,0.00015500,0.00000319,-4.4767675400e+00,1.5357576311e-01,0.4883,2.0909090042e+00
-0.4780,-0.0009530,0.0000412,0.00015500,0.00000319,-4.4767675400e+00,1.5357576311e-01,0.4893,2.0909090042e+00
-0.4770,-0.0009590,0.0000414,0.00015500,0.00000319,-4.5010099411e+00,1.5438382328e-01,0.4903,2.1151514053e+00
-0.4760,-0.0009490,0.0000412,0.00015500,0.00000319,-4.4606060982e+00,1.5357576311e-01,0.4913,2.0747475624e+00
-0.4750,-0.0009600,0.0000414,0.00015500,0.00000318,-4.5050506592e+00,1.5442423522e-01,0.4923,2.1191921234e+00
-0.4740,-0.0009510,0.0000413,0.00015500,0.00000318,-4.4686870575e+00,1.5402020514e-01,0.4933,2.0828285217e+00
-0.4730,-0.0009520,0.0000413,0.00015500,0.00000318,-4.4727268219e+00,1.5402020514e-01,0.4943,2.0868682861e+00
-0.4720,-0.0009550,0.0000414,0.00015500,0.00000318,-4.4848484993e+00,1.5442423522e-01,0.4953,2.0989899635e+00
-0.4710,-0.0009500,0.0000414,0.00015500,0.00000317,-4.4646468163e+00,1.5446464717e-01,0.4963,2.0787882805e+00
-0.4700,-0.0009540,0.0000414,0.00015500,0.00000316,-4.4808077812e+00,1.5450504422e-01,0.4973,2.0949492455e+00
-0.4690,-0.0009480,0.0000414,0.00015500,0.00000316,-4.4565658569e+00,1.5450504422e-01,0.4983,2.0707073212e+00
-0.4680,-0.0009540,0.0000415,0.00015500,0.00000316,-4.4808077812e+00,1.5490908921e-01,0.4993,2.0949492455e+00
-0.4670,-0.0009530,0.0000415,0.00015500,0.00000316,-4.4767675400e+00,1.5490908921e-01,0.5003,2.0909090042e+00
-0.4660,-0.0009500,0.0000415,0.00015500,0.00000316,-4.4646468163e+00,1.5490908921e-01,0.5013,2.0787882805e+00
-0.4650,-0.0009520,0.0000415,0.00015500,0.00000316,-4.4727268219e+00,1.5490908921e-01,0.5023,2.0868682861e+00
-0.4640,-0.0009500,0.0000416,0.00015500,0.00000316,-4.4646468163e+00,1.5531313419e-01,0.5033,2.0787882805e+00
-0.4630,-0.0009490,0.0000416,0.00015500,0.00000316,-4.4606060982e+00,1.5531313419e-01,0.5043,2.0747475624e+00
-0.4620,-0.0009510,0.0000416,0.00015500,0.00000316,-4.4686870575e+00,1.5531313419e-01,0.5053,2.0828285217e+00
-0.4610,-0.0009480,0.0000416,0.00015500,0.00000315,-4.4565658569e+00,1.5535354614e-01,0.5063,2.0707073212e+00
-0.4600,-0.0009470,0.0000416,0.00015500,0.00000315,-4.4525251389e+00,1.5535354614e-01,0.5073,2.0666666031e+00
-0.4590,-0.0009500,0.0000416,0.00015500,0.00000315,-4.4646468163e+00,1.5535354614e-01,0.5083,2.0787882805e+00
-0.4580,-0.0009450,0.0000416,0.00015500,0.00000315,-4.4444446564e+00,1.5535354614e-01,0.5093,2.0585861206e+00
-0.4570,-0.0009500,0.0000417,0.00015500,0.00000315,-4.4646468163e+00,1.5575759113e-01,0.5103,2.0787882805e+00
-0.4560,-0.0009500,0.0000417,0.00015500,0.00000315,-4.4646468163e+00,1.5575759113e-01,0.5113,2.0787882805e+00
-0.4550,-0.0009480,0.0000418,0.00015400,0.00000315,-4.4525251389e+00,1.5616163611e-01,0.5123,2.0666666031e+00
-0.4540,-0.0009480,0.0000417,0.00015500,0.00000315,-4.4565658569e+00,1.5575759113e-01,0.5133,2.0707073212e+00
-0.4530,-0.0009490,0.0000418,0.00015500,0.00000315,-4.4606060982e+00,1.5616163611e-01,0.5143,2.0747475624e+00
-0.4520,-0.0009500,0.0000418,0.00015400,0.00000315,-4.4606060982e+00,1.5616163611e-01,0.5153,2.0747475624e+00
-0.4510,-0.0009490,0.0000417,0.00015400,0.00000315,-4.4565658569e+00,1.5575759113e-01,0.5163,2.0707073212e+00
-0.4500,-0.0009470,0.0000419,0.00015400,0.00000314,-4.4484848976e+00,1.5660604835e-01,0.5173,2.0626263618e+00
-0.4490,-0.0009500,0.0000417,0.00015400,0.00000314,-4.4606060982e+00,1.5579797328e-01,0.5183,2.0747475624e+00
-0.4480,-0.0009450,0.0000418,0.00015400,0.00000314,-4.4404039383e+00,1.5620201826e-01,0.5193,2.0545454025e+00
-0.4470,-0.0009480,0.0000418,0.00015400,0.00000314,-4.4525251389e+00,1.5620201826e-01,0.5203,2.0666666031e+00
-0.4460,-0.0009440,0.0000418,0.00015400,0.00000314,-4.4363636971e+00,1.5620201826e-01,0.5213,2.0505051613e+00
-0.4450,-0.0009490,0.0000418,0.00015400,0.00000314,-4.4565658569e+00,1.5620201826e-01,0.5223,2.0707073212e+00
-0.4440,-0.0009490,0.0000418,0.00015400,0.00000313,-4.4565658569e+00,1.5624243021e-01,0.5233,2.0707073212e+00
-0.4430,-0.0009450,0.0000419,0.00015400,0.00000313,-4.4404039383e+00,1.5664646029e-01,0.5243,2.0545454025e+00
-0.4420,-0.0009450,0.0000417,0.00015400,0.00000313,-4.4404039383e+00,1.5583838522e-01,0.5253,2.0545454025e+00
-0.4410,-0.0009430,0.0000417,0.00015400,0.00000313,-4.4323229790e+00,1.5583838522e-01,0.5263,2.0464644432e+00
-0.4400,-0.0009430,0.0000417,0.00015400,0.00000313,-4.4323229790e+00,1.5583838522e-01,0.5273,2.0464644432e+00
-0.4390,-0.0009410,0.0000416,0.00015400,0.00000313,-4.4242424965e+00,1.5543434024e-01,0.5283,2.0383839607e+00
-0.4380,-0.0009430,0.0000417,0.00015400,0.00000312,-4.4323229790e+00,1.5587879717e-01,0.5293,2.0464644432e+00
-0.4370,-0.0009440,0.0000417,0.00015400,0.00000312,-4.4363636971e+00,1.5587879717e-01,0.5303,2.0505051613e+00
-0.4360,-0.0009410,0.0000417,0.00015400,0.00000312,-4.4242424965e+00,1.5587879717e-01,0.5313,2.0383839607e+00
-0.4350,-0.0009420,0.0000417,0.00015400,0.00000312,-4.4282827377e+00,1.5587879717e-01,0.5323,2.0424242020e+00
-0.4340,-0.0009440,0.0000418,0.00015400,0.00000313,-4.4363636971e+00,1.5624243021e-01,0.5333,2.0505051613e+00
-0.4330,-0.0009410,0.0000418,0.00015400,0.00000312,-4.4242424965e+00,1.5628284216e-01,0.5343,2.0383839607e+00
-0.4320,-0.0009490,0.0000417,0.00015400,0.00000312,-4.4565658569e+00,1.5587879717e-01,0.5353,2.0707073212e+00
-0.4310,-0.0009380,0.0000417,0.00015400,0.00000313,-4.4121208191e+00,1.5583838522e-01,0.5363,2.0262622833e+00
-0.4300,-0.0009480,0.0000418,0.00015400,0.00000312,-4.4525251389e+00,1.5628284216e-01,0.5373,2.0666666031e+00
-0.4290,-0.0009400,0.0000417,0.00015300,0.00000312,-4.4161615372e+00,1.5587879717e-01,0.5383,2.0303030014e+00
-0.4280,-0.0009440,0.0000416,0.00015400,0.00000311,-4.4363636971e+00,1.5551516414e-01,0.5393,2.0505051613e+00
-0.4270,-0.0009440,0.0000417,0.00015300,0.00000312,-4.4323229790e+00,1.5587879717e-01,0.5403,2.0464644432e+00
-0.4260,-0.0009440,0.0000417,0.00015300,0.00000311,-4.4323229790e+00,1.5591919422e-01,0.5413,2.0464644432e+00
-0.4250,-0.0009450,0.0000416,0.00015300,0.00000311,-4.4363636971e+00,1.5551516414e-01,0.5423,2.0505051613e+00
-0.4240,-0.0009410,0.0000417,0.00015300,0.00000312,-4.4202017784e+00,1.5587879717e-01,0.5433,2.0343432426e+00
-0.4230,-0.0009420,0.0000415,0.00015300,0.00000312,-4.4242424965e+00,1.5507070720e-01,0.5443,2.0383839607e+00
-0.4220,-0.0009430,0.0000416,0.00015300,0.00000311,-4.4282827377e+00,1.5551516414e-01,0.5453,2.0424242020e+00
-0.4210,-0.0009410,0.0000416,0.00015300,0.00000311,-4.4202017784e+00,1.5551516414e-01,0.5463,2.0343432426e+00
-0.4200,-0.0009440,0.0000415,0.00015300,0.00000311,-4.4323229790e+00,1.5511111915e-01,0.5473,2.0464644432e+00
-0.4190,-0.0009380,0.0000414,0.00015300,0.00000311,-4.4080805779e+00,1.5470707417e-01,0.5483,2.0222220421e+00
-0.4180,-0.0009430,0.0000415,0.00015300,0.00000311,-4.4282827377e+00,1.5511111915e-01,0.5493,2.0424242020e+00
-0.4170,-0.0009390,0.0000414,0.00015300,0.00000311,-4.4121208191e+00,1.5470707417e-01,0.5503,2.0262622833e+00
-0.4160,-0.0009380,0.0000413,0.00015300,0.00000310,-4.4080805779e+00,1.5434344113e-01,0.5513,2.0222220421e+00
-0.4150,-0.0009430,0.0000414,0.00015300,0.00000311,-4.4282827377e+00,1.5470707417e-01,0.5523,2.0424242020e+00
-0.4140,-0.0009370,0.0000412,0.00015300,0.00000309,-4.4040398598e+00,1.5397979319e-01,0.5533,2.0181813240e+00
-0.4130,-0.0009390,0.0000413,0.00015300,0.00000310,-4.4121208191e+00,1.5434344113e-01,0.5543,2.0262622833e+00
-0.4120,-0.0009390,0.0000412,0.00015300,0.00000310,-4.4121208191e+00,1.5393939614e-01,0.5553,2.0262622833e+00
-0.4110,-0.0009380,0.0000411,0.00015300,0.00000310,-4.4080805779e+00,1.5353535116e-01,0.5563,2.0222220421e+00
-0.4100,-0.0009340,0.0000411,0.00015300,0.00000310,-4.3919191360e+00,1.5353535116e-01,0.5573,2.0060606003e+00
-0.4090,-0.0009330,0.0000409,0.00015300,0.00000310,-4.3878788948e+00,1.5272726119e-01,0.5583,2.0020203590e+00
-0.4080,-0.0009360,0.0000410,0.00015300,0.00000310,-4.4000000954e+00,1.5313130617e-01,0.5593,2.0141415596e+00
-0.4070,-0.0009390,0.0000411,0.00015300,0.00000310,-4.4121208191e+00,1.5353535116e-01,0.5603,2.0262622833e+00
-0.4060,-0.0009370,0.0000409,0.00015300,0.00000310,-4.4040398598e+00,1.5272726119e-01,0.5613,2.0181813240e+00
-0.4050,-0.0009350,0.0000409,0.00015300,0.00000310,-4.3959598541e+00,1.5272726119e-01,0.5623,2.0101013184e+00
-0.4040,-0.0009390,0.0000410,0.00015300,0.00000309,-4.4121208191e+00,1.5317171812e-01,0.5633,2.0262622833e+00
-0.4030,-0.0009370,0.0000408,0.00015200,0.00000309,-4.3999996185e+00,1.5236364305e-01,0.5643,2.0141410828e+00
-0.4020,-0.0009370,0.0000408,0.00015200,0.00000309,-4.3999996185e+00,1.5236364305e-01,0.5653,2.0141410828e+00
-0.4010,-0.0009390,0.0000408,0.00015200,0.00000309,-4.4080805779e+00,1.5236364305e-01,0.5663,2.0222220421e+00
-0.4000,-0.0009370,0.0000406,0.00015200,0.00000309,-4.3999996185e+00,1.5155555308e-01,0.5673,2.0141410828e+00
-0.3990,-0.0009350,0.0000406,0.00015200,0.00000309,-4.3919191360e+00,1.5155555308e-01,0.5683,2.0060606003e+00
-0.3980,-0.0009410,0.0000406,0.00015200,0.00000309,-4.4161615372e+00,1.5155555308e-01,0.5693,2.0303030014e+00
-0.3970,-0.0009360,0.0000405,0.00015200,0.00000308,-4.3959598541e+00,1.5119192004e-01,0.5703,2.0101013184e+00
-0.3960,-0.0009380,0.0000405,0.00015200,0.00000309,-4.4040398598e+00,1.5115150809e-01,0.5713,2.0181813240e+00
-0.3950,-0.0009350,0.0000404,0.00015200,0.00000309,-4.3919191360e+00,1.5074746311e-01,0.5723,2.0060606003e+00
-0.3940,-0.0009400,0.0000404,0.00015200,0.00000309,-4.4121208191e+00,1.5074746311e-01,0.5733,2.0262622833e+00
-0.3930,-0.0009350,0.0000404,0.00015200,0.00000308,-4.3919191360e+00,1.5078787506e-01,0.5743,2.0060606003e+00
-0.3920,-0.0009420,0.0000404,0.00015200,0.00000309,-4.4202017784e+00,1.5074746311e-01,0.5753,2.0343432426e+00
-0.3910,-0.0009380,0.0000403,0.00015200,0.00000307,-4.4040398598e+00,1.5042425692e-01,0.5763,2.0181813240e+00
-0.3900,-0.0009380,0.0000401,0.00015200,0.00000308,-4.4040398598e+00,1.4957575500e-01,0.5773,2.0181813240e+00
-0.3890,-0.0009420,0.0000401,0.00015200,0.00000308,-4.4202017784e+00,1.4957575500e-01,0.5783,2.0343432426e+00
-0.3880,-0.0009380,0.0000402,0.00015200,0.00000307,-4.4040398598e+00,1.5002021194e-01,0.5793,2.0181813240e+00
-0.3870,-0.0009440,0.0000400,0.00015100,0.00000308,-4.4242424965e+00,1.4917171001e-01,0.5803,2.0383839607e+00
-0.3860,-0.0009420,0.0000399,0.00015100,0.00000307,-4.4161620140e+00,1.4880807698e-01,0.5813,2.0303034782e+00
-0.3850,-0.0009420,0.0000400,0.00015100,0.00000307,-4.4161620140e+00,1.4921212196e-01,0.5823,2.0303034782e+00
-0.3840,-0.0009420,0.0000398,0.00015100,0.00000307,-4.4161620140e+00,1.4840404689e-01,0.5833,2.0303034782e+00
-0.3830,-0.0009440,0.0000398,0.00015100,0.00000306,-4.4242424965e+00,1.4844445884e-01,0.5843,2.0383839607e+00
-0.3820,-0.0009400,0.0000397,0.00015100,0.00000306,-4.4080810547e+00,1.4804041386e-01,0.5853,2.0222225189e+00
-0.3810,-0.0009460,0.0000397,0.00015100,0.00000306,-4.4323229790e+00,1.4804041386e-01,0.5863,2.0464644432e+00
-0.3800,-0.0009380,0.0000395,0.00015100,0.00000306,-4.4000000954e+00,1.4723232388e-01,0.5873,2.0141415596e+00
-0.3790,-0.0009410,0.0000394,0.00015100,0.00000306,-4.4121212959e+00,1.4682829380e-01,0.5883,2.0262627602e+00
-0.3780,-0.0009400,0.0000393,0.00015100,0.00000306,-4.4080810547e+00,1.4642424881e-01,0.5893,2.0222225189e+00
-0.3770,-0.0009400,0.0000392,0.00015100,0.00000305,-4.4080810547e+00,1.4606060088e-01,0.5903,2.0222225189e+00
-0.3760,-0.0009400,0.0000392,0.00015100,0.00000305,-4.4080810547e+00,1.4606060088e-01,0.5913,2.0222225189e+00
-0.3750,-0.0009410,0.0000390,0.00015100,0.00000305,-4.4121212959e+00,1.4525251091e-01,0.5923,2.0262627602e+00
-0.3740,-0.0009390,0.0000390,0.00015100,0.00000305,-4.4040403366e+00,1.4525251091e-01,0.5933,2.0181818008e+00
-0.3730,-0.0009450,0.0000389,0.00015100,0.00000305,-4.4282827377e+00,1.4484848082e-01,0.5943,2.0424242020e+00
-0.3720,-0.0009430,0.0000390,0.00015000,0.00000305,-4.4161620140e+00,1.4525251091e-01,0.5953,2.0303034782e+00
-0.3710,-0.0009430,0.0000387,0.00015100,0.00000305,-4.4202022552e+00,1.4404040575e-01,0.5963,2.0343437195e+00
-0.3700,-0.0009420,0.0000387,0.00015000,0.00000305,-4.4121212959e+00,1.4404040575e-01,0.5973,2.0262627602e+00
-0.3690,-0.0009430,0.0000386,0.00015000,0.00000304,-4.4161620140e+00,1.4367675781e-01,0.5983,2.0303034782e+00
-0.3680,-0.0009430,0.0000384,0.00015000,0.00000304,-4.4161620140e+00,1.4286869764e-01,0.5993,2.0303034782e+00
-0.3670,-0.0009410,0.0000384,0.00015000,0.00000305,-4.4080810547e+00,1.4282828569e-01,0.6003,2.0222225189e+00
-0.3660,-0.0009420,0.0000382,0.00015000,0.00000304,-4.4121212959e+00,1.4206060767e-01,0.6013,2.0262627602e+00
-0.3650,-0.0009440,0.0000382,0.00015000,0.00000304,-4.4202022552e+00,1.4206060767e-01,0.6023,2.0343437195e+00
-0.3640,-0.0009400,0.0000380,0.00015000,0.00000304,-4.4040403366e+00,1.4125251770e-01,0.6033,2.0181818008e+00
-0.3630,-0.0009440,0.0000379,0.00015000,0.00000304,-4.4202022552e+00,1.4084848762e-01,0.6043,2.0343437195e+00
-0.3620,-0.0009430,0.0000379,0.00015000,0.00000304,-4.4161620140e+00,1.4084848762e-01,0.6053,2.0303034782e+00
-0.3610,-0.0009460,0.0000377,0.00015000,0.00000304,-4.4282827377e+00,1.4004039764e-01,0.6063,2.0424242020e+00
-0.3600,-0.0009430,0.0000377,0.00015000,0.00000303,-4.4161620140e+00,1.4008080959e-01,0.6073,2.0303034782e+00
-0.3590,-0.0009440,0.0000375,0.00015000,0.00000303,-4.4202022552e+00,1.3927273452e-01,0.6083,2.0343437195e+00
-0.3580,-0.0009410,0.0000373,0.00015000,0.00000303,-4.4080810547e+00,1.3846464455e-01,0.6093,2.0222225189e+00
-0.3570,-0.0009400,0.0000372,0.00015000,0.00000303,-4.4040403366e+00,1.3806059957e-01,0.6103,2.0181818008e+00
-0.3560,-0.0009470,0.0000371,0.00015000,0.00000303,-4.4323229790e+00,1.3765655458e-01,0.6113,2.0464644432e+00
-0.3550,-0.0009400,0.0000370,0.00015000,0.00000303,-4.4040403366e+00,1.3725253940e-01,0.6123,2.0181818008e+00
-0.3540,-0.0009420,0.0000368,0.00014900,0.00000303,-4.4080810547e+00,1.3644444942e-01,0.6133,2.0222225189e+00
-0.3530,-0.0009460,0.0000368,0.00014900,0.00000303,-4.4242424965e+00,1.3644444942e-01,0.6143,2.0383839607e+00
-0.3520,-0.0009430,0.0000367,0.00014900,0.00000303,-4.4121212959e+00,1.3604040444e-01,0.6153,2.0262627602e+00
-0.3510,-0.0009430,0.0000365,0.00014900,0.00000303,-4.4121212959e+00,1.3523232937e-01,0.6163,2.0262627602e+00
-0.3500,-0.0009470,0.0000364,0.00014900,0.00000302,-4.4282827377e+00,1.3486869633e-01,0.6173,2.0424242020e+00
-0.3490,-0.0009420,0.0000363,0.00014900,0.00000303,-4.4080810547e+00,1.3442423940e-01,0.6183,2.0222225189e+00
-0.3480,-0.0009460,0.0000362,0.00014900,0.00000302,-4.4242424965e+00,1.3406060636e-01,0.6193,2.0383839607e+00
-0.3470,-0.0009420,0.0000360,0.00014900,0.00000302,-4.4080810547e+00,1.3325253129e-01,0.6203,2.0222225189e+00
-0.3460,-0.0009460,0.0000360,0.00014900,0.00000302,-4.4242424965e+00,1.3325253129e-01,0.6213,2.0383839607e+00
-0.3450,-0.0009470,0.0000358,0.00014900,0.00000303,-4.4282827377e+00,1.3240404427e-01,0.6223,2.0424242020e+00
-0.3440,-0.0009470,0.0000357,0.00014900,0.00000302,-4.4282827377e+00,1.3204041123e-01,0.6233,2.0424242020e+00
-0.3430,-0.0009450,0.0000356,0.00014900,0.00000302,-4.4202017784e+00,1.3163636625e-01,0.6243,2.0343432426e+00
-0.3420,-0.0009460,0.0000354,0.00014900,0.00000302,-4.4242424965e+00,1.3082829118e-01,0.6253,2.0383839607e+00
-0.3410,-0.0009450,0.0000352,0.00014800,0.00000301,-4.4161615372e+00,1.3006061316e-01,0.6263,2.0303030014e+00
-0.3400,-0.0009450,0.0000351,0.00014900,0.00000302,-4.4202017784e+00,1.2961617112e-01,0.6273,2.0343432426e+00
-0.3390,-0.0009490,0.0000351,0.00014800,0.00000301,-4.4323229790e+00,1.2965656817e-01,0.6283,2.0464644432e+00
-0.3380,-0.0009470,0.0000349,0.00014800,0.00000301,-4.4242424965e+00,1.2884847820e-01,0.6293,2.0383839607e+00
-0.3370,-0.0009490,0.0000348,0.00014800,0.00000301,-4.4323229790e+00,1.2844443321e-01,0.6303,2.0464644432e+00
-0.3360,-0.0009490,0.0000347,0.00014800,0.00000300,-4.4323229790e+00,1.2808080018e-01,0.6313,2.0464644432e+00
-0.3350,-0.0009450,0.0000344,0.00014800,0.00000301,-4.4161615372e+00,1.2682829797e-01,0.6323,2.0303030014e+00
-0.3340,-0.0009460,0.0000342,0.00014800,0.00000301,-4.4202017784e+00,1.2602020800e-01,0.6333,2.0343432426e+00
-0.3330,-0.0009460,0.0000342,0.00014800,0.00000301,-4.4202017784e+00,1.2602020800e-01,0.6343,2.0343432426e+00
-0.3320,-0.0009430,0.0000339,0.00014800,0.00000300,-4.4080810547e+00,1.2484847754e-01,0.6353,2.0222225189e+00
-0.3310,-0.0009470,0.0000338,0.00014800,0.00000300,-4.4242424965e+00,1.2444444001e-01,0.6363,2.0383839607e+00
-0.3300,-0.0009460,0.0000337,0.00014800,0.00000300,-4.4202017784e+00,1.2404039502e-01,0.6373,2.0343432426e+00
-0.3290,-0.0009460,0.0000335,0.00014800,0.00000300,-4.4202017784e+00,1.2323231995e-01,0.6383,2.0343432426e+00
-0.3280,-0.0009500,0.0000334,0.00014700,0.00000299,-4.4323229790e+00,1.2286868691e-01,0.6393,2.0464644432e+00
-0.3270,-0.0009480,0.0000332,0.00014700,0.00000300,-4.4242424965e+00,1.2202020735e-01,0.6403,2.0383839607e+00
-0.3260,-0.0009460,0.0000331,0.00014700,0.00000299,-4.4161615372e+00,1.2165656686e-01,0.6413,2.0303030014e+00
-0.3250,-0.0009500,0.0000329,0.00014700,0.00000299,-4.4323229790e+00,1.2084848434e-01,0.6423,2.0464644432e+00
-0.3240,-0.0009460,0.0000328,0.00014700,0.00000300,-4.4161615372e+00,1.2040403485e-01,0.6433,2.0303030014e+00
-0.3230,-0.0009500,0.0000326,0.00014700,0.00000299,-4.4323229790e+00,1.1963636428e-01,0.6443,2.0464644432e+00
-0.3220,-0.0009480,0.0000325,0.00014700,0.00000299,-4.4242424965e+00,1.1923232675e-01,0.6453,2.0383839607e+00
-0.3210,-0.0009490,0.0000323,0.00014700,0.00000298,-4.4282827377e+00,1.1846464127e-01,0.6463,2.0424242020e+00
-0.3200,-0.0009500,0.0000322,0.00014700,0.00000299,-4.4323229790e+00,1.1802020669e-01,0.6473,2.0464644432e+00
-0.3190,-0.0009470,0.0000320,0.00014700,0.00000299,-4.4202017784e+00,1.1721211672e-01,0.6483,2.0343432426e+00
-0.3180,-0.0009470,0.0000317,0.00014700,0.00000298,-4.4202017784e+00,1.1604040861e-01,0.6493,2.0343432426e+00
-0.3170,-0.0009460,0.0000316,0.00014600,0.00000298,-4.4121208191e+00,1.1563637108e-01,0.6503,2.0262622833e+00
-0.3160,-0.0009470,0.0000315,0.00014600,0.00000298,-4.4161615372e+00,1.1523232609e-01,0.6513,2.0303030014e+00
-0.3150,-0.0009450,0.0000313,0.00014600,0.00000298,-4.4080805779e+00,1.1442423612e-01,0.6523,2.0222220421e+00
-0.3140,-0.0009520,0.0000312,0.00014600,0.00000298,-4.4363636971e+00,1.1402020603e-01,0.6533,2.0505051613e+00
-0.3130,-0.0009480,0.0000311,0.00014600,0.00000298,-4.4202017784e+00,1.1361616850e-01,0.6543,2.0343432426e+00
-0.3120,-0.0009540,0.0000309,0.00014600,0.00000298,-4.4444446564e+00,1.1280807853e-01,0.6553,2.0585861206e+00
-0.3110,-0.0009510,0.0000307,0.00014600,0.00000297,-4.4323229790e+00,1.1204040796e-01,0.6563,2.0464644432e+00
-0.3100,-0.0009490,0.0000306,0.00014600,0.00000297,-4.4242424965e+00,1.1163636297e-01,0.6573,2.0383839607e+00
-0.3090,-0.0009500,0.0000303,0.00014600,0.00000297,-4.4282827377e+00,1.1042424291e-01,0.6583,2.0424242020e+00
-0.3080,-0.0009500,0.0000302,0.00014600,0.00000297,-4.4282827377e+00,1.1002020538e-01,0.6593,2.0424242020e+00
-0.3070,-0.0009510,0.0000301,0.00014600,0.00000297,-4.4323229790e+00,1.0961616039e-01,0.6603,2.0464644432e+00
-0.3060,-0.0009490,0.0000300,0.00014600,0.00000297,-4.4242424965e+00,1.0921211541e-01,0.6613,2.0383839607e+00
-0.3050,-0.0009520,0.0000296,0.00014600,0.00000296,-4.4363636971e+00,1.0763636231e-01,0.6623,2.0505051613e+00
-0.3040,-0.0009500,0.0000296,0.00014600,0.00000297,-4.4282827377e+00,1.0759595782e-01,0.6633,2.0424242020e+00
-0.3030,-0.0009490,0.0000294,0.00014500,0.00000296,-4.4202017784e+00,1.0682828724e-01,0.6643,2.0343432426e+00
-0.3020,-0.0009500,0.0000291,0.00014500,0.00000297,-4.4242424965e+00,1.0557575524e-01,0.6653,2.0383839607e+00
-0.3010,-0.0009550,0.0000291,0.00014500,0.00000296,-4.4444446564e+00,1.0561615974e-01,0.6663,2.0585861206e+00
-0.3000,-0.0009540,0.0000289,0.00014500,0.00000296,-4.4404039383e+00,1.0480808467e-01,0.6673,2.0545454025e+00
-0.2990,-0.0009490,0.0000287,0.00014500,0.00000296,-4.4202017784e+00,1.0400000215e-01,0.6683,2.0343432426e+00
-0.2980,-0.0009550,0.0000285,0.00014500,0.00000296,-4.4444446564e+00,1.0319191962e-01,0.6693,2.0585861206e+00
-0.2970,-0.0009510,0.0000284,0.00014500,0.00000296,-4.4282827377e+00,1.0278788209e-01,0.6703,2.0424242020e+00
-0.2960,-0.0009550,0.0000282,0.00014500,0.00000296,-4.4444446564e+00,1.0197979957e-01,0.6713,2.0585861206e+00
-0.2950,-0.0009520,0.0000280,0.00014500,0.00000296,-4.4323229790e+00,1.0117171705e-01,0.6723,2.0464644432e+00
-0.2940,-0.0009520,0.0000279,0.00014400,0.00000295,-4.4282827377e+00,1.0080807656e-01,0.6733,2.0424242020e+00
-0.2930,-0.0009530,0.0000277,0.00014400,0.00000295,-4.4323229790e+00,9.9999994040e-02,0.6743,2.0464644432e+00
-0.2920,-0.0009550,0.0000275,0.00014400,0.00000295,-4.4404039383e+00,9.9191918969e-02,0.6753,2.0545454025e+00
-0.2910,-0.0009540,0.0000274,0.00014400,0.00000295,-4.4363636971e+00,9.8787873983e-02,0.6763,2.0505051613e+00
-0.2900,-0.0009560,0.0000273,0.00014400,0.00000295,-4.4444446564e+00,9.8383836448e-02,0.6773,2.0585861206e+00
-0.2890,-0.0009560,0.0000270,0.00014400,0.00000294,-4.4444446564e+00,9.7212120891e-02,0.6783,2.0585861206e+00
-0.2880,-0.0009580,0.0000269,0.00014400,0.00000294,-4.4525251389e+00,9.6808075905e-02,0.6793,2.0666666031e+00
-0.2870,-0.0009560,0.0000267,0.00014400,0.00000293,-4.4444446564e+00,9.6040405333e-02,0.6803,2.0585861206e+00
-0.2860,-0.0009560,0.0000264,0.00014400,0.00000294,-4.4444446564e+00,9.4787873328e-02,0.6813,2.0585861206e+00
-0.2850,-0.0009560,0.0000263,0.00014400,0.00000294,-4.4444446564e+00,9.4383843243e-02,0.6823,2.0585861206e+00
-0.2840,-0.0009540,0.0000262,0.00014300,0.00000294,-4.4323229790e+00,9.3979798257e-02,0.6833,2.0464644432e+00
-0.2830,-0.0009550,0.0000259,0.00014300,0.00000294,-4.4363636971e+00,9.2767678201e-02,0.6843,2.0505051613e+00
-0.2820,-0.0009590,0.0000258,0.00014300,0.00000293,-4.4525251389e+00,9.2404045165e-02,0.6853,2.0666666031e+00
-0.2810,-0.0009590,0.0000257,0.00014300,0.00000293,-4.4525251389e+00,9.2000000179e-02,0.6863,2.0666666031e+00
-0.2800,-0.0009580,0.0000255,0.00014300,0.00000294,-4.4484848976e+00,9.1151513159e-02,0.6873,2.0626263618e+00
-0.2790,-0.0009570,0.0000252,0.00014300,0.00000293,-4.4444446564e+00,8.9979797602e-02,0.6883,2.0585861206e+00
-0.2780,-0.0009570,0.0000251,0.00014300,0.00000293,-4.4444446564e+00,8.9575752616e-02,0.6893,2.0585861206e+00
-0.2770,-0.0009550,0.0000250,0.00014200,0.00000293,-4.4323229790e+00,8.9171715081e-02,0.6903,2.0464644432e+00
-0.2760,-0.0009560,0.0000247,0.00014200,0.00000293,-4.4363636971e+00,8.7959595025e-02,0.6913,2.0505051613e+00
-0.2750,-0.0009570,0.0000245,0.00014200,0.00000293,-4.4404039383e+00,8.7151505053e-02,0.6923,2.0545454025e+00
-0.2740,-0.0009590,0.0000244,0.00014200,0.00000293,-4.4484848976e+00,8.6747482419e-02,0.6933,2.0626263618e+00
-0.2730,-0.0009570,0.0000243,0.00014200,0.00000292,-4.4404039383e+00,8.6383834481e-02,0.6943,2.0545454025e+00
-0.2720,-0.0009570,0.0000240,0.00014200,0.00000292,-4.4404039383e+00,8.5171721876e-02,0.6953,2.0545454025e+00
-0.2710,-0.0009550,0.0000239,0.00014200,0.00000292,-4.4323229790e+00,8.4767676890e-02,0.6963,2.0464644432e+00
-0.2700,-0.0009550,0.0000236,0.00014200,0.00000292,-4.4323229790e+00,8.3555556834e-02,0.6973,2.0464644432e+00
-0.2690,-0.0009580,0.0000235,0.00014200,0.00000292,-4.4444446564e+00,8.3151519299e-02,0.6983,2.0585861206e+00
-0.2680,-0.0009560,0.0000234,0.00014200,0.00000292,-4.4363636971e+00,8.2747474313e-02,0.6993,2.0505051613e+00
-0.2670,-0.0009600,0.0000232,0.00014200,0.00000292,-4.4525251389e+00,8.1939391792e-02,0.7003,2.0666666031e+00
-0.2660,-0.0009550,0.0000230,0.00014100,0.00000291,-4.4282827377e+00,8.1171721220e-02,0.7013,2.0424242020e+00
-0.2650,-0.0009570,0.0000229,0.00014100,0.00000291,-4.4363636971e+00,8.0767676234e-02,0.7023,2.0505051613e+00
-0.2640,-0.0009590,0.0000226,0.00014100,0.00000290,-4.4444446564e+00,7.9595953226e-02,0.7033,2.0585861206e+00
-0.2630,-0.0009610,0.0000226,0.00014100,0.00000291,-4.4525251389e+00,7.9555556178e-02,0.7043,2.0666666031e+00
-0.2620,-0.0009540,0.0000223,0.00014100,0.00000291,-4.4242424965e+00,7.8343443573e-02,0.7053,2.0383839607e+00
-0.2610,-0.0009560,0.0000221,0.00014100,0.00000291,-4.4323229790e+00,7.7535353601e-02,0.7063,2.0464644432e+00
-0.2600,-0.0009570,0.0000220,0.00014100,0.00000290,-4.4363636971e+00,7.7171720564e-02,0.7073,2.0505051613e+00
-0.2590,-0.0009570,0.0000218,0.00014100,0.00000291,-4.4363636971e+00,7.6323240995e-02,0.7083,2.0505051613e+00
-0.2580,-0.0009570,0.0000216,0.00014100,0.00000291,-4.4363636971e+00,7.5515158474e-02,0.7093,2.0505051613e+00
-0.2570,-0.0009540,0.0000215,0.00014100,0.00000291,-4.4242424965e+00,7.5111113489e-02,0.7103,2.0383839607e+00
-0.2560,-0.0009560,0.0000212,0.00014100,0.00000290,-4.4323229790e+00,7.3939390481e-02,0.7113,2.0464644432e+00
-0.2550,-0.0009540,0.0000211,0.00014000,0.00000290,-4.4202017784e+00,7.3535352945e-02,0.7123,2.0343432426e+00
-0.2540,-0.0009540,0.0000209,0.00014000,0.00000290,-4.4202017784e+00,7.2727277875e-02,0.7133,2.0343432426e+00
-0.2530,-0.0009570,0.0000207,0.00014000,0.00000290,-4.4323229790e+00,7.1919187903e-02,0.7143,2.0464644432e+00
-0.2520,-0.0009510,0.0000206,0.00014000,0.00000290,-4.4080810547e+00,7.1515150368e-02,0.7153,2.0222225189e+00
-0.2510,-0.0009570,0.0000203,0.00014000,0.00000290,-4.4323229790e+00,7.0303030312e-02,0.7163,2.0464644432e+00
-0.2500,-0.0009510,0.0000203,0.00014000,0.00000289,-4.4080810547e+00,7.0343434811e-02,0.7173,2.0222225189e+00
-0.2490,-0.0009550,0.0000200,0.00014000,0.00000290,-4.4242424965e+00,6.9090902805e-02,0.7183,2.0383839607e+00
-0.2480,-0.0009540,0.0000199,0.00014000,0.00000289,-4.4202017784e+00,6.8727277219e-02,0.7193,2.0343432426e+00
-0.2470,-0.0009580,0.0000197,0.00013900,0.00000289,-4.4323229790e+00,6.7919194698e-02,0.7203,2.0464644432e+00
-0.2460,-0.0009550,0.0000196,0.00013900,0.00000289,-4.4202017784e+00,6.7515157163e-02,0.7213,2.0343432426e+00
-0.2450,-0.0009540,0.0000192,0.00013900,0.00000289,-4.4161615372e+00,6.5898992121e-02,0.7223,2.0303030014e+00
-0.2440,-0.0009530,0.0000192,0.00013900,0.00000289,-4.4121208191e+00,6.5898992121e-02,0.7233,2.0262622833e+00
-0.2430,-0.0009490,0.0000190,0.00013900,0.00000288,-4.3959598541e+00,6.5131306648e-02,0.7243,2.0101013184e+00
-0.2420,-0.0009560,0.0000188,0.00013900,0.00000289,-4.4242424965e+00,6.4282827079e-02,0.7253,2.0383839607e+00
-0.2410,-0.0009520,0.0000187,0.00013900,0.00000288,-4.4080805779e+00,6.3919194043e-02,0.7263,2.0222220421e+00
-0.2400,-0.0009480,0.0000185,0.00013900,0.00000288,-4.3919191360e+00,6.3111111522e-02,0.7273,2.0060606003e+00
-0.2390,-0.0009540,0.0000183,0.00013800,0.00000288,-4.4121208191e+00,6.2303025275e-02,0.7283,2.0262622833e+00
-0.2380,-0.0009510,0.0000181,0.00013800,0.00000288,-4.4000000954e+00,6.1494946480e-02,0.7293,2.0141415596e+00
-0.2370,-0.0009470,0.0000180,0.00013800,0.00000288,-4.3838381767e+00,6.1090908945e-02,0.7303,1.9979796410e+00
-0.2360,-0.0009530,0.0000177,0.00013800,0.00000288,-4.4080805779e+00,5.9878785163e-02,0.7313,2.0222220421e+00
-0.2350,-0.0009450,0.0000176,0.00013800,0.00000288,-4.3757576942e+00,5.9474743903e-02,0.7323,1.9898991585e+00
-0.2340,-0.0009480,0.0000174,0.00013800,0.00000287,-4.3878788948e+00,5.8707069606e-02,0.7333,2.0020203590e+00
-0.2330,-0.0009480,0.0000172,0.00013800,0.00000287,-4.3878788948e+00,5.7898990810e-02,0.7343,2.0020203590e+00
-0.2320,-0.0009450,0.0000171,0.00013800,0.00000287,-4.3757576942e+00,5.7494949549e-02,0.7353,1.9898991585e+00
-0.2310,-0.0009490,0.0000169,0.00013700,0.00000287,-4.3878788948e+00,5.6686867028e-02,0.7363,2.0020203590e+00
-0.2300,-0.0009520,0.0000168,0.00013800,0.00000287,-4.4040398598e+00,5.6282833219e-02,0.7373,2.0181813240e+00
-0.2290,-0.0009430,0.0000165,0.00013700,0.00000287,-4.3636364937e+00,5.5070709437e-02,0.7383,1.9777779579e+00
-0.2280,-0.0009430,0.0000163,0.00013700,0.00000286,-4.3636364937e+00,5.4303031415e-02,0.7393,1.9777779579e+00
-0.2270,-0.0009460,0.0000162,0.00013700,0.00000286,-4.3757576942e+00,5.3898990154e-02,0.7403,1.9898991585e+00
-0.2260,-0.0009410,0.0000160,0.00013700,0.00000286,-4.3555560112e+00,5.3090911359e-02,0.7413,1.9696974754e+00
-0.2250,-0.0009400,0.0000158,0.00013700,0.00000286,-4.3515152931e+00,5.2282828838e-02,0.7423,1.9656567574e+00
-0.2240,-0.0009410,0.0000156,0.00013700,0.00000286,-4.3555560112e+00,5.1474750042e-02,0.7433,1.9696974754e+00
-0.2230,-0.0009360,0.0000154,0.00013700,0.00000286,-4.3353538513e+00,5.0666671246e-02,0.7443,1.9494953156e+00
-0.2220,-0.0009380,0.0000152,0.00013600,0.00000286,-4.3393940926e+00,4.9858588725e-02,0.7453,1.9535355568e+00
-0.2210,-0.0009370,0.0000151,0.00013600,0.00000285,-4.3353538513e+00,4.9494951963e-02,0.7463,1.9494953156e+00
-0.2200,-0.0009350,0.0000148,0.00013600,0.00000285,-4.3272728920e+00,4.8282828182e-02,0.7473,1.9414143562e+00
-0.2190,-0.0009350,0.0000147,0.00013600,0.00000285,-4.3272728920e+00,4.7878790647e-02,0.7483,1.9414143562e+00
-0.2180,-0.0009340,0.0000145,0.00013600,0.00000285,-4.3232321739e+00,4.7070708126e-02,0.7493,1.9373736382e+00
-0.2170,-0.0009300,0.0000144,0.00013600,0.00000284,-4.3070707321e+00,4.6707067639e-02,0.7503,1.9212121964e+00
-0.2160,-0.0009330,0.0000141,0.00013600,0.00000284,-4.3191919327e+00,4.5494951308e-02,0.7513,1.9333333969e+00
-0.2150,-0.0009320,0.0000140,0.00013600,0.00000284,-4.3151516914e+00,4.5090910047e-02,0.7523,1.9292931557e+00
-0.2140,-0.0009260,0.0000138,0.00013600,0.00000284,-4.2909092903e+00,4.4282827526e-02,0.7533,1.9050507545e+00
-0.2130,-0.0009300,0.0000136,0.00013600,0.00000285,-4.3070707321e+00,4.3434344232e-02,0.7543,1.9212121964e+00
-0.2120,-0.0009280,0.0000134,0.00013600,0.00000284,-4.2989902496e+00,4.2666666210e-02,0.7553,1.9131317139e+00
-0.2110,-0.0009260,0.0000133,0.00013500,0.00000284,-4.2868690491e+00,4.2262628675e-02,0.7563,1.9010105133e+00
-0.2100,-0.0009220,0.0000130,0.00013500,0.00000284,-4.2707071304e+00,4.1050504893e-02,0.7573,1.8848485947e+00
-0.2090,-0.0009220,0.0000129,0.00013500,0.00000284,-4.2707071304e+00,4.0646463633e-02,0.7583,1.8848485947e+00
-0.2080,-0.0009210,0.0000126,0.00013500,0.00000284,-4.2666668892e+00,3.9434347302e-02,0.7593,1.8808083534e+00
-0.2070,-0.0009150,0.0000125,0.00013500,0.00000283,-4.2424240112e+00,3.9070706815e-02,0.7603,1.8565654755e+00
-0.2060,-0.0009130,0.0000122,0.00013500,0.00000283,-4.2343435287e+00,3.7858586758e-02,0.7613,1.8484849930e+00
-0.2050,-0.0009160,0.0000121,0.00013500,0.00000283,-4.2464647293e+00,3.7454545498e-02,0.7623,1.8606061935e+00
-0.2040,-0.0009080,0.0000119,0.00013500,0.00000284,-4.2141413689e+00,3.6606058478e-02,0.7633,1.8282828331e+00
-0.2030,-0.0009100,0.0000117,0.00013500,0.00000283,-4.2222223282e+00,3.5838384181e-02,0.7643,1.8363637924e+00
-0.2020,-0.0009060,0.0000115,0.00013400,0.00000283,-4.2020201683e+00,3.5030305386e-02,0.7653,1.8161616325e+00
-0.2010,-0.0009060,0.0000114,0.00013400,0.00000283,-4.2020201683e+00,3.4626264125e-02,0.7663,1.8161616325e+00
-0.2000,-0.0009020,0.0000111,0.00013400,0.00000282,-4.1858582497e+00,3.3454544842e-02,0.7673,1.7999997139e+00
-0.1990,-0.0009020,0.0000109,0.00013400,0.00000283,-4.1858582497e+00,3.2606061548e-02,0.7683,1.7999997139e+00
-0.1980,-0.0008980,0.0000109,0.00013400,0.00000282,-4.1696972847e+00,3.2646466047e-02,0.7693,1.7838387489e+00
-0.1970,-0.0008940,0.0000106,0.00013400,0.00000282,-4.1535353661e+00,3.1434342265e-02,0.7703,1.7676768303e+00
-0.1960,-0.0008930,0.0000104,0.00013400,0.00000282,-4.1494951248e+00,3.0626261607e-02,0.7713,1.7636365891e+00
-0.1950,-0.0008910,0.0000103,0.00013400,0.00000282,-4.1414141655e+00,3.0222222209e-02,0.7723,1.7555556297e+00
-0.1940,-0.0008870,0.0000102,0.00013400,0.00000282,-4.1252522469e+00,2.9818182811e-02,0.7733,1.7393937111e+00
-0.1930,-0.0008860,0.0000098,0.00013300,0.00000281,-4.1171717644e+00,2.8323231265e-02,0.7743,1.7313132286e+00
-0.1920,-0.0008830,0.0000098,0.00013400,0.00000282,-4.1090908051e+00,2.8363633901e-02,0.7753,1.7232322693e+00
-0.1910,-0.0008800,0.0000096,0.00013300,0.00000281,-4.0929293633e+00,2.7393940836e-02,0.7763,1.7070708275e+00
-0.1900,-0.0008770,0.0000094,0.00013300,0.00000281,-4.0808081627e+00,2.6626260951e-02,0.7773,1.6949496269e+00
-0.1890,-0.0008710,0.0000093,0.00013300,0.00000281,-4.0565652847e+00,2.6020202786e-02,0.7783,1.6707067490e+00
-0.1880,-0.0008700,0.0000090,0.00013300,0.00000281,-4.0525250435e+00,2.5212118402e-02,0.7793,1.6666665077e+00
-0.1870,-0.0008640,0.0000090,0.00013300,0.00000281,-4.0282831192e+00,2.4848483503e-02,0.7803,1.6424245834e+00
-0.1860,-0.0008630,0.0000086,0.00013300,0.00000280,-4.0242424011e+00,2.3595958948e-02,0.7813,1.6383838654e+00
-0.1850,-0.0008570,0.0000087,0.00013300,0.00000280,-4.0000000000e+00,2.3797979578e-02,0.7823,1.6141414642e+00
-0.1840,-0.0008580,0.0000085,0.00013300,0.00000281,-4.0040402412e+00,2.2868683562e-02,0.7833,1.6181817055e+00
-0.1830,-0.0008490,0.0000083,0.00013300,0.00000280,-3.9676768780e+00,2.2020202130e-02,0.7843,1.5818183422e+00
-0.1820,-0.0008490,0.0000081,0.00013200,0.00000280,-3.9636363983e+00,2.1373737603e-02,0.7853,1.5777778625e+00
-0.1810,-0.0008420,0.0000081,0.00013200,0.00000280,-3.9353537560e+00,2.1292930469e-02,0.7863,1.5494952202e+00
-0.1800,-0.0008410,0.0000078,0.00013200,0.00000280,-3.9313132763e+00,2.0282829180e-02,0.7873,1.5454547405e+00
-0.1790,-0.0008340,0.0000077,0.00013200,0.00000280,-3.9030303955e+00,1.9636362791e-02,0.7883,1.5171718597e+00
-0.1780,-0.0008320,0.0000076,0.00013200,0.00000280,-3.8949494362e+00,1.9515153021e-02,0.7893,1.5090909004e+00
-0.1770,-0.0008250,0.0000074,0.00013200,0.00000279,-3.8666667938e+00,1.8585858867e-02,0.7903,1.4808082581e+00
-0.1760,-0.0008190,0.0000072,0.00013200,0.00000279,-3.8424243927e+00,1.7818180844e-02,0.7913,1.4565658569e+00
-0.1750,-0.0008210,0.0000072,0.00013200,0.00000279,-3.8505051136e+00,1.7979796976e-02,0.7923,1.4646465778e+00
-0.1740,-0.0008070,0.0000070,0.00013200,0.00000279,-3.7939393520e+00,1.6929293051e-02,0.7933,1.4080808163e+00
-0.1730,-0.0008100,0.0000069,0.00013200,0.00000278,-3.8060605526e+00,1.6484851018e-02,0.7943,1.4202020168e+00
-0.1720,-0.0008010,0.0000067,0.00013200,0.00000279,-3.7696969509e+00,1.5919191763e-02,0.7953,1.3838384151e+00
-0.1710,-0.0007960,0.0000066,0.00013100,0.00000278,-3.7454545498e+00,1.5555556864e-02,0.7963,1.3595960140e+00
-0.1700,-0.0007900,0.0000065,0.00013100,0.00000278,-3.7212121487e+00,1.4949495904e-02,0.7973,1.3353536129e+00
-0.1690,-0.0007850,0.0000063,0.00013100,0.00000278,-3.7010099888e+00,1.4343434013e-02,0.7983,1.3151514530e+00
-0.1680,-0.0007780,0.0000063,0.00013100,0.00000278,-3.6727273464e+00,1.4303030446e-02,0.7993,1.2868688107e+00
-0.1670,-0.0007720,0.0000061,0.00013100,0.00000279,-3.6484849453e+00,1.3414140791e-02,0.8003,1.2626264095e+00
-0.1660,-0.0007650,0.0000060,0.00013100,0.00000278,-3.6202020645e+00,1.3090909459e-02,0.8013,1.2343435287e+00
-0.1650,-0.0007610,0.0000059,0.00013100,0.00000278,-3.6040403843e+00,1.2767677195e-02,0.8023,1.2181818485e+00
-0.1640,-0.0007540,0.0000058,0.00013100,0.00000278,-3.5757575035e+00,1.2080808170e-02,0.8033,1.1898989677e+00
-0.1630,-0.0007480,0.0000057,0.00013100,0.00000277,-3.5515151024e+00,1.1838384904e-02,0.8043,1.1656565666e+00
-0.1620,-0.0007450,0.0000056,0.00013100,0.00000277,-3.5393941402e+00,1.1474746279e-02,0.8053,1.1535356045e+00
-0.1610,-0.0007370,0.0000055,0.00013100,0.00000277,-3.5070707798e+00,1.1232323013e-02,0.8063,1.1212122440e+00
-0.1600,-0.0007290,0.0000054,0.00013000,0.00000277,-3.4707071781e+00,1.0545453988e-02,0.8073,1.0848486423e+00
-0.1590,-0.0007250,0.0000053,0.00013000,0.00000277,-3.4545454979e+00,1.0181818157e-02,0.8083,1.0686869621e+00
-0.1580,-0.0007180,0.0000052,0.00013000,0.00000277,-3.4262626171e+00,1.0020202026e-02,0.8093,1.0404040813e+00
-0.1570,-0.0007110,0.0000051,0.00013000,0.00000277,-3.3979797363e+00,9.3737365678e-03,0.8103,1.0121212006e+00
-0.1560,-0.0007030,0.0000050,0.00013000,0.00000277,-3.3656566143e+00,9.1313133016e-03,0.8113,9.7979807854e-01
-0.1550,-0.0006940,0.0000050,0.00013000,0.00000276,-3.3292927742e+00,8.9696981013e-03,0.8123,9.4343423843e-01
-0.1540,-0.0006890,0.0000048,0.00013000,0.00000276,-3.3090908527e+00,8.2424255088e-03,0.8133,9.2323231697e-01
-0.1530,-0.0006790,0.0000049,0.00013000,0.00000276,-3.2686867714e+00,8.4444452077e-03,0.8143,8.8282823563e-01
-0.1520,-0.0006760,0.0000047,0.00013000,0.00000276,-3.2565658092e+00,7.8383833170e-03,0.8153,8.7070727348e-01
-0.1510,-0.0006660,0.0000047,0.00013000,0.00000276,-3.2161617279e+00,7.7171726152e-03,0.8163,8.3030319214e-01
-0.1500,-0.0006590,0.0000045,0.00013000,0.00000276,-3.1878788471e+00,7.1515147574e-03,0.8173,8.0202031136e-01
-0.1490,-0.0006540,0.0000045,0.00013000,0.00000276,-3.1676766872e+00,7.1515147574e-03,0.8183,7.8181815147e-01
-0.1480,-0.0006420,0.0000043,0.00013000,0.00000275,-3.1191918850e+00,6.4242426306e-03,0.8193,7.3333334923e-01
-0.1470,-0.0006360,0.0000044,0.00013000,0.00000275,-3.0949494839e+00,6.6666658968e-03,0.8203,7.0909094810e-01
-0.1460,-0.0006280,0.0000043,0.00013000,0.00000276,-3.0626263618e+00,6.1010099016e-03,0.8213,6.7676782608e-01
-0.1450,-0.0006180,0.0000042,0.00013000,0.00000275,-3.0222222805e+00,5.8585861698e-03,0.8223,6.3636374474e-01
-0.1440,-0.0006110,0.0000041,0.00012900,0.00000275,-2.9898989201e+00,5.6161610410e-03,0.8233,6.0404038429e-01
-0.1430,-0.0006020,0.0000041,0.00012900,0.00000275,-2.9535353184e+00,5.3333337419e-03,0.8243,5.6767678261e-01
-0.1420,-0.0005940,0.0000040,0.00012900,0.00000275,-2.9212119579e+00,5.0909086131e-03,0.8253,5.3535342216e-01
-0.1410,-0.0005850,0.0000040,0.00012900,0.00000275,-2.8848483562e+00,4.9696979113e-03,0.8263,4.9898982048e-01
-0.1400,-0.0005770,0.0000039,0.00012900,0.00000275,-2.8525252342e+00,4.6060597524e-03,0.8273,4.6666669846e-01
-0.1390,-0.0005690,0.0000038,0.00012900,0.00000274,-2.8202021122e+00,4.4444440864e-03,0.8283,4.3434357643e-01
-0.1380,-0.0005610,0.0000038,0.00012900,0.00000274,-2.7878787518e+00,4.3232324533e-03,0.8293,4.0202021599e-01
-0.1370,-0.0005510,0.0000038,0.00012900,0.00000274,-2.7474746704e+00,4.1212127544e-03,0.8303,3.6161613464e-01
-0.1360,-0.0005400,0.0000037,0.00012900,0.00000274,-2.7030301094e+00,3.7171719596e-03,0.8313,3.1717157364e-01
-0.1350,-0.0005340,0.0000036,0.00012900,0.00000274,-2.6787877083e+00,3.5151520278e-03,0.8323,2.9292917252e-01
-0.1340,-0.0005240,0.0000036,0.00012900,0.00000274,-2.6383836269e+00,3.4343439620e-03,0.8333,2.5252509117e-01
-0.1330,-0.0005140,0.0000035,0.00012900,0.00000274,-2.5979797840e+00,3.2727275975e-03,0.8343,2.1212124825e-01
-0.1320,-0.0005070,0.0000034,0.00012900,0.00000274,-2.5696971416e+00,2.8686868027e-03,0.8353,1.8383860588e-01
-0.1310,-0.0004950,0.0000034,0.00012900,0.00000274,-2.5212121010e+00,2.8686868027e-03,0.8363,1.3535356522e-01
-0.1300,-0.0004870,0.0000034,0.00012900,0.00000274,-2.4888889790e+00,2.5454552379e-03,0.8373,1.0303044319e-01
-0.1290,-0.0004780,0.0000034,0.00012900,0.00000274,-2.4525251389e+00,2.6666668709e-03,0.8383,6.6666603088e-02
-0.1280,-0.0004670,0.0000033,0.00012900,0.00000273,-2.4080808163e+00,2.4646462407e-03,0.8393,2.2222280502e-02
-0.1270,-0.0004580,0.0000033,0.00012900,0.00000273,-2.3717172146e+00,2.1414144430e-03,0.8403,1.4141321182e-02
-0.1260,-0.0004480,0.0000032,0.00012800,0.00000273,-2.3272728920e+00,2.0606063772e-03,0.8413,5.8585643768e-02
-0.1250,-0.0004390,0.0000032,0.00012900,0.00000273,-2.2949495316e+00,1.8585855141e-03,0.8423,9.0909004211e-02
-0.1240,-0.0004300,0.0000031,0.00012900,0.00000273,-2.2585856915e+00,1.6161620151e-03,0.8433,1.2727284431e-01
-0.1230,-0.0004210,0.0000031,0.00012800,0.00000273,-2.2181818485e+00,1.6565655824e-03,0.8443,1.6767668724e-01
-0.1220,-0.0004100,0.0000031,0.00012800,0.00000272,-2.1737375259e+00,1.6161610838e-03,0.8453,2.1212100983e-01
-0.1210,-0.0004000,0.0000030,0.00012900,0.00000272,-2.1373734474e+00,1.2525249040e-03,0.8463,2.4848508835e-01
-0.1200,-0.0003930,0.0000031,0.00012800,0.00000272,-2.1050505638e+00,1.3333329698e-03,0.8473,2.8080797195e-01
-0.1190,-0.0003820,0.0000030,0.00012800,0.00000272,-2.0606060028e+00,1.1313131545e-03,0.8483,3.2525253296e-01
-0.1180,-0.0003730,0.0000029,0.00012800,0.00000272,-2.0242424011e+00,9.2929229140e-04,0.8493,3.6161613464e-01
-0.1170,-0.0003630,0.0000029,0.00012800,0.00000272,-1.9838384390e+00,8.4848416736e-04,0.8503,4.0202009678e-01
-0.1160,-0.0003530,0.0000029,0.00012800,0.00000272,-1.9434343576e+00,8.0808054190e-04,0.8513,4.4242417812e-01
-0.1150,-0.0003440,0.0000029,0.00012800,0.00000272,-1.9070706367e+00,6.0605973704e-04,0.8523,4.7878789902e-01
-0.1140,-0.0003330,0.0000029,0.00012800,0.00000272,-1.8626263142e+00,5.2525248611e-04,0.8533,5.2323222160e-01
-0.1130,-0.0003240,0.0000028,0.00012800,0.00000271,-1.8262627125e+00,4.8484886065e-04,0.8543,5.5959582329e-01
-0.1120,-0.0003140,0.0000028,0.00012800,0.00000271,-1.7858585119e+00,4.0404073661e-04,0.8553,6.0000002384e-01
-0.1110,-0.0003050,0.0000028,0.00012800,0.00000271,-1.7494949102e+00,2.0201990264e-04,0.8563,6.3636362553e-01
-0.1100,-0.0002960,0.0000028,0.00012800,0.00000271,-1.7131314278e+00,2.0201990264e-04,0.8573,6.7272710800e-01
-0.1090,-0.0002860,0.0000027,0.00012800,0.00000271,-1.6727273464e+00,1.2121175678e-04,0.8583,7.1313118935e-01
-0.1080,-0.0002760,0.0000027,0.00012800,0.00000270,-1.6323231459e+00,4.0403614548e-05,0.8593,7.5353538990e-01
-0.1070,-0.0002690,0.0000027,0.00012800,0.00000270,-1.6040403843e+00,0.0000000000e+00,0.8603,7.8181815147e-01
-0.1060,-0.0002580,0.0000027,0.00012800,0.00000270,-1.5595958233e+00,-1.6161629173e-04,0.8613,8.2626271248e-01
-0.1050,-0.0002500,0.0000027,0.00012800,0.00000270,-1.5272728205e+00,-1.6161629173e-04,0.8623,8.5858571529e-01
-0.1040,-0.0002400,0.0000026,0.00012800,0.00000270,-1.4868687391e+00,-3.6363711115e-04,0.8633,8.9898979664e-01
-0.1030,-0.0002320,0.0000026,0.00012800,0.00000269,-1.4545454979e+00,-2.8282805579e-04,0.8643,9.3131303787e-01
-0.1020,-0.0002220,0.0000026,0.00012800,0.00000270,-1.4141414165e+00,-3.6363711115e-04,0.8653,9.7171711922e-01
-0.1010,-0.0002140,0.0000026,0.00012800,0.00000269,-1.3818181753e+00,-4.8484795843e-04,0.8663,1.0040403605e+00
-0.1000,-0.0002060,0.0000026,0.00012800,0.00000269,-1.3494949341e+00,-4.0404073661e-04,0.8673,1.0363636017e+00
-0.0990,-0.0001970,0.0000026,0.00012800,0.00000270,-1.3131313324e+00,-6.0606061015e-04,0.8683,1.0727272034e+00
-0.0980,-0.0001890,0.0000026,0.00012800,0.00000269,-1.2808080912e+00,-5.2525248611e-04,0.8693,1.1050504446e+00
-0.0970,-0.0001800,0.0000025,0.00012800,0.00000269,-1.2444444895e+00,-6.4646423561e-04,0.8703,1.1414140463e+00
-0.0960,-0.0001720,0.0000025,0.00012800,0.00000269,-1.2121212482e+00,-6.4646423561e-04,0.8713,1.1737372875e+00
-0.0950,-0.0001640,0.0000025,0.00012800,0.00000269,-1.1797980070e+00,-7.2727235965e-04,0.8723,1.2060605288e+00
-0.0940,-0.0001560,0.0000025,0.00012800,0.00000269,-1.1474747658e+00,-8.0808054190e-04,0.8733,1.2383837700e+00
-0.0930,-0.0001480,0.0000025,0.00012800,0.00000269,-1.1151515245e+00,-8.0808054190e-04,0.8743,1.2707070112e+00
-0.0920,-0.0001410,0.0000025,0.00012800,0.00000268,-1.0868687630e+00,-8.0808147322e-04,0.8753,1.2989897728e+00
-0.0910,-0.0001330,0.0000025,0.00012800,0.00000269,-1.0545455217e+00,-8.8888866594e-04,0.8763,1.3313130140e+00
-0.0900,-0.0001250,0.0000025,0.00012800,0.00000268,-1.0222222805e+00,-8.4848504048e-04,0.8773,1.3636362553e+00
-0.0890,-0.0001170,0.0000024,0.00012800,0.00000268,-9.8989897966e-01,-9.6969772130e-04,0.8783,1.3959596157e+00
-0.0880,-0.0001110,0.0000025,0.00012800,0.00000268,-9.6565657854e-01,-8.8888959726e-04,0.8793,1.4202020168e+00
-0.0870,-0.0001030,0.0000024,0.00012800,0.00000268,-9.3333333731e-01,-1.0101014050e-03,0.8803,1.4525251389e+00
-0.0860,-0.0000968,0.0000024,0.00012800,0.00000268,-9.0828281641e-01,-1.0101014050e-03,0.8813,1.4775757790e+00
-0.0850,-0.0000895,0.0000024,0.00012800,0.00000268,-8.7878787518e-01,-1.0909094708e-03,0.8823,1.5070706606e+00
-0.0840,-0.0000827,0.0000024,0.00012800,0.00000268,-8.5131317377e-01,-1.0909094708e-03,0.8833,1.5345454216e+00
-0.0830,-0.0000758,0.0000024,0.00012800,0.00000268,-8.2343441248e-01,-1.0909094708e-03,0.8843,1.5624241829e+00
-0.0820,-0.0000699,0.0000024,0.00012800,0.00000267,-7.9959595203e-01,-1.0505049722e-03,0.8853,1.5862625837e+00
-0.0810,-0.0000637,0.0000024,0.00012800,0.00000267,-7.7454549074e-01,-1.1313131545e-03,0.8863,1.6113131046e+00
-0.0800,-0.0000573,0.0000024,0.00012800,0.00000267,-7.4868685007e-01,-1.1313131545e-03,0.8873,1.6371717453e+00
-0.0790,-0.0000515,0.0000024,0.00012800,0.00000267,-7.2525250912e-01,-1.1313131545e-03,0.8883,1.6606060266e+00
-0.0780,-0.0000457,0.0000024,0.00012800,0.00000267,-7.0181816816e-01,-1.1717167217e-03,0.8893,1.6840403080e+00
-0.0770,-0.0000397,0.0000024,0.00012800,0.00000267,-6.7757576704e-01,-1.1717167217e-03,0.8903,1.7082827091e+00
-0.0760,-0.0000342,0.0000024,0.00012800,0.00000267,-6.5535354614e-01,-1.1717167217e-03,0.8913,1.7305049896e+00
-0.0750,-0.0000291,0.0000024,0.00012800,0.00000267,-6.3474750519e-01,-1.2525249040e-03,0.8923,1.7511110306e+00
-0.0740,-0.0000236,0.0000024,0.00012800,0.00000267,-6.1252528429e-01,-1.2121212203e-03,0.8933,1.7733333111e+00
-0.0730,-0.0000181,0.0000024,0.00012800,0.00000267,-5.9030306339e-01,-1.2525249040e-03,0.8943,1.7955554724e+00
-0.0720,-0.0000133,0.0000024,0.00012800,0.00000267,-5.7090908289e-01,-1.2525249040e-03,0.8953,1.8149495125e+00
-0.0710,-0.0000079,0.0000023,0.00012800,0.00000267,-5.4892927408e-01,-1.2929294026e-03,0.8963,1.8369293213e+00
-0.0700,-0.0000031,0.0000024,0.00012800,0.00000266,-5.2973741293e-01,-1.2121212203e-03,0.8973,1.8561210632e+00
-0.0690,0.0000013,0.0000023,0.00012800,0.00000266,-5.1191920042e-01,-1.2525258353e-03,0.8983,1.8739392757e+00
-0.0680,0.0000060,0.0000023,0.00012800,0.00000266,-4.9288889766e-01,-1.2525258353e-03,0.8993,1.8929696083e+00
-0.0670,0.0000104,0.0000023,0.00012800,0.00000266,-4.7515150905e-01,-1.2525258353e-03,0.9003,1.9107069969e+00
-0.0660,0.0000147,0.0000023,0.00012800,0.00000266,-4.5777776837e-01,-1.2525258353e-03,0.9013,1.9280807972e+00
-0.0650,0.0000188,0.0000023,0.00012900,0.00000265,-4.4525250793e-01,-1.2121212203e-03,0.9023,1.9406059980e+00
-0.0640,0.0000230,0.0000023,0.00012900,0.00000265,-4.2828279734e-01,-1.2525249040e-03,0.9033,1.9575757980e+00
-0.0630,0.0000267,0.0000023,0.00012900,0.00000265,-4.1333329678e-01,-1.2121212203e-03,0.9043,1.9725252390e+00
-0.0620,0.0000304,0.0000023,0.00012900,0.00000265,-3.9838382602e-01,-1.2525249040e-03,0.9053,1.9874746799e+00
-0.0610,0.0000342,0.0000023,0.00012900,0.00000265,-3.8303029537e-01,-1.2525249040e-03,0.9063,2.0028281212e+00
-0.0600,0.0000376,0.0000023,0.00012900,0.00000265,-3.6929291487e-01,-1.2525249040e-03,0.9073,2.0165655613e+00
-0.0590,0.0000408,0.0000023,0.00012900,0.00000265,-3.5636359453e-01,-1.2525249040e-03,0.9083,2.0294950008e+00
-0.0580,0.0000444,0.0000023,0.00012900,0.00000265,-3.4181815386e-01,-1.2929294026e-03,0.9093,2.0440404415e+00
-0.0570,0.0000479,0.0000023,0.00012900,0.00000265,-3.2767674327e-01,-1.2525249040e-03,0.9103,2.0581817627e+00
-0.0560,0.0000504,0.0000023,0.00012900,0.00000264,-3.1757569313e-01,-1.2121212203e-03,0.9113,2.0682828426e+00
-0.0550,0.0000537,0.0000023,0.00012900,0.00000265,-3.0424240232e-01,-1.2525249040e-03,0.9123,2.0816161633e+00
-0.0540,0.0000569,0.0000023,0.00012900,0.00000264,-2.9131311178e-01,-1.2929294026e-03,0.9133,2.0945453644e+00
-0.0530,0.0000594,0.0000023,0.00012900,0.00000265,-2.8121209145e-01,-1.2525249040e-03,0.9143,2.1046464443e+00
-0.0520,0.0000621,0.0000023,0.00012900,0.00000264,-2.7030301094e-01,-1.2121212203e-03,0.9153,2.1155555248e+00
-0.0510,0.0000653,0.0000023,0.00012900,0.00000264,-2.5737369061e-01,-1.2121212203e-03,0.9163,2.1284847260e+00
-0.0500,0.0000670,0.0000023,0.00012900,0.00000264,-2.5050503016e-01,-1.1717176531e-03,0.9173,2.1353535652e+00
-0.0490,0.0000698,0.0000023,0.00012900,0.00000264,-2.3919187486e-01,-1.2121212203e-03,0.9183,2.1466667652e+00
-0.0480,0.0000721,0.0000023,0.00012900,0.00000263,-2.2989892960e-01,-1.2121212203e-03,0.9193,2.1559596062e+00
-0.0470,0.0000743,0.0000023,0.00012900,0.00000264,-2.2101005912e-01,-1.2121212203e-03,0.9203,2.1648485661e+00
-0.0460,0.0000767,0.0000023,0.00012900,0.00000263,-2.1131308377e-01,-1.2121212203e-03,0.9213,2.1745455265e+00
-0.0450,0.0000790,0.0000023,0.00012900,0.00000264,-2.0202016830e-01,-1.2525258353e-03,0.9223,2.1838383675e+00
-0.0440,0.0000810,0.0000023,0.00012900,0.00000263,-1.9393935800e-01,-1.1717167217e-03,0.9233,2.1919190884e+00
-0.0430,0.0000826,0.0000023,0.00012900,0.00000263,-1.8747469783e-01,-1.1717167217e-03,0.9243,2.1983838081e+00
-0.0420,0.0000846,0.0000023,0.00012900,0.00000263,-1.7939390242e-01,-1.2121212203e-03,0.9253,2.2064645290e+00
-0.0410,0.0000869,0.0000023,0.00012900,0.00000263,-1.7010097206e-01,-1.1717167217e-03,0.9263,2.2157576084e+00
-0.0400,0.0000881,0.0000023,0.00012900,0.00000263,-1.6525247693e-01,-1.1717167217e-03,0.9273,2.2206060886e+00
-0.0390,0.0000899,0.0000023,0.00013000,0.00000262,-1.6202019155e-01,-1.1313131545e-03,0.9283,2.2238383293e+00
-0.0380,0.0000919,0.0000023,0.00012900,0.00000262,-1.4989894629e-01,-1.1313131545e-03,0.9293,2.2359595299e+00
-0.0370,0.0000928,0.0000023,0.00013000,0.00000263,-1.5030302107e-01,-1.1717167217e-03,0.9303,2.2355554104e+00
-0.0360,0.0000945,0.0000023,0.00013000,0.00000262,-1.4343433082e-01,-1.1717176531e-03,0.9313,2.2424242496e+00
-0.0350,0.0000961,0.0000023,0.00013000,0.00000262,-1.3696970046e-01,-1.1717176531e-03,0.9323,2.2488887310e+00
-0.0340,0.0000971,0.0000023,0.00013000,0.00000262,-1.3292929530e-01,-1.1313131545e-03,0.9333,2.2529292107e+00
-0.0330,0.0000989,0.0000023,0.00013000,0.00000262,-1.2565656006e-01,-1.1313131545e-03,0.9343,2.2602019310e+00
-0.0320,0.0001000,0.0000023,0.00013000,0.00000262,-1.2121212482e-01,-1.1717176531e-03,0.9353,2.2646465302e+00
-0.0310,0.0001020,0.0000023,0.00013000,0.00000261,-1.1313131452e-01,-1.0505049722e-03,0.9363,2.2727272511e+00
-0.0300,0.0001020,0.0000023,0.00013000,0.00000262,-1.1313131452e-01,-1.1717176531e-03,0.9373,2.2727272511e+00
-0.0290,0.0001040,0.0000023,0.00013000,0.00000262,-1.0505050421e-01,-1.1313131545e-03,0.9383,2.2808079720e+00
-0.0280,0.0001050,0.0000023,0.00013000,0.00000261,-1.0101009905e-01,-1.0505049722e-03,0.9393,2.2848484516e+00
-0.0270,0.0001060,0.0000023,0.00013000,0.00000261,-9.6969693899e-02,-1.1313131545e-03,0.9403,2.2888889313e+00
-0.0260,0.0001070,0.0000023,0.00013000,0.00000261,-9.2929288745e-02,-1.0909085395e-03,0.9413,2.2929291725e+00
-0.0250,0.0001080,0.0000023,0.00013000,0.00000261,-8.8888883591e-02,-1.0909085395e-03,0.9423,2.2969696522e+00
-0.0240,0.0001090,0.0000023,0.00013000,0.00000261,-8.4848478436e-02,-1.1313131545e-03,0.9433,2.3010101318e+00
-0.0230,0.0001090,0.0000023,0.00013000,0.00000260,-8.4848478436e-02,-1.0101014050e-03,0.9443,2.3010101318e+00
-0.0220,0.0001110,0.0000023,0.00013000,0.00000261,-7.6767668128e-02,-1.0909085395e-03,0.9453,2.3090908527e+00
-0.0210,0.0001110,0.0000023,0.00013000,0.00000260,-7.6767668128e-02,-1.0505049722e-03,0.9463,2.3090908527e+00
-0.0200,0.0001120,0.0000023,0.00013000,0.00000261,-7.2727262974e-02,-1.0909085395e-03,0.9473,2.3131313324e+00
-0.0190,0.0001130,0.0000023,0.00013100,0.00000260,-7.2727233171e-02,-1.0101014050e-03,0.9483,2.3131313324e+00
-0.0180,0.0001140,0.0000023,0.00013100,0.00000260,-6.8686828017e-02,-1.0505049722e-03,0.9493,2.3171718121e+00
-0.0170,0.0001140,0.0000023,0.00013100,0.00000260,-6.8686828017e-02,-1.0909094708e-03,0.9503,2.3171718121e+00
-0.0160,0.0001150,0.0000024,0.00013100,0.00000260,-6.4646422863e-02,-9.6969684819e-04,0.9513,2.3212120533e+00
-0.0150,0.0001160,0.0000023,0.00013100,0.00000260,-6.0606010258e-02,-1.0505049722e-03,0.9523,2.3252525330e+00
-0.0140,0.0001170,0.0000023,0.00013100,0.00000259,-5.6565605104e-02,-1.0505049722e-03,0.9533,2.3292930126e+00
-0.0130,0.0001180,0.0000023,0.00013100,0.00000259,-5.2525199950e-02,-1.0101004736e-03,0.9543,2.3333332539e+00
-0.0120,0.0001180,0.0000023,0.00013100,0.00000260,-5.2525199950e-02,-1.0505049722e-03,0.9553,2.3333332539e+00
-0.0110,0.0001180,0.0000023,0.00013100,0.00000259,-5.2525199950e-02,-1.0101004736e-03,0.9563,2.3333332539e+00
-0.0100,0.0001190,0.0000023,0.00013100,0.00000259,-4.8484824598e-02,-9.6969684819e-04,0.9573,2.3373737335e+00
-0.0090,0.0001200,0.0000023,0.00013100,0.00000259,-4.4444419444e-02,-1.0101004736e-03,0.9583,2.3414142132e+00
-0.0080,0.0001200,0.0000023,0.00013100,0.00000259,-4.4444419444e-02,-1.0505049722e-03,0.9593,2.3414142132e+00
-0.0070,0.0001210,0.0000023,0.00013100,0.00000259,-4.0404014289e-02,-1.0101004736e-03,0.9603,2.3454544544e+00
-0.0060,0.0001220,0.0000023,0.00013100,0.00000259,-3.6363609135e-02,-9.6969684819e-04,0.9613,2.3494949341e+00
-0.0050,0.0001210,0.0000023,0.00013200,0.00000258,-4.4444449246e-02,-9.6969684819e-04,0.9623,2.3414139748e+00
-0.0040,0.0001220,0.0000023,0.00013100,0.00000258,-3.6363609135e-02,-9.2929322273e-04,0.9633,2.3494949341e+00
-0.0030,0.0001230,0.0000023,0.00013200,0.00000258,-3.6363609135e-02,-9.6969684819e-04,0.9643,2.3494949341e+00
-0.0020,0.0001230,0.0000023,0.00013200,0.00000258,-3.6363609135e-02,-9.6969684819e-04,0.9653,2.3494949341e+00
-0.0010,0.0001240,0.0000023,0.00013200,0.00000258,-3.2323233783e-02,-9.2929322273e-04,0.9663,2.3535354137e+00
0.0000,0.0001260,0.0000023,0.00013200,0.00000258,-2.4242423475e-02,-1.0101014050e-03,0.9673,2.3616161346e+00
0.0010,0.0001250,0.0000024,0.00013200,0.00000259,-2.8282798827e-02,-9.2929229140e-04,0.9683,2.3575756550e+00
0.0020,0.0001250,0.0000023,0.00013200,0.00000259,-2.8282798827e-02,-1.0101004736e-03,0.9693,2.3575756550e+00
0.0030,0.0001250,0.0000023,0.00013200,0.00000258,-2.8282798827e-02,-1.0101014050e-03,0.9703,2.3575756550e+00
0.0040,0.0001260,0.0000024,0.00013200,0.00000258,-2.4242423475e-02,-8.8888866594e-04,0.9713,2.3616161346e+00
0.0050,0.0001260,0.0000023,0.00013200,0.00000258,-2.4242423475e-02,-1.0101014050e-03,0.9723,2.3616161346e+00
0.0060,0.0001260,0.0000023,0.00013200,0.00000258,-2.4242423475e-02,-9.6969684819e-04,0.9733,2.3616161346e+00
0.0070,0.0001270,0.0000024,0.00013300,0.00000258,-2.4242363870e-02,-8.8888866594e-04,0.9743,2.3616161346e+00
0.0080,0.0001270,0.0000023,0.00013200,0.00000258,-2.0201988518e-02,-9.6969684819e-04,0.9753,2.3656566143e+00
0.0090,0.0001270,0.0000023,0.00013200,0.00000258,-2.0201988518e-02,-9.6969684819e-04,0.9763,2.3656566143e+00
0.0100,0.0001280,0.0000023,0.00013300,0.00000257,-2.0201988518e-02,-8.8888959726e-04,0.9773,2.3656566143e+00
0.0110,0.0001280,0.0000023,0.00013300,0.00000258,-2.0201988518e-02,-9.2929322273e-04,0.9783,2.3656566143e+00
0.0120,0.0001290,0.0000023,0.00013300,0.00000257,-1.6161613166e-02,-9.6969772130e-04,0.9793,2.3696968555e+00
0.0130,0.0001290,0.0000023,0.00013300,0.00000257,-1.6161613166e-02,-8.8888959726e-04,0.9803,2.3696968555e+00
0.0140,0.0001290,0.0000023,0.00013300,0.00000257,-1.6161613166e-02,-9.2929322273e-04,0.9813,2.3696968555e+00
0.0150,0.0001300,0.0000023,0.00013300,0.00000257,-1.2121176347e-02,-9.2929322273e-04,0.9823,2.3737373352e+00
0.0160,0.0001300,0.0000023,0.00013300,0.00000257,-1.2121176347e-02,-8.8888959726e-04,0.9833,2.3737373352e+00
0.0170,0.0001300,0.0000023,0.00013300,0.00000257,-1.2121176347e-02,-9.2929322273e-04,0.9843,2.3737373352e+00
0.0180,0.0001310,0.0000023,0.00013300,0.00000257,-8.0808009952e-03,-9.2929322273e-04,0.9853,2.3777778149e+00
0.0190,0.0001310,0.0000023,0.00013400,0.00000257,-1.2121235020e-02,-9.2929322273e-04,0.9863,2.3737373352e+00
0.0200,0.0001310,0.0000023,0.00013400,0.00000257,-1.2121235020e-02,-8.8888959726e-04,0.9873,2.3737373352e+00
0.0210,0.0001310,0.0000023,0.00013400,0.00000256,-1.2121235020e-02,-8.8888866594e-04,0.9883,2.3737373352e+00
0.0220,0.0001320,0.0000023,0.00013400,0.00000256,-8.0808009952e-03,-9.2929322273e-04,0.9893,2.3777778149e+00
0.0230,0.0001320,0.0000023,0.00013400,0.00000256,-8.0808009952e-03,-8.8888866594e-04,0.9903,2.3777778149e+00
0.0240,0.0001320,0.0000023,0.00013400,0.00000256,-8.0808009952e-03,-9.6969684819e-04,0.9913,2.3777778149e+00
0.0250,0.0001320,0.0000023,0.00013400,0.00000256,-8.0808009952e-03,-8.8888866594e-04,0.9923,2.3777778149e+00
0.0260,0.0001330,0.0000023,0.00013400,0.00000255,-4.0404251777e-03,-8.8888959726e-04,0.9933,2.3818180561e+00
0.0270,0.0001330,0.0000023,0.00013400,0.00000255,-4.0404251777e-03,-8.8888959726e-04,0.9943,2.3818180561e+00
0.0280,0.0001330,0.0000023,0.00013400,0.00000256,-4.0404251777e-03,-9.2929322273e-04,0.9953,2.3818180561e+00
0.0290,0.0001330,0.0000023,0.00013400,0.00000255,-4.0404251777e-03,-8.8888959726e-04,0.9963,2.3818180561e+00
0.0300,0.0001340,0.0000023,0.00013500,0.00000255,-4.0403660387e-03,-8.4848504048e-04,0.9973,2.3818180561e+00
0.0310,0.0001340,0.0000023,0.00013500,0.00000255,-4.0403660387e-03,-9.2929322273e-04,0.9983,2.3818180561e+00
0.0320,0.0001340,0.0000023,0.00013500,0.00000255,-4.0403660387e-03,-8.8888959726e-04,0.9993,2.3818180561e+00
0.0330,0.0001340,0.0000023,0.00013500,0.00000255,-4.0403660387e-03,-8.4848504048e-04,1.0003,2.3818180561e+00
0.0340,0.0001350,0.0000023,0.00013500,0.00000255,9.9999999392e-09,-9.6969772130e-04,1.0013,2.3858585358e+00
0.0350,0.0001340,0.0000023,0.00013500,0.00000255,-4.0403660387e-03,-8.4848504048e-04,1.0023,2.3818180561e+00
0.0360,0.0001360,0.0000023,0.00013500,0.00000254,4.0404447354e-03,-9.2929322273e-04,1.0033,2.3898990154e+00
0.0370,0.0001360,0.0000023,0.00013500,0.00000254,4.0404447354e-03,-8.4848504048e-04,1.0043,2.3898990154e+00
0.0380,0.0001360,0.0000023,0.00013600,0.00000254,9.9999999392e-09,-8.8888866594e-04,1.0053,2.3858585358e+00
0.0390,0.0001370,0.0000023,0.00013600,0.00000254,4.0403855965e-03,-8.4848504048e-04,1.0063,2.3898990154e+00
0.0400,0.0001360,0.0000023,0.00013600,0.00000254,9.9999999392e-09,-8.4848504048e-04,1.0073,2.3858585358e+00
0.0410,0.0001370,0.0000023,0.00013600,0.00000254,4.0403855965e-03,-8.4848504048e-04,1.0083,2.3898990154e+00
0.0420,0.0001370,0.0000023,0.00013600,0.00000253,4.0403855965e-03,-8.4848504048e-04,1.0093,2.3898990154e+00
0.0430,0.0001370,0.0000023,0.00013600,0.00000254,4.0403855965e-03,-8.0808054190e-04,1.0103,2.3898990154e+00
0.0440,0.0001380,0.0000023,0.00013600,0.00000253,8.0808214843e-03,-8.4848504048e-04,1.0113,2.3939392567e+00
0.0450,0.0001380,0.0000023,0.00013600,0.00000253,8.0808214843e-03,-8.4848504048e-04,1.0123,2.3939392567e+00
0.0460,0.0001380,0.0000023,0.00013600,0.00000254,8.0808214843e-03,-8.0808054190e-04,1.0133,2.3939392567e+00
0.0470,0.0001390,0.0000023,0.00013700,0.00000253,8.0808214843e-03,-9.2929322273e-04,1.0143,2.3939392567e+00
0.0480,0.0001380,0.0000023,0.00013700,0.00000253,4.0404447354e-03,-8.0808147322e-04,1.0153,2.3898990154e+00
0.0490,0.0001390,0.0000023,0.00013700,0.00000253,8.0808214843e-03,-8.0808147322e-04,1.0163,2.3939392567e+00
0.0500,0.0001390,0.0000023,0.00013700,0.00000253,8.0808214843e-03,-9.2929322273e-04,1.0173,2.3939392567e+00
0.0510,0.0001390,0.0000023,0.00013700,0.00000253,8.0808214843e-03,-8.0808147322e-04,1.0183,2.3939392567e+00
0.0520,0.0001400,0.0000023,0.00013700,0.00000253,1.2121255510e-02,-8.4848504048e-04,1.0193,2.3979797363e+00
0.0530,0.0001390,0.0000023,0.00013700,0.00000253,8.0808214843e-03,-8.8888959726e-04,1.0203,2.3939392567e+00
0.0540,0.0001400,0.0000023,0.00013700,0.00000253,1.2121255510e-02,-8.4848504048e-04,1.0213,2.3979797363e+00
0.0550,0.0001410,0.0000023,0.00013800,0.00000252,1.2121196836e-02,-7.6767691644e-04,1.0223,2.3979797363e+00
0.0560,0.0001400,0.0000023,0.00013800,0.00000253,8.0808214843e-03,-9.2929322273e-04,1.0233,2.3939392567e+00
0.0570,0.0001410,0.0000023,0.00013800,0.00000253,1.2121196836e-02,-8.4848504048e-04,1.0243,2.3979797363e+00
0.0580,0.0001410,0.0000023,0.00013800,0.00000252,1.2121196836e-02,-7.6767691644e-04,1.0253,2.3979797363e+00
0.0590,0.0001410,0.0000023,0.00013800,0.00000253,1.2121196836e-02,-8.8888959726e-04,1.0263,2.3979797363e+00
0.0600,0.0001420,0.0000023,0.00013800,0.00000252,1.6161631793e-02,-8.0808054190e-04,1.0273,2.4020202160e+00
0.0610,0.0001410,0.0000023,0.00013800,0.00000251,1.2121196836e-02,-7.6767691644e-04,1.0283,2.3979797363e+00
0.0620,0.0001420,0.0000023,0.00013900,0.00000252,1.2121255510e-02,-8.0808054190e-04,1.0293,2.3979797363e+00
0.0630,0.0001430,0.0000023,0.00013900,0.00000252,1.6161631793e-02,-8.8888866594e-04,1.0303,2.4020202160e+00
0.0640,0.0001430,0.0000023,0.00013900,0.00000252,1.6161631793e-02,-8.4848504048e-04,1.0313,2.4020202160e+00
0.0650,0.0001430,0.0000023,0.00013900,0.00000252,1.6161631793e-02,-7.2727235965e-04,1.0323,2.4020202160e+00
0.0660,0.0001430,0.0000023,0.00013900,0.00000251,1.6161631793e-02,-8.8888866594e-04,1.0333,2.4020202160e+00
0.0670,0.0001440,0.0000023,0.00013900,0.00000252,2.0202064887e-02,-8.0808054190e-04,1.0343,2.4060606956e+00
0.0680,0.0001440,0.0000023,0.00013900,0.00000251,2.0202064887e-02,-7.6767691644e-04,1.0353,2.4060606956e+00
0.0690,0.0001440,0.0000023,0.00014000,0.00000251,1.6161631793e-02,-8.0808147322e-04,1.0363,2.4020202160e+00
0.0700,0.0001450,0.0000023,0.00014000,0.00000251,2.0202007145e-02,-8.0808147322e-04,1.0373,2.4060604572e+00
0.0710,0.0001440,0.0000023,0.00014000,0.00000251,1.6161631793e-02,-7.2727329098e-04,1.0383,2.4020202160e+00
0.0720,0.0001450,0.0000023,0.00014000,0.00000251,2.0202007145e-02,-7.6767691644e-04,1.0393,2.4060604572e+00
0.0730,0.0001460,0.0000023,0.00014000,0.00000251,2.4242442101e-02,-8.4848504048e-04,1.0403,2.4101009369e+00
0.0740,0.0001460,0.0000023,0.00014100,0.00000251,2.0202064887e-02,-8.0808147322e-04,1.0413,2.4060606956e+00
0.0750,0.0001460,0.0000023,0.00014100,0.00000251,2.0202064887e-02,-8.0808147322e-04,1.0423,2.4060606956e+00
0.0760,0.0001460,0.0000023,0.00014100,0.00000251,2.0202064887e-02,-8.4848504048e-04,1.0433,2.4060606956e+00
0.0770,0.0001470,0.0000023,0.00014100,0.00000250,2.4242442101e-02,-7.2727235965e-04,1.0443,2.4101009369e+00
0.0780,0.0001470,0.0000023,0.00014100,0.00000250,2.4242442101e-02,-8.0808054190e-04,1.0453,2.4101009369e+00
0.0790,0.0001470,0.0000023,0.00014200,0.00000251,2.0202007145e-02,-8.4848504048e-04,1.0463,2.4060604572e+00
0.0800,0.0001480,0.0000023,0.00014200,0.00000250,2.4242442101e-02,-7.6767691644e-04,1.0473,2.4101009369e+00
0.0810,0.0001480,0.0000023,0.00014200,0.00000250,2.4242442101e-02,-7.6767691644e-04,1.0483,2.4101009369e+00
0.0820,0.0001490,0.0000023,0.00014200,0.00000250,2.8282817453e-02,-8.0808054190e-04,1.0493,2.4141414165e+00
0.0830,0.0001490,0.0000023,0.00014200,0.00000250,2.8282817453e-02,-8.4848416736e-04,1.0503,2.4141414165e+00
0.0840,0.0001490,0.0000023,0.00014200,0.00000250,2.8282817453e-02,-8.0808054190e-04,1.0513,2.4141414165e+00
0.0850,0.0001500,0.0000023,0.00014200,0.00000250,3.2323256135e-02,-7.6767691644e-04,1.0523,2.4181818962e+00
0.0860,0.0001500,0.0000023,0.00014300,0.00000250,2.8282877058e-02,-8.4848416736e-04,1.0533,2.4141414165e+00
0.0870,0.0001500,0.0000023,0.00014300,0.00000250,2.8282877058e-02,-8.0808054190e-04,1.0543,2.4141414165e+00
0.0880,0.0001500,0.0000023,0.00014300,0.00000250,2.8282877058e-02,-7.6767691644e-04,1.0553,2.4141414165e+00
0.0890,0.0001510,0.0000023,0.00014300,0.00000250,3.2323256135e-02,-8.8888866594e-04,1.0563,2.4181818962e+00
0.0900,0.0001510,0.0000023,0.00014400,0.00000249,2.8282817453e-02,-7.6767691644e-04,1.0573,2.4141414165e+00
0.0910,0.0001510,0.0000023,0.00014400,0.00000249,2.8282817453e-02,-8.4848504048e-04,1.0583,2.4141414165e+00
0.0920,0.0001520,0.0000023,0.00014400,0.00000249,3.2323196530e-02,-7.6767691644e-04,1.0593,2.4181816578e+00
0.0930,0.0001520,0.0000023,0.00014400,0.00000249,3.2323196530e-02,-8.0808054190e-04,1.0603,2.4181816578e+00
0.0940,0.0001530,0.0000023,0.00014400,0.00000249,3.6363631487e-02,-8.0808054190e-04,1.0613,2.4222221375e+00
0.0950,0.0001530,0.0000023,0.00014500,0.00000249,3.2323256135e-02,-8.0808054190e-04,1.0623,2.4181818962e+00
0.0960,0.0001540,0.0000023,0.00014500,0.00000249,3.6363631487e-02,-8.4848504048e-04,1.0633,2.4222221375e+00
0.0970,0.0001530,0.0000023,0.00014500,0.00000249,3.2323256135e-02,-7.6767691644e-04,1.0643,2.4181818962e+00
0.0980,0.0001540,0.0000023,0.00014500,0.00000249,3.6363631487e-02,-8.4848504048e-04,1.0653,2.4222221375e+00
0.0990,0.0001540,0.0000023,0.00014500,0.00000249,3.6363631487e-02,-8.4848504048e-04,1.0663,2.4222221375e+00
0.1000,0.0001560,0.0000023,0.00014600,0.00000249,4.0404006839e-02,-8.0808054190e-04,1.0673,2.4262626171e+00
0.1010,0.0001550,0.0000023,0.00014600,0.00000248,3.6363631487e-02,-7.6767598512e-04,1.0683,2.4222221375e+00
0.1020,0.0001560,0.0000023,0.00014600,0.00000248,4.0404006839e-02,-8.0808054190e-04,1.0693,2.4262626171e+00
0.1030,0.0001570,0.0000023,0.00014600,0.00000249,4.4444441795e-02,-8.4848504048e-04,1.0703,2.4303030968e+00
0.1040,0.0001560,0.0000023,0.00014700,0.00000248,3.6363631487e-02,-6.8686879240e-04,1.0713,2.4222221375e+00
0.1050,0.0001570,0.0000023,0.00014700,0.00000248,4.0404066443e-02,-7.6767598512e-04,1.0723,2.4262626171e+00
0.1060,0.0001580,0.0000023,0.00014700,0.00000248,4.4444441795e-02,-8.4848416736e-04,1.0733,2.4303030968e+00
0.1070,0.0001570,0.0000023,0.00014700,0.00000249,4.0404066443e-02,-7.6767691644e-04,1.0743,2.4262626171e+00
0.1080,0.0001590,0.0000023,0.00014700,0.00000248,4.8484876752e-02,-7.6767598512e-04,1.0753,2.4343433380e+00
0.1090,0.0001590,0.0000023,0.00014800,0.00000247,4.4444441795e-02,-7.6767691644e-04,1.0763,2.4303030968e+00
0.1100,0.0001590,0.0000023,0.00014800,0.00000248,4.4444441795e-02,-7.6767598512e-04,1.0773,2.4303030968e+00
0.1110,0.0001600,0.0000023,0.00014800,0.00000248,4.8484817147e-02,-7.2727235965e-04,1.0783,2.4343433380e+00
0.1120,0.0001600,0.0000023,0.00014900,0.00000248,4.4444441795e-02,-8.0808054190e-04,1.0793,2.4303030968e+00
0.1130,0.0001600,0.0000023,0.00014900,0.00000248,4.4444441795e-02,-8.0808054190e-04,1.0803,2.4303030968e+00
0.1140,0.0001610,0.0000023,0.00014900,0.00000247,4.8484876752e-02,-7.2727235965e-04,1.0813,2.4343433380e+00
0.1150,0.0001620,0.0000023,0.00014900,0.00000248,5.2525252104e-02,-8.4848416736e-04,1.0823,2.4383838177e+00
0.1160,0.0001620,0.0000023,0.00015000,0.00000247,4.8484817147e-02,-7.6767691644e-04,1.0833,2.4343433380e+00
0.1170,0.0001620,0.0000023,0.00015000,0.00000247,4.8484817147e-02,-7.6767691644e-04,1.0843,2.4343433380e+00
0.1180,0.0001630,0.0000023,0.00015000,0.00000247,5.2525252104e-02,-6.8686879240e-04,1.0853,2.4383838177e+00
0.1190,0.0001640,0.0000023,0.00015000,0.00000246,5.6565627456e-02,-8.0808054190e-04,1.0863,2.4424240589e+00
0.1200,0.0001630,0.0000023,0.00015100,0.00000247,4.8484876752e-02,-7.2727235965e-04,1.0873,2.4343433380e+00
0.1210,0.0001650,0.0000023,0.00015100,0.00000247,5.6565687060e-02,-7.2727235965e-04,1.0883,2.4424242973e+00
0.1220,0.0001650,0.0000023,0.00015100,0.00000247,5.6565687060e-02,-8.0808054190e-04,1.0893,2.4424242973e+00
0.1230,0.0001660,0.0000023,0.00015100,0.00000246,6.0606062412e-02,-7.6767598512e-04,1.0903,2.4464645386e+00
0.1240,0.0001660,0.0000023,0.00015200,0.00000246,5.6565687060e-02,-7.6767598512e-04,1.0913,2.4424242973e+00
0.1250,0.0001670,0.0000023,0.00015200,0.00000246,6.0606122017e-02,-7.6767598512e-04,1.0923,2.4464645386e+00
0.1260,0.0001670,0.0000023,0.00015200,0.00000246,6.0606122017e-02,-7.6767598512e-04,1.0933,2.4464645386e+00
0.1270,0.0001680,0.0000023,0.00015200,0.00000245,6.4646497369e-02,-6.8686879240e-04,1.0943,2.4505050182e+00
0.1280,0.0001680,0.0000023,0.00015300,0.00000246,6.0606062412e-02,-7.6767598512e-04,1.0953,2.4464645386e+00
0.1290,0.0001690,0.0000023,0.00015300,0.00000245,6.4646497369e-02,-7.6767691644e-04,1.0963,2.4505050182e+00
0.1300,0.0001690,0.0000023,0.00015300,0.00000245,6.4646497369e-02,-7.6767691644e-04,1.0973,2.4505050182e+00
0.1310,0.0001700,0.0000023,0.00015400,0.00000245,6.4646497369e-02,-7.2727235965e-04,1.0983,2.4505050182e+00
0.1320,0.0001710,0.0000023,0.00015400,0.00000245,6.8686932325e-02,-7.2727235965e-04,1.0993,2.4545454979e+00
0.1330,0.0001710,0.0000023,0.00015400,0.00000245,6.8686932325e-02,-8.0808054190e-04,1.1003,2.4545454979e+00
0.1340,0.0001720,0.0000023,0.00015500,0.00000245,6.8686872721e-02,-7.6767691644e-04,1.1013,2.4545454979e+00
0.1350,0.0001730,0.0000023,0.00015500,0.00000245,7.2727248073e-02,-6.8686879240e-04,1.1023,2.4585857391e+00
0.1360,0.0001730,0.0000023,0.00015600,0.00000245,6.8686872721e-02,-8.0808054190e-04,1.1033,2.4545454979e+00
0.1370,0.0001740,0.0000023,0.00015600,0.00000244,7.2727307677e-02,-7.2727235965e-04,1.1043,2.4585857391e+00
0.1380,0.0001740,0.0000023,0.00015600,0.00000245,7.2727307677e-02,-7.2727235965e-04,1.1053,2.4585857391e+00
0.1390,0.0001760,0.0000023,0.00015700,0.00000244,7.6767683029e-02,-7.6767598512e-04,1.1063,2.4626262188e+00
0.1400,0.0001760,0.0000023,0.00015700,0.00000244,7.6767683029e-02,-7.6767598512e-04,1.1073,2.4626262188e+00
0.1410,0.0001760,0.0000023,0.00015700,0.00000244,7.6767683029e-02,-7.6767598512e-04,1.1083,2.4626262188e+00
0.1420,0.0001770,0.0000023,0.00015800,0.00000244,7.6767683029e-02,-6.8686786108e-04,1.1093,2.4626262188e+00
0.1430,0.0001780,0.0000023,0.00015800,0.00000244,8.0808117986e-02,-7.6767598512e-04,1.1103,2.4666666985e+00
0.1440,0.0001790,0.0000023,0.00015800,0.00000244,8.4848493338e-02,-7.6767598512e-04,1.1113,2.4707069397e+00
0.1450,0.0001790,0.0000023,0.00015900,0.00000244,8.0808058381e-02,-7.6767598512e-04,1.1123,2.4666666985e+00
0.1460,0.0001810,0.0000022,0.00015900,0.00000244,8.8888868690e-02,-8.0808054190e-04,1.1133,2.4747474194e+00
0.1470,0.0001810,0.0000022,0.00016000,0.00000244,8.4848493338e-02,-8.0808054190e-04,1.1143,2.4707069397e+00
0.1480,0.0001830,0.0000023,0.00016000,0.00000243,9.2929303646e-02,-6.8686879240e-04,1.1153,2.4787878990e+00
0.1490,0.0001830,0.0000022,0.00016000,0.00000244,9.2929303646e-02,-8.4848416736e-04,1.1163,2.4787878990e+00
0.1500,0.0001840,0.0000022,0.00016100,0.00000244,9.2929303646e-02,-8.0808054190e-04,1.1173,2.4787878990e+00
0.1510,0.0001840,0.0000023,0.00016100,0.00000243,9.2929303646e-02,-6.8686879240e-04,1.1183,2.4787878990e+00
0.1520,0.0001850,0.0000023,0.00016200,0.00000243,9.2929303646e-02,-7.2727235965e-04,1.1193,2.4787878990e+00
0.1530,0.0001860,0.0000022,0.00016200,0.00000243,9.6969738603e-02,-7.6767691644e-04,1.1203,2.4828283787e+00
0.1540,0.0001870,0.0000023,0.00016200,0.00000243,1.0101011395e-01,-6.8686879240e-04,1.1213,2.4868686199e+00
0.1550,0.0001870,0.0000022,0.00016300,0.00000243,9.6969678998e-02,-8.4848504048e-04,1.1223,2.4828281403e+00
0.1560,0.0001890,0.0000023,0.00016300,0.00000243,1.0505048931e-01,-7.2727235965e-04,1.1233,2.4909090996e+00
0.1570,0.0001890,0.0000023,0.00016400,0.00000243,1.0101011395e-01,-7.2727235965e-04,1.1243,2.4868686199e+00
0.1580,0.0001910,0.0000022,0.00016400,0.00000243,1.0909092426e-01,-7.6767691644e-04,1.1253,2.4949493408e+00
0.1590,0.0001900,0.0000022,0.00016500,0.00000243,1.0101011395e-01,-8.0808054190e-04,1.1263,2.4868686199e+00
0.1600,0.0001930,0.0000022,0.00016500,0.00000243,1.1313129961e-01,-7.6767691644e-04,1.1273,2.4989898205e+00
0.1610,0.0001930,0.0000023,0.00016600,0.00000243,1.0909092426e-01,-7.2727235965e-04,1.1283,2.4949493408e+00
0.1620,0.0001940,0.0000022,0.00016600,0.00000243,1.1313129961e-01,-8.0808054190e-04,1.1293,2.4989898205e+00
0.1630,0.0001950,0.0000022,0.00016700,0.00000242,1.1313129961e-01,-7.6767691644e-04,1.1303,2.4989898205e+00
0.1640,0.0001960,0.0000022,0.00016700,0.00000242,1.1717167497e-01,-7.6767691644e-04,1.1313,2.5030303001e+00
0.1650,0.0001960,0.0000022,0.00016800,0.00000242,1.1313129961e-01,-7.2727329098e-04,1.1323,2.4989898205e+00
0.1660,0.0001980,0.0000022,0.00016800,0.00000242,1.2121210992e-01,-7.6767691644e-04,1.1333,2.5070705414e+00
0.1670,0.0001990,0.0000022,0.00016900,0.00000242,1.2121210992e-01,-7.6767691644e-04,1.1343,2.5070705414e+00
0.1680,0.0001990,0.0000022,0.00016900,0.00000242,1.2121210992e-01,-7.6767691644e-04,1.1353,2.5070705414e+00
0.1690,0.0002010,0.0000022,0.00017000,0.00000242,1.2525255978e-01,-8.0808147322e-04,1.1363,2.5111110210e+00
0.1700,0.0002010,0.0000022,0.00017000,0.00000241,1.2525255978e-01,-6.8686879240e-04,1.1373,2.5111110210e+00
0.1710,0.0002030,0.0000022,0.00017100,0.00000242,1.2929293513e-01,-8.4848504048e-04,1.1383,2.5151515007e+00
0.1720,0.0002040,0.0000022,0.00017100,0.00000242,1.3333331048e-01,-7.2727329098e-04,1.1393,2.5191917419e+00
0.1730,0.0002050,0.0000022,0.00017200,0.00000242,1.3333337009e-01,-8.4848504048e-04,1.1403,2.5191919804e+00
0.1740,0.0002060,0.0000022,0.00017300,0.00000241,1.3333337009e-01,-6.8686879240e-04,1.1413,2.5191919804e+00
0.1750,0.0002070,0.0000022,0.00017300,0.00000242,1.3737380505e-01,-8.8888959726e-04,1.1423,2.5232324600e+00
0.1760,0.0002090,0.0000022,0.00017400,0.00000241,1.4141418040e-01,-6.8686879240e-04,1.1433,2.5272727013e+00
0.1770,0.0002100,0.0000022,0.00017400,0.00000241,1.4545455575e-01,-8.4848504048e-04,1.1443,2.5313131809e+00
0.1780,0.0002110,0.0000022,0.00017500,0.00000241,1.4545461535e-01,-7.6767691644e-04,1.1453,2.5313131809e+00
0.1790,0.0002120,0.0000022,0.00017600,0.00000242,1.4545455575e-01,-7.6767691644e-04,1.1463,2.5313131809e+00
0.1800,0.0002140,0.0000022,0.00017600,0.00000241,1.5353536606e-01,-8.0808054190e-04,1.1473,2.5393939018e+00
0.1810,0.0002140,0.0000022,0.00017700,0.00000241,1.4949499071e-01,-7.2727235965e-04,1.1483,2.5353534222e+00
0.1820,0.0002150,0.0000022,0.00017800,0.00000241,1.4949493110e-01,-8.4848504048e-04,1.1493,2.5353534222e+00
0.1830,0.0002170,0.0000022,0.00017800,0.00000240,1.5757574141e-01,-7.2727329098e-04,1.1503,2.5434343815e+00
0.1840,0.0002180,0.0000022,0.00017900,0.00000240,1.5757580101e-01,-7.6767691644e-04,1.1513,2.5434343815e+00
0.1850,0.0002190,0.0000022,0.00017900,0.00000240,1.6161617637e-01,-8.0808147322e-04,1.1523,2.5474746227e+00
0.1860,0.0002200,0.0000022,0.00018000,0.00000240,1.6161617637e-01,-8.0808147322e-04,1.1533,2.5474746227e+00
0.1870,0.0002220,0.0000022,0.00018100,0.00000240,1.6565661132e-01,-7.2727329098e-04,1.1543,2.5515151024e+00
0.1880,0.0002240,0.0000022,0.00018200,0.00000239,1.6969698668e-01,-7.6767691644e-04,1.1553,2.5555555820e+00
0.1890,0.0002240,0.0000022,0.00018300,0.00000240,1.6565661132e-01,-7.6767691644e-04,1.1563,2.5515151024e+00
0.1900,0.0002250,0.0000022,0.00018300,0.00000239,1.6969698668e-01,-6.0606061015e-04,1.1573,2.5555555820e+00
0.1910,0.0002280,0.0000022,0.00018400,0.00000240,1.7777779698e-01,-8.0808147322e-04,1.1583,2.5636363029e+00
0.1920,0.0002290,0.0000022,0.00018500,0.00000239,1.7777779698e-01,-7.6767691644e-04,1.1593,2.5636363029e+00
0.1930,0.0002300,0.0000022,0.00018600,0.00000240,1.7777779698e-01,-6.8686879240e-04,1.1603,2.5636363029e+00
0.1940,0.0002320,0.0000022,0.00018600,0.00000239,1.8585860729e-01,-7.6767691644e-04,1.1613,2.5717172623e+00
0.1950,0.0002320,0.0000022,0.00018700,0.00000239,1.8181823194e-01,-8.0808054190e-04,1.1623,2.5676767826e+00
0.1960,0.0002350,0.0000022,0.00018800,0.00000239,1.8989898264e-01,-6.8686879240e-04,1.1633,2.5757575035e+00
0.1970,0.0002340,0.0000022,0.00018900,0.00000239,1.8181823194e-01,-8.4848504048e-04,1.1643,2.5676767826e+00
0.1980,0.0002380,0.0000022,0.00019000,0.00000239,1.9393935800e-01,-8.4848504048e-04,1.1653,2.5797979832e+00
0.1990,0.0002370,0.0000022,0.00019100,0.00000239,1.8585860729e-01,-7.6767691644e-04,1.1663,2.5717172623e+00
