Potential,Disk-O2,Ring-O2,Disk-N2,Ring-N2,Disk-Density,Ring-Density,Potential_RHE,ABS
-0.9000,-0.0012700,0.0000816,-0.00019900,0.00001360,-4.3272728920e+00,2.7474749088e-01,0.0673,2.0635757446e+00
-0.8990,-0.0012500,0.0000814,-0.00017700,0.00001340,-4.3353538513e+00,2.7474749088e-01,0.0683,2.0716567039e+00
-0.8980,-0.0012400,0.0000813,-0.00016000,0.00001330,-4.3636364937e+00,2.7474749088e-01,0.0693,2.0999393463e+00
-0.8970,-0.0012300,0.0000812,-0.00014700,0.00001320,-4.3757581711e+00,2.7474749088e-01,0.0703,2.1120610237e+00
-0.8960,-0.0012200,0.0000808,-0.00013600,0.00001310,-4.3797979355e+00,2.7353534102e-01,0.0713,2.1161007881e+00
-0.8950,-0.0012200,0.0000807,-0.00012700,0.00001290,-4.4161615372e+00,2.7393943071e-01,0.0723,2.1524643898e+00
-0.8940,-0.0012100,0.0000805,-0.00011900,0.00001280,-4.4080810547e+00,2.7353534102e-01,0.0733,2.1443839073e+00
-0.8930,-0.0012100,0.0000802,-0.00011200,0.00001270,-4.4363636971e+00,2.7272725105e-01,0.0743,2.1726665497e+00
-0.8920,-0.0012100,0.0000803,-0.00010600,0.00001260,-4.4606060982e+00,2.7353534102e-01,0.0753,2.1969089508e+00
-0.8910,-0.0012000,0.0000801,-0.00009980,0.00001250,-4.4452524185e+00,2.7313131094e-01,0.0763,2.1815552711e+00
-0.8900,-0.0012000,0.0000796,-0.00009450,0.00001240,-4.4666666985e+00,2.7151516080e-01,0.0773,2.2029695511e+00
-0.8890,-0.0012000,0.0000799,-0.00008970,0.00001230,-4.4860610962e+00,2.7313131094e-01,0.0783,2.2223639488e+00
-0.8880,-0.0011900,0.0000797,-0.00008540,0.00001220,-4.4630303383e+00,2.7272728086e-01,0.0793,2.1993331909e+00
-0.8870,-0.0011900,0.0000796,-0.00008130,0.00001220,-4.4795956612e+00,2.7232325077e-01,0.0803,2.2158985138e+00
-0.8860,-0.0011900,0.0000795,-0.00007760,0.00001210,-4.4945454597e+00,2.7232325077e-01,0.0813,2.2308483124e+00
-0.8850,-0.0011900,0.0000791,-0.00007400,0.00001200,-4.5090909004e+00,2.7111113071e-01,0.0823,2.2453937531e+00
-0.8840,-0.0011900,0.0000794,-0.00007060,0.00001190,-4.5228285789e+00,2.7272728086e-01,0.0833,2.2591314316e+00
-0.8830,-0.0011900,0.0000793,-0.00006740,0.00001180,-4.5357575417e+00,2.7272725105e-01,0.0843,2.2720603943e+00
-0.8820,-0.0011800,0.0000790,-0.00006460,0.00001170,-4.5066666603e+00,2.7191919088e-01,0.0853,2.2429695129e+00
-0.8810,-0.0011800,0.0000788,-0.00006180,0.00001170,-4.5179800987e+00,2.7111113071e-01,0.0863,2.2542829514e+00
-0.8800,-0.0011800,0.0000787,-0.00005910,0.00001160,-4.5288891792e+00,2.7111113071e-01,0.0873,2.2651920319e+00
-0.8790,-0.0011800,0.0000786,-0.00005670,0.00001150,-4.5385861397e+00,2.7111113071e-01,0.0883,2.2748889923e+00
-0.8780,-0.0011700,0.0000785,-0.00005450,0.00001150,-4.5070705414e+00,2.7070707083e-01,0.0893,2.2433733940e+00
-0.8770,-0.0011700,0.0000785,-0.00005230,0.00001140,-4.5159592628e+00,2.7111113071e-01,0.0903,2.2522621155e+00
-0.8760,-0.0011700,0.0000783,-0.00005020,0.00001130,-4.5244441032e+00,2.7070707083e-01,0.0913,2.2607469559e+00
-0.8750,-0.0011700,0.0000782,-0.00004840,0.00001130,-4.5317168236e+00,2.7030304074e-01,0.0923,2.2680196762e+00
-0.8740,-0.0011700,0.0000781,-0.00004650,0.00001120,-4.5393939018e+00,2.7030304074e-01,0.0933,2.2756967545e+00
-0.8730,-0.0011700,0.0000780,-0.00004470,0.00001120,-4.5466666222e+00,2.6989898086e-01,0.0943,2.2829694748e+00
-0.8720,-0.0011700,0.0000778,-0.00004310,0.00001110,-4.5531311035e+00,2.6949498057e-01,0.0953,2.2894339561e+00
-0.8710,-0.0011700,0.0000780,-0.00004150,0.00001110,-4.5595960617e+00,2.7030304074e-01,0.0963,2.2958989143e+00
-0.8700,-0.0011700,0.0000780,-0.00004000,0.00001100,-4.5656566620e+00,2.7070707083e-01,0.0973,2.3019595146e+00
-0.8690,-0.0011600,0.0000779,-0.00003870,0.00001100,-4.5305051804e+00,2.7030304074e-01,0.0983,2.2668080330e+00
-0.8680,-0.0011700,0.0000778,-0.00003740,0.00001090,-4.5761613846e+00,2.7030304074e-01,0.0993,2.3124642372e+00
-0.8670,-0.0011600,0.0000777,-0.00003600,0.00001090,-4.5414137840e+00,2.6989898086e-01,0.1003,2.2777166367e+00
-0.8660,-0.0011600,0.0000775,-0.00003470,0.00001080,-4.5466666222e+00,2.6949495077e-01,0.1013,2.2829694748e+00
-0.8650,-0.0011600,0.0000774,-0.00003350,0.00001080,-4.5515151024e+00,2.6909089088e-01,0.1023,2.2878179550e+00
-0.8640,-0.0011600,0.0000774,-0.00003220,0.00001070,-4.5567674637e+00,2.6949495077e-01,0.1033,2.2930703163e+00
-0.8630,-0.0011600,0.0000773,-0.00003110,0.00001070,-4.5612120628e+00,2.6909089088e-01,0.1043,2.2975149155e+00
-0.8620,-0.0011600,0.0000772,-0.00003010,0.00001060,-4.5652523041e+00,2.6909089088e-01,0.1053,2.3015551567e+00
-0.8610,-0.0011600,0.0000771,-0.00002910,0.00001060,-4.5692930222e+00,2.6868686080e-01,0.1063,2.3055958748e+00
-0.8600,-0.0011600,0.0000771,-0.00002810,0.00001050,-4.5733332634e+00,2.6909089088e-01,0.1073,2.3096361160e+00
-0.8590,-0.0011500,0.0000768,-0.00002730,0.00001050,-4.5361618996e+00,2.6787880063e-01,0.1083,2.2724647522e+00
-0.8580,-0.0011500,0.0000768,-0.00002630,0.00001050,-4.5402021408e+00,2.6787880063e-01,0.1093,2.2765049934e+00
-0.8570,-0.0011500,0.0000768,-0.00002540,0.00001040,-4.5438385010e+00,2.6828283072e-01,0.1103,2.2801413536e+00
-0.8560,-0.0011500,0.0000766,-0.00002460,0.00001040,-4.5470709801e+00,2.6747477055e-01,0.1113,2.2833738327e+00
-0.8550,-0.0011500,0.0000766,-0.00002370,0.00001030,-4.5507073402e+00,2.6787880063e-01,0.1123,2.2870101929e+00
-0.8540,-0.0011500,0.0000765,-0.00002270,0.00001030,-4.5547475815e+00,2.6747477055e-01,0.1133,2.2910504341e+00
-0.8530,-0.0011500,0.0000763,-0.00002190,0.00001020,-4.5579795837e+00,2.6707071066e-01,0.1143,2.2942824364e+00
-0.8520,-0.0011500,0.0000762,-0.00002120,0.00001020,-4.5608081818e+00,2.6666668057e-01,0.1153,2.2971110344e+00
-0.8510,-0.0011500,0.0000764,-0.00002070,0.00001020,-4.5628280640e+00,2.6747477055e-01,0.1163,2.2991309166e+00
-0.8500,-0.0011500,0.0000761,-0.00002020,0.00001020,-4.5648484230e+00,2.6626262069e-01,0.1173,2.3011512756e+00
-0.8490,-0.0011500,0.0000760,-0.00001960,0.00001020,-4.5672726631e+00,2.6585859060e-01,0.1183,2.3035755157e+00
-0.8480,-0.0011500,0.0000760,-0.00001900,0.00001010,-4.5696969032e+00,2.6626262069e-01,0.1193,2.3059997559e+00
-0.8470,-0.0011500,0.0000761,-0.00001850,0.00001010,-4.5717172623e+00,2.6666668057e-01,0.1203,2.3080201149e+00
-0.8460,-0.0011500,0.0000759,-0.00001790,0.00001010,-4.5741415024e+00,2.6585862041e-01,0.1213,2.3104443550e+00
-0.8450,-0.0011500,0.0000761,-0.00001740,0.00001000,-4.5761618614e+00,2.6707068086e-01,0.1223,2.3124647141e+00
-0.8440,-0.0011500,0.0000759,-0.00001700,0.00001000,-4.5777778625e+00,2.6626265049e-01,0.1233,2.3140807152e+00
-0.8430,-0.0011500,0.0000758,-0.00001670,0.00001000,-4.5789899826e+00,2.6585862041e-01,0.1243,2.3152928352e+00
-0.8420,-0.0011400,0.0000757,-0.00001610,0.00000999,-4.5410099030e+00,2.6549497247e-01,0.1253,2.2773127556e+00
-0.8410,-0.0011500,0.0000757,-0.00001550,0.00000994,-4.5838384628e+00,2.6569697261e-01,0.1263,2.3201413155e+00
-0.8400,-0.0011400,0.0000756,-0.00001500,0.00000991,-4.5454545021e+00,2.6541414857e-01,0.1273,2.2817573547e+00
-0.8390,-0.0011400,0.0000755,-0.00001440,0.00000987,-4.5478787422e+00,2.6517170668e-01,0.1283,2.2841815948e+00
-0.8380,-0.0011400,0.0000755,-0.00001390,0.00000984,-4.5498986244e+00,2.6529294252e-01,0.1293,2.2862014771e+00
-0.8370,-0.0011400,0.0000755,-0.00001350,0.00000981,-4.5515151024e+00,2.6541414857e-01,0.1303,2.2878179550e+00
-0.8360,-0.0011400,0.0000753,-0.00001310,0.00000978,-4.5531311035e+00,2.6472726464e-01,0.1313,2.2894339561e+00
-0.8350,-0.0011400,0.0000752,-0.00001260,0.00000976,-4.5551514626e+00,2.6440402865e-01,0.1323,2.2914543152e+00
-0.8340,-0.0011400,0.0000752,-0.00001220,0.00000973,-4.5567674637e+00,2.6452523470e-01,0.1333,2.2930703163e+00
-0.8330,-0.0011400,0.0000752,-0.00001190,0.00000971,-4.5579795837e+00,2.6460605860e-01,0.1343,2.2942824364e+00
-0.8320,-0.0011400,0.0000751,-0.00001150,0.00000970,-4.5595960617e+00,2.6424241066e-01,0.1353,2.2958989143e+00
-0.8310,-0.0011400,0.0000751,-0.00001120,0.00000966,-4.5608081818e+00,2.6440402865e-01,0.1363,2.2971110344e+00
-0.8300,-0.0011400,0.0000749,-0.00001070,0.00000964,-4.5628280640e+00,2.6367676258e-01,0.1373,2.2991309166e+00
-0.8290,-0.0011400,0.0000749,-0.00001040,0.00000961,-4.5640401840e+00,2.6379799843e-01,0.1383,2.3003430367e+00
-0.8280,-0.0011400,0.0000748,-0.00001000,0.00000959,-4.5656566620e+00,2.6347473264e-01,0.1393,2.3019595146e+00
-0.8270,-0.0011400,0.0000746,-0.00000968,0.00000956,-4.5669488907e+00,2.6278787851e-01,0.1403,2.3032517433e+00
-0.8260,-0.0011400,0.0000747,-0.00000929,0.00000953,-4.5685253143e+00,2.6331314445e-01,0.1413,2.3048281670e+00
-0.8250,-0.0011300,0.0000746,-0.00000897,0.00000952,-4.5294141769e+00,2.6294949651e-01,0.1423,2.2657170296e+00
-0.8240,-0.0011400,0.0000745,-0.00000878,0.00000951,-4.5705857277e+00,2.6258587837e-01,0.1433,2.3068885803e+00
-0.8230,-0.0011400,0.0000744,-0.00000849,0.00000949,-4.5717573166e+00,2.6226261258e-01,0.1443,2.3080601692e+00
-0.8220,-0.0011300,0.0000743,-0.00000812,0.00000947,-4.5328483582e+00,2.6193937659e-01,0.1453,2.2691512108e+00
-0.8210,-0.0011300,0.0000743,-0.00000794,0.00000944,-4.5335755348e+00,2.6206058264e-01,0.1463,2.2698783875e+00
-0.8200,-0.0011300,0.0000743,-0.00000764,0.00000943,-4.5347881317e+00,2.6210102439e-01,0.1473,2.2710909843e+00
-0.8190,-0.0011300,0.0000743,-0.00000702,0.00000942,-4.5372929573e+00,2.6214140654e-01,0.1483,2.2735958099e+00
-0.8180,-0.0011300,0.0000743,-0.00000719,0.00000941,-4.5366058350e+00,2.6218181849e-01,0.1493,2.2729086876e+00
-0.8170,-0.0011300,0.0000743,-0.00000724,0.00000942,-4.5364041328e+00,2.6214140654e-01,0.1503,2.2727069855e+00
-0.8160,-0.0011400,0.0000742,-0.00000698,0.00000940,-4.5778584480e+00,2.6181817055e-01,0.1513,2.3141613007e+00
-0.8150,-0.0011300,0.0000739,-0.00000667,0.00000937,-4.5387067795e+00,2.6072728634e-01,0.1523,2.2750096321e+00
-0.8140,-0.0011300,0.0000740,-0.00000639,0.00000934,-4.5398383141e+00,2.6125252247e-01,0.1533,2.2761411667e+00
-0.8130,-0.0011300,0.0000737,-0.00000609,0.00000932,-4.5410504341e+00,2.6012122631e-01,0.1543,2.2773532867e+00
-0.8120,-0.0011300,0.0000738,-0.00000589,0.00000930,-4.5418581963e+00,2.6060608029e-01,0.1553,2.2781610489e+00
-0.8110,-0.0011300,0.0000737,-0.00000591,0.00000931,-4.5417776108e+00,2.6016160846e-01,0.1563,2.2780804634e+00
-0.8100,-0.0011300,0.0000735,-0.00000554,0.00000929,-4.5432729721e+00,2.5943434238e-01,0.1573,2.2795758247e+00
-0.8090,-0.0011300,0.0000736,-0.00000518,0.00000925,-4.5447273254e+00,2.6000002027e-01,0.1583,2.2810301781e+00
-0.8080,-0.0011300,0.0000735,-0.00000497,0.00000923,-4.5455756187e+00,2.5967678428e-01,0.1593,2.2818784714e+00
-0.8070,-0.0011300,0.0000734,-0.00000475,0.00000922,-4.5464649200e+00,2.5931313634e-01,0.1603,2.2827677727e+00
-0.8060,-0.0011300,0.0000734,-0.00000448,0.00000921,-4.5475554466e+00,2.5935351849e-01,0.1613,2.2838582993e+00
-0.8050,-0.0011300,0.0000733,-0.00000431,0.00000919,-4.5482420921e+00,2.5903028250e-01,0.1623,2.2845449448e+00
-0.8040,-0.0011300,0.0000732,-0.00000416,0.00000917,-4.5488486290e+00,2.5870707631e-01,0.1633,2.2851514816e+00
-0.8030,-0.0011300,0.0000730,-0.00000406,0.00000916,-4.5492525101e+00,2.5793939829e-01,0.1643,2.2855553627e+00
-0.8020,-0.0011300,0.0000728,-0.00000386,0.00000916,-4.5500607491e+00,2.5713130832e-01,0.1653,2.2863636017e+00
-0.8010,-0.0011300,0.0000732,-0.00000365,0.00000913,-4.5509090424e+00,2.5886866450e-01,0.1663,2.2872118950e+00
-0.8000,-0.0011300,0.0000729,-0.00000349,0.00000912,-4.5515556335e+00,2.5769698620e-01,0.1673,2.2878584862e+00
-0.7990,-0.0011300,0.0000730,-0.00000336,0.00000911,-4.5520806313e+00,2.5814142823e-01,0.1683,2.2883834839e+00
-0.7980,-0.0011300,0.0000728,-0.00000314,0.00000909,-4.5529699326e+00,2.5741416216e-01,0.1693,2.2892727852e+00
-0.7970,-0.0011300,0.0000728,-0.00000295,0.00000907,-4.5537376404e+00,2.5749495625e-01,0.1703,2.2900404930e+00
-0.7960,-0.0011300,0.0000728,-0.00000278,0.00000906,-4.5544242859e+00,2.5753536820e-01,0.1713,2.2907271385e+00
-0.7950,-0.0011300,0.0000727,-0.00000265,0.00000905,-4.5549497604e+00,2.5717175007e-01,0.1723,2.2912526131e+00
-0.7940,-0.0011300,0.0000727,-0.00000252,0.00000904,-4.5554747581e+00,2.5721213222e-01,0.1733,2.2917776108e+00
-0.7930,-0.0011300,0.0000728,-0.00000242,0.00000904,-4.5558786392e+00,2.5761616230e-01,0.1743,2.2921814919e+00
-0.7920,-0.0011300,0.0000727,-0.00000240,0.00000903,-4.5559597015e+00,2.5725251436e-01,0.1753,2.2922625542e+00
-0.7910,-0.0011300,0.0000725,-0.00000223,0.00000901,-4.5566463470e+00,2.5652524829e-01,0.1763,2.2929491997e+00
-0.7900,-0.0011300,0.0000725,-0.00000207,0.00000899,-4.5572929382e+00,2.5660607219e-01,0.1773,2.2935957909e+00
-0.7890,-0.0011200,0.0000723,-0.00000199,0.00000898,-4.5172123909e+00,2.5583836436e-01,0.1783,2.2535152435e+00
-0.7880,-0.0011200,0.0000723,-0.00000180,0.00000897,-4.5179800987e+00,2.5587877631e-01,0.1793,2.2542829514e+00
-0.7870,-0.0011200,0.0000722,-0.00000162,0.00000895,-4.5187072754e+00,2.5555554032e-01,0.1803,2.2550101280e+00
-0.7860,-0.0011200,0.0000722,-0.00000153,0.00000894,-4.5190706253e+00,2.5559595227e-01,0.1813,2.2553734779e+00
-0.7850,-0.0011200,0.0000721,-0.00000144,0.00000893,-4.5194344521e+00,2.5523233414e-01,0.1823,2.2557373047e+00
-0.7840,-0.0011200,0.0000721,-0.00000130,0.00000892,-4.5199999809e+00,2.5527274609e-01,0.1833,2.2563028336e+00
-0.7830,-0.0011200,0.0000721,-0.00000117,0.00000890,-4.5205254555e+00,2.5535354018e-01,0.1843,2.2568283081e+00
-0.7820,-0.0011200,0.0000720,-0.00000105,0.00000889,-4.5210103989e+00,2.5498992205e-01,0.1853,2.2573132515e+00
-0.7810,-0.0011300,0.0000719,-0.00000092,0.00000888,-4.5619559288e+00,2.5462627411e-01,0.1863,2.2982587814e+00
-0.7800,-0.0011200,0.0000720,-0.00000077,0.00000887,-4.5221538544e+00,2.5507074594e-01,0.1873,2.2584567070e+00
-0.7790,-0.0011200,0.0000718,-0.00000069,0.00000885,-4.5224728584e+00,2.5434342027e-01,0.1883,2.2587757111e+00
-0.7780,-0.0011200,0.0000720,-0.00000058,0.00000884,-4.5229172707e+00,2.5519195199e-01,0.1893,2.2592201233e+00
-0.7770,-0.0011200,0.0000717,-0.00000047,0.00000884,-4.5233697891e+00,2.5397980213e-01,0.1903,2.2596726418e+00
-0.7760,-0.0011200,0.0000716,-0.00000044,0.00000883,-4.5234584808e+00,2.5361615419e-01,0.1913,2.2597613335e+00
-0.7750,-0.0011200,0.0000716,-0.00000033,0.00000883,-4.5239191055e+00,2.5361615419e-01,0.1923,2.2602219582e+00
-0.7740,-0.0011200,0.0000715,-0.00000024,0.00000882,-4.5242872238e+00,2.5325250626e-01,0.1933,2.2605900764e+00
-0.7730,-0.0011200,0.0000715,-0.00000010,0.00000880,-4.5248484612e+00,2.5333333015e-01,0.1943,2.2611513138e+00
-0.7720,-0.0011200,0.0000714,0.00000003,0.00000878,-4.5253748894e+00,2.5301009417e-01,0.1953,2.2616777420e+00
-0.7710,-0.0011200,0.0000713,0.00000013,0.00000877,-4.5257983208e+00,2.5264644623e-01,0.1963,2.2621011734e+00
-0.7700,-0.0011200,0.0000713,0.00000027,0.00000876,-4.5263352394e+00,2.5268685818e-01,0.1973,2.2626380920e+00
-0.7690,-0.0011200,0.0000712,0.00000027,0.00000876,-4.5263395309e+00,2.5228282809e-01,0.1983,2.2626423836e+00
-0.7680,-0.0011200,0.0000712,0.00000048,0.00000875,-4.5271797180e+00,2.5232321024e-01,0.1993,2.2634825706e+00
-0.7670,-0.0011200,0.0000712,0.00000053,0.00000873,-4.5273942947e+00,2.5240403414e-01,0.2003,2.2636971474e+00
-0.7660,-0.0011200,0.0000709,0.00000058,0.00000872,-4.5276126862e+00,2.5123232603e-01,0.2013,2.2639155388e+00
-0.7650,-0.0011200,0.0000709,0.00000067,0.00000871,-4.5279760361e+00,2.5127273798e-01,0.2023,2.2642788887e+00
-0.7640,-0.0011200,0.0000709,0.00000070,0.00000870,-4.5280728340e+00,2.5131312013e-01,0.2033,2.2643756866e+00
-0.7630,-0.0011200,0.0000708,0.00000069,0.00000870,-4.5280404091e+00,2.5090909004e-01,0.2043,2.2643432617e+00
-0.7620,-0.0011200,0.0000708,0.00000084,0.00000869,-4.5286345482e+00,2.5094950199e-01,0.2053,2.2649374008e+00
-0.7610,-0.0011200,0.0000707,0.00000096,0.00000868,-4.5291233063e+00,2.5058585405e-01,0.2063,2.2654261589e+00
-0.7600,-0.0011200,0.0000705,0.00000098,0.00000867,-4.5292243958e+00,2.4981816113e-01,0.2073,2.2655272484e+00
-0.7590,-0.0011200,0.0000706,0.00000108,0.00000866,-4.5296163559e+00,2.5026264787e-01,0.2083,2.2659192085e+00
-0.7580,-0.0011100,0.0000704,0.00000113,0.00000865,-4.4894142151e+00,2.4949494004e-01,0.2093,2.2257170677e+00
-0.7570,-0.0011200,0.0000705,0.00000118,0.00000865,-4.5300202370e+00,2.4989898503e-01,0.2103,2.2663230896e+00
-0.7560,-0.0011200,0.0000706,0.00000126,0.00000864,-4.5303435326e+00,2.5034344196e-01,0.2113,2.2666463852e+00
-0.7550,-0.0011200,0.0000703,0.00000132,0.00000863,-4.5305862427e+00,2.4917170405e-01,0.2123,2.2668890953e+00
-0.7540,-0.0011200,0.0000704,0.00000138,0.00000863,-4.5308284760e+00,2.4957574904e-01,0.2133,2.2671313286e+00
-0.7530,-0.0011200,0.0000702,0.00000144,0.00000861,-4.5310711861e+00,2.4884851277e-01,0.2143,2.2673740387e+00
-0.7520,-0.0011200,0.0000702,0.00000146,0.00000860,-4.5311512947e+00,2.4888890982e-01,0.2153,2.2674541473e+00
-0.7510,-0.0011200,0.0000702,0.00000150,0.00000860,-4.5313134193e+00,2.4888890982e-01,0.2163,2.2676162720e+00
-0.7500,-0.0011100,0.0000697,0.00000146,0.00000860,-4.4907469749e+00,2.4686868489e-01,0.2173,2.2270498276e+00
-0.7490,-0.0011100,0.0000699,0.00000153,0.00000860,-4.4910302162e+00,2.4767677486e-01,0.2183,2.2273330688e+00
-0.7480,-0.0011100,0.0000698,0.00000159,0.00000860,-4.4912724495e+00,2.4727272987e-01,0.2193,2.2275753021e+00
-0.7470,-0.0011100,0.0000697,0.00000166,0.00000858,-4.4915552139e+00,2.4694949389e-01,0.2203,2.2278580666e+00
-0.7460,-0.0011200,0.0000697,0.00000180,0.00000857,-4.5325255394e+00,2.4698989093e-01,0.2213,2.2688283920e+00
-0.7450,-0.0011100,0.0000696,0.00000194,0.00000855,-4.4926862717e+00,2.4666666985e-01,0.2223,2.2289891243e+00
-0.7440,-0.0011100,0.0000695,0.00000201,0.00000854,-4.4929695129e+00,2.4630302191e-01,0.2233,2.2292723656e+00
-0.7430,-0.0011100,0.0000694,0.00000209,0.00000854,-4.4932928085e+00,2.4589899182e-01,0.2243,2.2295956612e+00
-0.7420,-0.0011100,0.0000694,0.00000217,0.00000853,-4.4936161041e+00,2.4593938887e-01,0.2253,2.2299189568e+00
-0.7410,-0.0011100,0.0000693,0.00000210,0.00000853,-4.4933333397e+00,2.4553534389e-01,0.2263,2.2296361923e+00
-0.7400,-0.0011100,0.0000693,0.00000214,0.00000853,-4.4934945107e+00,2.4553534389e-01,0.2273,2.2297973633e+00
-0.7390,-0.0011100,0.0000692,0.00000216,0.00000852,-4.4935755730e+00,2.4517172575e-01,0.2283,2.2298784256e+00
-0.7380,-0.0011100,0.0000693,0.00000225,0.00000851,-4.4939389229e+00,2.4561615288e-01,0.2293,2.2302417755e+00
-0.7370,-0.0011100,0.0000693,0.00000235,0.00000849,-4.4943432808e+00,2.4569694698e-01,0.2303,2.2306461334e+00
-0.7360,-0.0011100,0.0000692,0.00000243,0.00000848,-4.4946665764e+00,2.4533334374e-01,0.2313,2.2309694290e+00
-0.7350,-0.0011100,0.0000690,0.00000244,0.00000848,-4.4947066307e+00,2.4452525377e-01,0.2323,2.2310094833e+00
-0.7340,-0.0011100,0.0000690,0.00000247,0.00000848,-4.4948282242e+00,2.4452525377e-01,0.2333,2.2311310768e+00
-0.7330,-0.0011100,0.0000689,0.00000248,0.00000847,-4.4948682785e+00,2.4416162074e-01,0.2343,2.2311711311e+00
-0.7320,-0.0011100,0.0000688,0.00000251,0.00000847,-4.4949898720e+00,2.4375757575e-01,0.2353,2.2312927246e+00
-0.7310,-0.0011100,0.0000689,0.00000251,0.00000847,-4.4949898720e+00,2.4416162074e-01,0.2363,2.2312927246e+00
-0.7300,-0.0011100,0.0000687,0.00000256,0.00000846,-4.4951915741e+00,2.4339394271e-01,0.2373,2.2314944267e+00
-0.7290,-0.0011100,0.0000686,0.00000267,0.00000845,-4.4956359863e+00,2.4303030968e-01,0.2383,2.2319388390e+00
-0.7280,-0.0011100,0.0000685,0.00000263,0.00000844,-4.4954748154e+00,2.4266664684e-01,0.2393,2.2317776680e+00
-0.7270,-0.0011100,0.0000684,0.00000271,0.00000843,-4.4957981110e+00,2.4230301380e-01,0.2403,2.2321009636e+00
-0.7260,-0.0011100,0.0000684,0.00000272,0.00000843,-4.4958381653e+00,2.4230301380e-01,0.2413,2.2321410179e+00
-0.7250,-0.0011100,0.0000683,0.00000275,0.00000842,-4.4959592819e+00,2.4193941057e-01,0.2423,2.2322621346e+00
-0.7240,-0.0011100,0.0000682,0.00000289,0.00000841,-4.4965252876e+00,2.4157577753e-01,0.2433,2.2328281403e+00
-0.7230,-0.0011100,0.0000681,0.00000301,0.00000840,-4.4970102310e+00,2.4121212959e-01,0.2443,2.2333130836e+00
-0.7220,-0.0011100,0.0000681,0.00000301,0.00000839,-4.4970102310e+00,2.4125252664e-01,0.2453,2.2333130836e+00
-0.7210,-0.0011100,0.0000681,0.00000300,0.00000839,-4.4969696999e+00,2.4125252664e-01,0.2463,2.2332725525e+00
-0.7200,-0.0011100,0.0000680,0.00000305,0.00000839,-4.4971714020e+00,2.4084848166e-01,0.2473,2.2334742546e+00
-0.7190,-0.0011100,0.0000680,0.00000306,0.00000838,-4.4972119331e+00,2.4088889360e-01,0.2483,2.2335147858e+00
-0.7180,-0.0011100,0.0000680,0.00000314,0.00000837,-4.4975352287e+00,2.4092930555e-01,0.2493,2.2338380814e+00
-0.7170,-0.0011100,0.0000679,0.00000329,0.00000836,-4.4981412888e+00,2.4056565762e-01,0.2503,2.2344441414e+00
-0.7160,-0.0011100,0.0000677,0.00000333,0.00000835,-4.4983024597e+00,2.3979797959e-01,0.2513,2.2346053123e+00
-0.7150,-0.0011000,0.0000675,0.00000308,0.00000835,-4.4568886757e+00,2.3898988962e-01,0.2523,2.1931915283e+00
-0.7140,-0.0011000,0.0000675,0.00000301,0.00000836,-4.4566063881e+00,2.3894949257e-01,0.2533,2.1929092407e+00
-0.7130,-0.0011000,0.0000678,0.00000294,0.00000837,-4.4563231468e+00,2.4012121558e-01,0.2543,2.1926259995e+00
-0.7120,-0.0011100,0.0000677,0.00000285,0.00000837,-4.4963631630e+00,2.3971717060e-01,0.2553,2.2326660156e+00
-0.7110,-0.0011100,0.0000677,0.00000302,0.00000837,-4.4970502853e+00,2.3971717060e-01,0.2563,2.2333531380e+00
-0.7100,-0.0011100,0.0000674,0.00000328,0.00000834,-4.4981007576e+00,2.3862624168e-01,0.2573,2.2344036102e+00
-0.7090,-0.0011000,0.0000674,0.00000337,0.00000832,-4.4580607414e+00,2.3870706558e-01,0.2583,2.1943635941e+00
-0.7080,-0.0011100,0.0000673,0.00000348,0.00000831,-4.4989089966e+00,2.3834343255e-01,0.2593,2.2352118492e+00
-0.7070,-0.0011000,0.0000672,0.00000358,0.00000829,-4.4589090347e+00,2.3802021146e-01,0.2603,2.1952118874e+00
-0.7060,-0.0011100,0.0000672,0.00000359,0.00000829,-4.4993534088e+00,2.3802021146e-01,0.2613,2.2356562614e+00
-0.7050,-0.0011000,0.0000671,0.00000363,0.00000829,-4.4591107368e+00,2.3761616647e-01,0.2623,2.1954135895e+00
-0.7040,-0.0011000,0.0000671,0.00000369,0.00000829,-4.4593534470e+00,2.3761616647e-01,0.2633,2.1956562996e+00
-0.7030,-0.0011100,0.0000670,0.00000370,0.00000829,-4.4997978210e+00,2.3721212149e-01,0.2643,2.2361006737e+00
-0.7020,-0.0011100,0.0000670,0.00000367,0.00000828,-4.4996767044e+00,2.3725253344e-01,0.2653,2.2359795570e+00
-0.7010,-0.0011000,0.0000669,0.00000370,0.00000827,-4.4593939781e+00,2.3688890040e-01,0.2663,2.1956968307e+00
-0.7000,-0.0011000,0.0000669,0.00000370,0.00000827,-4.4593939781e+00,2.3688890040e-01,0.2673,2.1956968307e+00
-0.6990,-0.0011100,0.0000668,0.00000365,0.00000827,-4.4995956421e+00,2.3648485541e-01,0.2683,2.2358984947e+00
-0.6980,-0.0011100,0.0000668,0.00000377,0.00000826,-4.5000805855e+00,2.3652523756e-01,0.2693,2.2363834381e+00
-0.6970,-0.0011100,0.0000667,0.00000388,0.00000825,-4.5005249977e+00,2.3616160452e-01,0.2703,2.2368278503e+00
-0.6960,-0.0011000,0.0000666,0.00000381,0.00000823,-4.4598383904e+00,2.3583838344e-01,0.2713,2.1961412430e+00
-0.6950,-0.0011000,0.0000663,0.00000383,0.00000823,-4.4599189758e+00,2.3462627828e-01,0.2723,2.1962218285e+00
-0.6940,-0.0011000,0.0000666,0.00000390,0.00000823,-4.4602022171e+00,2.3583838344e-01,0.2733,2.1965050697e+00
-0.6930,-0.0011000,0.0000664,0.00000383,0.00000823,-4.4599189758e+00,2.3503032327e-01,0.2743,2.1962218285e+00
-0.6920,-0.0011000,0.0000664,0.00000383,0.00000823,-4.4599189758e+00,2.3503032327e-01,0.2753,2.1962218285e+00
-0.6910,-0.0011000,0.0000664,0.00000386,0.00000823,-4.4600400925e+00,2.3503032327e-01,0.2763,2.1963429451e+00
-0.6900,-0.0011100,0.0000663,0.00000373,0.00000823,-4.4999189377e+00,2.3462627828e-01,0.2773,2.2362217903e+00
-0.6890,-0.0011000,0.0000661,0.00000369,0.00000823,-4.4593534470e+00,2.3381818831e-01,0.2783,2.1956562996e+00
-0.6880,-0.0011000,0.0000662,0.00000377,0.00000823,-4.4596767426e+00,2.3422223330e-01,0.2793,2.1959795952e+00
-0.6870,-0.0011000,0.0000660,0.00000385,0.00000821,-4.4600000381e+00,2.3349495232e-01,0.2803,2.1963028908e+00
-0.6860,-0.0011000,0.0000660,0.00000387,0.00000820,-4.4600806236e+00,2.3353534937e-01,0.2813,2.1963834763e+00
-0.6850,-0.0011000,0.0000659,0.00000396,0.00000819,-4.4604444504e+00,2.3317171633e-01,0.2823,2.1967473030e+00
-0.6840,-0.0011000,0.0000660,0.00000401,0.00000819,-4.4606466293e+00,2.3357576132e-01,0.2833,2.1969494820e+00
-0.6830,-0.0011000,0.0000660,0.00000395,0.00000819,-4.4604039192e+00,2.3357576132e-01,0.2843,2.1967067719e+00
-0.6820,-0.0011000,0.0000658,0.00000399,0.00000818,-4.4605655670e+00,2.3280808330e-01,0.2853,2.1968684196e+00
-0.6810,-0.0011000,0.0000658,0.00000403,0.00000818,-4.4607272148e+00,2.3280808330e-01,0.2863,2.1970300674e+00
-0.6800,-0.0011000,0.0000656,0.00000404,0.00000818,-4.4607677460e+00,2.3199999332e-01,0.2873,2.1970705986e+00
-0.6790,-0.0011000,0.0000656,0.00000408,0.00000818,-4.4609293938e+00,2.3199999332e-01,0.2883,2.1972322464e+00
-0.6780,-0.0011000,0.0000656,0.00000419,0.00000817,-4.4613738060e+00,2.3204040527e-01,0.2893,2.1976766586e+00
-0.6770,-0.0011000,0.0000654,0.00000414,0.00000816,-4.4611716270e+00,2.3127274215e-01,0.2903,2.1974744797e+00
-0.6760,-0.0011000,0.0000653,0.00000414,0.00000815,-4.4611716270e+00,2.3090909421e-01,0.2913,2.1974744797e+00
-0.6750,-0.0011000,0.0000653,0.00000407,0.00000816,-4.4608888626e+00,2.3086869717e-01,0.2923,2.1971917152e+00
-0.6740,-0.0011000,0.0000652,0.00000410,0.00000816,-4.4610099792e+00,2.3046465218e-01,0.2933,2.1973128319e+00
-0.6730,-0.0011000,0.0000653,0.00000417,0.00000815,-4.4612927437e+00,2.3090909421e-01,0.2943,2.1975955963e+00
-0.6720,-0.0011000,0.0000652,0.00000424,0.00000815,-4.4615755081e+00,2.3050506413e-01,0.2953,2.1978783607e+00
-0.6710,-0.0011000,0.0000652,0.00000415,0.00000815,-4.4612121582e+00,2.3050506413e-01,0.2963,2.1975150108e+00
-0.6700,-0.0011000,0.0000651,0.00000408,0.00000815,-4.4609293938e+00,2.3010101914e-01,0.2973,2.1972322464e+00
-0.6690,-0.0011000,0.0000651,0.00000414,0.00000814,-4.4611716270e+00,2.3014141619e-01,0.2983,2.1974744797e+00
-0.6680,-0.0011000,0.0000651,0.00000417,0.00000814,-4.4612927437e+00,2.3014141619e-01,0.2993,2.1975955963e+00
-0.6670,-0.0011000,0.0000648,0.00000415,0.00000813,-4.4612121582e+00,2.2896967828e-01,0.3003,2.1975150108e+00
-0.6660,-0.0011000,0.0000650,0.00000423,0.00000814,-4.4615349770e+00,2.2973737121e-01,0.3013,2.1978378296e+00
-0.6650,-0.0011000,0.0000650,0.00000429,0.00000812,-4.4617776871e+00,2.2981819510e-01,0.3023,2.1980805397e+00
-0.6640,-0.0011000,0.0000650,0.00000416,0.00000812,-4.4612526894e+00,2.2981819510e-01,0.3033,2.1975555420e+00
-0.6630,-0.0011000,0.0000649,0.00000417,0.00000812,-4.4612927437e+00,2.2941415012e-01,0.3043,2.1975955963e+00
-0.6620,-0.0011000,0.0000648,0.00000418,0.00000812,-4.4613332748e+00,2.2901010513e-01,0.3053,2.1976361275e+00
-0.6610,-0.0011000,0.0000647,0.00000420,0.00000811,-4.4614143372e+00,2.2864645720e-01,0.3063,2.1977171898e+00
-0.6600,-0.0011000,0.0000646,0.00000429,0.00000810,-4.4617776871e+00,2.2828282416e-01,0.3073,2.1980805397e+00
-0.6590,-0.0011000,0.0000646,0.00000442,0.00000809,-4.4623031616e+00,2.2832322121e-01,0.3083,2.1986060143e+00
-0.6580,-0.0011000,0.0000646,0.00000437,0.00000809,-4.4621009827e+00,2.2832322121e-01,0.3093,2.1984038353e+00
-0.6570,-0.0011000,0.0000644,0.00000432,0.00000809,-4.4618992805e+00,2.2751516104e-01,0.3103,2.1982021332e+00
-0.6560,-0.0011000,0.0000645,0.00000432,0.00000810,-4.4618992805e+00,2.2787877917e-01,0.3113,2.1982021332e+00
-0.6550,-0.0011000,0.0000645,0.00000426,0.00000810,-4.4616565704e+00,2.2787877917e-01,0.3123,2.1979594231e+00
-0.6540,-0.0011000,0.0000644,0.00000424,0.00000810,-4.4615755081e+00,2.2747476399e-01,0.3133,2.1978783607e+00
-0.6530,-0.0011000,0.0000645,0.00000435,0.00000809,-4.4620199203e+00,2.2791917622e-01,0.3143,2.1983227730e+00
-0.6520,-0.0011000,0.0000644,0.00000444,0.00000808,-4.4623837471e+00,2.2755555809e-01,0.3153,2.1986865997e+00
-0.6510,-0.0011000,0.0000644,0.00000445,0.00000808,-4.4624242783e+00,2.2755555809e-01,0.3163,2.1987271309e+00
-0.6500,-0.0011000,0.0000643,0.00000453,0.00000807,-4.4627470970e+00,2.2719192505e-01,0.3173,2.1990499496e+00
-0.6490,-0.0011000,0.0000641,0.00000463,0.00000806,-4.4631514549e+00,2.2642424703e-01,0.3183,2.1994543076e+00
-0.6480,-0.0011000,0.0000641,0.00000469,0.00000806,-4.4633941650e+00,2.2642424703e-01,0.3193,2.1996970177e+00
-0.6470,-0.0011000,0.0000640,0.00000473,0.00000805,-4.4635553360e+00,2.2606061399e-01,0.3203,2.1998581886e+00
-0.6460,-0.0010900,0.0000640,0.00000474,0.00000805,-4.4231920242e+00,2.2606061399e-01,0.3213,2.1594948769e+00
-0.6450,-0.0011000,0.0000641,0.00000466,0.00000805,-4.4632725716e+00,2.2646465898e-01,0.3223,2.1995754242e+00
-0.6440,-0.0011000,0.0000640,0.00000467,0.00000805,-4.4633131027e+00,2.2606061399e-01,0.3233,2.1996159554e+00
-0.6430,-0.0011000,0.0000641,0.00000469,0.00000804,-4.4633941650e+00,2.2650505602e-01,0.3243,2.1996970177e+00
-0.6420,-0.0011000,0.0000642,0.00000465,0.00000804,-4.4632320404e+00,2.2690910101e-01,0.3253,2.1995348930e+00
-0.6410,-0.0011000,0.0000640,0.00000465,0.00000804,-4.4632320404e+00,2.2610101104e-01,0.3263,2.1995348930e+00
-0.6400,-0.0011000,0.0000640,0.00000467,0.00000804,-4.4633131027e+00,2.2610101104e-01,0.3273,2.1996159554e+00
-0.6390,-0.0011000,0.0000639,0.00000468,0.00000803,-4.4633536339e+00,2.2573736310e-01,0.3283,2.1996564865e+00
-0.6380,-0.0011000,0.0000639,0.00000463,0.00000802,-4.4631514549e+00,2.2577777505e-01,0.3293,2.1994543076e+00
-0.6370,-0.0011000,0.0000639,0.00000470,0.00000802,-4.4634346962e+00,2.2577777505e-01,0.3303,2.1997375488e+00
-0.6360,-0.0011000,0.0000637,0.00000472,0.00000802,-4.4635148048e+00,2.2496968508e-01,0.3313,2.1998176575e+00
-0.6350,-0.0011000,0.0000638,0.00000467,0.00000802,-4.4633131027e+00,2.2537373006e-01,0.3323,2.1996159554e+00
-0.6340,-0.0011000,0.0000638,0.00000474,0.00000801,-4.4635958672e+00,2.2541414201e-01,0.3333,2.1998987198e+00
-0.6330,-0.0011000,0.0000638,0.00000478,0.00000801,-4.4637575150e+00,2.2541414201e-01,0.3343,2.2000603676e+00
-0.6320,-0.0010900,0.0000638,0.00000468,0.00000801,-4.4229497910e+00,2.2541414201e-01,0.3353,2.1592526436e+00
-0.6310,-0.0011000,0.0000638,0.00000468,0.00000801,-4.4633536339e+00,2.2541414201e-01,0.3363,2.1996564865e+00
-0.6300,-0.0011000,0.0000638,0.00000460,0.00000802,-4.4630303383e+00,2.2537373006e-01,0.3373,2.1993331909e+00
-0.6290,-0.0011000,0.0000638,0.00000447,0.00000803,-4.4625048637e+00,2.2533331811e-01,0.3383,2.1988077164e+00
-0.6280,-0.0011000,0.0000637,0.00000452,0.00000802,-4.4627075195e+00,2.2496968508e-01,0.3393,2.1990103722e+00
-0.6270,-0.0011000,0.0000637,0.00000461,0.00000801,-4.4630708694e+00,2.2501009703e-01,0.3403,2.1993737221e+00
-0.6260,-0.0011000,0.0000638,0.00000476,0.00000799,-4.4636769295e+00,2.2549495101e-01,0.3413,2.1999797821e+00
-0.6250,-0.0011000,0.0000637,0.00000474,0.00000797,-4.4635958672e+00,2.2517170012e-01,0.3423,2.1998987198e+00
-0.6240,-0.0011000,0.0000637,0.00000462,0.00000799,-4.4631109238e+00,2.2509090602e-01,0.3433,2.1994137764e+00
-0.6230,-0.0011000,0.0000637,0.00000450,0.00000799,-4.4626264572e+00,2.2509090602e-01,0.3443,2.1989293098e+00
-0.6220,-0.0011000,0.0000636,0.00000448,0.00000800,-4.4625453949e+00,2.2464644909e-01,0.3453,2.1988482475e+00
-0.6210,-0.0010900,0.0000637,0.00000456,0.00000800,-4.4224648476e+00,2.2505049407e-01,0.3463,2.1587677002e+00
-0.6200,-0.0011000,0.0000637,0.00000476,0.00000799,-4.4636769295e+00,2.2509090602e-01,0.3473,2.1999797821e+00
-0.6190,-0.0010900,0.0000637,0.00000471,0.00000797,-4.4230709076e+00,2.2517170012e-01,0.3483,2.1593737602e+00
-0.6180,-0.0011000,0.0000638,0.00000471,0.00000798,-4.4634747505e+00,2.2553534806e-01,0.3493,2.1997776031e+00
-0.6170,-0.0011000,0.0000637,0.00000469,0.00000799,-4.4633941650e+00,2.2509090602e-01,0.3503,2.1996970177e+00
-0.6160,-0.0010900,0.0000636,0.00000473,0.00000798,-4.4231514931e+00,2.2472725809e-01,0.3513,2.1594543457e+00
-0.6150,-0.0010900,0.0000635,0.00000482,0.00000797,-4.4235148430e+00,2.2436365485e-01,0.3523,2.1598176956e+00
-0.6140,-0.0010900,0.0000636,0.00000498,0.00000797,-4.4241619110e+00,2.2476767004e-01,0.3533,2.1604647636e+00
-0.6130,-0.0010900,0.0000635,0.00000487,0.00000797,-4.4237174988e+00,2.2436365485e-01,0.3543,2.1600203514e+00
-0.6120,-0.0010900,0.0000637,0.00000485,0.00000797,-4.4236364365e+00,2.2517170012e-01,0.3553,2.1599392891e+00
-0.6110,-0.0010900,0.0000637,0.00000487,0.00000797,-4.4237174988e+00,2.2517170012e-01,0.3563,2.1600203514e+00
-0.6100,-0.0010900,0.0000637,0.00000488,0.00000797,-4.4237575531e+00,2.2517170012e-01,0.3573,2.1600604057e+00
-0.6090,-0.0010900,0.0000637,0.00000485,0.00000797,-4.4236364365e+00,2.2517170012e-01,0.3583,2.1599392891e+00
-0.6080,-0.0010900,0.0000638,0.00000491,0.00000797,-4.4238791466e+00,2.2557574511e-01,0.3593,2.1601819992e+00
-0.6070,-0.0011000,0.0000638,0.00000487,0.00000797,-4.4641213417e+00,2.2557574511e-01,0.3603,2.2004241943e+00
-0.6060,-0.0010900,0.0000638,0.00000486,0.00000797,-4.4236769676e+00,2.2557574511e-01,0.3613,2.1599798203e+00
-0.6050,-0.0010900,0.0000638,0.00000484,0.00000797,-4.4235959053e+00,2.2557574511e-01,0.3623,2.1598987579e+00
-0.6040,-0.0010900,0.0000637,0.00000486,0.00000797,-4.4236769676e+00,2.2517170012e-01,0.3633,2.1599798203e+00
-0.6030,-0.0010900,0.0000637,0.00000484,0.00000797,-4.4235959053e+00,2.2517170012e-01,0.3643,2.1598987579e+00
-0.6020,-0.0010900,0.0000637,0.00000489,0.00000797,-4.4237980843e+00,2.2517170012e-01,0.3653,2.1601009369e+00
-0.6010,-0.0010900,0.0000636,0.00000487,0.00000797,-4.4237174988e+00,2.2476767004e-01,0.3663,2.1600203514e+00
-0.6000,-0.0010900,0.0000637,0.00000474,0.00000798,-4.4231920242e+00,2.2513130307e-01,0.3673,2.1594948769e+00
-0.5990,-0.0010900,0.0000638,0.00000483,0.00000798,-4.4235553741e+00,2.2553534806e-01,0.3683,2.1598582268e+00
-0.5980,-0.0010900,0.0000639,0.00000485,0.00000797,-4.4236364365e+00,2.2597979009e-01,0.3693,2.1599392891e+00
-0.5970,-0.0010900,0.0000639,0.00000477,0.00000797,-4.4233131409e+00,2.2597979009e-01,0.3703,2.1596159935e+00
-0.5960,-0.0010900,0.0000639,0.00000482,0.00000797,-4.4235148430e+00,2.2597979009e-01,0.3713,2.1598176956e+00
-0.5950,-0.0010900,0.0000639,0.00000489,0.00000797,-4.4237980843e+00,2.2597979009e-01,0.3723,2.1601009369e+00
-0.5940,-0.0010900,0.0000639,0.00000485,0.00000797,-4.4236364365e+00,2.2597979009e-01,0.3733,2.1599392891e+00
-0.5930,-0.0010900,0.0000640,0.00000481,0.00000797,-4.4234752655e+00,2.2638383508e-01,0.3743,2.1597781181e+00
-0.5920,-0.0010900,0.0000639,0.00000482,0.00000797,-4.4235148430e+00,2.2597979009e-01,0.3753,2.1598176956e+00
-0.5910,-0.0010900,0.0000640,0.00000482,0.00000797,-4.4235148430e+00,2.2638383508e-01,0.3763,2.1598176956e+00
-0.5900,-0.0010900,0.0000640,0.00000482,0.00000796,-4.4235148430e+00,2.2642424703e-01,0.3773,2.1598176956e+00
-0.5890,-0.0010900,0.0000640,0.00000485,0.00000796,-4.4236364365e+00,2.2642424703e-01,0.3783,2.1599392891e+00
-0.5880,-0.0010900,0.0000640,0.00000484,0.00000797,-4.4235959053e+00,2.2638383508e-01,0.3793,2.1598987579e+00
-0.5870,-0.0010900,0.0000641,0.00000478,0.00000796,-4.4233536720e+00,2.2682829201e-01,0.3803,2.1596565247e+00
-0.5860,-0.0010900,0.0000641,0.00000492,0.00000796,-4.4239192009e+00,2.2682829201e-01,0.3813,2.1602220535e+00
-0.5850,-0.0010900,0.0000642,0.00000493,0.00000796,-4.4239597321e+00,2.2723233700e-01,0.3823,2.1602625847e+00
-0.5840,-0.0010900,0.0000642,0.00000481,0.00000796,-4.4234752655e+00,2.2723233700e-01,0.3833,2.1597781181e+00
-0.5830,-0.0010900,0.0000641,0.00000473,0.00000797,-4.4231514931e+00,2.2678788006e-01,0.3843,2.1594543457e+00
-0.5820,-0.0010900,0.0000642,0.00000471,0.00000799,-4.4230709076e+00,2.2711113095e-01,0.3853,2.1593737602e+00
-0.5810,-0.0010900,0.0000642,0.00000470,0.00000798,-4.4230303764e+00,2.2715151310e-01,0.3863,2.1593332291e+00
-0.5800,-0.0010900,0.0000643,0.00000473,0.00000798,-4.4231514931e+00,2.2755555809e-01,0.3873,2.1594543457e+00
-0.5790,-0.0010900,0.0000642,0.00000478,0.00000798,-4.4233536720e+00,2.2715151310e-01,0.3883,2.1596565247e+00
-0.5780,-0.0010900,0.0000642,0.00000486,0.00000798,-4.4236769676e+00,2.2715151310e-01,0.3893,2.1599798203e+00
-0.5770,-0.0010900,0.0000644,0.00000487,0.00000797,-4.4237174988e+00,2.2800001502e-01,0.3903,2.1600203514e+00
-0.5760,-0.0010900,0.0000645,0.00000498,0.00000797,-4.4241619110e+00,2.2840403020e-01,0.3913,2.1604647636e+00
-0.5750,-0.0010900,0.0000646,0.00000496,0.00000797,-4.4240808487e+00,2.2880807519e-01,0.3923,2.1603837013e+00
-0.5740,-0.0010900,0.0000645,0.00000490,0.00000797,-4.4238386154e+00,2.2840403020e-01,0.3933,2.1601414680e+00
-0.5730,-0.0010900,0.0000645,0.00000491,0.00000798,-4.4238791466e+00,2.2836361825e-01,0.3943,2.1601819992e+00
-0.5720,-0.0010900,0.0000645,0.00000487,0.00000798,-4.4237174988e+00,2.2836361825e-01,0.3953,2.1600203514e+00
-0.5710,-0.0010900,0.0000645,0.00000484,0.00000798,-4.4235959053e+00,2.2836361825e-01,0.3963,2.1598987579e+00
-0.5700,-0.0010900,0.0000645,0.00000497,0.00000798,-4.4241213799e+00,2.2836361825e-01,0.3973,2.1604242325e+00
-0.5690,-0.0010800,0.0000646,0.00000499,0.00000798,-4.3837981224e+00,2.2876766324e-01,0.3983,2.1201009750e+00
-0.5680,-0.0010900,0.0000647,0.00000495,0.00000798,-4.4240403175e+00,2.2917170823e-01,0.3993,2.1603431702e+00
-0.5670,-0.0010800,0.0000648,0.00000501,0.00000797,-4.3838787079e+00,2.2961615026e-01,0.4003,2.1201815605e+00
-0.5660,-0.0010800,0.0000648,0.00000499,0.00000797,-4.3837981224e+00,2.2961615026e-01,0.4013,2.1201009750e+00
-0.5650,-0.0010900,0.0000647,0.00000495,0.00000798,-4.4240403175e+00,2.2917170823e-01,0.4023,2.1603431702e+00
-0.5640,-0.0010800,0.0000648,0.00000500,0.00000798,-4.3838381767e+00,2.2957575321e-01,0.4033,2.1201410294e+00
-0.5630,-0.0010800,0.0000647,0.00000502,0.00000798,-4.3839187622e+00,2.2917170823e-01,0.4043,2.1202216148e+00
-0.5620,-0.0010800,0.0000648,0.00000493,0.00000799,-4.3835554123e+00,2.2953535616e-01,0.4053,2.1198582649e+00
-0.5610,-0.0010800,0.0000649,0.00000482,0.00000799,-4.3831105232e+00,2.2993940115e-01,0.4063,2.1194133759e+00
-0.5600,-0.0010800,0.0000648,0.00000483,0.00000799,-4.3831510544e+00,2.2953535616e-01,0.4073,2.1194539070e+00
-0.5590,-0.0010800,0.0000649,0.00000483,0.00000799,-4.3831510544e+00,2.2993940115e-01,0.4083,2.1194539070e+00
-0.5580,-0.0010800,0.0000648,0.00000482,0.00000800,-4.3831105232e+00,2.2949494421e-01,0.4093,2.1194133759e+00
-0.5570,-0.0010800,0.0000649,0.00000486,0.00000800,-4.3832726479e+00,2.2989898920e-01,0.4103,2.1195755005e+00
-0.5560,-0.0010800,0.0000649,0.00000484,0.00000800,-4.3831915855e+00,2.2989898920e-01,0.4113,2.1194944382e+00
-0.5550,-0.0010800,0.0000651,0.00000475,0.00000800,-4.3828282356e+00,2.3070707917e-01,0.4123,2.1191310883e+00
-0.5540,-0.0010800,0.0000652,0.00000483,0.00000800,-4.3831510544e+00,2.3111112416e-01,0.4133,2.1194539070e+00
-0.5530,-0.0010800,0.0000651,0.00000490,0.00000799,-4.3834342957e+00,2.3074749112e-01,0.4143,2.1197371483e+00
-0.5520,-0.0010800,0.0000651,0.00000493,0.00000800,-4.3835554123e+00,2.3070707917e-01,0.4153,2.1198582649e+00
-0.5510,-0.0010800,0.0000652,0.00000496,0.00000800,-4.3836765289e+00,2.3111112416e-01,0.4163,2.1199793816e+00
-0.5500,-0.0010800,0.0000652,0.00000502,0.00000800,-4.3839187622e+00,2.3111112416e-01,0.4173,2.1202216148e+00
-0.5490,-0.0010800,0.0000652,0.00000499,0.00000799,-4.3837981224e+00,2.3115153611e-01,0.4183,2.1201009750e+00
-0.5480,-0.0010800,0.0000652,0.00000503,0.00000799,-4.3839592934e+00,2.3115153611e-01,0.4193,2.1202621460e+00
-0.5470,-0.0010800,0.0000653,0.00000498,0.00000800,-4.3837575912e+00,2.3151516914e-01,0.4203,2.1200604439e+00
-0.5460,-0.0010800,0.0000653,0.00000499,0.00000801,-4.3837981224e+00,2.3147475719e-01,0.4213,2.1201009750e+00
-0.5450,-0.0010800,0.0000653,0.00000497,0.00000801,-4.3837170601e+00,2.3147475719e-01,0.4223,2.1200199127e+00
-0.5440,-0.0010800,0.0000654,0.00000505,0.00000801,-4.3840403557e+00,2.3187880218e-01,0.4233,2.1203432083e+00
-0.5430,-0.0010800,0.0000653,0.00000496,0.00000801,-4.3836765289e+00,2.3147475719e-01,0.4243,2.1199793816e+00
-0.5420,-0.0010800,0.0000653,0.00000492,0.00000801,-4.3835148811e+00,2.3147475719e-01,0.4253,2.1198177338e+00
-0.5410,-0.0010800,0.0000656,0.00000496,0.00000801,-4.3836765289e+00,2.3268686235e-01,0.4263,2.1199793816e+00
-0.5400,-0.0010800,0.0000657,0.00000501,0.00000801,-4.3838787079e+00,2.3309090734e-01,0.4273,2.1201815605e+00
-0.5390,-0.0010800,0.0000657,0.00000497,0.00000801,-4.3837170601e+00,2.3309090734e-01,0.4283,2.1200199127e+00
-0.5380,-0.0010800,0.0000656,0.00000496,0.00000801,-4.3836765289e+00,2.3268686235e-01,0.4293,2.1199793816e+00
-0.5370,-0.0010800,0.0000656,0.00000492,0.00000802,-4.3835148811e+00,2.3264645040e-01,0.4303,2.1198177338e+00
-0.5360,-0.0010800,0.0000658,0.00000487,0.00000803,-4.3833131790e+00,2.3341412842e-01,0.4313,2.1196160316e+00
-0.5350,-0.0010800,0.0000656,0.00000490,0.00000802,-4.3834342957e+00,2.3264645040e-01,0.4323,2.1197371483e+00
-0.5340,-0.0010800,0.0000658,0.00000490,0.00000802,-4.3834342957e+00,2.3345454037e-01,0.4333,2.1197371483e+00
-0.5330,-0.0010800,0.0000659,0.00000481,0.00000802,-4.3830709457e+00,2.3385858536e-01,0.4343,2.1193737984e+00
-0.5320,-0.0010800,0.0000658,0.00000471,0.00000803,-4.3826665878e+00,2.3341412842e-01,0.4353,2.1189694405e+00
-0.5310,-0.0010800,0.0000659,0.00000469,0.00000804,-4.3825860023e+00,2.3377777636e-01,0.4363,2.1188888550e+00
-0.5300,-0.0010800,0.0000658,0.00000439,0.00000806,-4.3813738823e+00,2.3329292238e-01,0.4373,2.1176767349e+00
-0.5290,-0.0010800,0.0000658,0.00000438,0.00000808,-4.3813333511e+00,2.3321211338e-01,0.4383,2.1176362038e+00
-0.5280,-0.0010800,0.0000659,0.00000465,0.00000806,-4.3824238777e+00,2.3369696736e-01,0.4393,2.1187267303e+00
-0.5270,-0.0010800,0.0000660,0.00000479,0.00000804,-4.3829898834e+00,2.3418182135e-01,0.4403,2.1192927361e+00
-0.5260,-0.0010800,0.0000659,0.00000486,0.00000803,-4.3832726479e+00,2.3381817341e-01,0.4413,2.1195755005e+00
-0.5250,-0.0010800,0.0000660,0.00000496,0.00000803,-4.3836765289e+00,2.3422221839e-01,0.4423,2.1199793816e+00
-0.5240,-0.0010800,0.0000660,0.00000502,0.00000803,-4.3839187622e+00,2.3422221839e-01,0.4433,2.1202216148e+00
-0.5230,-0.0010800,0.0000660,0.00000490,0.00000803,-4.3834342957e+00,2.3422221839e-01,0.4443,2.1197371483e+00
-0.5220,-0.0010800,0.0000660,0.00000497,0.00000804,-4.3837170601e+00,2.3418182135e-01,0.4453,2.1200199127e+00
-0.5210,-0.0010800,0.0000661,0.00000496,0.00000804,-4.3836765289e+00,2.3458586633e-01,0.4463,2.1199793816e+00
-0.5200,-0.0010800,0.0000661,0.00000488,0.00000804,-4.3833532333e+00,2.3458586633e-01,0.4473,2.1196560860e+00
-0.5190,-0.0010800,0.0000661,0.00000493,0.00000804,-4.3835554123e+00,2.3458586633e-01,0.4483,2.1198582649e+00
-0.5180,-0.0010800,0.0000661,0.00000479,0.00000805,-4.3829898834e+00,2.3454546928e-01,0.4493,2.1192927361e+00
-0.5170,-0.0010800,0.0000662,0.00000474,0.00000807,-4.3827877045e+00,2.3486869037e-01,0.4503,2.1190905571e+00
-0.5160,-0.0010800,0.0000662,0.00000485,0.00000806,-4.3832321167e+00,2.3490910232e-01,0.4513,2.1195349693e+00
-0.5150,-0.0010700,0.0000662,0.00000494,0.00000805,-4.3431916237e+00,2.3494949937e-01,0.4523,2.0794944763e+00
-0.5140,-0.0010800,0.0000663,0.00000489,0.00000805,-4.3833937645e+00,2.3535354435e-01,0.4533,2.1196966171e+00
-0.5130,-0.0010800,0.0000663,0.00000492,0.00000805,-4.3835148811e+00,2.3535354435e-01,0.4543,2.1198177338e+00
-0.5120,-0.0010700,0.0000663,0.00000507,0.00000805,-4.3437170982e+00,2.3535354435e-01,0.4553,2.0800199509e+00
-0.5110,-0.0010700,0.0000663,0.00000499,0.00000806,-4.3433942795e+00,2.3531314731e-01,0.4563,2.0796971321e+00
-0.5100,-0.0010800,0.0000663,0.00000491,0.00000806,-4.3834748268e+00,2.3531314731e-01,0.4573,2.1197776794e+00
-0.5090,-0.0010700,0.0000663,0.00000496,0.00000806,-4.3432726860e+00,2.3531314731e-01,0.4583,2.0795755386e+00
-0.5080,-0.0010700,0.0000663,0.00000497,0.00000806,-4.3433132172e+00,2.3531314731e-01,0.4593,2.0796160698e+00
-0.5070,-0.0010700,0.0000664,0.00000498,0.00000806,-4.3433537483e+00,2.3571719229e-01,0.4603,2.0796566010e+00
-0.5060,-0.0010700,0.0000663,0.00000501,0.00000806,-4.3434748650e+00,2.3531314731e-01,0.4613,2.0797777176e+00
-0.5050,-0.0010700,0.0000663,0.00000503,0.00000806,-4.3435554504e+00,2.3531314731e-01,0.4623,2.0798583031e+00
-0.5040,-0.0010700,0.0000664,0.00000492,0.00000806,-4.3431110382e+00,2.3571719229e-01,0.4633,2.0794138908e+00
-0.5030,-0.0010700,0.0000665,0.00000493,0.00000806,-4.3431515694e+00,2.3612119257e-01,0.4643,2.0794544220e+00
-0.5020,-0.0010700,0.0000665,0.00000493,0.00000806,-4.3431515694e+00,2.3612119257e-01,0.4653,2.0794544220e+00
-0.5010,-0.0010700,0.0000664,0.00000488,0.00000807,-4.3429493904e+00,2.3567678034e-01,0.4663,2.0792522430e+00
-0.5000,-0.0010700,0.0000664,0.00000488,0.00000807,-4.3429493904e+00,2.3567678034e-01,0.4673,2.0792522430e+00
-0.4990,-0.0010700,0.0000665,0.00000498,0.00000807,-4.3433537483e+00,2.3608079553e-01,0.4683,2.0796566010e+00
-0.4980,-0.0010700,0.0000663,0.00000497,0.00000806,-4.3433132172e+00,2.3531314731e-01,0.4693,2.0796160698e+00
-0.4970,-0.0010700,0.0000664,0.00000493,0.00000806,-4.3431515694e+00,2.3571719229e-01,0.4703,2.0794544220e+00
-0.4960,-0.0010700,0.0000663,0.00000495,0.00000805,-4.3432321548e+00,2.3535354435e-01,0.4713,2.0795350075e+00
-0.4950,-0.0010700,0.0000664,0.00000495,0.00000806,-4.3432321548e+00,2.3571719229e-01,0.4723,2.0795350075e+00
-0.4940,-0.0010700,0.0000664,0.00000493,0.00000806,-4.3431515694e+00,2.3571719229e-01,0.4733,2.0794544220e+00
-0.4930,-0.0010700,0.0000665,0.00000498,0.00000806,-4.3433537483e+00,2.3612119257e-01,0.4743,2.0796566010e+00
-0.4920,-0.0010700,0.0000664,0.00000497,0.00000806,-4.3433132172e+00,2.3571719229e-01,0.4753,2.0796160698e+00
-0.4910,-0.0010700,0.0000664,0.00000492,0.00000807,-4.3431110382e+00,2.3567678034e-01,0.4763,2.0794138908e+00
-0.4900,-0.0010700,0.0000664,0.00000495,0.00000807,-4.3432321548e+00,2.3567678034e-01,0.4773,2.0795350075e+00
-0.4890,-0.0010700,0.0000664,0.00000493,0.00000807,-4.3431515694e+00,2.3567678034e-01,0.4783,2.0794544220e+00
-0.4880,-0.0010700,0.0000664,0.00000489,0.00000806,-4.3429899216e+00,2.3571719229e-01,0.4793,2.0792927742e+00
-0.4870,-0.0010700,0.0000664,0.00000483,0.00000806,-4.3427472115e+00,2.3571719229e-01,0.4803,2.0790500641e+00
-0.4860,-0.0010700,0.0000664,0.00000490,0.00000806,-4.3430304527e+00,2.3571719229e-01,0.4813,2.0793333054e+00
-0.4850,-0.0010700,0.0000663,0.00000492,0.00000806,-4.3431110382e+00,2.3531314731e-01,0.4823,2.0794138908e+00
-0.4840,-0.0010700,0.0000662,0.00000501,0.00000805,-4.3434748650e+00,2.3494949937e-01,0.4833,2.0797777176e+00
-0.4830,-0.0010700,0.0000661,0.00000507,0.00000805,-4.3437170982e+00,2.3454546928e-01,0.4843,2.0800199509e+00
-0.4820,-0.0010700,0.0000661,0.00000512,0.00000804,-4.3439188004e+00,2.3458586633e-01,0.4853,2.0802216530e+00
-0.4810,-0.0010700,0.0000661,0.00000509,0.00000804,-4.3437981606e+00,2.3458586633e-01,0.4863,2.0801010132e+00
-0.4800,-0.0010700,0.0000660,0.00000510,0.00000805,-4.3438386917e+00,2.3414142430e-01,0.4873,2.0801415443e+00
-0.4790,-0.0010700,0.0000660,0.00000509,0.00000805,-4.3437981606e+00,2.3414142430e-01,0.4883,2.0801010132e+00
-0.4780,-0.0010700,0.0000661,0.00000498,0.00000805,-4.3433537483e+00,2.3454546928e-01,0.4893,2.0796566010e+00
-0.4770,-0.0010700,0.0000659,0.00000497,0.00000806,-4.3433132172e+00,2.3369696736e-01,0.4903,2.0796160698e+00
-0.4760,-0.0010700,0.0000660,0.00000495,0.00000806,-4.3432321548e+00,2.3410101235e-01,0.4913,2.0795350075e+00
-0.4750,-0.0010700,0.0000659,0.00000492,0.00000806,-4.3431110382e+00,2.3369696736e-01,0.4923,2.0794138908e+00
-0.4740,-0.0010700,0.0000659,0.00000496,0.00000806,-4.3432726860e+00,2.3369696736e-01,0.4933,2.0795755386e+00
-0.4730,-0.0010700,0.0000659,0.00000496,0.00000806,-4.3432726860e+00,2.3369696736e-01,0.4943,2.0795755386e+00
-0.4720,-0.0010700,0.0000659,0.00000489,0.00000806,-4.3429899216e+00,2.3369696736e-01,0.4953,2.0792927742e+00
-0.4710,-0.0010700,0.0000659,0.00000490,0.00000806,-4.3430304527e+00,2.3369696736e-01,0.4963,2.0793333054e+00
-0.4700,-0.0010700,0.0000659,0.00000490,0.00000806,-4.3430304527e+00,2.3369696736e-01,0.4973,2.0793333054e+00
-0.4690,-0.0010700,0.0000658,0.00000486,0.00000805,-4.3428688049e+00,2.3333333433e-01,0.4983,2.0791716576e+00
-0.4680,-0.0010700,0.0000658,0.00000486,0.00000805,-4.3428688049e+00,2.3333333433e-01,0.4993,2.0791716576e+00
-0.4670,-0.0010700,0.0000657,0.00000483,0.00000805,-4.3427472115e+00,2.3292928934e-01,0.5003,2.0790500641e+00
-0.4660,-0.0010600,0.0000659,0.00000478,0.00000806,-4.3021416664e+00,2.3369696736e-01,0.5013,2.0384445190e+00
-0.4650,-0.0010700,0.0000655,0.00000478,0.00000805,-4.3425455093e+00,2.3212119937e-01,0.5023,2.0788483620e+00
-0.4640,-0.0010700,0.0000657,0.00000485,0.00000805,-4.3428282738e+00,2.3292928934e-01,0.5033,2.0791311264e+00
-0.4630,-0.0010700,0.0000655,0.00000490,0.00000804,-4.3430304527e+00,2.3216161132e-01,0.5043,2.0793333054e+00
-0.4620,-0.0010700,0.0000657,0.00000487,0.00000804,-4.3429093361e+00,2.3296970129e-01,0.5053,2.0792121887e+00
-0.4610,-0.0010700,0.0000655,0.00000493,0.00000805,-4.3431515694e+00,2.3212119937e-01,0.5063,2.0794544220e+00
-0.4600,-0.0010700,0.0000654,0.00000492,0.00000804,-4.3431110382e+00,2.3175759614e-01,0.5073,2.0794138908e+00
-0.4590,-0.0010700,0.0000654,0.00000483,0.00000804,-4.3427472115e+00,2.3175759614e-01,0.5083,2.0790500641e+00
-0.4580,-0.0010700,0.0000652,0.00000479,0.00000803,-4.3425860405e+00,2.3098990321e-01,0.5093,2.0788888931e+00
-0.4570,-0.0010700,0.0000651,0.00000477,0.00000804,-4.3425049782e+00,2.3054546118e-01,0.5103,2.0788078308e+00
-0.4560,-0.0010700,0.0000650,0.00000476,0.00000804,-4.3424644470e+00,2.3014141619e-01,0.5113,2.0787672997e+00
-0.4550,-0.0010700,0.0000651,0.00000484,0.00000803,-4.3427877426e+00,2.3058585823e-01,0.5123,2.0790905952e+00
-0.4540,-0.0010700,0.0000649,0.00000489,0.00000802,-4.3429899216e+00,2.2981818020e-01,0.5133,2.0792927742e+00
-0.4530,-0.0010600,0.0000648,0.00000482,0.00000802,-4.3023028374e+00,2.2941413522e-01,0.5143,2.0386056900e+00
-0.4520,-0.0010700,0.0000648,0.00000479,0.00000803,-4.3425860405e+00,2.2937372327e-01,0.5153,2.0788888931e+00
-0.4510,-0.0010700,0.0000648,0.00000481,0.00000803,-4.3426671028e+00,2.2937372327e-01,0.5163,2.0789699554e+00
-0.4500,-0.0010700,0.0000645,0.00000481,0.00000802,-4.3426671028e+00,2.2820200026e-01,0.5173,2.0789699554e+00
-0.4490,-0.0010700,0.0000643,0.00000479,0.00000802,-4.3425860405e+00,2.2739394009e-01,0.5183,2.0788888931e+00
-0.4480,-0.0010700,0.0000645,0.00000484,0.00000801,-4.3427877426e+00,2.2824241221e-01,0.5193,2.0790905952e+00
-0.4470,-0.0010700,0.0000643,0.00000477,0.00000801,-4.3425049782e+00,2.2743435204e-01,0.5203,2.0788078308e+00
-0.4460,-0.0010700,0.0000644,0.00000468,0.00000801,-4.3421416283e+00,2.2783839703e-01,0.5213,2.0784444809e+00
-0.4450,-0.0010700,0.0000642,0.00000468,0.00000801,-4.3421416283e+00,2.2703030705e-01,0.5223,2.0784444809e+00
-0.4440,-0.0010700,0.0000641,0.00000475,0.00000800,-4.3424243927e+00,2.2666667402e-01,0.5233,2.0787272453e+00
-0.4430,-0.0010700,0.0000639,0.00000471,0.00000800,-4.3422627449e+00,2.2585858405e-01,0.5243,2.0785655975e+00
-0.4420,-0.0010700,0.0000639,0.00000472,0.00000799,-4.3423027992e+00,2.2589899600e-01,0.5253,2.0786056519e+00
-0.4410,-0.0010700,0.0000638,0.00000475,0.00000799,-4.3424243927e+00,2.2549495101e-01,0.5263,2.0787272453e+00
-0.4400,-0.0010700,0.0000637,0.00000470,0.00000799,-4.3422222137e+00,2.2509090602e-01,0.5273,2.0785250664e+00
-0.4390,-0.0010700,0.0000636,0.00000474,0.00000798,-4.3423838615e+00,2.2472725809e-01,0.5283,2.0786867142e+00
-0.4380,-0.0010700,0.0000634,0.00000480,0.00000797,-4.3426265717e+00,2.2395960987e-01,0.5293,2.0789294243e+00
-0.4370,-0.0010700,0.0000633,0.00000480,0.00000796,-4.3426265717e+00,2.2359597683e-01,0.5303,2.0789294243e+00
-0.4360,-0.0010700,0.0000632,0.00000477,0.00000796,-4.3425049782e+00,2.2319193184e-01,0.5313,2.0788078308e+00
-0.4350,-0.0010700,0.0000631,0.00000478,0.00000796,-4.3425455093e+00,2.2278788686e-01,0.5323,2.0788483620e+00
-0.4340,-0.0010700,0.0000629,0.00000472,0.00000795,-4.3423027992e+00,2.2202020884e-01,0.5333,2.0786056519e+00
-0.4330,-0.0010700,0.0000628,0.00000469,0.00000795,-4.3421821594e+00,2.2161616385e-01,0.5343,2.0784850121e+00
-0.4320,-0.0010700,0.0000627,0.00000470,0.00000795,-4.3422222137e+00,2.2121211886e-01,0.5353,2.0785250664e+00
-0.4310,-0.0010700,0.0000625,0.00000464,0.00000794,-4.3419795036e+00,2.2044447064e-01,0.5363,2.0782823563e+00
-0.4300,-0.0010700,0.0000623,0.00000463,0.00000794,-4.3419394493e+00,2.1963638067e-01,0.5373,2.0782423019e+00
-0.4290,-0.0010700,0.0000621,0.00000463,0.00000794,-4.3419394493e+00,2.1882829070e-01,0.5383,2.0782423019e+00
-0.4280,-0.0010700,0.0000620,0.00000470,0.00000793,-4.3422222137e+00,2.1846464276e-01,0.5393,2.0785250664e+00
-0.4270,-0.0010700,0.0000618,0.00000462,0.00000792,-4.3418989182e+00,2.1769696474e-01,0.5403,2.0782017708e+00
-0.4260,-0.0010600,0.0000617,0.00000461,0.00000791,-4.3014550209e+00,2.1733333170e-01,0.5413,2.0377578735e+00
-0.4250,-0.0010700,0.0000615,0.00000459,0.00000791,-4.3417778015e+00,2.1652527153e-01,0.5423,2.0780806541e+00
-0.4240,-0.0010600,0.0000613,0.00000458,0.00000791,-4.3013334274e+00,2.1571718156e-01,0.5433,2.0376362801e+00
-0.4230,-0.0010600,0.0000612,0.00000456,0.00000790,-4.3012528419e+00,2.1535353363e-01,0.5443,2.0375556946e+00
-0.4220,-0.0010600,0.0000611,0.00000458,0.00000790,-4.3013334274e+00,2.1494948864e-01,0.5453,2.0376362801e+00
-0.4210,-0.0010700,0.0000611,0.00000451,0.00000790,-4.3414545059e+00,2.1494948864e-01,0.5463,2.0777573586e+00
-0.4200,-0.0010700,0.0000607,0.00000442,0.00000789,-4.3410911560e+00,2.1337373555e-01,0.5473,2.0773940086e+00
-0.4190,-0.0010700,0.0000606,0.00000445,0.00000788,-4.3412117958e+00,2.1301010251e-01,0.5483,2.0775146484e+00
-0.4180,-0.0010700,0.0000605,0.00000443,0.00000787,-4.3411312103e+00,2.1264645457e-01,0.5493,2.0774340630e+00
-0.4170,-0.0010700,0.0000602,0.00000438,0.00000787,-4.3409295082e+00,2.1143434942e-01,0.5503,2.0772323608e+00
-0.4160,-0.0010700,0.0000600,0.00000441,0.00000786,-4.3410506248e+00,2.1066667140e-01,0.5513,2.0773534775e+00
-0.4150,-0.0010700,0.0000599,0.00000434,0.00000786,-4.3407673836e+00,2.1026264131e-01,0.5523,2.0770702362e+00
-0.4140,-0.0010700,0.0000596,0.00000423,0.00000785,-4.3403229713e+00,2.0909091830e-01,0.5533,2.0766258240e+00
-0.4130,-0.0010700,0.0000593,0.00000420,0.00000784,-4.3402023315e+00,2.0791919529e-01,0.5543,2.0765051842e+00
-0.4120,-0.0010700,0.0000592,0.00000419,0.00000783,-4.3401618004e+00,2.0755556226e-01,0.5553,2.0764646530e+00
-0.4110,-0.0010700,0.0000590,0.00000422,0.00000782,-4.3402829170e+00,2.0678788424e-01,0.5563,2.0765857697e+00
-0.4100,-0.0010700,0.0000588,0.00000445,0.00000782,-4.3412117958e+00,2.0597980917e-01,0.5573,2.0775146484e+00
-0.4090,-0.0010700,0.0000585,0.00000451,0.00000781,-4.3414545059e+00,2.0480810106e-01,0.5583,2.0777573586e+00
-0.4080,-0.0010700,0.0000583,0.00000428,0.00000780,-4.3405251503e+00,2.0404039323e-01,0.5593,2.0768280029e+00
-0.4070,-0.0010700,0.0000582,0.00000419,0.00000780,-4.3401618004e+00,2.0363636315e-01,0.5603,2.0764646530e+00
-0.4060,-0.0010700,0.0000579,0.00000418,0.00000779,-4.3401212692e+00,2.0246465504e-01,0.5613,2.0764241219e+00
-0.4050,-0.0010700,0.0000577,0.00000411,0.00000778,-4.3398385048e+00,2.0169696212e-01,0.5623,2.0761413574e+00
-0.4040,-0.0010700,0.0000574,0.00000410,0.00000777,-4.3397979736e+00,2.0052525401e-01,0.5633,2.0761008263e+00
-0.4030,-0.0010700,0.0000572,0.00000409,0.00000776,-4.3397574425e+00,1.9975757599e-01,0.5643,2.0760602951e+00
-0.4020,-0.0010700,0.0000570,0.00000402,0.00000775,-4.3394751549e+00,1.9898989797e-01,0.5653,2.0757780075e+00
-0.4010,-0.0010700,0.0000567,0.00000400,0.00000774,-4.3393940926e+00,1.9781817496e-01,0.5663,2.0756969452e+00
-0.4000,-0.0010700,0.0000565,0.00000393,0.00000774,-4.3391108513e+00,1.9701009989e-01,0.5673,2.0754137039e+00
-0.3990,-0.0010700,0.0000562,0.00000393,0.00000773,-4.3391108513e+00,1.9583837688e-01,0.5683,2.0754137039e+00
-0.3980,-0.0010700,0.0000559,0.00000395,0.00000771,-4.3391919136e+00,1.9470706582e-01,0.5693,2.0754947662e+00
-0.3970,-0.0010700,0.0000557,0.00000399,0.00000769,-4.3393535614e+00,1.9397979975e-01,0.5703,2.0756564140e+00
-0.3960,-0.0010700,0.0000555,0.00000398,0.00000768,-4.3393130302e+00,1.9321212173e-01,0.5713,2.0756158829e+00
-0.3950,-0.0010700,0.0000550,0.00000376,0.00000768,-4.3384242058e+00,1.9119192660e-01,0.5723,2.0747270584e+00
-0.3940,-0.0010700,0.0000547,0.00000380,0.00000767,-4.3385858536e+00,1.9002020359e-01,0.5733,2.0748887062e+00
-0.3930,-0.0010700,0.0000544,0.00000379,0.00000766,-4.3385453224e+00,1.8884848058e-01,0.5743,2.0748481750e+00
-0.3920,-0.0010700,0.0000541,0.00000378,0.00000764,-4.3385052681e+00,1.8771718442e-01,0.5753,2.0748081207e+00
-0.3910,-0.0010700,0.0000538,0.00000385,0.00000763,-4.3387875557e+00,1.8654544652e-01,0.5763,2.0750904083e+00
-0.3900,-0.0010700,0.0000535,0.00000389,0.00000761,-4.3389496803e+00,1.8541413546e-01,0.5773,2.0752525330e+00
-0.3890,-0.0010700,0.0000532,0.00000380,0.00000760,-4.3385858536e+00,1.8424242735e-01,0.5783,2.0748887062e+00
-0.3880,-0.0010700,0.0000530,0.00000377,0.00000759,-4.3384647369e+00,1.8347474933e-01,0.5793,2.0747675896e+00
-0.3870,-0.0010700,0.0000526,0.00000374,0.00000759,-4.3383431435e+00,1.8185859919e-01,0.5803,2.0746459961e+00
-0.3860,-0.0010700,0.0000524,0.00000367,0.00000757,-4.3380603790e+00,1.8113130331e-01,0.5813,2.0743632317e+00
-0.3850,-0.0010700,0.0000520,0.00000367,0.00000756,-4.3380603790e+00,1.7955555022e-01,0.5823,2.0743632317e+00
-0.3840,-0.0010700,0.0000517,0.00000370,0.00000755,-4.3381819725e+00,1.7838384211e-01,0.5833,2.0744848251e+00
-0.3830,-0.0010700,0.0000514,0.00000372,0.00000754,-4.3382630348e+00,1.7721211910e-01,0.5843,2.0745658875e+00
-0.3820,-0.0010700,0.0000511,0.00000367,0.00000752,-4.3380603790e+00,1.7608080804e-01,0.5853,2.0743632317e+00
-0.3810,-0.0010700,0.0000507,0.00000364,0.00000751,-4.3379392624e+00,1.7450505495e-01,0.5863,2.0742421150e+00
-0.3800,-0.0010700,0.0000504,0.00000360,0.00000750,-4.3377780914e+00,1.7333334684e-01,0.5873,2.0740809441e+00
-0.3790,-0.0010700,0.0000501,0.00000355,0.00000749,-4.3375754356e+00,1.7216162384e-01,0.5883,2.0738782883e+00
-0.3780,-0.0010700,0.0000498,0.00000360,0.00000747,-4.3377780914e+00,1.7103031278e-01,0.5893,2.0740809441e+00
-0.3770,-0.0010700,0.0000495,0.00000361,0.00000746,-4.3378181458e+00,1.6985858977e-01,0.5903,2.0741209984e+00
-0.3760,-0.0010700,0.0000492,0.00000356,0.00000745,-4.3376159668e+00,1.6868688166e-01,0.5913,2.0739188194e+00
-0.3750,-0.0010700,0.0000488,0.00000360,0.00000743,-4.3377780914e+00,1.6715151072e-01,0.5923,2.0740809441e+00
-0.3740,-0.0010700,0.0000484,0.00000361,0.00000742,-4.3378181458e+00,1.6557575762e-01,0.5933,2.0741209984e+00
-0.3730,-0.0010700,0.0000481,0.00000358,0.00000741,-4.3376970291e+00,1.6440403461e-01,0.5943,2.0739998817e+00
-0.3720,-0.0010800,0.0000478,0.00000363,0.00000739,-4.3783025742e+00,1.6327272356e-01,0.5953,2.1146054268e+00
-0.3710,-0.0010700,0.0000473,0.00000359,0.00000736,-4.3377375603e+00,1.6137374938e-01,0.5963,2.0740404129e+00
-0.3700,-0.0010700,0.0000470,0.00000343,0.00000736,-4.3370904922e+00,1.6016162932e-01,0.5973,2.0733933449e+00
-0.3690,-0.0010800,0.0000467,0.00000324,0.00000735,-4.3767271042e+00,1.5898989141e-01,0.5983,2.1130299568e+00
-0.3680,-0.0010700,0.0000463,0.00000324,0.00000734,-4.3363232613e+00,1.5741413832e-01,0.5993,2.0726261139e+00
-0.3670,-0.0010700,0.0000459,0.00000331,0.00000732,-4.3366060257e+00,1.5587879717e-01,0.6003,2.0729088783e+00
-0.3660,-0.0010700,0.0000456,0.00000324,0.00000730,-4.3363232613e+00,1.5474747121e-01,0.6013,2.0726261139e+00
-0.3650,-0.0010700,0.0000452,0.00000325,0.00000729,-4.3363633156e+00,1.5317171812e-01,0.6023,2.0726661682e+00
-0.3640,-0.0010700,0.0000449,0.00000327,0.00000727,-4.3364443779e+00,1.5204040706e-01,0.6033,2.0727472305e+00
-0.3630,-0.0010700,0.0000444,0.00000317,0.00000726,-4.3360404968e+00,1.5006059408e-01,0.6043,2.0723433495e+00
-0.3620,-0.0010700,0.0000441,0.00000310,0.00000724,-4.3357577324e+00,1.4892929792e-01,0.6053,2.0720605850e+00
-0.3610,-0.0010700,0.0000437,0.00000299,0.00000723,-4.3353133202e+00,1.4735354483e-01,0.6063,2.0716161728e+00
-0.3600,-0.0010700,0.0000432,0.00000297,0.00000722,-4.3352322578e+00,1.4537374675e-01,0.6073,2.0715351105e+00
-0.3590,-0.0010700,0.0000430,0.00000310,0.00000720,-4.3357577324e+00,1.4464646578e-01,0.6083,2.0720605850e+00
-0.3580,-0.0010700,0.0000427,0.00000317,0.00000718,-4.3360404968e+00,1.4351516962e-01,0.6093,2.0723433495e+00
-0.3570,-0.0010700,0.0000426,0.00000309,0.00000717,-4.3357172012e+00,1.4315150678e-01,0.6103,2.0720200539e+00
-0.3560,-0.0010700,0.0000419,0.00000305,0.00000715,-4.3355555534e+00,1.4040403068e-01,0.6113,2.0718584061e+00
-0.3550,-0.0010700,0.0000414,0.00000296,0.00000713,-4.3351917267e+00,1.3846464455e-01,0.6123,2.0714945793e+00
-0.3540,-0.0010700,0.0000411,0.00000294,0.00000712,-4.3351111412e+00,1.3729292154e-01,0.6133,2.0714139938e+00
-0.3530,-0.0010700,0.0000407,0.00000276,0.00000711,-4.3343839645e+00,1.3571716845e-01,0.6143,2.0706868172e+00
-0.3520,-0.0010700,0.0000404,0.00000277,0.00000709,-4.3344240189e+00,1.3458585739e-01,0.6153,2.0707268715e+00
-0.3510,-0.0010700,0.0000399,0.00000289,0.00000708,-4.3349089622e+00,1.3260604441e-01,0.6163,2.0712118149e+00
-0.3500,-0.0010700,0.0000396,0.00000293,0.00000705,-4.3350710869e+00,1.3151516020e-01,0.6173,2.0713739395e+00
-0.3490,-0.0010700,0.0000393,0.00000296,0.00000703,-4.3351917267e+00,1.3038383424e-01,0.6183,2.0714945793e+00
-0.3480,-0.0010700,0.0000388,0.00000296,0.00000702,-4.3351917267e+00,1.2840403616e-01,0.6193,2.0714945793e+00
-0.3470,-0.0010700,0.0000385,0.00000287,0.00000701,-4.3348283768e+00,1.2723231316e-01,0.6203,2.0711312294e+00
-0.3460,-0.0010700,0.0000381,0.00000283,0.00000699,-4.3346667290e+00,1.2569695711e-01,0.6213,2.0709695816e+00
-0.3450,-0.0010700,0.0000377,0.00000285,0.00000697,-4.3347473145e+00,1.2416161597e-01,0.6223,2.0710501671e+00
-0.3440,-0.0010700,0.0000373,0.00000274,0.00000696,-4.3343029022e+00,1.2258586287e-01,0.6233,2.0706057549e+00
-0.3430,-0.0010700,0.0000370,0.00000275,0.00000694,-4.3343434334e+00,1.2145455182e-01,0.6243,2.0706462860e+00
-0.3420,-0.0010700,0.0000367,0.00000273,0.00000692,-4.3342628479e+00,1.2032323331e-01,0.6253,2.0705657005e+00
-0.3410,-0.0010700,0.0000363,0.00000270,0.00000691,-4.3341417313e+00,1.1874747276e-01,0.6263,2.0704445839e+00
-0.3400,-0.0010700,0.0000359,0.00000271,0.00000689,-4.3341817856e+00,1.1721211672e-01,0.6273,2.0704846382e+00
-0.3390,-0.0010700,0.0000355,0.00000277,0.00000687,-4.3344240189e+00,1.1567677557e-01,0.6283,2.0707268715e+00
-0.3380,-0.0010700,0.0000352,0.00000275,0.00000686,-4.3343434334e+00,1.1450504512e-01,0.6293,2.0706462860e+00
-0.3370,-0.0010700,0.0000347,0.00000270,0.00000685,-4.3341417313e+00,1.1252524704e-01,0.6303,2.0704445839e+00
-0.3360,-0.0010700,0.0000345,0.00000266,0.00000683,-4.3339796066e+00,1.1179798841e-01,0.6313,2.0702824593e+00
-0.3350,-0.0010700,0.0000340,0.00000265,0.00000682,-4.3339390755e+00,1.0981818289e-01,0.6323,2.0702419281e+00
-0.3340,-0.0010700,0.0000336,0.00000265,0.00000680,-4.3339390755e+00,1.0828282684e-01,0.6333,2.0702419281e+00
-0.3330,-0.0010700,0.0000333,0.00000263,0.00000679,-4.3338589668e+00,1.0711110383e-01,0.6343,2.0701618195e+00
-0.3320,-0.0010700,0.0000329,0.00000259,0.00000677,-4.3336968422e+00,1.0557575524e-01,0.6353,2.0699996948e+00
-0.3310,-0.0010700,0.0000325,0.00000247,0.00000676,-4.3332118988e+00,1.0400000215e-01,0.6363,2.0695147514e+00
-0.3300,-0.0010700,0.0000321,0.00000249,0.00000675,-4.3332929611e+00,1.0242424160e-01,0.6373,2.0695958138e+00
-0.3290,-0.0010700,0.0000317,0.00000250,0.00000673,-4.3333334923e+00,1.0088889301e-01,0.6383,2.0696363449e+00
-0.3280,-0.0010700,0.0000315,0.00000245,0.00000672,-4.3331313133e+00,1.0012121499e-01,0.6393,2.0694341660e+00
-0.3270,-0.0010700,0.0000309,0.00000245,0.00000670,-4.3331313133e+00,9.7777776420e-02,0.6403,2.0694341660e+00
-0.3260,-0.0010700,0.0000307,0.00000248,0.00000669,-4.3332524300e+00,9.7010105848e-02,0.6413,2.0695552826e+00
-0.3250,-0.0010700,0.0000304,0.00000238,0.00000667,-4.3328485489e+00,9.5878794789e-02,0.6423,2.0691514015e+00
-0.3240,-0.0010700,0.0000300,0.00000236,0.00000665,-4.3327674866e+00,9.4343431294e-02,0.6433,2.0690703392e+00
-0.3230,-0.0010700,0.0000297,0.00000231,0.00000664,-4.3325657845e+00,9.3171723187e-02,0.6443,2.0688686371e+00
-0.3220,-0.0010700,0.0000294,0.00000225,0.00000663,-4.3323230743e+00,9.2000000179e-02,0.6453,2.0686259270e+00
-0.3210,-0.0010700,0.0000291,0.00000223,0.00000662,-4.3322424889e+00,9.0828277171e-02,0.6463,2.0685453415e+00
-0.3200,-0.0010700,0.0000287,0.00000221,0.00000661,-4.3321619034e+00,8.9252524078e-02,0.6473,2.0684647560e+00
-0.3190,-0.0010700,0.0000285,0.00000213,0.00000659,-4.3318386078e+00,8.8525250554e-02,0.6483,2.0681414604e+00
-0.3180,-0.0010700,0.0000281,0.00000202,0.00000658,-4.3313941956e+00,8.6949497461e-02,0.6493,2.0676970482e+00
-0.3170,-0.0010700,0.0000278,0.00000198,0.00000657,-4.3312320709e+00,8.5777781904e-02,0.6503,2.0675349236e+00
-0.3160,-0.0010700,0.0000276,0.00000204,0.00000655,-4.3314743042e+00,8.5050508380e-02,0.6513,2.0677771568e+00
-0.3150,-0.0010600,0.0000272,0.00000202,0.00000653,-4.2909903526e+00,8.3515144885e-02,0.6523,2.0272932053e+00
-0.3140,-0.0010700,0.0000268,0.00000206,0.00000652,-4.3315553665e+00,8.1939391792e-02,0.6533,2.0678582191e+00
-0.3130,-0.0010600,0.0000265,0.00000200,0.00000650,-4.2909092903e+00,8.0808080733e-02,0.6543,2.0272121429e+00
-0.3120,-0.0010600,0.0000262,0.00000185,0.00000649,-4.2903032303e+00,7.9636365175e-02,0.6553,2.0266060829e+00
-0.3110,-0.0010600,0.0000259,0.00000187,0.00000648,-4.2903838158e+00,7.8464649618e-02,0.6563,2.0266866684e+00
-0.3100,-0.0010600,0.0000255,0.00000190,0.00000647,-4.2905054092e+00,7.6888889074e-02,0.6573,2.0268082619e+00
-0.3090,-0.0010600,0.0000252,0.00000193,0.00000645,-4.2906265259e+00,7.5757578015e-02,0.6583,2.0269293785e+00
-0.3080,-0.0010600,0.0000250,0.00000200,0.00000644,-4.2909092903e+00,7.4989899993e-02,0.6593,2.0272121429e+00
-0.3070,-0.0010600,0.0000247,0.00000224,0.00000642,-4.2918787003e+00,7.3858588934e-02,0.6603,2.0281815529e+00
-0.3060,-0.0010600,0.0000244,0.00000214,0.00000641,-4.2914748192e+00,7.2686865926e-02,0.6613,2.0277776718e+00
-0.3050,-0.0010600,0.0000241,0.00000207,0.00000639,-4.2911920547e+00,7.1555554867e-02,0.6623,2.0274949074e+00
-0.3040,-0.0010600,0.0000239,0.00000198,0.00000638,-4.2908282280e+00,7.0787876844e-02,0.6633,2.0271310806e+00
-0.3030,-0.0010500,0.0000235,0.00000198,0.00000637,-4.2504239082e+00,6.9212131202e-02,0.6643,1.9867267609e+00
-0.3020,-0.0010500,0.0000236,0.00000195,0.00000636,-4.2503027916e+00,6.9656565785e-02,0.6653,1.9866056442e+00
-0.3010,-0.0010500,0.0000231,0.00000193,0.00000635,-4.2502222061e+00,6.7676767707e-02,0.6663,1.9865250587e+00
-0.3000,-0.0010600,0.0000228,0.00000192,0.00000633,-4.2905859947e+00,6.6545456648e-02,0.6673,2.0268888474e+00
-0.2990,-0.0010600,0.0000226,0.00000184,0.00000632,-4.2902626991e+00,6.5777771175e-02,0.6683,2.0265655518e+00
-0.2980,-0.0010500,0.0000223,0.00000190,0.00000631,-4.2501010895e+00,6.4606063068e-02,0.6693,1.9864039421e+00
-0.2970,-0.0010600,0.0000220,0.00000193,0.00000630,-4.2906265259e+00,6.3434340060e-02,0.6703,2.0269293785e+00
-0.2960,-0.0010500,0.0000218,0.00000190,0.00000629,-4.2501010895e+00,6.2666669488e-02,0.6713,1.9864039421e+00
-0.2950,-0.0010500,0.0000215,0.00000192,0.00000628,-4.2501816750e+00,6.1494950205e-02,0.6723,1.9864845276e+00
-0.2940,-0.0010500,0.0000212,0.00000194,0.00000627,-4.2502622604e+00,6.0323230922e-02,0.6733,1.9865651131e+00
-0.2930,-0.0010500,0.0000210,0.00000189,0.00000626,-4.2500605583e+00,5.9555552900e-02,0.6743,1.9863634109e+00
-0.2920,-0.0010500,0.0000208,0.00000189,0.00000624,-4.2500605583e+00,5.8828286827e-02,0.6753,1.9863634109e+00
-0.2910,-0.0010500,0.0000205,0.00000186,0.00000623,-4.2499389648e+00,5.7656563818e-02,0.6763,1.9862418175e+00
-0.2900,-0.0010500,0.0000204,0.00000187,0.00000623,-4.2499794960e+00,5.7252526283e-02,0.6773,1.9862823486e+00
-0.2890,-0.0010500,0.0000201,0.00000186,0.00000622,-4.2499389648e+00,5.6080810726e-02,0.6783,1.9862418175e+00
-0.2880,-0.0010500,0.0000199,0.00000190,0.00000620,-4.2501010895e+00,5.5353537202e-02,0.6793,1.9864039421e+00
-0.2870,-0.0010400,0.0000196,0.00000187,0.00000619,-4.2095756531e+00,5.4181817919e-02,0.6803,1.9458785057e+00
-0.2860,-0.0010400,0.0000194,0.00000184,0.00000618,-4.2094545364e+00,5.3414143622e-02,0.6813,1.9457573891e+00
-0.2850,-0.0010400,0.0000191,0.00000187,0.00000617,-4.2095756531e+00,5.2242428064e-02,0.6823,1.9458785057e+00
-0.2840,-0.0010400,0.0000189,0.00000191,0.00000616,-4.2097373009e+00,5.1474746317e-02,0.6833,1.9460401535e+00
-0.2830,-0.0010400,0.0000187,0.00000185,0.00000615,-4.2094945908e+00,5.0707075745e-02,0.6843,1.9457974434e+00
-0.2820,-0.0010400,0.0000186,0.00000183,0.00000613,-4.2094144821e+00,5.0383839756e-02,0.6853,1.9457173347e+00
-0.2810,-0.0010400,0.0000183,0.00000187,0.00000612,-4.2095756531e+00,4.9212120473e-02,0.6863,1.9458785057e+00
-0.2800,-0.0010400,0.0000181,0.00000175,0.00000612,-4.2090907097e+00,4.8404037952e-02,0.6873,1.9453935623e+00
-0.2790,-0.0010300,0.0000180,0.00000176,0.00000611,-4.1687273979e+00,4.8040408641e-02,0.6883,1.9050302505e+00
-0.2780,-0.0010400,0.0000177,0.00000177,0.00000610,-4.2091717720e+00,4.6868685633e-02,0.6893,1.9454746246e+00
-0.2770,-0.0010300,0.0000175,0.00000177,0.00000609,-4.1687679291e+00,4.6101011336e-02,0.6903,1.9050707817e+00
-0.2760,-0.0010300,0.0000173,0.00000180,0.00000608,-4.1688890457e+00,4.5333340764e-02,0.6913,1.9051918983e+00
-0.2750,-0.0010300,0.0000171,0.00000183,0.00000607,-4.1690106392e+00,4.4565651566e-02,0.6923,1.9053134918e+00
-0.2740,-0.0010300,0.0000172,0.00000178,0.00000606,-4.1688084602e+00,4.5010101050e-02,0.6933,1.9051113129e+00
-0.2730,-0.0010300,0.0000173,0.00000178,0.00000606,-4.1688084602e+00,4.5414146036e-02,0.6943,1.9051113129e+00
-0.2720,-0.0010300,0.0000171,0.00000182,0.00000605,-4.1689701080e+00,4.4646460563e-02,0.6953,1.9052729607e+00
-0.2710,-0.0010300,0.0000167,0.00000180,0.00000604,-4.1688890457e+00,4.3070707470e-02,0.6963,1.9051918983e+00
-0.2700,-0.0010200,0.0000162,0.00000178,0.00000603,-4.1284036636e+00,4.1090909392e-02,0.6973,1.8647065163e+00
-0.2690,-0.0010200,0.0000160,0.00000180,0.00000602,-4.1284847260e+00,4.0323231369e-02,0.6983,1.8647875786e+00
-0.2680,-0.0010200,0.0000159,0.00000174,0.00000600,-4.1282420158e+00,3.9999995381e-02,0.6993,1.8645448685e+00
-0.2670,-0.0010200,0.0000156,0.00000164,0.00000600,-4.1278381348e+00,3.8787879050e-02,0.7003,1.8641409874e+00
-0.2660,-0.0010200,0.0000155,0.00000161,0.00000600,-4.1277170181e+00,3.8383837789e-02,0.7013,1.8640198708e+00
-0.2650,-0.0010200,0.0000153,0.00000165,0.00000599,-4.1278786659e+00,3.7616163492e-02,0.7023,1.8641815186e+00
-0.2640,-0.0010200,0.0000152,0.00000169,0.00000598,-4.1280403137e+00,3.7252526730e-02,0.7033,1.8643431664e+00
-0.2630,-0.0010100,0.0000150,0.00000169,0.00000597,-4.0876364708e+00,3.6484848708e-02,0.7043,1.8239393234e+00
-0.2620,-0.0010200,0.0000148,0.00000176,0.00000596,-4.1283230782e+00,3.5717170686e-02,0.7053,1.8646259308e+00
-0.2610,-0.0010100,0.0000147,0.00000178,0.00000595,-4.0879998207e+00,3.5353537649e-02,0.7063,1.8243026733e+00
-0.2600,-0.0010100,0.0000145,0.00000180,0.00000595,-4.0880808830e+00,3.4545455128e-02,0.7073,1.8243837357e+00
-0.2590,-0.0010100,0.0000144,0.00000182,0.00000594,-4.0881619453e+00,3.4181818366e-02,0.7083,1.8244647980e+00
-0.2580,-0.0010100,0.0000142,0.00000182,0.00000593,-4.0881619453e+00,3.3414140344e-02,0.7093,1.8244647980e+00
-0.2570,-0.0010100,0.0000141,0.00000189,0.00000592,-4.0884447098e+00,3.3050503582e-02,0.7103,1.8247475624e+00
-0.2560,-0.0010000,0.0000139,0.00000196,0.00000591,-4.0483231544e+00,3.2282829285e-02,0.7113,1.7846260071e+00
-0.2550,-0.0010100,0.0000138,0.00000192,0.00000590,-4.0885658264e+00,3.1919192523e-02,0.7123,1.8248686790e+00
-0.2540,-0.0010000,0.0000136,0.00000190,0.00000589,-4.0480809212e+00,3.1151512638e-02,0.7133,1.7843837738e+00
-0.2530,-0.0010000,0.0000136,0.00000195,0.00000589,-4.0482826233e+00,3.1151512638e-02,0.7143,1.7845854759e+00
-0.2520,-0.0009990,0.0000134,0.00000201,0.00000588,-4.0444850922e+00,3.0383838341e-02,0.7153,1.7807879448e+00
-0.2510,-0.0009980,0.0000132,0.00000201,0.00000588,-4.0404448509e+00,2.9575755820e-02,0.7163,1.7767477036e+00
-0.2500,-0.0009950,0.0000131,0.00000214,0.00000587,-4.0288481712e+00,2.9212119058e-02,0.7173,1.7651510239e+00
-0.2490,-0.0009940,0.0000129,0.00000216,0.00000586,-4.0248889923e+00,2.8444444761e-02,0.7183,1.7611918449e+00
-0.2480,-0.0009930,0.0000128,0.00000208,0.00000586,-4.0205249786e+00,2.8040405363e-02,0.7193,1.7568278313e+00
-0.2470,-0.0009900,0.0000127,0.00000213,0.00000585,-4.0086059570e+00,2.7676768601e-02,0.7203,1.7449088097e+00
-0.2460,-0.0009870,0.0000125,0.00000211,0.00000585,-3.9964039326e+00,2.6868686080e-02,0.7213,1.7327067852e+00
-0.2450,-0.0009880,0.0000124,0.00000211,0.00000584,-4.0004444122e+00,2.6505049318e-02,0.7223,1.7367472649e+00
-0.2440,-0.0009840,0.0000123,0.00000215,0.00000583,-3.9844443798e+00,2.6141412556e-02,0.7233,1.7207472324e+00
-0.2430,-0.0009830,0.0000121,0.00000223,0.00000583,-3.9807276726e+00,2.5333333760e-02,0.7243,1.7170305252e+00
-0.2420,-0.0009810,0.0000121,0.00000221,0.00000582,-3.9725658894e+00,2.5373740122e-02,0.7253,1.7088687420e+00
-0.2410,-0.0009780,0.0000119,0.00000223,0.00000582,-3.9605255127e+00,2.4565655738e-02,0.7263,1.6968283653e+00
-0.2400,-0.0009790,0.0000118,0.00000222,0.00000581,-3.9645254612e+00,2.4202018976e-02,0.7273,1.7008283138e+00
-0.2390,-0.0009740,0.0000117,0.00000229,0.00000581,-3.9446063042e+00,2.3797979578e-02,0.7283,1.6809091568e+00
-0.2380,-0.0009730,0.0000115,0.00000231,0.00000580,-3.9406464100e+00,2.3030303419e-02,0.7293,1.6769492626e+00
-0.2370,-0.0009710,0.0000114,0.00000237,0.00000580,-3.9328079224e+00,2.2626264021e-02,0.7303,1.6691107750e+00
-0.2360,-0.0009670,0.0000113,0.00000242,0.00000579,-3.9168486595e+00,2.2262623534e-02,0.7313,1.6531515121e+00
-0.2350,-0.0009660,0.0000112,0.00000237,0.00000578,-3.9126060009e+00,2.1898990497e-02,0.7323,1.6489088535e+00
-0.2340,-0.0009640,0.0000111,0.00000246,0.00000578,-3.9048888683e+00,2.1494949237e-02,0.7333,1.6411917210e+00
-0.2330,-0.0009620,0.0000110,0.00000259,0.00000577,-3.8973333836e+00,2.1131314337e-02,0.7343,1.6336362362e+00
-0.2320,-0.0009600,0.0000109,0.00000261,0.00000577,-3.8893332481e+00,2.0727274939e-02,0.7353,1.6256361008e+00
-0.2310,-0.0009560,0.0000108,0.00000267,0.00000576,-3.8734140396e+00,2.0363638178e-02,0.7363,1.6097168922e+00
-0.2300,-0.0009540,0.0000107,0.00000274,0.00000576,-3.8656160831e+00,1.9959595054e-02,0.7373,1.6019189358e+00
-0.2290,-0.0009520,0.0000106,0.00000271,0.00000575,-3.8574140072e+00,1.9595958292e-02,0.7383,1.5937168598e+00
-0.2280,-0.0009490,0.0000105,0.00000276,0.00000575,-3.8454949856e+00,1.9191918895e-02,0.7393,1.5817978382e+00
-0.2270,-0.0009480,0.0000104,0.00000279,0.00000574,-3.8415758610e+00,1.8828283995e-02,0.7403,1.5778787136e+00
-0.2260,-0.0009460,0.0000103,0.00000279,0.00000574,-3.8334949017e+00,1.8424244598e-02,0.7413,1.5697977543e+00
-0.2250,-0.0009440,0.0000102,0.00000284,0.00000573,-3.8256163597e+00,1.8060607836e-02,0.7423,1.5619192123e+00
-0.2240,-0.0009400,0.0000101,0.00000290,0.00000572,-3.8096971512e+00,1.7696967348e-02,0.7433,1.5460000038e+00
-0.2230,-0.0009390,0.0000099,0.00000285,0.00000572,-3.8054544926e+00,1.7050506547e-02,0.7443,1.5417573452e+00
-0.2220,-0.0009350,0.0000099,0.00000286,0.00000571,-3.7893333435e+00,1.6767676920e-02,0.7453,1.5256361961e+00
-0.2210,-0.0009330,0.0000097,0.00000295,0.00000571,-3.7816162109e+00,1.6323231161e-02,0.7463,1.5179190636e+00
-0.2200,-0.0009290,0.0000097,0.00000298,0.00000571,-3.7655756474e+00,1.5999998897e-02,0.7473,1.5018785000e+00
-0.2190,-0.0009260,0.0000096,0.00000302,0.00000570,-3.7536160946e+00,1.5636362135e-02,0.7483,1.4899189472e+00
-0.2180,-0.0009230,0.0000095,0.00000316,0.00000570,-3.7420604229e+00,1.5272725374e-02,0.7493,1.4783632755e+00
-0.2170,-0.0009200,0.0000094,0.00000328,0.00000569,-3.7304244041e+00,1.5030302107e-02,0.7503,1.4667272568e+00
-0.2160,-0.0009190,0.0000093,0.00000330,0.00000569,-3.7264647484e+00,1.4545454644e-02,0.7513,1.4627676010e+00
-0.2150,-0.0009150,0.0000092,0.00000340,0.00000568,-3.7107071877e+00,1.4262625948e-02,0.7523,1.4470100403e+00
-0.2140,-0.0009120,0.0000092,0.00000347,0.00000568,-3.6988687515e+00,1.4060608111e-02,0.7533,1.4351716042e+00
-0.2130,-0.0009100,0.0000091,0.00000348,0.00000567,-3.6908283234e+00,1.3696968555e-02,0.7543,1.4271311760e+00
-0.2120,-0.0009070,0.0000090,0.00000354,0.00000567,-3.6789495945e+00,1.3292928226e-02,0.7553,1.4152524471e+00
-0.2110,-0.0009030,0.0000089,0.00000364,0.00000566,-3.6631920338e+00,1.3050503097e-02,0.7563,1.3994948864e+00
-0.2100,-0.0009010,0.0000088,0.00000364,0.00000566,-3.6551110744e+00,1.2727270834e-02,0.7573,1.3914139271e+00
-0.2090,-0.0008960,0.0000087,0.00000373,0.00000565,-3.6352727413e+00,1.2404039502e-02,0.7583,1.3715755939e+00
-0.2080,-0.0008940,0.0000086,0.00000386,0.00000565,-3.6277170181e+00,1.2040403672e-02,0.7593,1.3640198708e+00
-0.2070,-0.0008910,0.0000086,0.00000388,0.00000564,-3.6156766415e+00,1.1838385835e-02,0.7603,1.3519794941e+00
-0.2060,-0.0008860,0.0000085,0.00000388,0.00000564,-3.5954747200e+00,1.1555556208e-02,0.7613,1.3317775726e+00
-0.2050,-0.0008830,0.0000084,0.00000408,0.00000563,-3.5841615200e+00,1.1191920377e-02,0.7623,1.3204643726e+00
-0.2040,-0.0008790,0.0000084,0.00000419,0.00000563,-3.5684444904e+00,1.1070705950e-02,0.7633,1.3047473431e+00
-0.2030,-0.0008760,0.0000083,0.00000415,0.00000563,-3.5561614037e+00,1.0626262054e-02,0.7643,1.2924642563e+00
-0.2020,-0.0008730,0.0000082,0.00000419,0.00000562,-3.5442020893e+00,1.0343433358e-02,0.7653,1.2805049419e+00
-0.2010,-0.0008690,0.0000081,0.00000424,0.00000562,-3.5282423496e+00,1.0060604662e-02,0.7663,1.2645452023e+00
-0.2000,-0.0008660,0.0000081,0.00000427,0.00000561,-3.5162425041e+00,9.8585877568e-03,0.7673,1.2525453568e+00
-0.1990,-0.0008620,0.0000082,0.00000437,0.00000561,-3.5004847050e+00,1.0626263916e-02,0.7683,1.2367875576e+00
-0.1980,-0.0008580,0.0000079,0.00000450,0.00000560,-3.4848484993e+00,9.4141410664e-03,0.7693,1.2211513519e+00
-0.1970,-0.0008530,0.0000078,0.00000458,0.00000560,-3.4649696350e+00,9.0909088030e-03,0.7703,1.2012724876e+00
-0.1960,-0.0008510,0.0000077,0.00000470,0.00000559,-3.4573736191e+00,8.7272720411e-03,0.7713,1.1936764717e+00
-0.1950,-0.0008450,0.0000077,0.00000485,0.00000559,-3.4337372780e+00,8.6868684739e-03,0.7723,1.1700401306e+00
-0.1940,-0.0008410,0.0000076,0.00000499,0.00000558,-3.4181416035e+00,8.3232326433e-03,0.7733,1.1544444561e+00
-0.1930,-0.0008380,0.0000076,0.00000511,0.00000557,-3.4065048695e+00,8.0808075145e-03,0.7743,1.1428077221e+00
-0.1920,-0.0008320,0.0000075,0.00000524,0.00000557,-3.3827879429e+00,7.8787868842e-03,0.7753,1.1190907955e+00
-0.1910,-0.0008300,0.0000075,0.00000535,0.00000556,-3.3751513958e+00,7.6767671853e-03,0.7763,1.1114542484e+00
-0.1900,-0.0008250,0.0000074,0.00000544,0.00000556,-3.3553130627e+00,7.4747474864e-03,0.7773,1.0916159153e+00
-0.1890,-0.0008210,0.0000073,0.00000558,0.00000556,-3.3397173882e+00,7.1515147574e-03,0.7783,1.0760202408e+00
-0.1880,-0.0008150,0.0000073,0.00000572,0.00000556,-3.3160402775e+00,7.1515147574e-03,0.7793,1.0523431301e+00
-0.1870,-0.0008130,0.0000072,0.00000578,0.00000556,-3.3082022667e+00,6.7474748939e-03,0.7803,1.0445051193e+00
-0.1860,-0.0008080,0.0000072,0.00000597,0.00000555,-3.2887675762e+00,6.5454551950e-03,0.7813,1.0250704288e+00
-0.1850,-0.0008030,0.0000072,0.00000611,0.00000555,-3.2691314220e+00,6.5454551950e-03,0.7823,1.0054342747e+00
-0.1840,-0.0007970,0.0000071,0.00000619,0.00000555,-3.2452120781e+00,6.1414134689e-03,0.7833,9.8151493073e-01
-0.1830,-0.0007930,0.0000070,0.00000635,0.00000555,-3.2296969891e+00,5.8181826025e-03,0.7843,9.6599984169e-01
-0.1820,-0.0007880,0.0000070,0.00000643,0.00000554,-3.2098183632e+00,5.7373736054e-03,0.7853,9.4612121582e-01
-0.1810,-0.0007830,0.0000069,0.00000651,0.00000554,-3.1899394989e+00,5.4949484766e-03,0.7863,9.2624235153e-01
-0.1800,-0.0007780,0.0000068,0.00000665,0.00000554,-3.1703028679e+00,5.2525247447e-03,0.7873,9.0660572052e-01
-0.1790,-0.0007730,0.0000068,0.00000674,0.00000553,-3.1504645348e+00,5.0909086131e-03,0.7883,8.8676738739e-01
-0.1780,-0.0007670,0.0000068,0.00000685,0.00000553,-3.1266667843e+00,5.0909086131e-03,0.7893,8.6296963692e-01
-0.1770,-0.0007590,0.0000067,0.00000695,0.00000553,-3.0947475433e+00,4.8080794513e-03,0.7903,8.3105039597e-01
-0.1760,-0.0007570,0.0000067,0.00000712,0.00000553,-3.0873537064e+00,4.6060597524e-03,0.7913,8.2365655899e-01
-0.1750,-0.0007520,0.0000066,0.00000729,0.00000552,-3.0678384304e+00,4.3232324533e-03,0.7923,8.0414128304e-01
-0.1740,-0.0007460,0.0000065,0.00000744,0.00000552,-3.0442018509e+00,4.1616163217e-03,0.7933,7.8050470352e-01
-0.1730,-0.0007400,0.0000065,0.00000768,0.00000551,-3.0209290981e+00,4.0000001900e-03,0.7943,7.5723195076e-01
-0.1720,-0.0007350,0.0000065,0.00000787,0.00000551,-3.0014951229e+00,3.7979800254e-03,0.7953,7.3779797554e-01
-0.1710,-0.0007280,0.0000064,0.00000794,0.00000551,-2.9734950066e+00,3.6363636609e-03,0.7963,7.0979785919e-01
-0.1700,-0.0007230,0.0000064,0.00000815,0.00000550,-2.9541413784e+00,3.4747475293e-03,0.7973,6.9044423103e-01
-0.1690,-0.0007160,0.0000063,0.00000833,0.00000550,-2.9265856743e+00,3.3535347320e-03,0.7983,6.6288852692e-01
-0.1680,-0.0007110,0.0000063,0.00000843,0.00000550,-2.9067878723e+00,3.1111112330e-03,0.7993,6.4309072495e-01
-0.1670,-0.0007030,0.0000062,0.00000863,0.00000550,-2.8752727509e+00,2.9898986686e-03,0.8003,6.1157560349e-01
-0.1660,-0.0006990,0.0000062,0.00000885,0.00000550,-2.8600001335e+00,2.8686858714e-03,0.8013,5.9630298615e-01
-0.1650,-0.0006910,0.0000062,0.00000900,0.00000550,-2.8282830715e+00,2.7070697397e-03,0.8023,5.6458592415e-01
-0.1640,-0.0006870,0.0000061,0.00000916,0.00000549,-2.8127677441e+00,2.4646462407e-03,0.8033,5.4907059669e-01
-0.1630,-0.0006800,0.0000061,0.00000935,0.00000549,-2.7852525711e+00,2.5050498080e-03,0.8043,5.2155542374e-01
-0.1620,-0.0006730,0.0000061,0.00000951,0.00000549,-2.7576162815e+00,2.3434334435e-03,0.8053,4.9391913414e-01
-0.1610,-0.0006670,0.0000060,0.00000970,0.00000549,-2.7341415882e+00,2.1818170790e-03,0.8063,4.7044444084e-01
-0.1600,-0.0006610,0.0000060,0.00000991,0.00000548,-2.7107474804e+00,2.1010118071e-03,0.8073,4.4705033302e-01
-0.1590,-0.0006540,0.0000060,0.00001010,0.00000548,-2.6832323074e+00,1.9393954426e-03,0.8083,4.1953516006e-01
-0.1580,-0.0006470,0.0000059,0.00001030,0.00000548,-2.6557576656e+00,1.7777791945e-03,0.8093,3.9206051826e-01
-0.1570,-0.0006400,0.0000059,0.00001050,0.00000547,-2.6282827854e+00,1.6565665137e-03,0.8103,3.6458563805e-01
-0.1560,-0.0006320,0.0000059,0.00001080,0.00000547,-2.5971717834e+00,1.6565665137e-03,0.8113,3.3347463608e-01
-0.1550,-0.0006260,0.0000058,0.00001100,0.00000546,-2.5737373829e+00,1.4949502656e-03,0.8123,3.1004023552e-01
-0.1540,-0.0006200,0.0000058,0.00001120,0.00000546,-2.5503032207e+00,1.3333339011e-03,0.8133,2.8660607338e-01
-0.1530,-0.0006110,0.0000058,0.00001140,0.00000546,-2.5147476196e+00,1.3333339011e-03,0.8143,2.5105047226e-01
-0.1520,-0.0006050,0.0000057,0.00001160,0.00000546,-2.4913129807e+00,1.1313122232e-03,0.8153,2.2761583328e-01
-0.1510,-0.0005980,0.0000057,0.00001190,0.00000545,-2.4642424583e+00,1.0505049722e-03,0.8163,2.0054531097e-01
-0.1500,-0.0005910,0.0000057,0.00001210,0.00000545,-2.4367675781e+00,9.6969591687e-04,0.8173,1.7307043076e-01
-0.1490,-0.0005840,0.0000057,0.00001230,0.00000545,-2.4092929363e+00,8.4848504048e-04,0.8183,1.4559578896e-01
-0.1480,-0.0005760,0.0000056,0.00001250,0.00000545,-2.3777778149e+00,7.2727235965e-04,0.8193,1.1408066750e-01
-0.1470,-0.0005680,0.0000056,0.00001290,0.00000545,-2.3470706940e+00,6.4646330429e-04,0.8203,8.3373546600e-02
-0.1460,-0.0005610,0.0000056,0.00001310,0.00000545,-2.3195960522e+00,5.6565611158e-04,0.8213,5.5898904800e-02
-0.1450,-0.0005530,0.0000056,0.00001330,0.00000544,-2.2880809307e+00,4.8484702711e-04,0.8223,2.4383783340e-02
-0.1440,-0.0005450,0.0000056,0.00001360,0.00000544,-2.2569696903e+00,4.8484702711e-04,0.8233,6.7274570465e-03
-0.1430,-0.0005380,0.0000055,0.00001380,0.00000544,-2.2294950485e+00,3.6363617983e-04,0.8243,3.4202098846e-02
-0.1420,-0.0005300,0.0000055,0.00001400,0.00000543,-2.1979799271e+00,2.8282895801e-04,0.8253,6.5717220306e-02
-0.1410,-0.0005230,0.0000055,0.00001430,0.00000543,-2.1709091663e+00,2.0201990264e-04,0.8263,9.2787981033e-02
-0.1400,-0.0005140,0.0000055,0.00001460,0.00000543,-2.1357576847e+00,1.2121267355e-04,0.8273,1.2793946266e-01
-0.1390,-0.0005070,0.0000054,0.00001490,0.00000542,-2.1086869240e+00,4.0403614548e-05,0.8283,1.5501022339e-01
-0.1380,-0.0004990,0.0000054,0.00001520,0.00000542,-2.0775759220e+00,-4.0403614548e-05,0.8293,1.8612122536e-01
-0.1370,-0.0004900,0.0000054,0.00001550,0.00000542,-2.0424242020e+00,-8.0807229097e-05,0.8303,2.2127294540e-01
-0.1360,-0.0004830,0.0000054,0.00001580,0.00000542,-2.0153536797e+00,-1.2121267355e-04,0.8313,2.4834346771e-01
-0.1350,-0.0004740,0.0000053,0.00001610,0.00000542,-1.9802020788e+00,-2.8282895801e-04,0.8323,2.8349506855e-01
-0.1340,-0.0004670,0.0000053,0.00001650,0.00000542,-1.9535354376e+00,-3.2323258347e-04,0.8333,3.1016170979e-01
-0.1330,-0.0004590,0.0000053,0.00001670,0.00000541,-1.9220203161e+00,-3.2323258347e-04,0.8343,3.4167683125e-01
-0.1320,-0.0004510,0.0000053,0.00001700,0.00000541,-1.8909091949e+00,-4.4444526429e-04,0.8353,3.7278795242e-01
-0.1310,-0.0004430,0.0000053,0.00001730,0.00000541,-1.8597980738e+00,-4.4444526429e-04,0.8363,4.0389907360e-01
-0.1300,-0.0004340,0.0000053,0.00001760,0.00000541,-1.8246463537e+00,-4.0404163883e-04,0.8373,4.3905079365e-01
-0.1290,-0.0004270,0.0000053,0.00001780,0.00000541,-1.7971715927e+00,-5.2525248611e-04,0.8383,4.6652555466e-01
-0.1280,-0.0004190,0.0000052,0.00001820,0.00000541,-1.7664645910e+00,-6.4646516694e-04,0.8393,4.9723255634e-01
-0.1270,-0.0004100,0.0000053,0.00001850,0.00000541,-1.7313131094e+00,-6.0606154148e-04,0.8403,5.3238403797e-01
-0.1260,-0.0004030,0.0000052,0.00001880,0.00000541,-1.7042424679e+00,-7.2727235965e-04,0.8413,5.5945467949e-01
-0.1250,-0.0003950,0.0000052,0.00001910,0.00000541,-1.6731313467e+00,-8.0808147322e-04,0.8423,5.9056580067e-01
-0.1240,-0.0003870,0.0000052,0.00001950,0.00000541,-1.6424243450e+00,-8.0808147322e-04,0.8433,6.2127280235e-01
-0.1230,-0.0003780,0.0000052,0.00001980,0.00000540,-1.6072727442e+00,-8.0808147322e-04,0.8443,6.5642440319e-01
-0.1220,-0.0003710,0.0000052,0.00002010,0.00000540,-1.5802021027e+00,-8.8889052859e-04,0.8453,6.8349504471e-01
-0.1210,-0.0003620,0.0000052,0.00002050,0.00000540,-1.5454545021e+00,-8.8889052859e-04,0.8463,7.1824264526e-01
-0.1200,-0.0003540,0.0000052,0.00002070,0.00000540,-1.5139393806e+00,-9.6969772130e-04,0.8473,7.4975776672e-01
-0.1190,-0.0003470,0.0000051,0.00002110,0.00000540,-1.4872727394e+00,-1.0505049722e-03,0.8483,7.7642440796e-01
-0.1180,-0.0003390,0.0000051,0.00002140,0.00000540,-1.4561614990e+00,-1.0505049722e-03,0.8493,8.0753564835e-01
-0.1170,-0.0003310,0.0000051,0.00002180,0.00000539,-1.4254544973e+00,-1.0505049722e-03,0.8503,8.3824265003e-01
-0.1160,-0.0003230,0.0000051,0.00002210,0.00000539,-1.3943433762e+00,-1.1717157904e-03,0.8513,8.6935377121e-01
-0.1150,-0.0003150,0.0000051,0.00002250,0.00000539,-1.3636363745e+00,-1.1717157904e-03,0.8523,9.0006077290e-01
-0.1140,-0.0003080,0.0000051,0.00002280,0.00000539,-1.3365656137e+00,-1.2121212203e-03,0.8533,9.2713153362e-01
-0.1130,-0.0003000,0.0000051,0.00002320,0.00000539,-1.3058586121e+00,-1.2525249040e-03,0.8543,9.5783853531e-01
-0.1120,-0.0002920,0.0000051,0.00002350,0.00000539,-1.2747474909e+00,-1.2929284712e-03,0.8553,9.8894965649e-01
-0.1110,-0.0002850,0.0000051,0.00002380,0.00000538,-1.2476767302e+00,-1.2929284712e-03,0.8563,1.0160204172e+00
-0.1100,-0.0002770,0.0000050,0.00002420,0.00000538,-1.2169698477e+00,-1.3737375848e-03,0.8573,1.0467272997e+00
-0.1090,-0.0002700,0.0000050,0.00002460,0.00000538,-1.1903030872e+00,-1.4141411521e-03,0.8583,1.0733940601e+00
-0.1080,-0.0002620,0.0000050,0.00002490,0.00000538,-1.1591918468e+00,-1.3737375848e-03,0.8593,1.1045053005e+00
-0.1070,-0.0002550,0.0000050,0.00002520,0.00000538,-1.1321210861e+00,-1.3737375848e-03,0.8603,1.1315760612e+00
-0.1060,-0.0002470,0.0000050,0.00002560,0.00000538,-1.1014140844e+00,-1.4545447193e-03,0.8613,1.1622830629e+00
-0.1050,-0.0002400,0.0000050,0.00002600,0.00000538,-1.0747474432e+00,-1.4545447193e-03,0.8623,1.1889497042e+00
-0.1040,-0.0002330,0.0000050,0.00002630,0.00000538,-1.0476768017e+00,-1.4141411521e-03,0.8633,1.2160203457e+00
-0.1030,-0.0002250,0.0000050,0.00002670,0.00000538,-1.0169696808e+00,-1.3333339011e-03,0.8643,1.2467274666e+00
-0.1020,-0.0002190,0.0000050,0.00002720,0.00000537,-9.9474740028e-01,-1.4949502656e-03,0.8653,1.2689497471e+00
-0.1010,-0.0002130,0.0000051,0.00002740,0.00000537,-9.7131317854e-01,-1.1717176531e-03,0.8663,1.2923839092e+00
-0.1000,-0.0002050,0.0000050,0.00002770,0.00000537,-9.4020199776e-01,-1.4949502656e-03,0.8673,1.3234951496e+00
-0.0990,-0.0001990,0.0000050,0.00002810,0.00000537,-9.1757577658e-01,-1.5353538329e-03,0.8683,1.3461213112e+00
-0.0980,-0.0001920,0.0000050,0.00002840,0.00000537,-8.9050507545e-01,-1.5353538329e-03,0.8693,1.3731920719e+00
-0.0970,-0.0001860,0.0000050,0.00002880,0.00000537,-8.6787879467e-01,-1.5353538329e-03,0.8703,1.3958183527e+00
-0.0960,-0.0001790,0.0000050,0.00002920,0.00000537,-8.4121209383e-01,-1.5353538329e-03,0.8713,1.4224851131e+00
-0.0950,-0.0001730,0.0000050,0.00002950,0.00000537,-8.1818181276e-01,-1.5757574001e-03,0.8723,1.4455153942e+00
-0.0940,-0.0001670,0.0000050,0.00002980,0.00000536,-7.9515153170e-01,-1.5757574001e-03,0.8733,1.4685456753e+00
-0.0930,-0.0001610,0.0000050,0.00003010,0.00000536,-7.7212119102e-01,-1.5757574001e-03,0.8743,1.4915759563e+00
-0.0920,-0.0001550,0.0000050,0.00003050,0.00000536,-7.4949496984e-01,-1.5757574001e-03,0.8753,1.5142021179e+00
-0.0910,-0.0001490,0.0000050,0.00003080,0.00000536,-7.2646462917e-01,-1.6161629464e-03,0.8763,1.5372325182e+00
-0.0900,-0.0001430,0.0000050,0.00003110,0.00000536,-7.0343434811e-01,-1.5353538329e-03,0.8773,1.5602627993e+00
-0.0890,-0.0001380,0.0000050,0.00003150,0.00000536,-6.8484854698e-01,-1.5757574001e-03,0.8783,1.5788486004e+00
-0.0880,-0.0001330,0.0000049,0.00003170,0.00000536,-6.6545456648e-01,-1.6565665137e-03,0.8793,1.5982425213e+00
-0.0870,-0.0001270,0.0000049,0.00003200,0.00000536,-6.4242428541e-01,-1.6565665137e-03,0.8803,1.6212728024e+00
-0.0860,-0.0001220,0.0000051,0.00003240,0.00000535,-6.2383836508e-01,-9.6969591687e-04,0.8813,1.6398587227e+00
-0.0850,-0.0001170,0.0000050,0.00003270,0.00000535,-6.0484850407e-01,-1.3333321549e-03,0.8823,1.6588486433e+00
-0.0840,-0.0001120,0.0000049,0.00003290,0.00000535,-5.8545452356e-01,-1.6161610838e-03,0.8833,1.6782426834e+00
-0.0830,-0.0001070,0.0000049,0.00003330,0.00000534,-5.6686866283e-01,-1.5757574001e-03,0.8843,1.6968284845e+00
-0.0820,-0.0001020,0.0000049,0.00003350,0.00000534,-5.4747474194e-01,-1.5757574001e-03,0.8853,1.7162224054e+00
-0.0810,-0.0000970,0.0000050,0.00003380,0.00000534,-5.2848482132e-01,-1.4949484030e-03,0.8863,1.7352123260e+00
-0.0800,-0.0000928,0.0000050,0.00003410,0.00000534,-5.1272732019e-01,-1.4545447193e-03,0.8873,1.7509698868e+00
-0.0790,-0.0000881,0.0000050,0.00003440,0.00000534,-4.9494948983e-01,-1.4949484030e-03,0.8883,1.7687476873e+00
-0.0780,-0.0000838,0.0000049,0.00003470,0.00000534,-4.7878786922e-01,-1.6565646511e-03,0.8893,1.7849092484e+00
-0.0770,-0.0000795,0.0000049,0.00003500,0.00000534,-4.6262624860e-01,-1.6565646511e-03,0.8903,1.8010709286e+00
-0.0760,-0.0000753,0.0000049,0.00003520,0.00000534,-4.4646462798e-01,-1.6565646511e-03,0.8913,1.8172324896e+00
-0.0750,-0.0000715,0.0000049,0.00003540,0.00000534,-4.3191918731e-01,-1.6565646511e-03,0.8923,1.8317779303e+00
-0.0740,-0.0000674,0.0000049,0.00003570,0.00000534,-4.1656565666e-01,-1.6565646511e-03,0.8933,1.8471314907e+00
-0.0730,-0.0000636,0.0000049,0.00003600,0.00000533,-4.0242424607e-01,-1.6161610838e-03,0.8943,1.8612729311e+00
-0.0720,-0.0000600,0.0000049,0.00003620,0.00000533,-3.8868686557e-01,-1.6565665137e-03,0.8953,1.8750102520e+00
-0.0710,-0.0000562,0.0000049,0.00003640,0.00000533,-3.7414142489e-01,-1.6565665137e-03,0.8963,1.8895556927e+00
-0.0700,-0.0000527,0.0000049,0.00003670,0.00000533,-3.6121210456e-01,-1.6161610838e-03,0.8973,1.9024850130e+00
-0.0690,-0.0000493,0.0000049,0.00003690,0.00000533,-3.4828284383e-01,-1.5353538329e-03,0.8983,1.9154143333e+00
-0.0680,-0.0000460,0.0000049,0.00003710,0.00000533,-3.3575758338e-01,-1.5757574001e-03,0.8993,1.9279395342e+00
-0.0670,-0.0000427,0.0000049,0.00003730,0.00000533,-3.2323232293e-01,-1.5757574001e-03,0.9003,1.9404648542e+00
-0.0660,-0.0000397,0.0000049,0.00003750,0.00000533,-3.1191921234e-01,-1.5757574001e-03,0.9013,1.9517779350e+00
-0.0650,-0.0000366,0.0000049,0.00003770,0.00000532,-3.0020201206e-01,-1.4949502656e-03,0.9023,1.9634951353e+00
-0.0640,-0.0000336,0.0000049,0.00003800,0.00000532,-2.8929293156e-01,-1.5353538329e-03,0.9033,1.9744042158e+00
-0.0630,-0.0000308,0.0000049,0.00003810,0.00000532,-2.7838385105e-01,-1.5353538329e-03,0.9043,1.9853132963e+00
-0.0620,-0.0000281,0.0000049,0.00003830,0.00000532,-2.6828280091e-01,-1.5353538329e-03,0.9053,1.9954143763e+00
-0.0610,-0.0000254,0.0000049,0.00003850,0.00000532,-2.5818181038e-01,-1.5353538329e-03,0.9063,2.0055153370e+00
-0.0600,-0.0000228,0.0000049,0.00003870,0.00000532,-2.4848484993e-01,-1.5353538329e-03,0.9073,2.0152122974e+00
-0.0590,-0.0000204,0.0000049,0.00003890,0.00000532,-2.3959594965e-01,-1.5757574001e-03,0.9083,2.0241012573e+00
-0.0580,-0.0000179,0.0000049,0.00003920,0.00000532,-2.3070704937e-01,-1.6161629464e-03,0.9093,2.0329899788e+00
-0.0570,-0.0000156,0.0000049,0.00003940,0.00000531,-2.2222222388e-01,-1.5353519702e-03,0.9103,2.0414748192e+00
-0.0560,-0.0000135,0.0000049,0.00003950,0.00000531,-2.1414139867e-01,-1.5353519702e-03,0.9113,2.0495557785e+00
-0.0550,-0.0000113,0.0000049,0.00003970,0.00000531,-2.0606058836e-01,-1.5353519702e-03,0.9123,2.0576364994e+00
-0.0540,-0.0000091,0.0000049,0.00003990,0.00000531,-1.9802019000e-01,-1.5353519702e-03,0.9133,2.0656769276e+00
-0.0530,-0.0000071,0.0000049,0.00004000,0.00000531,-1.9038382173e-01,-1.5353519702e-03,0.9143,2.0733132362e+00
-0.0520,-0.0000051,0.0000049,0.00004020,0.00000531,-1.8286867440e-01,-1.5353519702e-03,0.9153,2.0808284283e+00
-0.0510,-0.0000031,0.0000049,0.00004040,0.00000531,-1.7575754225e-01,-1.5757574001e-03,0.9163,2.0879395008e+00
-0.0500,-0.0000014,0.0000049,0.00004050,0.00000530,-1.6917170584e-01,-1.5353538329e-03,0.9173,2.0945253372e+00
-0.0490,0.0000004,0.0000049,0.00004060,0.00000530,-1.6224645078e-01,-1.5353538329e-03,0.9183,2.1014506817e+00
-0.0480,0.0000021,0.0000049,0.00004080,0.00000530,-1.5648484230e-01,-1.5353538329e-03,0.9193,2.1072123051e+00
-0.0470,0.0000037,0.0000049,0.00004090,0.00000530,-1.5026260912e-01,-1.5353538329e-03,0.9203,2.1134345531e+00
-0.0460,0.0000053,0.0000049,0.00004110,0.00000530,-1.4452524483e-01,-1.5353538329e-03,0.9213,2.1191718578e+00
-0.0450,0.0000069,0.0000049,0.00004120,0.00000530,-1.3870705664e-01,-1.5353538329e-03,0.9223,2.1249899864e+00
-0.0440,0.0000083,0.0000049,0.00004140,0.00000530,-1.3389897346e-01,-1.5353538329e-03,0.9233,2.1297981739e+00
-0.0430,0.0000096,0.0000049,0.00004150,0.00000529,-1.2876766920e-01,-1.4949502656e-03,0.9243,2.1349294186e+00
-0.0420,0.0000110,0.0000049,0.00004170,0.00000529,-1.2404040247e-01,-1.4949502656e-03,0.9253,2.1396567822e+00
-0.0410,0.0000124,0.0000049,0.00004180,0.00000529,-1.1878787726e-01,-1.4949502656e-03,0.9263,2.1449093819e+00
-0.0400,0.0000136,0.0000049,0.00004190,0.00000529,-1.1434341967e-01,-1.4949502656e-03,0.9273,2.1493537426e+00
-0.0390,0.0000148,0.0000049,0.00004210,0.00000529,-1.1030302197e-01,-1.4949502656e-03,0.9283,2.1533942223e+00
-0.0380,0.0000160,0.0000049,0.00004220,0.00000529,-1.0585858673e-01,-1.4949502656e-03,0.9293,2.1578385830e+00
-0.0370,0.0000170,0.0000049,0.00004230,0.00000529,-1.0222220421e-01,-1.4949502656e-03,0.9303,2.1614749432e+00
-0.0360,0.0000181,0.0000049,0.00004240,0.00000529,-9.8181806505e-02,-1.4949502656e-03,0.9313,2.1655154228e+00
-0.0350,0.0000192,0.0000049,0.00004250,0.00000529,-9.4141401350e-02,-1.4949502656e-03,0.9323,2.1695556641e+00
-0.0340,0.0000201,0.0000049,0.00004260,0.00000529,-9.0909086168e-02,-1.4949502656e-03,0.9333,2.1727881432e+00
-0.0330,0.0000211,0.0000049,0.00004270,0.00000528,-8.7272725999e-02,-1.4949502656e-03,0.9343,2.1764245033e+00
-0.0320,0.0000222,0.0000049,0.00004290,0.00000528,-8.3636350930e-02,-1.4545465820e-03,0.9353,2.1800608635e+00
-0.0310,0.0000229,0.0000049,0.00004300,0.00000528,-8.1212118268e-02,-1.4949502656e-03,0.9363,2.1824851036e+00
-0.0300,0.0000237,0.0000049,0.00004300,0.00000528,-7.7979788184e-02,-1.4949502656e-03,0.9373,2.1857173443e+00
-0.0290,0.0000247,0.0000049,0.00004320,0.00000528,-7.4747473001e-02,-1.4949502656e-03,0.9383,2.1889495850e+00
-0.0280,0.0000254,0.0000049,0.00004330,0.00000528,-7.2323217988e-02,-1.4949502656e-03,0.9393,2.1913738251e+00
-0.0270,0.0000261,0.0000049,0.00004340,0.00000528,-6.9898977876e-02,-1.4949502656e-03,0.9403,2.1937980652e+00
-0.0260,0.0000269,0.0000049,0.00004350,0.00000528,-6.7070700228e-02,-1.4949502656e-03,0.9413,2.1966264248e+00
-0.0250,0.0000276,0.0000049,0.00004360,0.00000528,-6.4646467566e-02,-1.4545465820e-03,0.9423,2.1990506649e+00
-0.0240,0.0000282,0.0000049,0.00004360,0.00000528,-6.2222216278e-02,-1.4949502656e-03,0.9433,2.2014749050e+00
-0.0230,0.0000289,0.0000049,0.00004380,0.00000527,-6.0202006251e-02,-1.4545465820e-03,0.9443,2.2034950256e+00
-0.0220,0.0000296,0.0000049,0.00004390,0.00000527,-5.7777766138e-02,-1.4545465820e-03,0.9453,2.2059192657e+00
-0.0210,0.0000302,0.0000049,0.00004400,0.00000527,-5.5757563561e-02,-1.4545465820e-03,0.9463,2.2079396248e+00
-0.0200,0.0000308,0.0000049,0.00004410,0.00000527,-5.3737360984e-02,-1.4545465820e-03,0.9473,2.2099597454e+00
-0.0190,0.0000314,0.0000049,0.00004420,0.00000527,-5.1717158407e-02,-1.4545465820e-03,0.9483,2.2119801044e+00
-0.0180,0.0000319,0.0000049,0.00004420,0.00000527,-4.9696955830e-02,-1.4545465820e-03,0.9493,2.2140002251e+00
-0.0170,0.0000325,0.0000049,0.00004440,0.00000526,-4.8080794513e-02,-1.4141411521e-03,0.9503,2.2156164646e+00
-0.0160,0.0000328,0.0000049,0.00004450,0.00000526,-4.7272723168e-02,-1.4141411521e-03,0.9513,2.2164244652e+00
-0.0150,0.0000335,0.0000049,0.00004450,0.00000526,-4.4444434345e-02,-1.4141411521e-03,0.9523,2.2192528248e+00
-0.0140,0.0000339,0.0000049,0.00004460,0.00000526,-4.3232318014e-02,-1.4141411521e-03,0.9533,2.2204649448e+00
-0.0130,0.0000345,0.0000049,0.00004480,0.00000526,-4.1616145521e-02,-1.4141411521e-03,0.9543,2.2220809460e+00
-0.0120,0.0000348,0.0000049,0.00004480,0.00000526,-4.0404029191e-02,-1.4141411521e-03,0.9553,2.2232930660e+00
-0.0110,0.0000352,0.0000049,0.00004480,0.00000526,-3.8787867874e-02,-1.4141411521e-03,0.9563,2.2249093056e+00
-0.0100,0.0000356,0.0000049,0.00004500,0.00000526,-3.7979796529e-02,-1.4141411521e-03,0.9573,2.2257173061e+00
-0.0090,0.0000360,0.0000049,0.00004510,0.00000526,-3.6767665297e-02,-1.4141411521e-03,0.9583,2.2269294262e+00
-0.0080,0.0000364,0.0000049,0.00004510,0.00000525,-3.5151507705e-02,-1.3737375848e-03,0.9593,2.2285456657e+00
-0.0070,0.0000368,0.0000049,0.00004520,0.00000525,-3.3939376473e-02,-1.3737375848e-03,0.9603,2.2297577858e+00
-0.0060,0.0000372,0.0000049,0.00004540,0.00000525,-3.3131305128e-02,-1.3737375848e-03,0.9613,2.2305657864e+00
-0.0050,0.0000374,0.0000049,0.00004540,0.00000525,-3.2323218882e-02,-1.4141411521e-03,0.9623,2.2313740253e+00
-0.0040,0.0000378,0.0000049,0.00004550,0.00000524,-3.1111104414e-02,-1.3333339011e-03,0.9633,2.2325861454e+00
-0.0030,0.0000382,0.0000049,0.00004560,0.00000524,-2.9898988083e-02,-1.3737375848e-03,0.9643,2.2337982655e+00
-0.0020,0.0000384,0.0000049,0.00004560,0.00000524,-2.9090899974e-02,-1.3737375848e-03,0.9653,2.2346062660e+00
-0.0010,0.0000387,0.0000049,0.00004570,0.00000524,-2.8282813728e-02,-1.3737375848e-03,0.9663,2.2354142666e+00
0.0000,0.0000396,0.0000049,0.00004610,0.00000524,-2.6262626052e-02,-1.3333339011e-03,0.9673,2.2374346256e+00
0.0010,0.0000394,0.0000049,0.00004600,0.00000524,-2.6666654274e-02,-1.3333339011e-03,0.9683,2.2370305061e+00
0.0020,0.0000396,0.0000049,0.00004600,0.00000524,-2.5858582929e-02,-1.3737375848e-03,0.9693,2.2378385067e+00
0.0030,0.0000399,0.0000049,0.00004610,0.00000523,-2.5050509721e-02,-1.2929303339e-03,0.9703,2.2386467457e+00
0.0040,0.0000402,0.0000049,0.00004610,0.00000523,-2.3838380352e-02,-1.3333339011e-03,0.9713,2.2398588657e+00
0.0050,0.0000404,0.0000049,0.00004620,0.00000523,-2.3434335366e-02,-1.3333339011e-03,0.9723,2.2402627468e+00
0.0060,0.0000407,0.0000049,0.00004630,0.00000523,-2.2626249120e-02,-1.3333339011e-03,0.9733,2.2410709858e+00
0.0070,0.0000410,0.0000049,0.00004640,0.00000523,-2.1818177775e-02,-1.3737375848e-03,0.9743,2.2418789864e+00
0.0080,0.0000411,0.0000049,0.00004640,0.00000523,-2.1414132789e-02,-1.3737375848e-03,0.9753,2.2422831059e+00
0.0090,0.0000414,0.0000049,0.00004650,0.00000523,-2.0606061444e-02,-1.3333339011e-03,0.9763,2.2430911064e+00
0.0100,0.0000418,0.0000049,0.00004660,0.00000522,-1.9393915311e-02,-1.3333321549e-03,0.9773,2.2443032265e+00
0.0110,0.0000419,0.0000049,0.00004660,0.00000522,-1.8989887089e-02,-1.3333321549e-03,0.9783,2.2447073460e+00
0.0120,0.0000421,0.0000049,0.00004670,0.00000522,-1.8585843965e-02,-1.2929284712e-03,0.9793,2.2451112270e+00
0.0130,0.0000424,0.0000049,0.00004680,0.00000522,-1.7777770758e-02,-1.2929284712e-03,0.9803,2.2459194660e+00
0.0140,0.0000425,0.0000049,0.00004690,0.00000522,-1.7777770758e-02,-1.2929284712e-03,0.9813,2.2459194660e+00
0.0150,0.0000428,0.0000049,0.00004700,0.00000522,-1.6969699413e-02,-1.2929284712e-03,0.9823,2.2467274666e+00
0.0160,0.0000429,0.0000049,0.00004700,0.00000522,-1.6565656289e-02,-1.3333321549e-03,0.9833,2.2471315861e+00
0.0170,0.0000430,0.0000049,0.00004710,0.00000522,-1.6565641388e-02,-1.3333321549e-03,0.9843,2.2471315861e+00
0.0180,0.0000435,0.0000049,0.00004720,0.00000522,-1.4949481003e-02,-1.3333321549e-03,0.9853,2.2487475872e+00
0.0190,0.0000437,0.0000049,0.00004730,0.00000522,-1.4545437880e-02,-1.3333321549e-03,0.9863,2.2491517067e+00
0.0200,0.0000438,0.0000049,0.00004740,0.00000522,-1.4545451850e-02,-1.3737375848e-03,0.9873,2.2491517067e+00
0.0210,0.0000440,0.0000049,0.00004740,0.00000522,-1.3737365603e-02,-1.3737375848e-03,0.9883,2.2499597073e+00
0.0220,0.0000441,0.0000049,0.00004750,0.00000522,-1.3737365603e-02,-1.3737375848e-03,0.9893,2.2499597073e+00
0.0230,0.0000443,0.0000049,0.00004760,0.00000521,-1.3333321549e-02,-1.3333339011e-03,0.9903,2.2503638268e+00
0.0240,0.0000445,0.0000049,0.00004760,0.00000521,-1.2525234371e-02,-1.3333339011e-03,0.9913,2.2511718273e+00
0.0250,0.0000447,0.0000049,0.00004780,0.00000521,-1.2525249273e-02,-1.3333339011e-03,0.9923,2.2511718273e+00
0.0260,0.0000449,0.0000049,0.00004780,0.00000521,-1.1717162095e-02,-1.3333339011e-03,0.9933,2.2519800663e+00
0.0270,0.0000450,0.0000049,0.00004790,0.00000521,-1.1717162095e-02,-1.3737375848e-03,0.9943,2.2519800663e+00
0.0280,0.0000452,0.0000049,0.00004800,0.00000520,-1.1313133873e-02,-1.3333339011e-03,0.9953,2.2523839474e+00
0.0290,0.0000454,0.0000049,0.00004800,0.00000520,-1.0505046695e-02,-1.3333339011e-03,0.9963,2.2531921864e+00
0.0300,0.0000454,0.0000049,0.00004810,0.00000520,-1.0909075849e-02,-1.3333339011e-03,0.9973,2.2527880669e+00
0.0310,0.0000458,0.0000049,0.00004820,0.00000520,-9.6969595179e-03,-1.3333339011e-03,0.9983,2.2540001869e+00
0.0320,0.0000458,0.0000049,0.00004830,0.00000520,-1.0101003572e-02,-1.3333339011e-03,0.9993,2.2535960674e+00
0.0330,0.0000460,0.0000049,0.00004840,0.00000520,-9.6969595179e-03,-1.3333339011e-03,1.0003,2.2540001869e+00
0.0340,0.0000462,0.0000049,0.00004840,0.00000520,-8.8888872415e-03,-1.3333339011e-03,1.0013,2.2548081875e+00
0.0350,0.0000463,0.0000049,0.00004850,0.00000520,-8.8888732716e-03,-1.3333339011e-03,1.0023,2.2548081875e+00
0.0360,0.0000465,0.0000049,0.00004860,0.00000520,-8.4848292172e-03,-1.3333339011e-03,1.0033,2.2552123070e+00
0.0370,0.0000467,0.0000049,0.00004870,0.00000519,-8.0808009952e-03,-1.2929303339e-03,1.0043,2.2556164265e+00
0.0380,0.0000468,0.0000049,0.00004880,0.00000519,-8.0808009952e-03,-1.2929303339e-03,1.0053,2.2556164265e+00
0.0390,0.0000471,0.0000049,0.00004890,0.00000519,-7.2727287188e-03,-1.2929303339e-03,1.0063,2.2564244270e+00
0.0400,0.0000470,0.0000049,0.00004890,0.00000519,-7.6767574064e-03,-1.2929303339e-03,1.0073,2.2560203075e+00
0.0410,0.0000472,0.0000049,0.00004900,0.00000519,-7.2727142833e-03,-1.3333339011e-03,1.0083,2.2564244270e+00
0.0420,0.0000474,0.0000049,0.00004910,0.00000519,-6.8686706945e-03,-1.3333339011e-03,1.0093,2.2568285465e+00
0.0430,0.0000475,0.0000049,0.00004920,0.00000519,-6.8686706945e-03,-1.3333339011e-03,1.0103,2.2568285465e+00
0.0440,0.0000477,0.0000049,0.00004930,0.00000519,-6.4646420069e-03,-1.3737375848e-03,1.0113,2.2572324276e+00
0.0450,0.0000479,0.0000049,0.00004940,0.00000519,-6.0605984181e-03,-1.3333339011e-03,1.0123,2.2576365471e+00
0.0460,0.0000480,0.0000049,0.00004940,0.00000518,-5.6565548293e-03,-1.2929284712e-03,1.0133,2.2580406666e+00
0.0470,0.0000481,0.0000049,0.00004950,0.00000518,-5.6565548293e-03,-1.2929284712e-03,1.0143,2.2580406666e+00
0.0480,0.0000483,0.0000049,0.00004960,0.00000518,-5.2525112405e-03,-1.2929284712e-03,1.0153,2.2584445477e+00
0.0490,0.0000484,0.0000049,0.00004970,0.00000518,-5.2525112405e-03,-1.3333321549e-03,1.0163,2.2584445477e+00
0.0500,0.0000486,0.0000049,0.00004980,0.00000517,-4.8484825529e-03,-1.2929284712e-03,1.0173,2.2588486671e+00
0.0510,0.0000487,0.0000049,0.00004990,0.00000517,-4.8484825529e-03,-1.2929284712e-03,1.0183,2.2588486671e+00
0.0520,0.0000489,0.0000049,0.00005000,0.00000517,-4.4444245286e-03,-1.2929284712e-03,1.0193,2.2592527866e+00
0.0530,0.0000490,0.0000049,0.00005000,0.00000517,-4.0403958410e-03,-1.2929284712e-03,1.0203,2.2596566677e+00
0.0540,0.0000491,0.0000049,0.00005010,0.00000517,-4.0403958410e-03,-1.2929284712e-03,1.0213,2.2596566677e+00
0.0550,0.0000493,0.0000049,0.00005020,0.00000517,-3.6363520194e-03,-1.2929284712e-03,1.0223,2.2600607872e+00
0.0560,0.0000493,0.0000049,0.00005030,0.00000517,-4.0403958410e-03,-1.2929284712e-03,1.0233,2.2596566677e+00
0.0570,0.0000496,0.0000049,0.00005040,0.00000517,-3.2323230989e-03,-1.2929284712e-03,1.0243,2.2604649067e+00
0.0580,0.0000497,0.0000049,0.00005050,0.00000516,-3.2323084306e-03,-1.2525249040e-03,1.0253,2.2604649067e+00
0.0590,0.0000498,0.0000048,0.00005050,0.00000516,-2.8282650746e-03,-1.2929284712e-03,1.0263,2.2608687878e+00
0.0600,0.0000500,0.0000048,0.00005060,0.00000516,-2.4242361542e-03,-1.2929284712e-03,1.0273,2.2612729073e+00
0.0610,0.0000501,0.0000048,0.00005070,0.00000516,-2.4242361542e-03,-1.2929284712e-03,1.0283,2.2612729073e+00
0.0620,0.0000502,0.0000048,0.00005080,0.00000516,-2.4242361542e-03,-1.2929284712e-03,1.0293,2.2612729073e+00
0.0630,0.0000504,0.0000048,0.00005090,0.00000515,-2.0201778971e-03,-1.2525249040e-03,1.0303,2.2616770267e+00
0.0640,0.0000505,0.0000048,0.00005100,0.00000515,-2.0201927982e-03,-1.2929303339e-03,1.0313,2.2616770267e+00
0.0650,0.0000506,0.0000048,0.00005110,0.00000515,-2.0201927982e-03,-1.2929303339e-03,1.0323,2.2616770267e+00
0.0660,0.0000508,0.0000048,0.00005110,0.00000514,-1.2121057371e-03,-1.2929303339e-03,1.0333,2.2624850273e+00
0.0670,0.0000507,0.0000048,0.00005130,0.00000514,-2.4242361542e-03,-1.2929303339e-03,1.0343,2.2612729073e+00
0.0680,0.0000512,0.0000048,0.00005140,0.00000514,-8.0806226470e-04,-1.2929303339e-03,1.0353,2.2628891468e+00
0.0690,0.0000512,0.0000048,0.00005140,0.00000514,-8.0806226470e-04,-1.2929303339e-03,1.0363,2.2628891468e+00
0.0700,0.0000513,0.0000048,0.00005160,0.00000514,-1.2121057371e-03,-1.2929303339e-03,1.0373,2.2624850273e+00
0.0710,0.0000515,0.0000048,0.00005170,0.00000514,-8.0807693303e-04,-1.2929303339e-03,1.0383,2.2628891468e+00
0.0720,0.0000515,0.0000048,0.00005170,0.00000514,-8.0807693303e-04,-1.2929303339e-03,1.0393,2.2628891468e+00
0.0730,0.0000517,0.0000048,0.00005180,0.00000514,-4.0403346065e-04,-1.2929303339e-03,1.0403,2.2632930279e+00
0.0740,0.0000519,0.0000048,0.00005190,0.00000515,9.9999999392e-09,-1.3333339011e-03,1.0413,2.2636971474e+00
0.0750,0.0000520,0.0000048,0.00005200,0.00000514,9.9999999392e-09,-1.3333339011e-03,1.0423,2.2636971474e+00
0.0760,0.0000521,0.0000048,0.00005210,0.00000514,9.9999999392e-09,-1.3333339011e-03,1.0433,2.2636971474e+00
0.0770,0.0000523,0.0000048,0.00005220,0.00000514,4.0405348409e-04,-1.3333339011e-03,1.0443,2.2641012669e+00
0.0780,0.0000524,0.0000048,0.00005230,0.00000514,4.0403878666e-04,-1.3333339011e-03,1.0453,2.2641012669e+00
0.0790,0.0000526,0.0000048,0.00005240,0.00000514,8.0809695646e-04,-1.3333339011e-03,1.0463,2.2645051479e+00
0.0800,0.0000526,0.0000048,0.00005250,0.00000513,4.0405348409e-04,-1.3333321549e-03,1.0473,2.2641012669e+00
0.0810,0.0000528,0.0000048,0.00005260,0.00000514,8.0808228813e-04,-1.3737375848e-03,1.0483,2.2645051479e+00
0.0820,0.0000530,0.0000048,0.00005270,0.00000513,1.2121257605e-03,-1.3333321549e-03,1.0493,2.2649092674e+00
0.0830,0.0000531,0.0000048,0.00005290,0.00000513,8.0809695646e-04,-1.2929284712e-03,1.0503,2.2645051479e+00
0.0840,0.0000533,0.0000048,0.00005290,0.00000513,1.6161692329e-03,-1.2929284712e-03,1.0513,2.2653133869e+00
0.0850,0.0000533,0.0000048,0.00005300,0.00000513,1.2121257605e-03,-1.2929284712e-03,1.0523,2.2649092674e+00
0.0860,0.0000535,0.0000048,0.00005310,0.00000512,1.6161692329e-03,-1.2929284712e-03,1.0533,2.2653133869e+00
0.0870,0.0000537,0.0000048,0.00005320,0.00000512,2.0202128217e-03,-1.2929284712e-03,1.0543,2.2657172680e+00
0.0880,0.0000538,0.0000048,0.00005330,0.00000512,2.0202128217e-03,-1.2929284712e-03,1.0553,2.2657172680e+00
0.0890,0.0000540,0.0000048,0.00005350,0.00000512,2.0202128217e-03,-1.2929284712e-03,1.0563,2.2657172680e+00
0.0900,0.0000542,0.0000048,0.00005360,0.00000512,2.4242561776e-03,-1.2929284712e-03,1.0573,2.2661213875e+00
0.0910,0.0000542,0.0000048,0.00005360,0.00000511,2.4242561776e-03,-1.2929303339e-03,1.0583,2.2661213875e+00
0.0920,0.0000543,0.0000048,0.00005380,0.00000511,2.0202128217e-03,-1.2929303339e-03,1.0593,2.2657172680e+00
0.0930,0.0000546,0.0000048,0.00005390,0.00000511,2.8282997664e-03,-1.2929303339e-03,1.0603,2.2665255070e+00
0.0940,0.0000547,0.0000048,0.00005400,0.00000511,2.8282997664e-03,-1.2929303339e-03,1.0613,2.2665255070e+00
0.0950,0.0000548,0.0000048,0.00005410,0.00000511,2.8282850981e-03,-1.2525249040e-03,1.0623,2.2665255070e+00
0.0960,0.0000551,0.0000048,0.00005420,0.00000511,3.6363720428e-03,-1.2929303339e-03,1.0633,2.2673335075e+00
0.0970,0.0000551,0.0000048,0.00005430,0.00000511,3.2323431224e-03,-1.2525249040e-03,1.0643,2.2669293880e+00
0.0980,0.0000553,0.0000048,0.00005440,0.00000511,3.6363720428e-03,-1.2929303339e-03,1.0653,2.2673335075e+00
0.0990,0.0000555,0.0000048,0.00005460,0.00000510,3.6363720428e-03,-1.2525267666e-03,1.0663,2.2673335075e+00
0.1000,0.0000554,0.0000048,0.00005470,0.00000510,2.8282850981e-03,-1.2525267666e-03,1.0673,2.2665255070e+00
0.1010,0.0000559,0.0000048,0.00005480,0.00000510,4.4444585219e-03,-1.2525267666e-03,1.0683,2.2681415081e+00
0.1020,0.0000561,0.0000048,0.00005500,0.00000510,4.4444585219e-03,-1.2525267666e-03,1.0693,2.2681415081e+00
0.1030,0.0000561,0.0000048,0.00005520,0.00000510,3.6363867112e-03,-1.2525267666e-03,1.0703,2.2673335075e+00
0.1040,0.0000563,0.0000048,0.00005510,0.00000510,4.8484876752e-03,-1.2525267666e-03,1.0713,2.2685456276e+00
0.1050,0.0000564,0.0000048,0.00005530,0.00000510,4.4444585219e-03,-1.2525267666e-03,1.0723,2.2681415081e+00
0.1060,0.0000565,0.0000048,0.00005540,0.00000510,4.4444585219e-03,-1.2525267666e-03,1.0733,2.2681415081e+00
0.1070,0.0000568,0.0000048,0.00005550,0.00000510,5.2525307983e-03,-1.2525267666e-03,1.0743,2.2689497471e+00
0.1080,0.0000568,0.0000048,0.00005560,0.00000510,4.8484876752e-03,-1.2929303339e-03,1.0753,2.2685456276e+00
0.1090,0.0000570,0.0000048,0.00005580,0.00000509,4.8485021107e-03,-1.2525249040e-03,1.0763,2.2685456276e+00
0.1100,0.0000572,0.0000048,0.00005590,0.00000510,5.2525307983e-03,-1.2929303339e-03,1.0773,2.2689497471e+00
0.1110,0.0000573,0.0000048,0.00005600,0.00000509,5.2525307983e-03,-1.2525249040e-03,1.0783,2.2689497471e+00
0.1120,0.0000575,0.0000048,0.00005610,0.00000509,5.6565743871e-03,-1.2525249040e-03,1.0793,2.2693536282e+00
0.1130,0.0000577,0.0000048,0.00005630,0.00000509,5.6565743871e-03,-1.2525249040e-03,1.0803,2.2693536282e+00
0.1140,0.0000579,0.0000048,0.00005640,0.00000509,6.0606179759e-03,-1.2929284712e-03,1.0813,2.2697577477e+00
0.1150,0.0000580,0.0000048,0.00005650,0.00000509,6.0606179759e-03,-1.2929284712e-03,1.0823,2.2697577477e+00
0.1160,0.0000583,0.0000048,0.00005670,0.00000509,6.4646615647e-03,-1.2929284712e-03,1.0833,2.2701618671e+00
0.1170,0.0000583,0.0000048,0.00005670,0.00000508,6.4646615647e-03,-1.2525249040e-03,1.0843,2.2701618671e+00
0.1180,0.0000585,0.0000048,0.00005690,0.00000508,6.4646615647e-03,-1.2525249040e-03,1.0853,2.2701618671e+00
0.1190,0.0000588,0.0000048,0.00005710,0.00000508,6.8687046878e-03,-1.2525249040e-03,1.0863,2.2705657482e+00
0.1200,0.0000589,0.0000048,0.00005720,0.00000508,6.8687046878e-03,-1.2929284712e-03,1.0873,2.2705657482e+00
0.1210,0.0000591,0.0000048,0.00005740,0.00000508,6.8686902523e-03,-1.2929284712e-03,1.0883,2.2705657482e+00
0.1220,0.0000593,0.0000048,0.00005760,0.00000508,6.8687046878e-03,-1.2929284712e-03,1.0893,2.2705657482e+00
0.1230,0.0000595,0.0000048,0.00005760,0.00000508,7.6767769642e-03,-1.2929284712e-03,1.0903,2.2713739872e+00
0.1240,0.0000597,0.0000047,0.00005780,0.00000508,7.6767769642e-03,-1.3333339011e-03,1.0913,2.2713739872e+00
0.1250,0.0000599,0.0000048,0.00005800,0.00000508,7.6767769642e-03,-1.2929284712e-03,1.0923,2.2713739872e+00
0.1260,0.0000600,0.0000048,0.00005810,0.00000508,7.6767769642e-03,-1.2929284712e-03,1.0933,2.2713739872e+00
0.1270,0.0000603,0.0000047,0.00005820,0.00000507,8.4848646075e-03,-1.2929303339e-03,1.0943,2.2721819878e+00
0.1280,0.0000604,0.0000047,0.00005840,0.00000507,8.0808214843e-03,-1.2929303339e-03,1.0953,2.2717778683e+00
0.1290,0.0000606,0.0000047,0.00005860,0.00000506,8.0808214843e-03,-1.2525267666e-03,1.0963,2.2717778683e+00
0.1300,0.0000608,0.0000047,0.00005870,0.00000506,8.4848646075e-03,-1.2929303339e-03,1.0973,2.2721819878e+00
0.1310,0.0000610,0.0000047,0.00005890,0.00000506,8.4848497063e-03,-1.2929303339e-03,1.0983,2.2721819878e+00
0.1320,0.0000613,0.0000047,0.00005900,0.00000506,9.2929368839e-03,-1.2929303339e-03,1.0993,2.2729899883e+00
0.1330,0.0000614,0.0000047,0.00005910,0.00000506,9.2929517850e-03,-1.2929303339e-03,1.1003,2.2729899883e+00
0.1340,0.0000617,0.0000047,0.00005940,0.00000506,9.2929219827e-03,-1.2929303339e-03,1.1013,2.2729899883e+00
0.1350,0.0000619,0.0000047,0.00005950,0.00000506,9.6969800070e-03,-1.2929303339e-03,1.1023,2.2733941078e+00
0.1360,0.0000620,0.0000047,0.00005960,0.00000506,9.6969800070e-03,-1.3333339011e-03,1.1033,2.2733941078e+00
0.1370,0.0000622,0.0000047,0.00005990,0.00000506,9.2929368839e-03,-1.3333339011e-03,1.1043,2.2729899883e+00
0.1380,0.0000625,0.0000047,0.00006000,0.00000505,1.0101038031e-02,-1.2929284712e-03,1.1053,2.2737982273e+00
0.1390,0.0000627,0.0000047,0.00006020,0.00000505,1.0101009160e-02,-1.2929284712e-03,1.1063,2.2737982273e+00
0.1400,0.0000629,0.0000047,0.00006040,0.00000505,1.0101009160e-02,-1.3333321549e-03,1.1073,2.2737982273e+00
0.1410,0.0000632,0.0000047,0.00006060,0.00000505,1.0505067185e-02,-1.2929284712e-03,1.1083,2.2742021084e+00
0.1420,0.0000634,0.0000047,0.00006070,0.00000505,1.0909110308e-02,-1.2929284712e-03,1.1093,2.2746062279e+00
0.1430,0.0000636,0.0000047,0.00006090,0.00000505,1.0909081437e-02,-1.2929284712e-03,1.1103,2.2746062279e+00
0.1440,0.0000638,0.0000047,0.00006110,0.00000505,1.0909096338e-02,-1.2929284712e-03,1.1113,2.2746062279e+00
0.1450,0.0000641,0.0000047,0.00006130,0.00000505,1.1313139461e-02,-1.3333321549e-03,1.1123,2.2750103474e+00
0.1460,0.0000643,0.0000047,0.00006150,0.00000505,1.1313139461e-02,-1.3333321549e-03,1.1133,2.2750103474e+00
0.1470,0.0000647,0.0000047,0.00006170,0.00000505,1.2121226639e-02,-1.3333321549e-03,1.1143,2.2758183479e+00
0.1480,0.0000649,0.0000047,0.00006190,0.00000505,1.2121226639e-02,-1.3333321549e-03,1.1153,2.2758183479e+00
0.1490,0.0000649,0.0000047,0.00006200,0.00000504,1.1717182584e-02,-1.3333321549e-03,1.1163,2.2754142284e+00
0.1500,0.0000653,0.0000047,0.00006230,0.00000504,1.2121226639e-02,-1.2929284712e-03,1.1173,2.2758183479e+00
0.1510,0.0000656,0.0000047,0.00006250,0.00000504,1.2525240891e-02,-1.2929284712e-03,1.1183,2.2762224674e+00
0.1520,0.0000658,0.0000047,0.00006270,0.00000503,1.2525269762e-02,-1.2525249040e-03,1.1193,2.2762224674e+00
0.1530,0.0000661,0.0000047,0.00006300,0.00000503,1.2525269762e-02,-1.2525249040e-03,1.1203,2.2762224674e+00
0.1540,0.0000664,0.0000047,0.00006320,0.00000503,1.2929313816e-02,-1.2525249040e-03,1.1213,2.2766263485e+00
0.1550,0.0000666,0.0000047,0.00006340,0.00000503,1.2929284014e-02,-1.2929284712e-03,1.1223,2.2766263485e+00
0.1560,0.0000669,0.0000047,0.00006350,0.00000503,1.3737371191e-02,-1.2929284712e-03,1.1233,2.2774345875e+00
0.1570,0.0000672,0.0000047,0.00006380,0.00000503,1.3737400062e-02,-1.2525249040e-03,1.1243,2.2774345875e+00
0.1580,0.0000674,0.0000047,0.00006400,0.00000502,1.3737371191e-02,-1.2525249040e-03,1.1253,2.2774345875e+00
0.1590,0.0000678,0.0000047,0.00006420,0.00000502,1.4545458369e-02,-1.2525249040e-03,1.1263,2.2782425880e+00
0.1600,0.0000679,0.0000047,0.00006450,0.00000502,1.3737400062e-02,-1.2525249040e-03,1.1273,2.2774345875e+00
0.1610,0.0000683,0.0000047,0.00006470,0.00000502,1.4545487240e-02,-1.2525249040e-03,1.1283,2.2782425880e+00
0.1620,0.0000686,0.0000047,0.00006490,0.00000501,1.4949501492e-02,-1.2525267666e-03,1.1293,2.2786467075e+00
0.1630,0.0000689,0.0000047,0.00006520,0.00000501,1.4949501492e-02,-1.2525267666e-03,1.1303,2.2786467075e+00
0.1640,0.0000693,0.0000047,0.00006540,0.00000501,1.5757558867e-02,-1.2525267666e-03,1.1313,2.2794547081e+00
0.1650,0.0000694,0.0000047,0.00006560,0.00000501,1.5353544615e-02,-1.2525267666e-03,1.1323,2.2790505886e+00
0.1660,0.0000699,0.0000047,0.00006590,0.00000501,1.6161631793e-02,-1.2525267666e-03,1.1333,2.2798588276e+00
0.1670,0.0000702,0.0000047,0.00006620,0.00000501,1.6161631793e-02,-1.2929303339e-03,1.1343,2.2798588276e+00
0.1680,0.0000702,0.0000047,0.00006640,0.00000501,1.5353544615e-02,-1.2929303339e-03,1.1353,2.2790505886e+00
0.1690,0.0000707,0.0000047,0.00006670,0.00000501,1.6161631793e-02,-1.2929303339e-03,1.1363,2.2798588276e+00
0.1700,0.0000711,0.0000047,0.00006690,0.00000501,1.6969718039e-02,-1.2929303339e-03,1.1373,2.2806668282e+00
0.1710,0.0000713,0.0000047,0.00006710,0.00000501,1.6969688237e-02,-1.2929303339e-03,1.1383,2.2806668282e+00
0.1720,0.0000717,0.0000047,0.00006750,0.00000501,1.6969718039e-02,-1.2929303339e-03,1.1393,2.2806668282e+00
0.1730,0.0000721,0.0000047,0.00006780,0.00000501,1.7373761162e-02,-1.2929303339e-03,1.1403,2.2810709476e+00
0.1740,0.0000724,0.0000047,0.00006800,0.00000500,1.7777776346e-02,-1.2929284712e-03,1.1413,2.2814748287e+00
0.1750,0.0000729,0.0000047,0.00006830,0.00000500,1.8585862592e-02,-1.2929284712e-03,1.1423,2.2822830677e+00
0.1760,0.0000730,0.0000047,0.00006860,0.00000500,1.7777804285e-02,-1.2929284712e-03,1.1433,2.2814750671e+00
0.1770,0.0000735,0.0000047,0.00006890,0.00000500,1.8585862592e-02,-1.2929284712e-03,1.1443,2.2822830677e+00
0.1780,0.0000740,0.0000047,0.00006920,0.00000500,1.9393948838e-02,-1.2929284712e-03,1.1453,2.2830910683e+00
0.1790,0.0000742,0.0000047,0.00006950,0.00000500,1.8989905715e-02,-1.3333321549e-03,1.1463,2.2826869488e+00
0.1800,0.0000745,0.0000047,0.00006980,0.00000500,1.8989905715e-02,-1.3333321549e-03,1.1473,2.2826869488e+00
0.1810,0.0000752,0.0000047,0.00007010,0.00000499,2.0606050268e-02,-1.3333339011e-03,1.1483,2.2843031883e+00
0.1820,0.0000752,0.0000047,0.00007040,0.00000499,1.9393948838e-02,-1.2929284712e-03,1.1493,2.2830910683e+00
0.1830,0.0000758,0.0000047,0.00007070,0.00000499,2.0606080070e-02,-1.2929284712e-03,1.1503,2.2843031883e+00
0.1840,0.0000762,0.0000047,0.00007100,0.00000499,2.1010093391e-02,-1.2929284712e-03,1.1513,2.2847073078e+00
0.1850,0.0000767,0.0000047,0.00007140,0.00000499,2.1414166316e-02,-1.2929284712e-03,1.1523,2.2851114273e+00
0.1860,0.0000771,0.0000047,0.00007180,0.00000499,2.1414138377e-02,-1.2929284712e-03,1.1533,2.2851111889e+00
0.1870,0.0000775,0.0000047,0.00007210,0.00000499,2.1818181500e-02,-1.2929284712e-03,1.1543,2.2855153084e+00
0.1880,0.0000779,0.0000047,0.00007240,0.00000498,2.2222224623e-02,-1.2525249040e-03,1.1553,2.2859194279e+00
0.1890,0.0000783,0.0000047,0.00007270,0.00000498,2.2626267746e-02,-1.2525249040e-03,1.1563,2.2863233089e+00
0.1900,0.0000787,0.0000047,0.00007310,0.00000498,2.2626297548e-02,-1.2929303339e-03,1.1573,2.2863235474e+00
0.1910,0.0000792,0.0000047,0.00007340,0.00000498,2.3434353992e-02,-1.2525249040e-03,1.1583,2.2871315479e+00
0.1920,0.0000796,0.0000047,0.00007390,0.00000498,2.3030310869e-02,-1.2929303339e-03,1.1593,2.2867274284e+00
0.1930,0.0000802,0.0000047,0.00007420,0.00000498,2.4242442101e-02,-1.2929303339e-03,1.1603,2.2879395485e+00
0.1940,0.0000807,0.0000046,0.00007460,0.00000498,2.4646485224e-02,-1.3333339011e-03,1.1613,2.2883436680e+00
0.1950,0.0000809,0.0000046,0.00007500,0.00000498,2.3838369176e-02,-1.3333339011e-03,1.1623,2.2875354290e+00
0.1960,0.0000817,0.0000047,0.00007540,0.00000498,2.5454543531e-02,-1.2929303339e-03,1.1633,2.2891516685e+00
0.1970,0.0000821,0.0000046,0.00007580,0.00000497,2.5454543531e-02,-1.2929303339e-03,1.1643,2.2891516685e+00
0.1980,0.0000825,0.0000046,0.00007620,0.00000497,2.5454571471e-02,-1.2929303339e-03,1.1653,2.2891516685e+00
0.1990,0.0000831,0.0000046,0.00007670,0.00000497,2.5858586654e-02,-1.2929303339e-03,1.1663,2.2895557880e+00
