Potential,Disk-O2,Ring-O2,Disk-N2,Ring-N2,Disk-Density,Ring-Density,Potential_RHE,ABS
-0.9000,-0.0016000,0.0000587,-0.00082900,0.00000605,-3.1151511669e+00,2.1272727847e-01,0.0673,7.0767641068e-01
-0.8990,-0.0015300,0.0000587,-0.00075100,0.00000595,-3.1474747658e+00,2.1313132346e-01,0.0683,7.4000000954e-01
-0.8980,-0.0014900,0.0000587,-0.00068200,0.00000588,-3.2646465302e+00,2.1341414750e-01,0.0693,8.5717177391e-01
-0.8970,-0.0014500,0.0000588,-0.00062200,0.00000580,-3.3454544544e+00,2.1414141357e-01,0.0703,9.3797969818e-01
-0.8960,-0.0014300,0.0000587,-0.00056600,0.00000577,-3.4909088612e+00,2.1385858953e-01,0.0713,1.0834341049e+00
-0.8950,-0.0014000,0.0000589,-0.00051700,0.00000568,-3.5676767826e+00,2.1503029764e-01,0.0723,1.1602020264e+00
-0.8940,-0.0013900,0.0000588,-0.00047400,0.00000564,-3.7010099888e+00,2.1478788555e-01,0.0733,1.2935352325e+00
-0.8930,-0.0013600,0.0000587,-0.00043400,0.00000560,-3.7414140701e+00,2.1454545856e-01,0.0743,1.3339393139e+00
-0.8920,-0.0013600,0.0000589,-0.00039700,0.00000555,-3.8909091949e+00,2.1555556357e-01,0.0753,1.4834344387e+00
-0.8910,-0.0013400,0.0000589,-0.00036400,0.00000550,-3.9434342384e+00,2.1575757861e-01,0.0763,1.5359594822e+00
-0.8900,-0.0013300,0.0000588,-0.00033400,0.00000545,-4.0242424011e+00,2.1555554867e-01,0.0773,1.6167676449e+00
-0.8890,-0.0013100,0.0000588,-0.00030700,0.00000541,-4.0525250435e+00,2.1571718156e-01,0.0783,1.6450502872e+00
-0.8880,-0.0013000,0.0000587,-0.00028200,0.00000536,-4.1131315231e+00,2.1551513672e-01,0.0793,1.7056567669e+00
-0.8870,-0.0013000,0.0000588,-0.00025900,0.00000534,-4.2060608864e+00,2.1600000560e-01,0.0803,1.7985861301e+00
-0.8860,-0.0012900,0.0000587,-0.00023700,0.00000528,-4.2545456886e+00,2.1583838761e-01,0.0813,1.8470709324e+00
-0.8850,-0.0012700,0.0000587,-0.00021800,0.00000525,-4.2505049706e+00,2.1595959365e-01,0.0823,1.8430302143e+00
-0.8840,-0.0012700,0.0000588,-0.00020000,0.00000521,-4.3232321739e+00,2.1652525663e-01,0.0833,1.9157574177e+00
-0.8830,-0.0012600,0.0000587,-0.00018400,0.00000516,-4.3474750519e+00,2.1632322669e-01,0.0843,1.9400002956e+00
-0.8820,-0.0012500,0.0000587,-0.00016800,0.00000513,-4.3717169762e+00,2.1644443274e-01,0.0853,1.9642422199e+00
-0.8810,-0.0012500,0.0000587,-0.00015400,0.00000508,-4.4282827377e+00,2.1664646268e-01,0.0863,2.0208079815e+00
-0.8800,-0.0012400,0.0000587,-0.00014200,0.00000505,-4.4363636971e+00,2.1676768363e-01,0.0873,2.0288889408e+00
-0.8790,-0.0012400,0.0000587,-0.00012900,0.00000502,-4.4888892174e+00,2.1688888967e-01,0.0883,2.0814144611e+00
-0.8780,-0.0012300,0.0000587,-0.00011800,0.00000498,-4.4929294586e+00,2.1705050766e-01,0.0893,2.0854547024e+00
-0.8770,-0.0012300,0.0000587,-0.00010800,0.00000495,-4.5333333015e+00,2.1717171371e-01,0.0903,2.1258585453e+00
-0.8760,-0.0012200,0.0000585,-0.00009780,0.00000492,-4.5341410637e+00,2.1648485959e-01,0.0913,2.1266663074e+00
-0.8750,-0.0012300,0.0000590,-0.00008830,0.00000489,-4.6129298210e+00,2.1862627566e-01,0.0923,2.2054550648e+00
-0.8740,-0.0012100,0.0000586,-0.00008020,0.00000485,-4.5648484230e+00,2.1717171371e-01,0.0933,2.1573736668e+00
-0.8730,-0.0012100,0.0000587,-0.00007190,0.00000482,-4.5983839035e+00,2.1769697964e-01,0.0943,2.1909091473e+00
-0.8720,-0.0012100,0.0000588,-0.00006470,0.00000479,-4.6274747849e+00,2.1822223067e-01,0.0953,2.2200000286e+00
-0.8710,-0.0012100,0.0000587,-0.00005730,0.00000476,-4.6573739052e+00,2.1793939173e-01,0.0963,2.2498991489e+00
-0.8700,-0.0012000,0.0000587,-0.00005080,0.00000473,-4.6432323456e+00,2.1806059778e-01,0.0973,2.2357575893e+00
-0.8690,-0.0012000,0.0000589,-0.00004460,0.00000470,-4.6682829857e+00,2.1898990870e-01,0.0983,2.2608082294e+00
-0.8680,-0.0012000,0.0000589,-0.00003890,0.00000467,-4.6913137436e+00,2.1911111474e-01,0.0993,2.2838389874e+00
-0.8670,-0.0012000,0.0000587,-0.00003330,0.00000465,-4.7139396667e+00,2.1838383377e-01,0.1003,2.3064649105e+00
-0.8660,-0.0011900,0.0000588,-0.00002830,0.00000462,-4.6937375069e+00,2.1890908480e-01,0.1013,2.2862627506e+00
-0.8650,-0.0011900,0.0000588,-0.00002340,0.00000459,-4.7135353088e+00,2.1903030574e-01,0.1023,2.3060605526e+00
-0.8640,-0.0011900,0.0000588,-0.00001850,0.00000457,-4.7333331108e+00,2.1911111474e-01,0.1033,2.3258583546e+00
-0.8630,-0.0011900,0.0000588,-0.00001410,0.00000454,-4.7511110306e+00,2.1923232079e-01,0.1043,2.3436362743e+00
-0.8620,-0.0011900,0.0000589,-0.00000990,0.00000452,-4.7680807114e+00,2.1971717477e-01,0.1053,2.3606059551e+00
-0.8610,-0.0011800,0.0000589,-0.00000595,0.00000449,-4.7436366081e+00,2.1983838081e-01,0.1063,2.3361618519e+00
-0.8600,-0.0011800,0.0000589,-0.00000191,0.00000447,-4.7599596977e+00,2.1991920471e-01,0.1073,2.3524849415e+00
-0.8590,-0.0011800,0.0000589,0.00000155,0.00000445,-4.7739391327e+00,2.1999999881e-01,0.1083,2.3664643764e+00
-0.8580,-0.0011800,0.0000589,0.00000490,0.00000443,-4.7874751091e+00,2.2008080781e-01,0.1093,2.3800003529e+00
-0.8570,-0.0011700,0.0000589,0.00000824,0.00000441,-4.7605652809e+00,2.2016161680e-01,0.1103,2.3530905247e+00
-0.8560,-0.0011700,0.0000590,0.00001130,0.00000438,-4.7729291916e+00,2.2068688273e-01,0.1113,2.3654544353e+00
-0.8550,-0.0011700,0.0000590,0.00001430,0.00000436,-4.7850503922e+00,2.2076767683e-01,0.1123,2.3775756359e+00
-0.8540,-0.0011700,0.0000589,0.00001700,0.00000434,-4.7959594727e+00,2.2044445574e-01,0.1133,2.3884847164e+00
-0.8530,-0.0011700,0.0000589,0.00001960,0.00000432,-4.8064646721e+00,2.2052524984e-01,0.1143,2.3989899158e+00
-0.8520,-0.0011600,0.0000589,0.00002210,0.00000430,-4.7761616707e+00,2.2060605884e-01,0.1153,2.3686869144e+00
-0.8510,-0.0011600,0.0000589,0.00002470,0.00000428,-4.7866663933e+00,2.2068688273e-01,0.1163,2.3791916370e+00
-0.8500,-0.0011600,0.0000589,0.00002690,0.00000426,-4.7955555916e+00,2.2076767683e-01,0.1173,2.3880808353e+00
-0.8490,-0.0011600,0.0000588,0.00002920,0.00000424,-4.8048481941e+00,2.2044445574e-01,0.1183,2.3973734379e+00
-0.8480,-0.0011600,0.0000590,0.00003140,0.00000422,-4.8137373924e+00,2.2133333981e-01,0.1193,2.4062626362e+00
-0.8470,-0.0011600,0.0000587,0.00003340,0.00000421,-4.8218183517e+00,2.2016161680e-01,0.1203,2.4143435955e+00
-0.8460,-0.0011500,0.0000590,0.00003550,0.00000419,-4.7898993492e+00,2.2145456076e-01,0.1213,2.3824245930e+00
-0.8450,-0.0011500,0.0000589,0.00003720,0.00000417,-4.7967681885e+00,2.2113130987e-01,0.1223,2.3892934322e+00
-0.8440,-0.0011500,0.0000591,0.00003910,0.00000415,-4.8044443130e+00,2.2202020884e-01,0.1233,2.3969695568e+00
-0.8430,-0.0011600,0.0000590,0.00004080,0.00000414,-4.8517169952e+00,2.2165656090e-01,0.1243,2.4442422390e+00
-0.8420,-0.0011500,0.0000591,0.00004240,0.00000412,-4.8177776337e+00,2.2214141488e-01,0.1253,2.4103028774e+00
-0.8410,-0.0011500,0.0000590,0.00004410,0.00000410,-4.8246464729e+00,2.2181819379e-01,0.1263,2.4171717167e+00
-0.8400,-0.0011500,0.0000591,0.00004570,0.00000409,-4.8311114311e+00,2.2226262093e-01,0.1273,2.4236366749e+00
-0.8390,-0.0011500,0.0000591,0.00004720,0.00000407,-4.8371720314e+00,2.2234342992e-01,0.1283,2.4296972752e+00
-0.8380,-0.0011500,0.0000591,0.00004870,0.00000406,-4.8432326317e+00,2.2238384187e-01,0.1293,2.4357578754e+00
-0.8370,-0.0011400,0.0000592,0.00005010,0.00000404,-4.8084845543e+00,2.2286868095e-01,0.1303,2.4010097980e+00
-0.8360,-0.0011500,0.0000593,0.00005150,0.00000402,-4.8545455933e+00,2.2335353494e-01,0.1313,2.4470708370e+00
-0.8350,-0.0011400,0.0000593,0.00005280,0.00000401,-4.8193941116e+00,2.2339394689e-01,0.1323,2.4119193554e+00
-0.8340,-0.0011400,0.0000593,0.00005400,0.00000399,-4.8242421150e+00,2.2347474098e-01,0.1333,2.4167673588e+00
-0.8330,-0.0011400,0.0000593,0.00005520,0.00000398,-4.8290905952e+00,2.2351515293e-01,0.1343,2.4216158390e+00
-0.8320,-0.0011400,0.0000593,0.00005640,0.00000396,-4.8339390755e+00,2.2359597683e-01,0.1353,2.4264643192e+00
-0.8310,-0.0011400,0.0000594,0.00005760,0.00000395,-4.8387875557e+00,2.2404040396e-01,0.1363,2.4313127995e+00
-0.8300,-0.0011400,0.0000594,0.00005860,0.00000393,-4.8428277969e+00,2.2412121296e-01,0.1373,2.4353530407e+00
-0.8290,-0.0011400,0.0000594,0.00005960,0.00000392,-4.8468685150e+00,2.2416162491e-01,0.1383,2.4393937588e+00
-0.8280,-0.0011400,0.0000594,0.00006070,0.00000391,-4.8513131142e+00,2.2420202196e-01,0.1393,2.4438383579e+00
-0.8270,-0.0011400,0.0000594,0.00006170,0.00000390,-4.8553533554e+00,2.2424243391e-01,0.1403,2.4478785992e+00
-0.8260,-0.0011400,0.0000595,0.00006280,0.00000388,-4.8597979546e+00,2.2472727299e-01,0.1413,2.4523231983e+00
-0.8250,-0.0011400,0.0000597,0.00006380,0.00000387,-4.8638381958e+00,2.2557576001e-01,0.1423,2.4563634396e+00
-0.8240,-0.0011300,0.0000596,0.00006460,0.00000385,-4.8266668320e+00,2.2525252402e-01,0.1433,2.4191920757e+00
-0.8230,-0.0011400,0.0000597,0.00006550,0.00000384,-4.8707070351e+00,2.2569696605e-01,0.1443,2.4632322788e+00
-0.8220,-0.0011400,0.0000597,0.00006640,0.00000383,-4.8743433952e+00,2.2573737800e-01,0.1453,2.4668686390e+00
-0.8210,-0.0011300,0.0000596,0.00006720,0.00000382,-4.8371720314e+00,2.2537373006e-01,0.1463,2.4296972752e+00
-0.8200,-0.0011300,0.0000596,0.00006800,0.00000380,-4.8404040337e+00,2.2545453906e-01,0.1473,2.4329292774e+00
-0.8190,-0.0011300,0.0000597,0.00006930,0.00000379,-4.8456563950e+00,2.2589899600e-01,0.1483,2.4381816387e+00
-0.8180,-0.0011300,0.0000597,0.00006990,0.00000378,-4.8480806351e+00,2.2593939304e-01,0.1493,2.4406058788e+00
-0.8170,-0.0011300,0.0000597,0.00007050,0.00000377,-4.8505048752e+00,2.2597979009e-01,0.1503,2.4430301189e+00
-0.8160,-0.0011300,0.0000598,0.00007120,0.00000376,-4.8533329964e+00,2.2642424703e-01,0.1513,2.4458582401e+00
-0.8150,-0.0011300,0.0000598,0.00007180,0.00000374,-4.8557572365e+00,2.2650505602e-01,0.1523,2.4482824802e+00
-0.8140,-0.0011300,0.0000597,0.00007250,0.00000373,-4.8585858345e+00,2.2614140809e-01,0.1533,2.4511110783e+00
-0.8130,-0.0011300,0.0000599,0.00007320,0.00000372,-4.8614139557e+00,2.2698989511e-01,0.1543,2.4539391994e+00
-0.8120,-0.0011300,0.0000600,0.00007390,0.00000371,-4.8642425537e+00,2.2743433714e-01,0.1553,2.4567677975e+00
-0.8110,-0.0011200,0.0000599,0.00007440,0.00000370,-4.8258585930e+00,2.2707071900e-01,0.1563,2.4183838367e+00
-0.8100,-0.0011200,0.0000598,0.00007510,0.00000369,-4.8286871910e+00,2.2670708597e-01,0.1573,2.4212124348e+00
-0.8090,-0.0011300,0.0000600,0.00007570,0.00000368,-4.8715152740e+00,2.2755554318e-01,0.1583,2.4640405178e+00
-0.8080,-0.0011200,0.0000600,0.00007620,0.00000367,-4.8331313133e+00,2.2759595513e-01,0.1593,2.4256565571e+00
-0.8070,-0.0011200,0.0000600,0.00007690,0.00000366,-4.8359599113e+00,2.2763636708e-01,0.1603,2.4284851551e+00
-0.8060,-0.0011200,0.0000601,0.00007750,0.00000365,-4.8383841515e+00,2.2808080912e-01,0.1613,2.4309093952e+00
-0.8050,-0.0011200,0.0000601,0.00007780,0.00000364,-4.8395962715e+00,2.2812120616e-01,0.1623,2.4321215153e+00
-0.8040,-0.0011200,0.0000602,0.00007840,0.00000364,-4.8420205116e+00,2.2852525115e-01,0.1633,2.4345457554e+00
-0.8030,-0.0011300,0.0000602,0.00007890,0.00000363,-4.8844447136e+00,2.2856564820e-01,0.1643,2.4769699574e+00
-0.8020,-0.0011200,0.0000603,0.00007940,0.00000362,-4.8460607529e+00,2.2901010513e-01,0.1653,2.4385859966e+00
-0.8010,-0.0011200,0.0000603,0.00007990,0.00000361,-4.8480811119e+00,2.2905051708e-01,0.1663,2.4406063557e+00
-0.8000,-0.0011200,0.0000602,0.00008040,0.00000360,-4.8501014709e+00,2.2868686914e-01,0.1673,2.4426267147e+00
-0.7990,-0.0011200,0.0000602,0.00008090,0.00000359,-4.8521213531e+00,2.2872726619e-01,0.1683,2.4446465969e+00
-0.7980,-0.0011200,0.0000603,0.00008130,0.00000358,-4.8537378311e+00,2.2917172313e-01,0.1693,2.4462630749e+00
-0.7970,-0.0011200,0.0000603,0.00008170,0.00000357,-4.8553538322e+00,2.2921212018e-01,0.1703,2.4478790760e+00
-0.7960,-0.0011200,0.0000604,0.00008230,0.00000357,-4.8577780724e+00,2.2961616516e-01,0.1713,2.4503033161e+00
-0.7950,-0.0011200,0.0000604,0.00008270,0.00000356,-4.8593940735e+00,2.2965657711e-01,0.1723,2.4519193172e+00
-0.7940,-0.0011200,0.0000604,0.00008310,0.00000355,-4.8610105515e+00,2.2969697416e-01,0.1733,2.4535357952e+00
-0.7930,-0.0011200,0.0000604,0.00008350,0.00000354,-4.8626265526e+00,2.2973737121e-01,0.1743,2.4551517963e+00
-0.7920,-0.0011200,0.0000605,0.00008380,0.00000353,-4.8638386726e+00,2.3018181324e-01,0.1753,2.4563639164e+00
-0.7910,-0.0011100,0.0000605,0.00008420,0.00000352,-4.8250503540e+00,2.3022222519e-01,0.1763,2.4175755978e+00
-0.7900,-0.0011100,0.0000605,0.00008460,0.00000351,-4.8266663551e+00,2.3026262224e-01,0.1773,2.4191915989e+00
-0.7890,-0.0011100,0.0000605,0.00008500,0.00000350,-4.8282823563e+00,2.3030301929e-01,0.1783,2.4208076000e+00
-0.7880,-0.0011100,0.0000604,0.00008540,0.00000350,-4.8298988342e+00,2.2989898920e-01,0.1793,2.4224240780e+00
-0.7870,-0.0011100,0.0000607,0.00008580,0.00000349,-4.8315148354e+00,2.3115152121e-01,0.1803,2.4240400791e+00
-0.7860,-0.0011100,0.0000605,0.00008610,0.00000348,-4.8327269554e+00,2.3038382828e-01,0.1813,2.4252521992e+00
-0.7850,-0.0011100,0.0000606,0.00008640,0.00000347,-4.8339390755e+00,2.3082828522e-01,0.1823,2.4264643192e+00
-0.7840,-0.0011100,0.0000608,0.00008680,0.00000347,-4.8355550766e+00,2.3163637519e-01,0.1833,2.4280803204e+00
-0.7830,-0.0011100,0.0000606,0.00008710,0.00000346,-4.8367671967e+00,2.3086868227e-01,0.1843,2.4292924404e+00
-0.7820,-0.0011100,0.0000606,0.00008740,0.00000345,-4.8379793167e+00,2.3090907931e-01,0.1853,2.4305045605e+00
-0.7810,-0.0011100,0.0000607,0.00008770,0.00000345,-4.8391914368e+00,2.3131312430e-01,0.1863,2.4317166805e+00
-0.7800,-0.0011100,0.0000607,0.00008810,0.00000344,-4.8408079147e+00,2.3135353625e-01,0.1873,2.4333331585e+00
-0.7790,-0.0011100,0.0000607,0.00008820,0.00000343,-4.8412117958e+00,2.3139394820e-01,0.1883,2.4337370396e+00
-0.7780,-0.0011100,0.0000607,0.00008860,0.00000342,-4.8428277969e+00,2.3143434525e-01,0.1893,2.4353530407e+00
-0.7770,-0.0011000,0.0000607,0.00008890,0.00000341,-4.8036360741e+00,2.3147474229e-01,0.1903,2.3961613178e+00
-0.7760,-0.0011100,0.0000607,0.00008920,0.00000341,-4.8452520370e+00,2.3147474229e-01,0.1913,2.4377772808e+00
-0.7750,-0.0011100,0.0000609,0.00008950,0.00000340,-4.8464646339e+00,2.3232324421e-01,0.1923,2.4389898777e+00
-0.7740,-0.0011100,0.0000610,0.00008980,0.00000339,-4.8476767540e+00,2.3276767135e-01,0.1933,2.4402019978e+00
-0.7730,-0.0011100,0.0000610,0.00009010,0.00000339,-4.8488888741e+00,2.3276767135e-01,0.1943,2.4414141178e+00
-0.7720,-0.0011100,0.0000611,0.00009030,0.00000338,-4.8496966362e+00,2.3321212828e-01,0.1953,2.4422218800e+00
-0.7710,-0.0011100,0.0000610,0.00009060,0.00000337,-4.8509087563e+00,2.3284848034e-01,0.1963,2.4434340000e+00
-0.7700,-0.0011000,0.0000610,0.00009090,0.00000337,-4.8117170334e+00,2.3284848034e-01,0.1973,2.4042422771e+00
-0.7690,-0.0011000,0.0000610,0.00009110,0.00000336,-4.8125252724e+00,2.3288887739e-01,0.1983,2.4050505161e+00
-0.7680,-0.0011000,0.0000611,0.00009140,0.00000335,-4.8137373924e+00,2.3333333433e-01,0.1993,2.4062626362e+00
-0.7670,-0.0011000,0.0000610,0.00009170,0.00000335,-4.8149495125e+00,2.3292928934e-01,0.2003,2.4074747562e+00
-0.7660,-0.0011000,0.0000611,0.00009180,0.00000334,-4.8153533936e+00,2.3337374628e-01,0.2013,2.4078786373e+00
-0.7650,-0.0011000,0.0000611,0.00009210,0.00000334,-4.8165655136e+00,2.3337374628e-01,0.2023,2.4090907574e+00
-0.7640,-0.0011000,0.0000611,0.00009220,0.00000333,-4.8169698715e+00,2.3341414332e-01,0.2033,2.4094951153e+00
-0.7630,-0.0011000,0.0000611,0.00009240,0.00000332,-4.8177776337e+00,2.3345454037e-01,0.2043,2.4103028774e+00
-0.7620,-0.0011000,0.0000613,0.00009270,0.00000331,-4.8189897537e+00,2.3430302739e-01,0.2053,2.4115149975e+00
-0.7610,-0.0011000,0.0000613,0.00009290,0.00000330,-4.8197979927e+00,2.3434343934e-01,0.2063,2.4123232365e+00
-0.7600,-0.0011000,0.0000613,0.00009310,0.00000330,-4.8206062317e+00,2.3434343934e-01,0.2073,2.4131314754e+00
-0.7590,-0.0011000,0.0000614,0.00009330,0.00000329,-4.8214139938e+00,2.3478789628e-01,0.2083,2.4139392376e+00
-0.7580,-0.0011000,0.0000614,0.00009350,0.00000329,-4.8222222328e+00,2.3478789628e-01,0.2093,2.4147474766e+00
-0.7570,-0.0011000,0.0000614,0.00009350,0.00000328,-4.8222222328e+00,2.3482827842e-01,0.2103,2.4147474766e+00
-0.7560,-0.0011000,0.0000614,0.00009380,0.00000328,-4.8234343529e+00,2.3482827842e-01,0.2113,2.4159595966e+00
-0.7550,-0.0011000,0.0000614,0.00009410,0.00000327,-4.8246464729e+00,2.3486869037e-01,0.2123,2.4171717167e+00
-0.7540,-0.0011000,0.0000614,0.00009420,0.00000327,-4.8250503540e+00,2.3486869037e-01,0.2133,2.4175755978e+00
-0.7530,-0.0011000,0.0000613,0.00009440,0.00000326,-4.8258585930e+00,2.3450505733e-01,0.2143,2.4183838367e+00
-0.7520,-0.0011000,0.0000615,0.00009460,0.00000326,-4.8266668320e+00,2.3531314731e-01,0.2153,2.4191920757e+00
-0.7510,-0.0011000,0.0000615,0.00009480,0.00000325,-4.8274745941e+00,2.3535354435e-01,0.2163,2.4199998379e+00
-0.7500,-0.0011000,0.0000615,0.00009490,0.00000324,-4.8278789520e+00,2.3539395630e-01,0.2173,2.4204041958e+00
-0.7490,-0.0011000,0.0000616,0.00009520,0.00000324,-4.8290910721e+00,2.3579800129e-01,0.2183,2.4216163158e+00
-0.7480,-0.0011000,0.0000617,0.00009530,0.00000323,-4.8294949532e+00,2.3624241352e-01,0.2193,2.4220201969e+00
-0.7470,-0.0010900,0.0000616,0.00009550,0.00000323,-4.7898993492e+00,2.3583839834e-01,0.2203,2.3824245930e+00
-0.7460,-0.0011000,0.0000618,0.00009570,0.00000323,-4.8311114311e+00,2.3664644361e-01,0.2213,2.4236366749e+00
-0.7450,-0.0011000,0.0000617,0.00009580,0.00000322,-4.8315153122e+00,2.3628281057e-01,0.2223,2.4240405560e+00
-0.7440,-0.0011000,0.0000617,0.00009600,0.00000322,-4.8323235512e+00,2.3628281057e-01,0.2233,2.4248487949e+00
-0.7430,-0.0011000,0.0000617,0.00009610,0.00000321,-4.8327274323e+00,2.3632322252e-01,0.2243,2.4252526760e+00
-0.7420,-0.0010900,0.0000618,0.00009630,0.00000321,-4.7931318283e+00,2.3672726750e-01,0.2253,2.3856570721e+00
-0.7410,-0.0010900,0.0000618,0.00009640,0.00000320,-4.7935357094e+00,2.3676767945e-01,0.2263,2.3860609531e+00
-0.7400,-0.0011000,0.0000618,0.00009660,0.00000320,-4.8347477913e+00,2.3676767945e-01,0.2273,2.4272730350e+00
-0.7390,-0.0010900,0.0000619,0.00009680,0.00000319,-4.7951517105e+00,2.3721212149e-01,0.2283,2.3876769543e+00
-0.7380,-0.0010900,0.0000619,0.00009690,0.00000318,-4.7955560684e+00,2.3725251853e-01,0.2293,2.3880813122e+00
-0.7370,-0.0010900,0.0000619,0.00009710,0.00000318,-4.7963638306e+00,2.3725251853e-01,0.2303,2.3888890743e+00
-0.7360,-0.0010900,0.0000618,0.00009730,0.00000317,-4.7971720695e+00,2.3688888550e-01,0.2313,2.3896973133e+00
-0.7350,-0.0010900,0.0000620,0.00009740,0.00000317,-4.7975759506e+00,2.3769696057e-01,0.2323,2.3901011944e+00
-0.7340,-0.0010800,0.0000617,0.00009750,0.00000317,-4.7575759888e+00,2.3648484051e-01,0.2333,2.3501012325e+00
-0.7330,-0.0010900,0.0000619,0.00009750,0.00000316,-4.7979803085e+00,2.3733332753e-01,0.2343,2.3905055523e+00
-0.7320,-0.0010900,0.0000618,0.00009760,0.00000316,-4.7983841896e+00,2.3692928255e-01,0.2353,2.3909094334e+00
-0.7310,-0.0010900,0.0000619,0.00009780,0.00000316,-4.7991924286e+00,2.3733332753e-01,0.2363,2.3917176723e+00
-0.7300,-0.0010900,0.0000621,0.00009800,0.00000315,-4.8000001907e+00,2.3818182945e-01,0.2373,2.3925254345e+00
-0.7290,-0.0010900,0.0000621,0.00009810,0.00000315,-4.8004045486e+00,2.3818182945e-01,0.2383,2.3929297924e+00
-0.7280,-0.0010900,0.0000622,0.00009820,0.00000315,-4.8008084297e+00,2.3858587444e-01,0.2393,2.3933336735e+00
-0.7270,-0.0010900,0.0000622,0.00009830,0.00000314,-4.8012123108e+00,2.3862625659e-01,0.2403,2.3937375546e+00
-0.7260,-0.0010900,0.0000622,0.00009850,0.00000313,-4.8020205498e+00,2.3866666853e-01,0.2413,2.3945457935e+00
-0.7250,-0.0010900,0.0000622,0.00009860,0.00000313,-4.8024244308e+00,2.3866666853e-01,0.2423,2.3949496746e+00
-0.7240,-0.0010900,0.0000621,0.00009870,0.00000313,-4.8028287888e+00,2.3826262355e-01,0.2433,2.3953540325e+00
-0.7230,-0.0010900,0.0000622,0.00009880,0.00000312,-4.8032326698e+00,2.3870708048e-01,0.2443,2.3957579136e+00
-0.7220,-0.0010900,0.0000622,0.00009890,0.00000312,-4.8036365509e+00,2.3870708048e-01,0.2453,2.3961617947e+00
-0.7210,-0.0010900,0.0000623,0.00009900,0.00000311,-4.8040404320e+00,2.3915152252e-01,0.2463,2.3965656757e+00
-0.7200,-0.0010900,0.0000623,0.00009920,0.00000311,-4.8048481941e+00,2.3915152252e-01,0.2473,2.3973734379e+00
-0.7190,-0.0010900,0.0000622,0.00009930,0.00000311,-4.8052530289e+00,2.3874747753e-01,0.2483,2.3977782726e+00
-0.7180,-0.0010900,0.0000624,0.00009940,0.00000311,-4.8056564331e+00,2.3955556750e-01,0.2493,2.3981816769e+00
-0.7170,-0.0010900,0.0000623,0.00009970,0.00000310,-4.8068690300e+00,2.3919191957e-01,0.2503,2.3993942738e+00
-0.7160,-0.0010900,0.0000623,0.00009980,0.00000310,-4.8072724342e+00,2.3919191957e-01,0.2513,2.3997976780e+00
-0.7150,-0.0010900,0.0000624,0.00009980,0.00000309,-4.8072724342e+00,2.3963637650e-01,0.2523,2.3997976780e+00
-0.7140,-0.0010800,0.0000625,0.00009980,0.00000309,-4.7668681145e+00,2.4004040658e-01,0.2533,2.3593933582e+00
-0.7130,-0.0010900,0.0000623,0.00009990,0.00000308,-4.8076767921e+00,2.3927272856e-01,0.2543,2.4002020359e+00
-0.7120,-0.0010800,0.0000624,0.00009990,0.00000308,-4.7672724724e+00,2.3967677355e-01,0.2553,2.3597977161e+00
-0.7110,-0.0010900,0.0000625,0.00010000,0.00000308,-4.8080806732e+00,2.4008081853e-01,0.2563,2.4006059170e+00
-0.7100,-0.0010900,0.0000625,0.00010000,0.00000307,-4.8080806732e+00,2.4012123048e-01,0.2573,2.4006059170e+00
-0.7090,-0.0010800,0.0000626,0.00010000,0.00000307,-4.7676763535e+00,2.4052524567e-01,0.2583,2.3602015972e+00
-0.7080,-0.0010900,0.0000626,0.00010000,0.00000307,-4.8080806732e+00,2.4052524567e-01,0.2593,2.4006059170e+00
-0.7070,-0.0010900,0.0000628,0.00010000,0.00000306,-4.8080806732e+00,2.4137373269e-01,0.2603,2.4006059170e+00
-0.7060,-0.0010900,0.0000625,0.00010100,0.00000306,-4.8121213913e+00,2.4016162753e-01,0.2613,2.4046466351e+00
-0.7050,-0.0010900,0.0000627,0.00010100,0.00000306,-4.8121213913e+00,2.4096968770e-01,0.2623,2.4046466351e+00
-0.7040,-0.0010800,0.0000626,0.00010100,0.00000305,-4.7717165947e+00,2.4060603976e-01,0.2633,2.3642418385e+00
-0.7030,-0.0010800,0.0000626,0.00010100,0.00000305,-4.7717165947e+00,2.4060603976e-01,0.2643,2.3642418385e+00
-0.7020,-0.0010800,0.0000626,0.00010100,0.00000305,-4.7717165947e+00,2.4060603976e-01,0.2653,2.3642418385e+00
-0.7010,-0.0010800,0.0000626,0.00010100,0.00000305,-4.7717165947e+00,2.4060603976e-01,0.2663,2.3642418385e+00
-0.7000,-0.0010800,0.0000626,0.00010100,0.00000304,-4.7717165947e+00,2.4064645171e-01,0.2673,2.3642418385e+00
-0.6990,-0.0010800,0.0000627,0.00010100,0.00000304,-4.7717165947e+00,2.4105049670e-01,0.2683,2.3642418385e+00
-0.6980,-0.0010800,0.0000627,0.00010100,0.00000304,-4.7717165947e+00,2.4105049670e-01,0.2693,2.3642418385e+00
-0.6970,-0.0010800,0.0000627,0.00010100,0.00000303,-4.7717165947e+00,2.4109089375e-01,0.2703,2.3642418385e+00
-0.6960,-0.0010800,0.0000628,0.00010100,0.00000303,-4.7717165947e+00,2.4149493873e-01,0.2713,2.3642418385e+00
-0.6950,-0.0010800,0.0000628,0.00010100,0.00000302,-4.7717165947e+00,2.4153535068e-01,0.2723,2.3642418385e+00
-0.6940,-0.0010800,0.0000628,0.00010100,0.00000302,-4.7717165947e+00,2.4153535068e-01,0.2733,2.3642418385e+00
-0.6930,-0.0010800,0.0000628,0.00010100,0.00000302,-4.7717165947e+00,2.4153535068e-01,0.2743,2.3642418385e+00
-0.6920,-0.0010800,0.0000629,0.00010200,0.00000302,-4.7757573128e+00,2.4193939567e-01,0.2753,2.3682825565e+00
-0.6910,-0.0010800,0.0000628,0.00010200,0.00000301,-4.7757573128e+00,2.4157576263e-01,0.2763,2.3682825565e+00
-0.6900,-0.0010800,0.0000628,0.00010200,0.00000301,-4.7757573128e+00,2.4157576263e-01,0.2773,2.3682825565e+00
-0.6890,-0.0010800,0.0000629,0.00010200,0.00000301,-4.7757573128e+00,2.4197980762e-01,0.2783,2.3682825565e+00
-0.6880,-0.0010800,0.0000628,0.00010200,0.00000300,-4.7757573128e+00,2.4161614478e-01,0.2793,2.3682825565e+00
-0.6870,-0.0010700,0.0000627,0.00010200,0.00000300,-4.7353534698e+00,2.4121209979e-01,0.2803,2.3278787136e+00
-0.6860,-0.0010800,0.0000630,0.00010200,0.00000300,-4.7757573128e+00,2.4242423475e-01,0.2813,2.3682825565e+00
-0.6850,-0.0010800,0.0000629,0.00010200,0.00000299,-4.7757573128e+00,2.4206060171e-01,0.2823,2.3682825565e+00
-0.6840,-0.0010800,0.0000631,0.00010200,0.00000299,-4.7757573128e+00,2.4286869168e-01,0.2833,2.3682825565e+00
-0.6830,-0.0010800,0.0000630,0.00010200,0.00000299,-4.7757573128e+00,2.4246464670e-01,0.2843,2.3682825565e+00
-0.6820,-0.0010800,0.0000632,0.00010200,0.00000299,-4.7757573128e+00,2.4327273667e-01,0.2853,2.3682825565e+00
-0.6810,-0.0010800,0.0000631,0.00010200,0.00000298,-4.7757573128e+00,2.4290908873e-01,0.2863,2.3682825565e+00
-0.6800,-0.0010800,0.0000631,0.00010200,0.00000298,-4.7757573128e+00,2.4290908873e-01,0.2873,2.3682825565e+00
-0.6790,-0.0010800,0.0000632,0.00010200,0.00000298,-4.7757573128e+00,2.4331313372e-01,0.2883,2.3682825565e+00
-0.6780,-0.0010800,0.0000631,0.00010200,0.00000297,-4.7757573128e+00,2.4294950068e-01,0.2893,2.3682825565e+00
-0.6770,-0.0010800,0.0000631,0.00010200,0.00000297,-4.7757573128e+00,2.4294950068e-01,0.2903,2.3682825565e+00
-0.6760,-0.0010800,0.0000632,0.00010200,0.00000297,-4.7757573128e+00,2.4335354567e-01,0.2913,2.3682825565e+00
-0.6750,-0.0010800,0.0000631,0.00010300,0.00000296,-4.7797975540e+00,2.4298989773e-01,0.2923,2.3723227978e+00
-0.6740,-0.0010800,0.0000632,0.00010200,0.00000296,-4.7757573128e+00,2.4339394271e-01,0.2933,2.3682825565e+00
-0.6730,-0.0010800,0.0000632,0.00010300,0.00000296,-4.7797975540e+00,2.4339394271e-01,0.2943,2.3723227978e+00
-0.6720,-0.0010800,0.0000633,0.00010300,0.00000295,-4.7797975540e+00,2.4383838475e-01,0.2953,2.3723227978e+00
-0.6710,-0.0010800,0.0000632,0.00010300,0.00000296,-4.7797975540e+00,2.4339394271e-01,0.2963,2.3723227978e+00
-0.6700,-0.0010800,0.0000633,0.00010300,0.00000295,-4.7797975540e+00,2.4383838475e-01,0.2973,2.3723227978e+00
-0.6690,-0.0010800,0.0000632,0.00010300,0.00000295,-4.7797975540e+00,2.4343433976e-01,0.2983,2.3723227978e+00
-0.6680,-0.0010700,0.0000633,0.00010300,0.00000294,-4.7393937111e+00,2.4387879670e-01,0.2993,2.3319189548e+00
-0.6670,-0.0010700,0.0000633,0.00010300,0.00000294,-4.7393937111e+00,2.4387879670e-01,0.3003,2.3319189548e+00
-0.6660,-0.0010800,0.0000633,0.00010300,0.00000294,-4.7797975540e+00,2.4387879670e-01,0.3013,2.3723227978e+00
-0.6650,-0.0010800,0.0000634,0.00010300,0.00000294,-4.7797975540e+00,2.4428284168e-01,0.3023,2.3723227978e+00
-0.6640,-0.0010700,0.0000634,0.00010300,0.00000293,-4.7393937111e+00,2.4432325363e-01,0.3033,2.3319189548e+00
-0.6630,-0.0010800,0.0000633,0.00010300,0.00000293,-4.7797975540e+00,2.4391920865e-01,0.3043,2.3723227978e+00
-0.6620,-0.0010700,0.0000632,0.00010300,0.00000293,-4.7393937111e+00,2.4351516366e-01,0.3053,2.3319189548e+00
-0.6610,-0.0010700,0.0000634,0.00010300,0.00000293,-4.7393937111e+00,2.4432325363e-01,0.3063,2.3319189548e+00
-0.6600,-0.0010800,0.0000634,0.00010300,0.00000292,-4.7797975540e+00,2.4436363578e-01,0.3073,2.3723227978e+00
-0.6590,-0.0010700,0.0000633,0.00010300,0.00000292,-4.7393937111e+00,2.4395959079e-01,0.3083,2.3319189548e+00
-0.6580,-0.0010700,0.0000633,0.00010300,0.00000292,-4.7393937111e+00,2.4395959079e-01,0.3093,2.3319189548e+00
-0.6570,-0.0010700,0.0000634,0.00010300,0.00000292,-4.7393937111e+00,2.4436363578e-01,0.3103,2.3319189548e+00
-0.6560,-0.0010700,0.0000633,0.00010300,0.00000292,-4.7393937111e+00,2.4395959079e-01,0.3113,2.3319189548e+00
-0.6550,-0.0010700,0.0000634,0.00010300,0.00000291,-4.7393937111e+00,2.4440404773e-01,0.3123,2.3319189548e+00
-0.6540,-0.0010700,0.0000634,0.00010300,0.00000291,-4.7393937111e+00,2.4440404773e-01,0.3133,2.3319189548e+00
-0.6530,-0.0010700,0.0000634,0.00010300,0.00000291,-4.7393937111e+00,2.4440404773e-01,0.3143,2.3319189548e+00
-0.6520,-0.0010700,0.0000634,0.00010300,0.00000290,-4.7393937111e+00,2.4444445968e-01,0.3153,2.3319189548e+00
-0.6510,-0.0010700,0.0000635,0.00010300,0.00000290,-4.7393937111e+00,2.4484850466e-01,0.3163,2.3319189548e+00
-0.6500,-0.0010700,0.0000634,0.00010300,0.00000290,-4.7393937111e+00,2.4444445968e-01,0.3173,2.3319189548e+00
-0.6490,-0.0010700,0.0000635,0.00010300,0.00000291,-4.7393937111e+00,2.4480809271e-01,0.3183,2.3319189548e+00
-0.6480,-0.0010700,0.0000635,0.00010400,0.00000290,-4.7434344292e+00,2.4484850466e-01,0.3193,2.3359596729e+00
-0.6470,-0.0010700,0.0000635,0.00010400,0.00000290,-4.7434344292e+00,2.4484850466e-01,0.3203,2.3359596729e+00
-0.6460,-0.0010700,0.0000635,0.00010400,0.00000290,-4.7434344292e+00,2.4484850466e-01,0.3213,2.3359596729e+00
-0.6450,-0.0010700,0.0000634,0.00010400,0.00000290,-4.7434344292e+00,2.4444445968e-01,0.3223,2.3359596729e+00
-0.6440,-0.0010700,0.0000635,0.00010400,0.00000290,-4.7434344292e+00,2.4484850466e-01,0.3233,2.3359596729e+00
-0.6430,-0.0010700,0.0000635,0.00010400,0.00000289,-4.7434344292e+00,2.4488890171e-01,0.3243,2.3359596729e+00
-0.6420,-0.0010600,0.0000636,0.00010400,0.00000289,-4.7030305862e+00,2.4529291689e-01,0.3253,2.2955558300e+00
-0.6410,-0.0010700,0.0000636,0.00010400,0.00000289,-4.7434344292e+00,2.4529291689e-01,0.3263,2.3359596729e+00
-0.6400,-0.0010700,0.0000637,0.00010400,0.00000288,-4.7434344292e+00,2.4573737383e-01,0.3273,2.3359596729e+00
-0.6390,-0.0010700,0.0000637,0.00010400,0.00000288,-4.7434344292e+00,2.4573737383e-01,0.3283,2.3359596729e+00
-0.6380,-0.0010700,0.0000637,0.00010400,0.00000288,-4.7434344292e+00,2.4573737383e-01,0.3293,2.3359596729e+00
-0.6370,-0.0010600,0.0000637,0.00010400,0.00000288,-4.7030305862e+00,2.4573737383e-01,0.3303,2.2955558300e+00
-0.6360,-0.0010700,0.0000637,0.00010400,0.00000287,-4.7434344292e+00,2.4577775598e-01,0.3313,2.3359596729e+00
-0.6350,-0.0010700,0.0000637,0.00010400,0.00000287,-4.7434344292e+00,2.4577775598e-01,0.3323,2.3359596729e+00
-0.6340,-0.0010700,0.0000637,0.00010400,0.00000286,-4.7434344292e+00,2.4581816792e-01,0.3333,2.3359596729e+00
-0.6330,-0.0010700,0.0000638,0.00010400,0.00000287,-4.7434344292e+00,2.4618180096e-01,0.3343,2.3359596729e+00
-0.6320,-0.0010700,0.0000638,0.00010400,0.00000286,-4.7434344292e+00,2.4622221291e-01,0.3353,2.3359596729e+00
-0.6310,-0.0010700,0.0000638,0.00010400,0.00000286,-4.7434344292e+00,2.4622221291e-01,0.3363,2.3359596729e+00
-0.6300,-0.0010700,0.0000638,0.00010400,0.00000286,-4.7434344292e+00,2.4622221291e-01,0.3373,2.3359596729e+00
-0.6290,-0.0010700,0.0000638,0.00010400,0.00000286,-4.7434344292e+00,2.4622221291e-01,0.3383,2.3359596729e+00
-0.6280,-0.0010700,0.0000639,0.00010400,0.00000286,-4.7434344292e+00,2.4662627280e-01,0.3393,2.3359596729e+00
-0.6270,-0.0010700,0.0000638,0.00010400,0.00000286,-4.7434344292e+00,2.4622221291e-01,0.3403,2.3359596729e+00
-0.6260,-0.0010700,0.0000639,0.00010400,0.00000285,-4.7434344292e+00,2.4666666985e-01,0.3413,2.3359596729e+00
-0.6250,-0.0010600,0.0000638,0.00010400,0.00000285,-4.7030305862e+00,2.4626262486e-01,0.3423,2.2955558300e+00
-0.6240,-0.0010700,0.0000638,0.00010400,0.00000285,-4.7434344292e+00,2.4626262486e-01,0.3433,2.3359596729e+00
-0.6230,-0.0010700,0.0000639,0.00010400,0.00000285,-4.7434344292e+00,2.4666666985e-01,0.3443,2.3359596729e+00
-0.6220,-0.0010700,0.0000639,0.00010400,0.00000284,-4.7434344292e+00,2.4670705199e-01,0.3453,2.3359596729e+00
-0.6210,-0.0010600,0.0000639,0.00010400,0.00000284,-4.7030305862e+00,2.4670705199e-01,0.3463,2.2955558300e+00
-0.6200,-0.0010700,0.0000640,0.00010400,0.00000284,-4.7434344292e+00,2.4711109698e-01,0.3473,2.3359596729e+00
-0.6190,-0.0010700,0.0000639,0.00010400,0.00000284,-4.7434344292e+00,2.4670705199e-01,0.3483,2.3359596729e+00
-0.6180,-0.0010700,0.0000641,0.00010400,0.00000284,-4.7434344292e+00,2.4751514196e-01,0.3493,2.3359596729e+00
-0.6170,-0.0010600,0.0000638,0.00010400,0.00000283,-4.7030305862e+00,2.4634343386e-01,0.3503,2.2955558300e+00
-0.6160,-0.0010700,0.0000640,0.00010400,0.00000283,-4.7434344292e+00,2.4715152383e-01,0.3513,2.3359596729e+00
-0.6150,-0.0010600,0.0000639,0.00010400,0.00000283,-4.7030305862e+00,2.4674747884e-01,0.3523,2.2955558300e+00
-0.6140,-0.0010600,0.0000638,0.00010400,0.00000283,-4.7030305862e+00,2.4634343386e-01,0.3533,2.2955558300e+00
-0.6130,-0.0010600,0.0000639,0.00010400,0.00000283,-4.7030305862e+00,2.4674747884e-01,0.3543,2.2955558300e+00
-0.6120,-0.0010600,0.0000639,0.00010400,0.00000283,-4.7030305862e+00,2.4674747884e-01,0.3553,2.2955558300e+00
-0.6110,-0.0010600,0.0000639,0.00010400,0.00000283,-4.7030305862e+00,2.4674747884e-01,0.3563,2.2955558300e+00
-0.6100,-0.0010700,0.0000640,0.00010400,0.00000282,-4.7434344292e+00,2.4719192088e-01,0.3573,2.3359596729e+00
-0.6090,-0.0010600,0.0000640,0.00010400,0.00000282,-4.7030305862e+00,2.4719192088e-01,0.3583,2.2955558300e+00
-0.6080,-0.0010600,0.0000639,0.00010400,0.00000282,-4.7030305862e+00,2.4678787589e-01,0.3593,2.2955558300e+00
-0.6070,-0.0010600,0.0000640,0.00010400,0.00000282,-4.7030305862e+00,2.4719192088e-01,0.3603,2.2955558300e+00
-0.6060,-0.0010600,0.0000640,0.00010400,0.00000281,-4.7030305862e+00,2.4723233283e-01,0.3613,2.2955558300e+00
-0.6050,-0.0010600,0.0000639,0.00010400,0.00000282,-4.7030305862e+00,2.4678787589e-01,0.3623,2.2955558300e+00
-0.6040,-0.0010600,0.0000640,0.00010400,0.00000281,-4.7030305862e+00,2.4723233283e-01,0.3633,2.2955558300e+00
-0.6030,-0.0010600,0.0000641,0.00010400,0.00000281,-4.7030305862e+00,2.4763637781e-01,0.3643,2.2955558300e+00
-0.6020,-0.0010600,0.0000639,0.00010400,0.00000281,-4.7030305862e+00,2.4682828784e-01,0.3653,2.2955558300e+00
-0.6010,-0.0010600,0.0000638,0.00010400,0.00000281,-4.7030305862e+00,2.4642422795e-01,0.3663,2.2955558300e+00
-0.6000,-0.0010600,0.0000640,0.00010400,0.00000281,-4.7030305862e+00,2.4723233283e-01,0.3673,2.2955558300e+00
-0.5990,-0.0010600,0.0000639,0.00010400,0.00000281,-4.7030305862e+00,2.4682828784e-01,0.3683,2.2955558300e+00
-0.5980,-0.0010600,0.0000640,0.00010400,0.00000281,-4.7030305862e+00,2.4723233283e-01,0.3693,2.2955558300e+00
-0.5970,-0.0010600,0.0000641,0.00010400,0.00000281,-4.7030305862e+00,2.4763637781e-01,0.3703,2.2955558300e+00
-0.5960,-0.0010600,0.0000641,0.00010400,0.00000280,-4.7030305862e+00,2.4767677486e-01,0.3713,2.2955558300e+00
-0.5950,-0.0010600,0.0000640,0.00010400,0.00000280,-4.7030305862e+00,2.4727272987e-01,0.3723,2.2955558300e+00
-0.5940,-0.0010600,0.0000641,0.00010400,0.00000280,-4.7030305862e+00,2.4767677486e-01,0.3733,2.2955558300e+00
-0.5930,-0.0010600,0.0000640,0.00010400,0.00000280,-4.7030305862e+00,2.4727272987e-01,0.3743,2.2955558300e+00
-0.5920,-0.0010600,0.0000640,0.00010400,0.00000280,-4.7030305862e+00,2.4727272987e-01,0.3753,2.2955558300e+00
-0.5910,-0.0010600,0.0000639,0.00010400,0.00000280,-4.7030305862e+00,2.4686868489e-01,0.3763,2.2955558300e+00
-0.5900,-0.0010600,0.0000640,0.00010400,0.00000279,-4.7030305862e+00,2.4731312692e-01,0.3773,2.2955558300e+00
-0.5890,-0.0010600,0.0000639,0.00010400,0.00000279,-4.7030305862e+00,2.4690908194e-01,0.3783,2.2955558300e+00
-0.5880,-0.0010600,0.0000640,0.00010400,0.00000279,-4.7030305862e+00,2.4731312692e-01,0.3793,2.2955558300e+00
-0.5870,-0.0010600,0.0000641,0.00010400,0.00000279,-4.7030305862e+00,2.4771717191e-01,0.3803,2.2955558300e+00
-0.5860,-0.0010600,0.0000640,0.00010400,0.00000279,-4.7030305862e+00,2.4731312692e-01,0.3813,2.2955558300e+00
-0.5850,-0.0010500,0.0000641,0.00010400,0.00000278,-4.6626262665e+00,2.4775758386e-01,0.3823,2.2551515102e+00
-0.5840,-0.0010600,0.0000642,0.00010400,0.00000278,-4.7030305862e+00,2.4816162884e-01,0.3833,2.2955558300e+00
-0.5830,-0.0010600,0.0000641,0.00010400,0.00000278,-4.7030305862e+00,2.4775758386e-01,0.3843,2.2955558300e+00
-0.5820,-0.0010600,0.0000641,0.00010400,0.00000278,-4.7030305862e+00,2.4775758386e-01,0.3853,2.2955558300e+00
-0.5810,-0.0010500,0.0000641,0.00010400,0.00000278,-4.6626262665e+00,2.4775758386e-01,0.3863,2.2551515102e+00
-0.5800,-0.0010600,0.0000640,0.00010400,0.00000278,-4.7030305862e+00,2.4735353887e-01,0.3873,2.2955558300e+00
-0.5790,-0.0010500,0.0000640,0.00010400,0.00000278,-4.6626262665e+00,2.4735353887e-01,0.3883,2.2551515102e+00
-0.5780,-0.0010500,0.0000639,0.00010400,0.00000278,-4.6626262665e+00,2.4694949389e-01,0.3893,2.2551515102e+00
-0.5770,-0.0010500,0.0000640,0.00010400,0.00000277,-4.6626262665e+00,2.4739393592e-01,0.3903,2.2551515102e+00
-0.5760,-0.0010500,0.0000641,0.00010400,0.00000277,-4.6626262665e+00,2.4779798090e-01,0.3913,2.2551515102e+00
-0.5750,-0.0010600,0.0000643,0.00010400,0.00000277,-4.7030305862e+00,2.4860607088e-01,0.3923,2.2955558300e+00
-0.5740,-0.0010600,0.0000642,0.00010400,0.00000277,-4.7030305862e+00,2.4820202589e-01,0.3933,2.2955558300e+00
-0.5730,-0.0010500,0.0000641,0.00010400,0.00000277,-4.6626262665e+00,2.4779798090e-01,0.3943,2.2551515102e+00
-0.5720,-0.0010500,0.0000641,0.00010400,0.00000277,-4.6626262665e+00,2.4779798090e-01,0.3953,2.2551515102e+00
-0.5710,-0.0010500,0.0000642,0.00010400,0.00000277,-4.6626262665e+00,2.4820202589e-01,0.3963,2.2551515102e+00
-0.5700,-0.0010500,0.0000641,0.00010400,0.00000276,-4.6626262665e+00,2.4783840775e-01,0.3973,2.2551515102e+00
-0.5690,-0.0010500,0.0000642,0.00010400,0.00000276,-4.6626262665e+00,2.4824245274e-01,0.3983,2.2551515102e+00
-0.5680,-0.0010600,0.0000641,0.00010400,0.00000276,-4.7030305862e+00,2.4783840775e-01,0.3993,2.2955558300e+00
-0.5670,-0.0010500,0.0000641,0.00010400,0.00000276,-4.6626262665e+00,2.4783840775e-01,0.4003,2.2551515102e+00
-0.5660,-0.0010500,0.0000643,0.00010400,0.00000276,-4.6626262665e+00,2.4864648283e-01,0.4013,2.2551515102e+00
-0.5650,-0.0010500,0.0000642,0.00010400,0.00000276,-4.6626262665e+00,2.4824245274e-01,0.4023,2.2551515102e+00
-0.5640,-0.0010500,0.0000643,0.00010400,0.00000275,-4.6626262665e+00,2.4868687987e-01,0.4033,2.2551515102e+00
-0.5630,-0.0010500,0.0000643,0.00010400,0.00000275,-4.6626262665e+00,2.4868687987e-01,0.4043,2.2551515102e+00
-0.5620,-0.0010600,0.0000643,0.00010400,0.00000276,-4.7030305862e+00,2.4864648283e-01,0.4053,2.2955558300e+00
-0.5610,-0.0010500,0.0000642,0.00010400,0.00000275,-4.6626262665e+00,2.4828283489e-01,0.4063,2.2551515102e+00
-0.5600,-0.0010600,0.0000642,0.00010400,0.00000275,-4.7030305862e+00,2.4828283489e-01,0.4073,2.2955558300e+00
-0.5590,-0.0010500,0.0000642,0.00010400,0.00000275,-4.6626262665e+00,2.4828283489e-01,0.4083,2.2551515102e+00
-0.5580,-0.0010500,0.0000642,0.00010400,0.00000275,-4.6626262665e+00,2.4828283489e-01,0.4093,2.2551515102e+00
-0.5570,-0.0010500,0.0000644,0.00010400,0.00000275,-4.6626262665e+00,2.4909092486e-01,0.4103,2.2551515102e+00
-0.5560,-0.0010500,0.0000643,0.00010400,0.00000275,-4.6626262665e+00,2.4868687987e-01,0.4113,2.2551515102e+00
-0.5550,-0.0010500,0.0000642,0.00010400,0.00000275,-4.6626262665e+00,2.4828283489e-01,0.4123,2.2551515102e+00
-0.5540,-0.0010500,0.0000644,0.00010400,0.00000274,-4.6626262665e+00,2.4913132191e-01,0.4133,2.2551515102e+00
-0.5530,-0.0010500,0.0000643,0.00010400,0.00000274,-4.6626262665e+00,2.4872727692e-01,0.4143,2.2551515102e+00
-0.5520,-0.0010600,0.0000643,0.00010400,0.00000274,-4.7030305862e+00,2.4872727692e-01,0.4153,2.2955558300e+00
-0.5510,-0.0010500,0.0000642,0.00010400,0.00000274,-4.6626262665e+00,2.4832323194e-01,0.4163,2.2551515102e+00
-0.5500,-0.0010500,0.0000642,0.00010400,0.00000274,-4.6626262665e+00,2.4832323194e-01,0.4173,2.2551515102e+00
-0.5490,-0.0010500,0.0000641,0.00010400,0.00000274,-4.6626262665e+00,2.4791918695e-01,0.4183,2.2551515102e+00
-0.5480,-0.0010500,0.0000642,0.00010400,0.00000274,-4.6626262665e+00,2.4832323194e-01,0.4193,2.2551515102e+00
-0.5470,-0.0010500,0.0000641,0.00010400,0.00000274,-4.6626262665e+00,2.4791918695e-01,0.4203,2.2551515102e+00
-0.5460,-0.0010500,0.0000643,0.00010400,0.00000274,-4.6626262665e+00,2.4872727692e-01,0.4213,2.2551515102e+00
-0.5450,-0.0010500,0.0000642,0.00010400,0.00000274,-4.6626262665e+00,2.4832323194e-01,0.4223,2.2551515102e+00
-0.5440,-0.0010500,0.0000645,0.00010400,0.00000273,-4.6626262665e+00,2.4957574904e-01,0.4233,2.2551515102e+00
-0.5430,-0.0010500,0.0000643,0.00010400,0.00000274,-4.6626262665e+00,2.4872727692e-01,0.4243,2.2551515102e+00
-0.5420,-0.0010500,0.0000643,0.00010400,0.00000273,-4.6626262665e+00,2.4876768887e-01,0.4253,2.2551515102e+00
-0.5410,-0.0010500,0.0000644,0.00010400,0.00000273,-4.6626262665e+00,2.4917173386e-01,0.4263,2.2551515102e+00
-0.5400,-0.0010500,0.0000643,0.00010400,0.00000273,-4.6626262665e+00,2.4876768887e-01,0.4273,2.2551515102e+00
-0.5390,-0.0010500,0.0000643,0.00010400,0.00000273,-4.6626262665e+00,2.4876768887e-01,0.4283,2.2551515102e+00
-0.5380,-0.0010500,0.0000643,0.00010400,0.00000273,-4.6626262665e+00,2.4876768887e-01,0.4293,2.2551515102e+00
-0.5370,-0.0010500,0.0000643,0.00010400,0.00000272,-4.6626262665e+00,2.4880808592e-01,0.4303,2.2551515102e+00
-0.5360,-0.0010500,0.0000642,0.00010400,0.00000272,-4.6626262665e+00,2.4840404093e-01,0.4313,2.2551515102e+00
-0.5350,-0.0010500,0.0000643,0.00010400,0.00000272,-4.6626262665e+00,2.4880808592e-01,0.4323,2.2551515102e+00
-0.5340,-0.0010500,0.0000642,0.00010400,0.00000271,-4.6626262665e+00,2.4844443798e-01,0.4333,2.2551515102e+00
-0.5330,-0.0010500,0.0000641,0.00010400,0.00000272,-4.6626262665e+00,2.4799999595e-01,0.4343,2.2551515102e+00
-0.5320,-0.0010500,0.0000642,0.00010400,0.00000272,-4.6626262665e+00,2.4840404093e-01,0.4353,2.2551515102e+00
-0.5310,-0.0010500,0.0000642,0.00010400,0.00000272,-4.6626262665e+00,2.4840404093e-01,0.4363,2.2551515102e+00
-0.5300,-0.0010500,0.0000642,0.00010400,0.00000272,-4.6626262665e+00,2.4840404093e-01,0.4373,2.2551515102e+00
-0.5290,-0.0010500,0.0000642,0.00010400,0.00000272,-4.6626262665e+00,2.4840404093e-01,0.4383,2.2551515102e+00
-0.5280,-0.0010500,0.0000641,0.00010400,0.00000271,-4.6626262665e+00,2.4804039299e-01,0.4393,2.2551515102e+00
-0.5270,-0.0010500,0.0000641,0.00010400,0.00000271,-4.6626262665e+00,2.4804039299e-01,0.4403,2.2551515102e+00
-0.5260,-0.0010400,0.0000640,0.00010400,0.00000271,-4.6222219467e+00,2.4763634801e-01,0.4413,2.2147471905e+00
-0.5250,-0.0010400,0.0000641,0.00010400,0.00000271,-4.6222219467e+00,2.4804039299e-01,0.4423,2.2147471905e+00
-0.5240,-0.0010400,0.0000641,0.00010400,0.00000271,-4.6222219467e+00,2.4804039299e-01,0.4433,2.2147471905e+00
-0.5230,-0.0010400,0.0000641,0.00010400,0.00000271,-4.6222219467e+00,2.4804039299e-01,0.4443,2.2147471905e+00
-0.5220,-0.0010500,0.0000644,0.00010400,0.00000270,-4.6626262665e+00,2.4929293990e-01,0.4453,2.2551515102e+00
-0.5210,-0.0010500,0.0000642,0.00010400,0.00000270,-4.6626262665e+00,2.4848486483e-01,0.4463,2.2551515102e+00
-0.5200,-0.0010500,0.0000642,0.00010400,0.00000270,-4.6626262665e+00,2.4848486483e-01,0.4473,2.2551515102e+00
-0.5190,-0.0010500,0.0000643,0.00010400,0.00000270,-4.6626262665e+00,2.4888890982e-01,0.4483,2.2551515102e+00
-0.5180,-0.0010500,0.0000641,0.00010400,0.00000269,-4.6626262665e+00,2.4812120199e-01,0.4493,2.2551515102e+00
-0.5170,-0.0010500,0.0000642,0.00010400,0.00000270,-4.6626262665e+00,2.4848486483e-01,0.4503,2.2551515102e+00
-0.5160,-0.0010500,0.0000642,0.00010400,0.00000269,-4.6626262665e+00,2.4852524698e-01,0.4513,2.2551515102e+00
-0.5150,-0.0010500,0.0000642,0.00010400,0.00000269,-4.6626262665e+00,2.4852524698e-01,0.4523,2.2551515102e+00
-0.5140,-0.0010500,0.0000641,0.00010400,0.00000269,-4.6626262665e+00,2.4812120199e-01,0.4533,2.2551515102e+00
-0.5130,-0.0010500,0.0000641,0.00010400,0.00000269,-4.6626262665e+00,2.4812120199e-01,0.4543,2.2551515102e+00
-0.5120,-0.0010400,0.0000641,0.00010400,0.00000269,-4.6222219467e+00,2.4812120199e-01,0.4553,2.2147471905e+00
-0.5110,-0.0010400,0.0000641,0.00010400,0.00000269,-4.6222219467e+00,2.4812120199e-01,0.4563,2.2147471905e+00
-0.5100,-0.0010500,0.0000640,0.00010400,0.00000269,-4.6626262665e+00,2.4771717191e-01,0.4573,2.2551515102e+00
-0.5090,-0.0010400,0.0000642,0.00010400,0.00000269,-4.6222219467e+00,2.4852524698e-01,0.4583,2.2147471905e+00
-0.5080,-0.0010500,0.0000640,0.00010400,0.00000269,-4.6626262665e+00,2.4771717191e-01,0.4593,2.2551515102e+00
-0.5070,-0.0010400,0.0000640,0.00010400,0.00000269,-4.6222219467e+00,2.4771717191e-01,0.4603,2.2147471905e+00
-0.5060,-0.0010400,0.0000641,0.00010400,0.00000268,-4.6222219467e+00,2.4816162884e-01,0.4613,2.2147471905e+00
-0.5050,-0.0010400,0.0000640,0.00010400,0.00000268,-4.6222219467e+00,2.4775758386e-01,0.4623,2.2147471905e+00
-0.5040,-0.0010400,0.0000641,0.00010400,0.00000268,-4.6222219467e+00,2.4816162884e-01,0.4633,2.2147471905e+00
-0.5030,-0.0010500,0.0000641,0.00010400,0.00000268,-4.6626262665e+00,2.4816162884e-01,0.4643,2.2551515102e+00
-0.5020,-0.0010400,0.0000639,0.00010400,0.00000268,-4.6222219467e+00,2.4735353887e-01,0.4653,2.2147471905e+00
-0.5010,-0.0010400,0.0000640,0.00010400,0.00000268,-4.6222219467e+00,2.4775758386e-01,0.4663,2.2147471905e+00
-0.5000,-0.0010500,0.0000642,0.00010400,0.00000268,-4.6626262665e+00,2.4856567383e-01,0.4673,2.2551515102e+00
-0.4990,-0.0010500,0.0000642,0.00010400,0.00000267,-4.6626262665e+00,2.4860607088e-01,0.4683,2.2551515102e+00
-0.4980,-0.0010500,0.0000641,0.00010400,0.00000268,-4.6626262665e+00,2.4816162884e-01,0.4693,2.2551515102e+00
-0.4970,-0.0010500,0.0000640,0.00010400,0.00000268,-4.6626262665e+00,2.4775758386e-01,0.4703,2.2551515102e+00
-0.4960,-0.0010400,0.0000640,0.00010400,0.00000267,-4.6222219467e+00,2.4779798090e-01,0.4713,2.2147471905e+00
-0.4950,-0.0010400,0.0000640,0.00010400,0.00000267,-4.6222219467e+00,2.4779798090e-01,0.4723,2.2147471905e+00
-0.4940,-0.0010400,0.0000640,0.00010400,0.00000267,-4.6222219467e+00,2.4779798090e-01,0.4733,2.2147471905e+00
-0.4930,-0.0010400,0.0000640,0.00010400,0.00000267,-4.6222219467e+00,2.4779798090e-01,0.4743,2.2147471905e+00
-0.4920,-0.0010400,0.0000639,0.00010400,0.00000267,-4.6222219467e+00,2.4739393592e-01,0.4753,2.2147471905e+00
-0.4910,-0.0010400,0.0000639,0.00010400,0.00000267,-4.6222219467e+00,2.4739393592e-01,0.4763,2.2147471905e+00
-0.4900,-0.0010400,0.0000639,0.00010400,0.00000267,-4.6222219467e+00,2.4739393592e-01,0.4773,2.2147471905e+00
-0.4890,-0.0010400,0.0000639,0.00010400,0.00000267,-4.6222219467e+00,2.4739393592e-01,0.4783,2.2147471905e+00
-0.4880,-0.0010400,0.0000639,0.00010400,0.00000267,-4.6222219467e+00,2.4739393592e-01,0.4793,2.2147471905e+00
-0.4870,-0.0010500,0.0000639,0.00010400,0.00000267,-4.6626262665e+00,2.4739393592e-01,0.4803,2.2551515102e+00
-0.4860,-0.0010400,0.0000639,0.00010400,0.00000267,-4.6222219467e+00,2.4739393592e-01,0.4813,2.2147471905e+00
-0.4850,-0.0010400,0.0000638,0.00010400,0.00000267,-4.6222219467e+00,2.4698989093e-01,0.4823,2.2147471905e+00
-0.4840,-0.0010500,0.0000639,0.00010400,0.00000266,-4.6626262665e+00,2.4743433297e-01,0.4833,2.2551515102e+00
-0.4830,-0.0010400,0.0000638,0.00010400,0.00000266,-4.6222219467e+00,2.4703028798e-01,0.4843,2.2147471905e+00
-0.4820,-0.0010400,0.0000639,0.00010400,0.00000266,-4.6222219467e+00,2.4743433297e-01,0.4853,2.2147471905e+00
-0.4810,-0.0010400,0.0000638,0.00010400,0.00000266,-4.6222219467e+00,2.4703028798e-01,0.4863,2.2147471905e+00
-0.4800,-0.0010400,0.0000638,0.00010400,0.00000266,-4.6222219467e+00,2.4703028798e-01,0.4873,2.2147471905e+00
-0.4790,-0.0010400,0.0000638,0.00010400,0.00000266,-4.6222219467e+00,2.4703028798e-01,0.4883,2.2147471905e+00
-0.4780,-0.0010400,0.0000637,0.00010400,0.00000266,-4.6222219467e+00,2.4662624300e-01,0.4893,2.2147471905e+00
-0.4770,-0.0010400,0.0000638,0.00010400,0.00000266,-4.6222219467e+00,2.4703028798e-01,0.4903,2.2147471905e+00
-0.4760,-0.0010500,0.0000637,0.00010400,0.00000266,-4.6626262665e+00,2.4662624300e-01,0.4913,2.2551515102e+00
-0.4750,-0.0010400,0.0000637,0.00010400,0.00000266,-4.6222219467e+00,2.4662624300e-01,0.4923,2.2147471905e+00
-0.4740,-0.0010400,0.0000636,0.00010400,0.00000265,-4.6222219467e+00,2.4626262486e-01,0.4933,2.2147471905e+00
-0.4730,-0.0010400,0.0000635,0.00010400,0.00000266,-4.6222219467e+00,2.4581819773e-01,0.4943,2.2147471905e+00
-0.4720,-0.0010400,0.0000635,0.00010400,0.00000265,-4.6222219467e+00,2.4585860968e-01,0.4953,2.2147471905e+00
-0.4710,-0.0010400,0.0000634,0.00010400,0.00000265,-4.6222219467e+00,2.4545456469e-01,0.4963,2.2147471905e+00
-0.4700,-0.0010400,0.0000633,0.00010400,0.00000265,-4.6222219467e+00,2.4505051970e-01,0.4973,2.2147471905e+00
-0.4690,-0.0010400,0.0000631,0.00010400,0.00000265,-4.6222219467e+00,2.4424242973e-01,0.4983,2.2147471905e+00
-0.4680,-0.0010300,0.0000633,0.00010400,0.00000265,-4.5818181038e+00,2.4505051970e-01,0.4993,2.1743433475e+00
-0.4670,-0.0010300,0.0000631,0.00010400,0.00000265,-4.5818181038e+00,2.4424242973e-01,0.5003,2.1743433475e+00
-0.4660,-0.0010400,0.0000632,0.00010400,0.00000265,-4.6222219467e+00,2.4464647472e-01,0.5013,2.2147471905e+00
-0.4650,-0.0010400,0.0000632,0.00010400,0.00000265,-4.6222219467e+00,2.4464647472e-01,0.5023,2.2147471905e+00
-0.4640,-0.0010300,0.0000631,0.00010400,0.00000265,-4.5818181038e+00,2.4424242973e-01,0.5033,2.1743433475e+00
-0.4630,-0.0010400,0.0000630,0.00010400,0.00000265,-4.6222219467e+00,2.4383838475e-01,0.5043,2.2147471905e+00
-0.4620,-0.0010400,0.0000632,0.00010400,0.00000265,-4.6222219467e+00,2.4464647472e-01,0.5053,2.2147471905e+00
-0.4610,-0.0010400,0.0000632,0.00010400,0.00000265,-4.6222219467e+00,2.4464647472e-01,0.5063,2.2147471905e+00
-0.4600,-0.0010400,0.0000633,0.00010400,0.00000264,-4.6222219467e+00,2.4509091675e-01,0.5073,2.2147471905e+00
-0.4590,-0.0010400,0.0000631,0.00010400,0.00000265,-4.6222219467e+00,2.4424242973e-01,0.5083,2.2147471905e+00
-0.4580,-0.0010400,0.0000632,0.00010400,0.00000264,-4.6222219467e+00,2.4468687177e-01,0.5093,2.2147471905e+00
-0.4570,-0.0010400,0.0000630,0.00010400,0.00000264,-4.6222219467e+00,2.4387878180e-01,0.5103,2.2147471905e+00
-0.4560,-0.0010400,0.0000632,0.00010400,0.00000264,-4.6222219467e+00,2.4468687177e-01,0.5113,2.2147471905e+00
-0.4550,-0.0010400,0.0000630,0.00010400,0.00000264,-4.6222219467e+00,2.4387878180e-01,0.5123,2.2147471905e+00
-0.4540,-0.0010400,0.0000630,0.00010400,0.00000264,-4.6222219467e+00,2.4387878180e-01,0.5133,2.2147471905e+00
-0.4530,-0.0010400,0.0000630,0.00010400,0.00000264,-4.6222219467e+00,2.4387878180e-01,0.5143,2.2147471905e+00
-0.4520,-0.0010400,0.0000630,0.00010400,0.00000264,-4.6222219467e+00,2.4387878180e-01,0.5153,2.2147471905e+00
-0.4510,-0.0010400,0.0000629,0.00010400,0.00000264,-4.6222219467e+00,2.4347473681e-01,0.5163,2.2147471905e+00
-0.4500,-0.0010400,0.0000629,0.00010400,0.00000264,-4.6222219467e+00,2.4347473681e-01,0.5173,2.2147471905e+00
-0.4490,-0.0010400,0.0000628,0.00010400,0.00000264,-4.6222219467e+00,2.4307069182e-01,0.5183,2.2147471905e+00
-0.4480,-0.0010400,0.0000628,0.00010400,0.00000263,-4.6222219467e+00,2.4311110377e-01,0.5193,2.2147471905e+00
-0.4470,-0.0010400,0.0000629,0.00010400,0.00000264,-4.6222219467e+00,2.4347473681e-01,0.5203,2.2147471905e+00
-0.4460,-0.0010400,0.0000628,0.00010400,0.00000263,-4.6222219467e+00,2.4311110377e-01,0.5213,2.2147471905e+00
-0.4450,-0.0010400,0.0000629,0.00010400,0.00000263,-4.6222219467e+00,2.4351514876e-01,0.5223,2.2147471905e+00
-0.4440,-0.0010400,0.0000628,0.00010400,0.00000263,-4.6222219467e+00,2.4311110377e-01,0.5233,2.2147471905e+00
-0.4430,-0.0010400,0.0000627,0.00010400,0.00000263,-4.6222219467e+00,2.4270705879e-01,0.5243,2.2147471905e+00
-0.4420,-0.0010400,0.0000627,0.00010400,0.00000263,-4.6222219467e+00,2.4270705879e-01,0.5253,2.2147471905e+00
-0.4410,-0.0010400,0.0000626,0.00010400,0.00000263,-4.6222219467e+00,2.4230301380e-01,0.5263,2.2147471905e+00
-0.4400,-0.0010400,0.0000627,0.00010400,0.00000263,-4.6222219467e+00,2.4270705879e-01,0.5273,2.2147471905e+00
-0.4390,-0.0010400,0.0000627,0.00010400,0.00000263,-4.6222219467e+00,2.4270705879e-01,0.5283,2.2147471905e+00
-0.4380,-0.0010400,0.0000626,0.00010400,0.00000263,-4.6222219467e+00,2.4230301380e-01,0.5293,2.2147471905e+00
-0.4370,-0.0010400,0.0000626,0.00010400,0.00000262,-4.6222219467e+00,2.4234342575e-01,0.5303,2.2147471905e+00
-0.4360,-0.0010300,0.0000625,0.00010400,0.00000263,-4.5818181038e+00,2.4189899862e-01,0.5313,2.1743433475e+00
-0.4350,-0.0010400,0.0000626,0.00010400,0.00000263,-4.6222219467e+00,2.4230301380e-01,0.5323,2.2147471905e+00
-0.4340,-0.0010400,0.0000625,0.00010400,0.00000263,-4.6222219467e+00,2.4189899862e-01,0.5333,2.2147471905e+00
-0.4330,-0.0010400,0.0000625,0.00010400,0.00000262,-4.6222219467e+00,2.4193941057e-01,0.5343,2.2147471905e+00
-0.4320,-0.0010400,0.0000623,0.00010400,0.00000262,-4.6222219467e+00,2.4113132060e-01,0.5353,2.2147471905e+00
-0.4310,-0.0010400,0.0000624,0.00010400,0.00000262,-4.6222219467e+00,2.4153536558e-01,0.5363,2.2147471905e+00
-0.4300,-0.0010400,0.0000622,0.00010400,0.00000262,-4.6222219467e+00,2.4072727561e-01,0.5373,2.2147471905e+00
-0.4290,-0.0010400,0.0000621,0.00010400,0.00000262,-4.6222219467e+00,2.4032323062e-01,0.5383,2.2147471905e+00
-0.4280,-0.0010400,0.0000622,0.00010400,0.00000262,-4.6222219467e+00,2.4072727561e-01,0.5393,2.2147471905e+00
-0.4270,-0.0010400,0.0000621,0.00010400,0.00000262,-4.6222219467e+00,2.4032323062e-01,0.5403,2.2147471905e+00
-0.4260,-0.0010400,0.0000620,0.00010400,0.00000261,-4.6222219467e+00,2.3995959759e-01,0.5413,2.2147471905e+00
-0.4250,-0.0010400,0.0000620,0.00010400,0.00000261,-4.6222219467e+00,2.3995959759e-01,0.5423,2.2147471905e+00
-0.4240,-0.0010400,0.0000620,0.00010400,0.00000262,-4.6222219467e+00,2.3991918564e-01,0.5433,2.2147471905e+00
-0.4230,-0.0010400,0.0000620,0.00010400,0.00000261,-4.6222219467e+00,2.3995959759e-01,0.5443,2.2147471905e+00
-0.4220,-0.0010400,0.0000620,0.00010400,0.00000261,-4.6222219467e+00,2.3995959759e-01,0.5453,2.2147471905e+00
-0.4210,-0.0010400,0.0000618,0.00010400,0.00000261,-4.6222219467e+00,2.3915150762e-01,0.5463,2.2147471905e+00
-0.4200,-0.0010400,0.0000617,0.00010400,0.00000261,-4.6222219467e+00,2.3874746263e-01,0.5473,2.2147471905e+00
-0.4190,-0.0010400,0.0000617,0.00010400,0.00000261,-4.6222219467e+00,2.3874746263e-01,0.5483,2.2147471905e+00
-0.4180,-0.0010400,0.0000615,0.00010400,0.00000261,-4.6222219467e+00,2.3793941736e-01,0.5493,2.2147471905e+00
-0.4170,-0.0010400,0.0000616,0.00010400,0.00000261,-4.6222219467e+00,2.3834344745e-01,0.5503,2.2147471905e+00
-0.4160,-0.0010400,0.0000615,0.00010400,0.00000261,-4.6222219467e+00,2.3793941736e-01,0.5513,2.2147471905e+00
-0.4150,-0.0010400,0.0000615,0.00010400,0.00000261,-4.6222219467e+00,2.3793941736e-01,0.5523,2.2147471905e+00
-0.4140,-0.0010400,0.0000614,0.00010400,0.00000261,-4.6222219467e+00,2.3753537238e-01,0.5533,2.2147471905e+00
-0.4130,-0.0010400,0.0000613,0.00010400,0.00000261,-4.6222219467e+00,2.3713132739e-01,0.5543,2.2147471905e+00
-0.4120,-0.0010400,0.0000614,0.00010400,0.00000261,-4.6222219467e+00,2.3753537238e-01,0.5553,2.2147471905e+00
-0.4110,-0.0010300,0.0000613,0.00010400,0.00000261,-4.5818181038e+00,2.3713132739e-01,0.5563,2.1743433475e+00
-0.4100,-0.0010400,0.0000612,0.00010400,0.00000261,-4.6222219467e+00,2.3672728240e-01,0.5573,2.2147471905e+00
-0.4090,-0.0010400,0.0000612,0.00010400,0.00000260,-4.6222219467e+00,2.3676767945e-01,0.5583,2.2147471905e+00
-0.4080,-0.0010400,0.0000613,0.00010400,0.00000261,-4.6222219467e+00,2.3713132739e-01,0.5593,2.2147471905e+00
-0.4070,-0.0010400,0.0000611,0.00010400,0.00000260,-4.6222219467e+00,2.3636363447e-01,0.5603,2.2147471905e+00
-0.4060,-0.0010400,0.0000611,0.00010400,0.00000260,-4.6222219467e+00,2.3636363447e-01,0.5613,2.2147471905e+00
-0.4050,-0.0010400,0.0000610,0.00010400,0.00000260,-4.6222219467e+00,2.3595958948e-01,0.5623,2.2147471905e+00
-0.4040,-0.0010400,0.0000609,0.00010400,0.00000260,-4.6222219467e+00,2.3555555940e-01,0.5633,2.2147471905e+00
-0.4030,-0.0010400,0.0000609,0.00010400,0.00000260,-4.6222219467e+00,2.3555555940e-01,0.5643,2.2147471905e+00
-0.4020,-0.0010400,0.0000609,0.00010400,0.00000260,-4.6222219467e+00,2.3555555940e-01,0.5653,2.2147471905e+00
-0.4010,-0.0010400,0.0000608,0.00010400,0.00000260,-4.6222219467e+00,2.3515151441e-01,0.5663,2.2147471905e+00
-0.4000,-0.0010400,0.0000606,0.00010400,0.00000261,-4.6222219467e+00,2.3430302739e-01,0.5673,2.2147471905e+00
-0.3990,-0.0010400,0.0000605,0.00010400,0.00000261,-4.6222219467e+00,2.3389899731e-01,0.5683,2.2147471905e+00
-0.3980,-0.0010300,0.0000605,0.00010400,0.00000260,-4.5818181038e+00,2.3393937945e-01,0.5693,2.1743433475e+00
-0.3970,-0.0010400,0.0000604,0.00010400,0.00000260,-4.6222219467e+00,2.3353534937e-01,0.5703,2.2147471905e+00
-0.3960,-0.0010400,0.0000604,0.00010400,0.00000260,-4.6222219467e+00,2.3353534937e-01,0.5713,2.2147471905e+00
-0.3950,-0.0010400,0.0000604,0.00010400,0.00000260,-4.6222219467e+00,2.3353534937e-01,0.5723,2.2147471905e+00
-0.3940,-0.0010400,0.0000602,0.00010400,0.00000260,-4.6222219467e+00,2.3272727430e-01,0.5733,2.2147471905e+00
-0.3930,-0.0010300,0.0000602,0.00010400,0.00000260,-4.5818181038e+00,2.3272727430e-01,0.5743,2.1743433475e+00
-0.3920,-0.0010400,0.0000602,0.00010400,0.00000260,-4.6222219467e+00,2.3272727430e-01,0.5753,2.2147471905e+00
-0.3910,-0.0010300,0.0000599,0.00010400,0.00000260,-4.5818181038e+00,2.3151515424e-01,0.5763,2.1743433475e+00
-0.3900,-0.0010300,0.0000601,0.00010400,0.00000260,-4.5818181038e+00,2.3232322931e-01,0.5773,2.1743433475e+00
-0.3890,-0.0010400,0.0000599,0.00010400,0.00000260,-4.6222219467e+00,2.3151515424e-01,0.5783,2.2147471905e+00
-0.3880,-0.0010400,0.0000599,0.00010400,0.00000259,-4.6222219467e+00,2.3155555129e-01,0.5793,2.2147471905e+00
-0.3870,-0.0010400,0.0000599,0.00010400,0.00000260,-4.6222219467e+00,2.3151515424e-01,0.5803,2.2147471905e+00
-0.3860,-0.0010400,0.0000597,0.00010400,0.00000259,-4.6222219467e+00,2.3074747622e-01,0.5813,2.2147471905e+00
-0.3850,-0.0010400,0.0000596,0.00010400,0.00000259,-4.6222219467e+00,2.3034343123e-01,0.5823,2.2147471905e+00
-0.3840,-0.0010400,0.0000595,0.00010400,0.00000259,-4.6222219467e+00,2.2993938625e-01,0.5833,2.2147471905e+00
-0.3830,-0.0010300,0.0000594,0.00010400,0.00000259,-4.5818181038e+00,2.2953535616e-01,0.5843,2.1743433475e+00
-0.3820,-0.0010300,0.0000595,0.00010400,0.00000259,-4.5818181038e+00,2.2993938625e-01,0.5853,2.1743433475e+00
-0.3810,-0.0010300,0.0000593,0.00010400,0.00000259,-4.5818181038e+00,2.2913131118e-01,0.5863,2.1743433475e+00
-0.3800,-0.0010400,0.0000593,0.00010400,0.00000259,-4.6222219467e+00,2.2913131118e-01,0.5873,2.2147471905e+00
-0.3790,-0.0010300,0.0000591,0.00010400,0.00000259,-4.5818181038e+00,2.2832322121e-01,0.5883,2.1743433475e+00
-0.3780,-0.0010400,0.0000591,0.00010400,0.00000259,-4.6222219467e+00,2.2832322121e-01,0.5893,2.2147471905e+00
-0.3770,-0.0010400,0.0000591,0.00010400,0.00000259,-4.6222219467e+00,2.2832322121e-01,0.5903,2.2147471905e+00
-0.3760,-0.0010400,0.0000591,0.00010400,0.00000258,-4.6222219467e+00,2.2836363316e-01,0.5913,2.2147471905e+00
-0.3750,-0.0010400,0.0000589,0.00010400,0.00000259,-4.6222219467e+00,2.2751514614e-01,0.5923,2.2147471905e+00
-0.3740,-0.0010400,0.0000588,0.00010400,0.00000258,-4.6222219467e+00,2.2715151310e-01,0.5933,2.2147471905e+00
-0.3730,-0.0010400,0.0000587,0.00010400,0.00000258,-4.6222219467e+00,2.2674746811e-01,0.5943,2.2147471905e+00
-0.3720,-0.0010400,0.0000586,0.00010400,0.00000258,-4.6222219467e+00,2.2634342313e-01,0.5953,2.2147471905e+00
-0.3710,-0.0010400,0.0000586,0.00010400,0.00000258,-4.6222219467e+00,2.2634342313e-01,0.5963,2.2147471905e+00
-0.3700,-0.0010400,0.0000585,0.00010400,0.00000258,-4.6222219467e+00,2.2593940794e-01,0.5973,2.2147471905e+00
-0.3690,-0.0010400,0.0000585,0.00010400,0.00000258,-4.6222219467e+00,2.2593940794e-01,0.5983,2.2147471905e+00
-0.3680,-0.0010400,0.0000584,0.00010400,0.00000257,-4.6222219467e+00,2.2557576001e-01,0.5993,2.2147471905e+00
-0.3670,-0.0010400,0.0000583,0.00010400,0.00000258,-4.6222219467e+00,2.2513131797e-01,0.6003,2.2147471905e+00
-0.3660,-0.0010400,0.0000581,0.00010400,0.00000258,-4.6222219467e+00,2.2432322800e-01,0.6013,2.2147471905e+00
-0.3650,-0.0010300,0.0000581,0.00010400,0.00000257,-4.5818181038e+00,2.2436363995e-01,0.6023,2.1743433475e+00
-0.3640,-0.0010400,0.0000580,0.00010400,0.00000258,-4.6222219467e+00,2.2391919792e-01,0.6033,2.2147471905e+00
-0.3630,-0.0010400,0.0000578,0.00010400,0.00000258,-4.6222219467e+00,2.2311110795e-01,0.6043,2.2147471905e+00
-0.3620,-0.0010400,0.0000578,0.00010400,0.00000258,-4.6222219467e+00,2.2311110795e-01,0.6053,2.2147471905e+00
-0.3610,-0.0010300,0.0000577,0.00010400,0.00000258,-4.5818181038e+00,2.2270706296e-01,0.6063,2.1743433475e+00
-0.3600,-0.0010300,0.0000576,0.00010400,0.00000257,-4.5818181038e+00,2.2234342992e-01,0.6073,2.1743433475e+00
-0.3590,-0.0010400,0.0000576,0.00010400,0.00000257,-4.6222219467e+00,2.2234342992e-01,0.6083,2.2147471905e+00
-0.3580,-0.0010400,0.0000574,0.00010400,0.00000257,-4.6222219467e+00,2.2153535485e-01,0.6093,2.2147471905e+00
-0.3570,-0.0010300,0.0000574,0.00010400,0.00000257,-4.5818181038e+00,2.2153535485e-01,0.6103,2.1743433475e+00
-0.3560,-0.0010400,0.0000572,0.00010400,0.00000257,-4.6222219467e+00,2.2072727978e-01,0.6113,2.2147471905e+00
-0.3550,-0.0010400,0.0000572,0.00010400,0.00000258,-4.6222219467e+00,2.2068686783e-01,0.6123,2.2147471905e+00
-0.3540,-0.0010400,0.0000571,0.00010400,0.00000257,-4.6222219467e+00,2.2032323480e-01,0.6133,2.2147471905e+00
-0.3530,-0.0010400,0.0000568,0.00010400,0.00000257,-4.6222219467e+00,2.1911111474e-01,0.6143,2.2147471905e+00
-0.3520,-0.0010400,0.0000570,0.00010400,0.00000257,-4.6222219467e+00,2.1991920471e-01,0.6153,2.2147471905e+00
-0.3510,-0.0010400,0.0000568,0.00010400,0.00000257,-4.6222219467e+00,2.1911111474e-01,0.6163,2.2147471905e+00
-0.3500,-0.0010400,0.0000567,0.00010400,0.00000257,-4.6222219467e+00,2.1870706975e-01,0.6173,2.2147471905e+00
-0.3490,-0.0010400,0.0000566,0.00010400,0.00000257,-4.6222219467e+00,2.1830303967e-01,0.6183,2.2147471905e+00
-0.3480,-0.0010400,0.0000564,0.00010400,0.00000257,-4.6222219467e+00,2.1749494970e-01,0.6193,2.2147471905e+00
-0.3470,-0.0010400,0.0000563,0.00010400,0.00000257,-4.6222219467e+00,2.1709090471e-01,0.6203,2.2147471905e+00
-0.3460,-0.0010400,0.0000562,0.00010400,0.00000257,-4.6222219467e+00,2.1668685973e-01,0.6213,2.2147471905e+00
-0.3450,-0.0010400,0.0000562,0.00010400,0.00000257,-4.6222219467e+00,2.1668685973e-01,0.6223,2.2147471905e+00
-0.3440,-0.0010400,0.0000560,0.00010400,0.00000257,-4.6222219467e+00,2.1587879956e-01,0.6233,2.2147471905e+00
-0.3430,-0.0010400,0.0000558,0.00010400,0.00000257,-4.6222219467e+00,2.1507070959e-01,0.6243,2.2147471905e+00
-0.3420,-0.0010400,0.0000558,0.00010400,0.00000257,-4.6222219467e+00,2.1507070959e-01,0.6253,2.2147471905e+00
-0.3410,-0.0010300,0.0000557,0.00010400,0.00000257,-4.5818181038e+00,2.1466666460e-01,0.6263,2.1743433475e+00
-0.3400,-0.0010400,0.0000555,0.00010400,0.00000257,-4.6222219467e+00,2.1385858953e-01,0.6273,2.2147471905e+00
-0.3390,-0.0010400,0.0000554,0.00010400,0.00000257,-4.6222219467e+00,2.1345454454e-01,0.6283,2.2147471905e+00
-0.3380,-0.0010300,0.0000552,0.00010400,0.00000256,-4.5818181038e+00,2.1268686652e-01,0.6293,2.1743433475e+00
-0.3370,-0.0010300,0.0000553,0.00010400,0.00000257,-4.5818181038e+00,2.1305049956e-01,0.6303,2.1743433475e+00
-0.3360,-0.0010400,0.0000551,0.00010400,0.00000257,-4.6222219467e+00,2.1224243939e-01,0.6313,2.2147471905e+00
-0.3350,-0.0010300,0.0000549,0.00010400,0.00000257,-4.5818181038e+00,2.1143434942e-01,0.6323,2.1743433475e+00
-0.3340,-0.0010400,0.0000549,0.00010400,0.00000256,-4.6222219467e+00,2.1147474647e-01,0.6333,2.2147471905e+00
-0.3330,-0.0010400,0.0000549,0.00010400,0.00000257,-4.6222219467e+00,2.1143434942e-01,0.6343,2.2147471905e+00
-0.3320,-0.0010400,0.0000546,0.00010400,0.00000256,-4.6222219467e+00,2.1026264131e-01,0.6353,2.2147471905e+00
-0.3310,-0.0010400,0.0000546,0.00010400,0.00000256,-4.6222219467e+00,2.1026264131e-01,0.6363,2.2147471905e+00
-0.3300,-0.0010400,0.0000546,0.00010400,0.00000256,-4.6222219467e+00,2.1026264131e-01,0.6373,2.2147471905e+00
-0.3290,-0.0010400,0.0000542,0.00010400,0.00000256,-4.6222219467e+00,2.0864647627e-01,0.6383,2.2147471905e+00
-0.3280,-0.0010400,0.0000542,0.00010400,0.00000256,-4.6222219467e+00,2.0864647627e-01,0.6393,2.2147471905e+00
-0.3270,-0.0010400,0.0000543,0.00010400,0.00000256,-4.6222219467e+00,2.0905050635e-01,0.6403,2.2147471905e+00
-0.3260,-0.0010400,0.0000541,0.00010400,0.00000256,-4.6222219467e+00,2.0824243128e-01,0.6413,2.2147471905e+00
-0.3250,-0.0010400,0.0000540,0.00010400,0.00000256,-4.6222219467e+00,2.0783838630e-01,0.6423,2.2147471905e+00
-0.3240,-0.0010400,0.0000539,0.00010400,0.00000256,-4.6222219467e+00,2.0743434131e-01,0.6433,2.2147471905e+00
-0.3230,-0.0010400,0.0000537,0.00010400,0.00000256,-4.6222219467e+00,2.0662628114e-01,0.6443,2.2147471905e+00
-0.3220,-0.0010400,0.0000536,0.00010400,0.00000256,-4.6222219467e+00,2.0622223616e-01,0.6453,2.2147471905e+00
-0.3210,-0.0010400,0.0000535,0.00010400,0.00000256,-4.6222219467e+00,2.0581819117e-01,0.6463,2.2147471905e+00
-0.3200,-0.0010400,0.0000532,0.00010400,0.00000255,-4.6222219467e+00,2.0464646816e-01,0.6473,2.2147471905e+00
-0.3190,-0.0010400,0.0000532,0.00010400,0.00000256,-4.6222219467e+00,2.0460607111e-01,0.6483,2.2147471905e+00
-0.3180,-0.0010400,0.0000531,0.00010400,0.00000255,-4.6222219467e+00,2.0424242318e-01,0.6493,2.2147471905e+00
-0.3170,-0.0010400,0.0000529,0.00010400,0.00000255,-4.6222219467e+00,2.0343433321e-01,0.6503,2.2147471905e+00
-0.3160,-0.0010400,0.0000528,0.00010400,0.00000256,-4.6222219467e+00,2.0298990607e-01,0.6513,2.2147471905e+00
-0.3150,-0.0010400,0.0000526,0.00010400,0.00000256,-4.6222219467e+00,2.0218183100e-01,0.6523,2.2147471905e+00
-0.3140,-0.0010400,0.0000525,0.00010400,0.00000255,-4.6222219467e+00,2.0181818306e-01,0.6533,2.2147471905e+00
-0.3130,-0.0010400,0.0000525,0.00010400,0.00000255,-4.6222219467e+00,2.0181818306e-01,0.6543,2.2147471905e+00
-0.3120,-0.0010400,0.0000523,0.00010400,0.00000255,-4.6222219467e+00,2.0101010799e-01,0.6553,2.2147471905e+00
-0.3110,-0.0010400,0.0000521,0.00010400,0.00000255,-4.6222219467e+00,2.0020201802e-01,0.6563,2.2147471905e+00
-0.3100,-0.0010400,0.0000520,0.00010400,0.00000255,-4.6222219467e+00,1.9979797304e-01,0.6573,2.2147471905e+00
-0.3090,-0.0010400,0.0000519,0.00010400,0.00000255,-4.6222219467e+00,1.9939392805e-01,0.6583,2.2147471905e+00
-0.3080,-0.0010400,0.0000517,0.00010400,0.00000254,-4.6222219467e+00,1.9862626493e-01,0.6593,2.2147471905e+00
-0.3070,-0.0010400,0.0000516,0.00010400,0.00000254,-4.6222219467e+00,1.9822221994e-01,0.6603,2.2147471905e+00
-0.3060,-0.0010400,0.0000515,0.00010400,0.00000254,-4.6222219467e+00,1.9781817496e-01,0.6613,2.2147471905e+00
-0.3050,-0.0010400,0.0000513,0.00010400,0.00000254,-4.6222219467e+00,1.9701009989e-01,0.6623,2.2147471905e+00
-0.3040,-0.0010400,0.0000512,0.00010400,0.00000254,-4.6222219467e+00,1.9660605490e-01,0.6633,2.2147471905e+00
-0.3030,-0.0010400,0.0000509,0.00010400,0.00000254,-4.6222219467e+00,1.9539393485e-01,0.6643,2.2147471905e+00
-0.3020,-0.0010400,0.0000508,0.00010400,0.00000254,-4.6222219467e+00,1.9498990476e-01,0.6653,2.2147471905e+00
-0.3010,-0.0010400,0.0000508,0.00010400,0.00000254,-4.6222219467e+00,1.9498990476e-01,0.6663,2.2147471905e+00
-0.3000,-0.0010500,0.0000505,0.00010400,0.00000254,-4.6626262665e+00,1.9377776980e-01,0.6673,2.2551515102e+00
-0.2990,-0.0010400,0.0000504,0.00010400,0.00000254,-4.6222219467e+00,1.9337373972e-01,0.6683,2.2147471905e+00
-0.2980,-0.0010400,0.0000502,0.00010400,0.00000254,-4.6222219467e+00,1.9256564975e-01,0.6693,2.2147471905e+00
-0.2970,-0.0010400,0.0000499,0.00010400,0.00000254,-4.6222219467e+00,1.9135354459e-01,0.6703,2.2147471905e+00
-0.2960,-0.0010400,0.0000498,0.00010400,0.00000254,-4.6222219467e+00,1.9094949961e-01,0.6713,2.2147471905e+00
-0.2950,-0.0010400,0.0000497,0.00010400,0.00000254,-4.6222219467e+00,1.9054545462e-01,0.6723,2.2147471905e+00
-0.2940,-0.0010400,0.0000496,0.00010400,0.00000254,-4.6222219467e+00,1.9014140964e-01,0.6733,2.2147471905e+00
-0.2930,-0.0010400,0.0000494,0.00010400,0.00000254,-4.6222219467e+00,1.8933333457e-01,0.6743,2.2147471905e+00
-0.2920,-0.0010400,0.0000493,0.00010400,0.00000253,-4.6222219467e+00,1.8896970153e-01,0.6753,2.2147471905e+00
-0.2910,-0.0010400,0.0000490,0.00010400,0.00000253,-4.6222219467e+00,1.8775756657e-01,0.6763,2.2147471905e+00
-0.2900,-0.0010400,0.0000488,0.00010400,0.00000253,-4.6222219467e+00,1.8694950640e-01,0.6773,2.2147471905e+00
-0.2890,-0.0010400,0.0000486,0.00010400,0.00000253,-4.6222219467e+00,1.8614141643e-01,0.6783,2.2147471905e+00
-0.2880,-0.0010400,0.0000485,0.00010400,0.00000253,-4.6222219467e+00,1.8573737144e-01,0.6793,2.2147471905e+00
-0.2870,-0.0010400,0.0000483,0.00010400,0.00000253,-4.6222219467e+00,1.8492929637e-01,0.6803,2.2147471905e+00
-0.2860,-0.0010400,0.0000482,0.00010400,0.00000253,-4.6222219467e+00,1.8452525139e-01,0.6813,2.2147471905e+00
-0.2850,-0.0010400,0.0000479,0.00010400,0.00000253,-4.6222219467e+00,1.8331313133e-01,0.6823,2.2147471905e+00
-0.2840,-0.0010400,0.0000477,0.00010400,0.00000253,-4.6222219467e+00,1.8250505626e-01,0.6833,2.2147471905e+00
-0.2830,-0.0010400,0.0000477,0.00010400,0.00000253,-4.6222219467e+00,1.8250505626e-01,0.6843,2.2147471905e+00
-0.2820,-0.0010500,0.0000476,0.00010400,0.00000253,-4.6626262665e+00,1.8210101128e-01,0.6853,2.2551515102e+00
-0.2810,-0.0010500,0.0000473,0.00010400,0.00000253,-4.6626262665e+00,1.8088889122e-01,0.6863,2.2551515102e+00
-0.2800,-0.0010500,0.0000472,0.00010400,0.00000253,-4.6626262665e+00,1.8048484623e-01,0.6873,2.2551515102e+00
-0.2790,-0.0010500,0.0000469,0.00010400,0.00000253,-4.6626262665e+00,1.7927272618e-01,0.6883,2.2551515102e+00
-0.2780,-0.0010500,0.0000468,0.00010400,0.00000253,-4.6626262665e+00,1.7886868119e-01,0.6893,2.2551515102e+00
-0.2770,-0.0010500,0.0000465,0.00010400,0.00000253,-4.6626262665e+00,1.7765657604e-01,0.6903,2.2551515102e+00
-0.2760,-0.0010500,0.0000463,0.00010400,0.00000253,-4.6626262665e+00,1.7684848607e-01,0.6913,2.2551515102e+00
-0.2750,-0.0010400,0.0000460,0.00010400,0.00000253,-4.6222219467e+00,1.7563636601e-01,0.6923,2.2147471905e+00
-0.2740,-0.0010500,0.0000458,0.00010400,0.00000253,-4.6626262665e+00,1.7482827604e-01,0.6933,2.2551515102e+00
-0.2730,-0.0010500,0.0000457,0.00010400,0.00000252,-4.6626262665e+00,1.7446464300e-01,0.6943,2.2551515102e+00
-0.2720,-0.0010500,0.0000454,0.00010400,0.00000252,-4.6626262665e+00,1.7325253785e-01,0.6953,2.2551515102e+00
-0.2710,-0.0010500,0.0000452,0.00010400,0.00000252,-4.6626262665e+00,1.7244444788e-01,0.6963,2.2551515102e+00
-0.2700,-0.0010500,0.0000450,0.00010400,0.00000252,-4.6626262665e+00,1.7163637280e-01,0.6973,2.2551515102e+00
-0.2690,-0.0010500,0.0000447,0.00010400,0.00000252,-4.6626262665e+00,1.7042423785e-01,0.6983,2.2551515102e+00
-0.2680,-0.0010500,0.0000444,0.00010400,0.00000252,-4.6626262665e+00,1.6921213269e-01,0.6993,2.2551515102e+00
-0.2670,-0.0010500,0.0000443,0.00010400,0.00000252,-4.6626262665e+00,1.6880808771e-01,0.7003,2.2551515102e+00
-0.2660,-0.0010500,0.0000441,0.00010400,0.00000252,-4.6626262665e+00,1.6800001264e-01,0.7013,2.2551515102e+00
-0.2650,-0.0010500,0.0000437,0.00010400,0.00000252,-4.6626262665e+00,1.6638384759e-01,0.7023,2.2551515102e+00
-0.2640,-0.0010500,0.0000434,0.00010400,0.00000252,-4.6626262665e+00,1.6517172754e-01,0.7033,2.2551515102e+00
-0.2630,-0.0010500,0.0000433,0.00010400,0.00000252,-4.6626262665e+00,1.6476768255e-01,0.7043,2.2551515102e+00
-0.2620,-0.0010500,0.0000432,0.00010400,0.00000252,-4.6626262665e+00,1.6436365247e-01,0.7053,2.2551515102e+00
-0.2610,-0.0010500,0.0000430,0.00010400,0.00000252,-4.6626262665e+00,1.6355556250e-01,0.7063,2.2551515102e+00
-0.2600,-0.0010500,0.0000426,0.00010400,0.00000252,-4.6626262665e+00,1.6193939745e-01,0.7073,2.2551515102e+00
-0.2590,-0.0010500,0.0000424,0.00010400,0.00000252,-4.6626262665e+00,1.6113130748e-01,0.7083,2.2551515102e+00
-0.2580,-0.0010500,0.0000421,0.00010400,0.00000252,-4.6626262665e+00,1.5991920233e-01,0.7093,2.2551515102e+00
-0.2570,-0.0010500,0.0000418,0.00010400,0.00000252,-4.6626262665e+00,1.5870708227e-01,0.7103,2.2551515102e+00
-0.2560,-0.0010500,0.0000415,0.00010400,0.00000252,-4.6626262665e+00,1.5749494731e-01,0.7113,2.2551515102e+00
-0.2550,-0.0010500,0.0000413,0.00010400,0.00000252,-4.6626262665e+00,1.5668688715e-01,0.7123,2.2551515102e+00
-0.2540,-0.0010600,0.0000411,0.00010400,0.00000251,-4.7030305862e+00,1.5591917932e-01,0.7133,2.2955558300e+00
-0.2530,-0.0010600,0.0000408,0.00010400,0.00000252,-4.7030305862e+00,1.5466667712e-01,0.7143,2.2955558300e+00
-0.2520,-0.0010600,0.0000405,0.00010400,0.00000251,-4.7030305862e+00,1.5349493921e-01,0.7153,2.2955558300e+00
-0.2510,-0.0010600,0.0000402,0.00010300,0.00000251,-4.6989898682e+00,1.5228281915e-01,0.7163,2.2915151119e+00
-0.2500,-0.0010600,0.0000399,0.00010300,0.00000251,-4.6989898682e+00,1.5107069910e-01,0.7173,2.2915151119e+00
-0.2490,-0.0010600,0.0000395,0.00010300,0.00000251,-4.6989898682e+00,1.4945453405e-01,0.7183,2.2915151119e+00
-0.2480,-0.0010600,0.0000392,0.00010300,0.00000251,-4.6989898682e+00,1.4824241400e-01,0.7193,2.2915151119e+00
-0.2470,-0.0010600,0.0000390,0.00010300,0.00000251,-4.6989898682e+00,1.4743433893e-01,0.7203,2.2915151119e+00
-0.2460,-0.0010600,0.0000386,0.00010300,0.00000251,-4.6989898682e+00,1.4581817389e-01,0.7213,2.2915151119e+00
-0.2450,-0.0010600,0.0000383,0.00010300,0.00000251,-4.6989898682e+00,1.4460605383e-01,0.7223,2.2915151119e+00
-0.2440,-0.0010600,0.0000380,0.00010300,0.00000251,-4.6989898682e+00,1.4339393377e-01,0.7233,2.2915151119e+00
-0.2430,-0.0010600,0.0000377,0.00010300,0.00000250,-4.6989898682e+00,1.4222221076e-01,0.7243,2.2915151119e+00
-0.2420,-0.0010600,0.0000373,0.00010300,0.00000251,-4.6989898682e+00,1.4056564867e-01,0.7253,2.2915151119e+00
-0.2410,-0.0010600,0.0000370,0.00010300,0.00000251,-4.6989898682e+00,1.3935352862e-01,0.7263,2.2915151119e+00
-0.2400,-0.0010600,0.0000366,0.00010300,0.00000250,-4.6989898682e+00,1.3777777553e-01,0.7273,2.2915151119e+00
-0.2390,-0.0010600,0.0000363,0.00010300,0.00000250,-4.6989898682e+00,1.3656565547e-01,0.7283,2.2915151119e+00
-0.2380,-0.0010600,0.0000359,0.00010300,0.00000250,-4.6989898682e+00,1.3494949043e-01,0.7293,2.2915151119e+00
-0.2370,-0.0010600,0.0000356,0.00010300,0.00000250,-4.6989898682e+00,1.3373737037e-01,0.7303,2.2915151119e+00
-0.2360,-0.0010600,0.0000351,0.00010300,0.00000250,-4.6989898682e+00,1.3171717525e-01,0.7313,2.2915151119e+00
-0.2350,-0.0010600,0.0000348,0.00010300,0.00000250,-4.6989898682e+00,1.3050504029e-01,0.7323,2.2915151119e+00
-0.2340,-0.0010600,0.0000344,0.00010300,0.00000250,-4.6989898682e+00,1.2888889015e-01,0.7333,2.2915151119e+00
-0.2330,-0.0010600,0.0000340,0.00010300,0.00000250,-4.6989898682e+00,1.2727272511e-01,0.7343,2.2915151119e+00
-0.2320,-0.0010600,0.0000336,0.00010300,0.00000249,-4.6989898682e+00,1.2569697201e-01,0.7353,2.2915151119e+00
-0.2310,-0.0010600,0.0000332,0.00010300,0.00000249,-4.6989898682e+00,1.2408081442e-01,0.7363,2.2915151119e+00
-0.2300,-0.0010600,0.0000328,0.00010300,0.00000249,-4.6989898682e+00,1.2246464193e-01,0.7373,2.2915151119e+00
-0.2290,-0.0010600,0.0000323,0.00010300,0.00000250,-4.6989898682e+00,1.2040403485e-01,0.7383,2.2915151119e+00
-0.2280,-0.0010600,0.0000320,0.00010300,0.00000249,-4.6989898682e+00,1.1923232675e-01,0.7393,2.2915151119e+00
-0.2270,-0.0010600,0.0000316,0.00010300,0.00000249,-4.6989898682e+00,1.1761616170e-01,0.7403,2.2915151119e+00
-0.2260,-0.0010600,0.0000312,0.00010300,0.00000249,-4.6989898682e+00,1.1600000411e-01,0.7413,2.2915151119e+00
-0.2250,-0.0010600,0.0000307,0.00010300,0.00000249,-4.6989898682e+00,1.1397980154e-01,0.7423,2.2915151119e+00
-0.2240,-0.0010700,0.0000304,0.00010300,0.00000249,-4.7393937111e+00,1.1276768148e-01,0.7433,2.3319189548e+00
-0.2230,-0.0010700,0.0000299,0.00010300,0.00000249,-4.7393937111e+00,1.1074747890e-01,0.7443,2.3319189548e+00
-0.2220,-0.0010700,0.0000295,0.00010300,0.00000249,-4.7393937111e+00,1.0913131386e-01,0.7453,2.3319189548e+00
-0.2210,-0.0010700,0.0000291,0.00010300,0.00000249,-4.7393937111e+00,1.0751514882e-01,0.7463,2.3319189548e+00
-0.2200,-0.0010600,0.0000286,0.00010300,0.00000248,-4.6989898682e+00,1.0553535819e-01,0.7473,2.2915151119e+00
-0.2190,-0.0010700,0.0000281,0.00010300,0.00000248,-4.7393937111e+00,1.0351515561e-01,0.7483,2.3319189548e+00
-0.2180,-0.0010700,0.0000277,0.00010300,0.00000248,-4.7393937111e+00,1.0189899057e-01,0.7493,2.3319189548e+00
-0.2170,-0.0010700,0.0000272,0.00010300,0.00000248,-4.7393937111e+00,9.9878787994e-02,0.7503,2.3319189548e+00
-0.2160,-0.0010700,0.0000267,0.00010300,0.00000248,-4.7393937111e+00,9.7858585417e-02,0.7513,2.3319189548e+00
-0.2150,-0.0010700,0.0000262,0.00010300,0.00000248,-4.7393937111e+00,9.5838382840e-02,0.7523,2.3319189548e+00
-0.2140,-0.0010600,0.0000258,0.00010300,0.00000247,-4.6989898682e+00,9.4262622297e-02,0.7533,2.2915151119e+00
-0.2130,-0.0010600,0.0000254,0.00010300,0.00000247,-4.6989898682e+00,9.2646464705e-02,0.7543,2.2915151119e+00
-0.2120,-0.0010700,0.0000250,0.00010300,0.00000247,-4.7393937111e+00,9.1030299664e-02,0.7553,2.3319189548e+00
-0.2110,-0.0010600,0.0000245,0.00010300,0.00000247,-4.6989898682e+00,8.9010097086e-02,0.7563,2.2915151119e+00
-0.2100,-0.0010600,0.0000240,0.00010300,0.00000247,-4.6989898682e+00,8.6989901960e-02,0.7573,2.2915151119e+00
-0.2090,-0.0010600,0.0000236,0.00010300,0.00000247,-4.6989898682e+00,8.5373736918e-02,0.7583,2.2915151119e+00
-0.2080,-0.0010600,0.0000231,0.00010300,0.00000247,-4.6989898682e+00,8.3353534341e-02,0.7593,2.2915151119e+00
-0.2070,-0.0010600,0.0000226,0.00010300,0.00000247,-4.6989898682e+00,8.1333331764e-02,0.7603,2.2915151119e+00
-0.2060,-0.0010600,0.0000221,0.00010300,0.00000247,-4.6989898682e+00,7.9313129187e-02,0.7613,2.2915151119e+00
-0.2050,-0.0010600,0.0000217,0.00010300,0.00000246,-4.6989898682e+00,7.7737376094e-02,0.7623,2.2915151119e+00
-0.2040,-0.0010600,0.0000211,0.00010300,0.00000246,-4.6989898682e+00,7.5313135982e-02,0.7633,2.2915151119e+00
-0.2030,-0.0010600,0.0000207,0.00010300,0.00000246,-4.6989898682e+00,7.3696970940e-02,0.7643,2.2915151119e+00
-0.2020,-0.0010600,0.0000203,0.00010300,0.00000246,-4.6989898682e+00,7.2080813348e-02,0.7653,2.2915151119e+00
-0.2010,-0.0010500,0.0000197,0.00010300,0.00000246,-4.6585855484e+00,6.9656573236e-02,0.7663,2.2511107922e+00
-0.2000,-0.0010500,0.0000193,0.00010300,0.00000246,-4.6585855484e+00,6.8040408194e-02,0.7673,2.2511107922e+00
-0.1990,-0.0010500,0.0000189,0.00010300,0.00000245,-4.6585855484e+00,6.6464647651e-02,0.7683,2.2511107922e+00
-0.1980,-0.0010500,0.0000184,0.00010300,0.00000245,-4.6585855484e+00,6.4444445074e-02,0.7693,2.2511107922e+00
-0.1970,-0.0010500,0.0000180,0.00010300,0.00000245,-4.6585855484e+00,6.2828280032e-02,0.7703,2.2511107922e+00
-0.1960,-0.0010500,0.0000176,0.00010300,0.00000244,-4.6585855484e+00,6.1252523214e-02,0.7713,2.2511107922e+00
-0.1950,-0.0010500,0.0000172,0.00010300,0.00000244,-4.6585855484e+00,5.9636365622e-02,0.7723,2.2511107922e+00
-0.1940,-0.0010500,0.0000167,0.00010300,0.00000244,-4.6585855484e+00,5.7616163045e-02,0.7733,2.2511107922e+00
-0.1930,-0.0010400,0.0000163,0.00010300,0.00000244,-4.6181817055e+00,5.6000001729e-02,0.7743,2.2107069492e+00
-0.1920,-0.0010400,0.0000158,0.00010300,0.00000244,-4.6181817055e+00,5.3979799151e-02,0.7753,2.2107069492e+00
-0.1910,-0.0010400,0.0000154,0.00010300,0.00000243,-4.6181817055e+00,5.2404046059e-02,0.7763,2.2107069492e+00
-0.1900,-0.0010400,0.0000151,0.00010300,0.00000243,-4.6181817055e+00,5.1191922277e-02,0.7773,2.2107069492e+00
-0.1890,-0.0010400,0.0000146,0.00010300,0.00000243,-4.6181817055e+00,4.9171719700e-02,0.7783,2.2107069492e+00
-0.1880,-0.0010300,0.0000142,0.00010300,0.00000243,-4.5777778625e+00,4.7555554658e-02,0.7793,2.1703031063e+00
-0.1870,-0.0010300,0.0000139,0.00010300,0.00000243,-4.5777778625e+00,4.6343438327e-02,0.7803,2.1703031063e+00
-0.1860,-0.0010300,0.0000134,0.00010300,0.00000242,-4.5777778625e+00,4.4363636523e-02,0.7813,2.1703031063e+00
-0.1850,-0.0010300,0.0000131,0.00010300,0.00000242,-4.5777778625e+00,4.3151512742e-02,0.7823,2.1703031063e+00
-0.1840,-0.0010200,0.0000128,0.00010300,0.00000242,-4.5373735428e+00,4.1939396411e-02,0.7833,2.1298987865e+00
-0.1830,-0.0010200,0.0000123,0.00010300,0.00000242,-4.5373735428e+00,3.9919193834e-02,0.7843,2.1298987865e+00
-0.1820,-0.0010200,0.0000120,0.00010300,0.00000241,-4.5373735428e+00,3.8747478276e-02,0.7853,2.1298987865e+00
-0.1810,-0.0010200,0.0000117,0.00010300,0.00000241,-4.5373735428e+00,3.7535354495e-02,0.7863,2.1298987865e+00
-0.1800,-0.0010100,0.0000113,0.00010300,0.00000241,-4.4969696999e+00,3.5919189453e-02,0.7873,2.0894949436e+00
-0.1790,-0.0010100,0.0000110,0.00010300,0.00000241,-4.4969696999e+00,3.4707069397e-02,0.7883,2.0894949436e+00
-0.1780,-0.0010100,0.0000107,0.00010300,0.00000241,-4.4969696999e+00,3.3494949341e-02,0.7893,2.0894949436e+00
-0.1770,-0.0010000,0.0000104,0.00010300,0.00000241,-4.4565658569e+00,3.2282829285e-02,0.7903,2.0490911007e+00
-0.1760,-0.0010000,0.0000100,0.00010300,0.00000241,-4.4565658569e+00,3.0666666105e-02,0.7913,2.0490911007e+00
-0.1750,-0.0009960,0.0000098,0.00010300,0.00000241,-4.4404039383e+00,2.9696967453e-02,0.7923,2.0329291821e+00
-0.1740,-0.0009910,0.0000095,0.00010300,0.00000241,-4.4202017784e+00,2.8565656394e-02,0.7933,2.0127270222e+00
-0.1730,-0.0009910,0.0000092,0.00010400,0.00000240,-4.4242424965e+00,2.7313133702e-02,0.7943,2.0167677402e+00
-0.1720,-0.0009850,0.0000089,0.00010400,0.00000240,-4.4000000954e+00,2.6464646682e-02,0.7953,1.9925253391e+00
-0.1710,-0.0009810,0.0000086,0.00010300,0.00000239,-4.3797979355e+00,2.5131311268e-02,0.7963,1.9723231792e+00
-0.1700,-0.0009760,0.0000083,0.00010300,0.00000240,-4.3595957756e+00,2.4040402845e-02,0.7973,1.9521210194e+00
-0.1690,-0.0009700,0.0000081,0.00010300,0.00000239,-4.3353538513e+00,2.3151513189e-02,0.7983,1.9278790951e+00
-0.1680,-0.0009660,0.0000079,0.00010300,0.00000240,-4.3191919327e+00,2.2101011127e-02,0.7993,1.9117171764e+00
-0.1670,-0.0009580,0.0000076,0.00010400,0.00000240,-4.2909092903e+00,2.1090907976e-02,0.8003,1.8834345341e+00
-0.1660,-0.0009570,0.0000074,0.00010400,0.00000240,-4.2868690491e+00,2.0161615685e-02,0.8013,1.8793942928e+00
-0.1650,-0.0009510,0.0000072,0.00010400,0.00000239,-4.2626261711e+00,1.9474746659e-02,0.8023,1.8551514149e+00
-0.1640,-0.0009440,0.0000070,0.00010400,0.00000239,-4.2343435287e+00,1.8464645371e-02,0.8033,1.8268687725e+00
-0.1630,-0.0009400,0.0000068,0.00010400,0.00000239,-4.2181820869e+00,1.7656566575e-02,0.8043,1.8107073307e+00
-0.1620,-0.0009330,0.0000066,0.00010400,0.00000239,-4.1898989677e+00,1.6969697550e-02,0.8053,1.7824242115e+00
-0.1610,-0.0009280,0.0000064,0.00010400,0.00000238,-4.1696972847e+00,1.6161615029e-02,0.8063,1.7622225285e+00
-0.1600,-0.0009200,0.0000062,0.00010400,0.00000238,-4.1373739243e+00,1.5313129872e-02,0.8073,1.7298991680e+00
-0.1590,-0.0009150,0.0000060,0.00010400,0.00000238,-4.1171717644e+00,1.4747474343e-02,0.8083,1.7096970081e+00
-0.1580,-0.0009080,0.0000058,0.00010400,0.00000238,-4.0888891220e+00,1.3939394616e-02,0.8093,1.6814143658e+00
-0.1570,-0.0009030,0.0000057,0.00010400,0.00000238,-4.0686869621e+00,1.3292929158e-02,0.8103,1.6612122059e+00
-0.1560,-0.0008960,0.0000055,0.00010400,0.00000238,-4.0404043198e+00,1.2646463700e-02,0.8113,1.6329295635e+00
-0.1550,-0.0008890,0.0000054,0.00010400,0.00000238,-4.0121212006e+00,1.2080808170e-02,0.8123,1.6046464443e+00
-0.1540,-0.0008820,0.0000052,0.00010400,0.00000238,-3.9838385582e+00,1.1353535578e-02,0.8133,1.5763638020e+00
-0.1530,-0.0008760,0.0000051,0.00010400,0.00000237,-3.9595959187e+00,1.0909091681e-02,0.8143,1.5521211624e+00
-0.1520,-0.0008670,0.0000049,0.00010400,0.00000237,-3.9232323170e+00,1.0383838788e-02,0.8153,1.5157575607e+00
-0.1510,-0.0008610,0.0000048,0.00010400,0.00000237,-3.8989896774e+00,9.8585868254e-03,0.8163,1.4915149212e+00
-0.1500,-0.0008540,0.0000046,0.00010400,0.00000237,-3.8707070351e+00,9.1717178002e-03,0.8173,1.4632322788e+00
-0.1490,-0.0008440,0.0000046,0.00010400,0.00000237,-3.8303029537e+00,8.8080810383e-03,0.8183,1.4228281975e+00
-0.1480,-0.0008370,0.0000044,0.00010400,0.00000237,-3.8020203114e+00,8.2828290761e-03,0.8193,1.3945455551e+00
-0.1470,-0.0008280,0.0000043,0.00010400,0.00000237,-3.7656564713e+00,7.7979802154e-03,0.8203,1.3581817150e+00
-0.1460,-0.0008210,0.0000042,0.00010400,0.00000236,-3.7373738289e+00,7.4747474864e-03,0.8213,1.3298990726e+00
-0.1450,-0.0008110,0.0000041,0.00010400,0.00000236,-3.6969697475e+00,6.9898986258e-03,0.8223,1.2894949913e+00
-0.1440,-0.0008030,0.0000040,0.00010400,0.00000236,-3.6646463871e+00,6.5454551950e-03,0.8233,1.2571716309e+00
-0.1430,-0.0007950,0.0000039,0.00010400,0.00000236,-3.6323232651e+00,6.2626260333e-03,0.8243,1.2248485088e+00
-0.1420,-0.0007860,0.0000038,0.00010400,0.00000236,-3.5959594250e+00,5.8989902027e-03,0.8253,1.1884846687e+00
-0.1410,-0.0007770,0.0000037,0.00010500,0.00000236,-3.5636363029e+00,5.4949494079e-03,0.8263,1.1561615467e+00
-0.1400,-0.0007690,0.0000036,0.00010500,0.00000236,-3.5313129425e+00,5.0909086131e-03,0.8273,1.1238381863e+00
-0.1390,-0.0007590,0.0000035,0.00010500,0.00000236,-3.4909090996e+00,4.8080803826e-03,0.8283,1.0834343433e+00
-0.1380,-0.0007490,0.0000035,0.00010500,0.00000236,-3.4505050182e+00,4.4444440864e-03,0.8293,1.0430302620e+00
-0.1370,-0.0007410,0.0000034,0.00010500,0.00000235,-3.4181816578e+00,4.1616163217e-03,0.8303,1.0107069016e+00
-0.1360,-0.0007310,0.0000033,0.00010500,0.00000236,-3.3777775764e+00,3.8787873928e-03,0.8313,9.7030282021e-01
-0.1350,-0.0007200,0.0000032,0.00010500,0.00000235,-3.3333332539e+00,3.5555555951e-03,0.8323,9.2585849762e-01
-0.1340,-0.0007110,0.0000032,0.00010500,0.00000235,-3.2969696522e+00,3.2727275975e-03,0.8333,8.8949489594e-01
-0.1330,-0.0007000,0.0000031,0.00010500,0.00000235,-3.2525250912e+00,3.0707076658e-03,0.8343,8.4505033493e-01
-0.1320,-0.0006890,0.0000030,0.00010500,0.00000235,-3.2080807686e+00,2.7474751696e-03,0.8353,8.0060601234e-01
-0.1310,-0.0006790,0.0000030,0.00010500,0.00000235,-3.1676766872e+00,2.4646469392e-03,0.8363,7.6020193100e-01
-0.1300,-0.0006700,0.0000029,0.00010500,0.00000235,-3.1313130856e+00,2.4242424406e-03,0.8373,7.2383832932e-01
-0.1290,-0.0006570,0.0000029,0.00010500,0.00000235,-3.0787878036e+00,2.1010099445e-03,0.8383,6.7131304741e-01
-0.1280,-0.0006480,0.0000028,0.00010500,0.00000234,-3.0424242020e+00,1.8989900127e-03,0.8393,6.3494944572e-01
-0.1270,-0.0006350,0.0000028,0.00010500,0.00000235,-2.9898989201e+00,1.6969700810e-03,0.8403,5.8242416382e-01
-0.1260,-0.0006270,0.0000027,0.00010500,0.00000234,-2.9575757980e+00,1.5353538329e-03,0.8413,5.5010104179e-01
-0.1250,-0.0006140,0.0000027,0.00010500,0.00000234,-2.9050505161e+00,1.3333329698e-03,0.8423,4.9757575989e-01
-0.1240,-0.0006040,0.0000026,0.00010600,0.00000234,-2.8686869144e+00,1.1313131545e-03,0.8433,4.6121215820e-01
-0.1230,-0.0005930,0.0000026,0.00010500,0.00000234,-2.8202018738e+00,9.2929322273e-04,0.8443,4.1272711754e-01
-0.1220,-0.0005810,0.0000025,0.00010600,0.00000234,-2.7757575512e+00,8.0808054190e-04,0.8453,3.6828279495e-01
-0.1210,-0.0005700,0.0000025,0.00010600,0.00000234,-2.7313129902e+00,6.0606061015e-04,0.8463,3.2383823395e-01
-0.1200,-0.0005600,0.0000025,0.00010600,0.00000234,-2.6909091473e+00,5.2525248611e-04,0.8473,2.8343439102e-01
-0.1190,-0.0005480,0.0000024,0.00010600,0.00000234,-2.6424241066e+00,3.6363617983e-04,0.8483,2.3494935036e-01
-0.1180,-0.0005370,0.0000024,0.00010600,0.00000234,-2.5979797840e+00,1.6161629173e-04,0.8493,1.9050502777e-01
-0.1170,-0.0005260,0.0000024,0.00010600,0.00000234,-2.5535352230e+00,8.0808145867e-05,0.8503,1.4606046677e-01
-0.1160,-0.0005130,0.0000023,0.00010600,0.00000234,-2.5010101795e+00,-8.0808145867e-05,0.8513,9.3535423279e-02
-0.1150,-0.0005030,0.0000023,0.00010600,0.00000234,-2.4606060982e+00,-2.0201990264e-04,0.8523,5.3131341934e-02
-0.1140,-0.0004920,0.0000023,0.00010600,0.00000234,-2.4161617756e+00,-2.8282805579e-04,0.8533,8.6870193481e-03
-0.1130,-0.0004800,0.0000022,0.00010600,0.00000234,-2.3676767349e+00,-4.4444433297e-04,0.8543,3.9798021317e-02
-0.1120,-0.0004690,0.0000022,0.00010600,0.00000233,-2.3232324123e+00,-5.2525248611e-04,0.8553,8.4242343903e-02
-0.1110,-0.0004560,0.0000022,0.00010600,0.00000234,-2.2707071304e+00,-5.6565704290e-04,0.8563,1.3676762581e-01
-0.1100,-0.0004470,0.0000021,0.00010600,0.00000234,-2.2343435287e+00,-8.0808054190e-04,0.8573,1.7313122749e-01
-0.1090,-0.0004350,0.0000021,0.00010700,0.00000233,-2.1898989677e+00,-7.6767598512e-04,0.8583,2.1757578850e-01
-0.1080,-0.0004240,0.0000021,0.00010700,0.00000233,-2.1454544067e+00,-8.4848416736e-04,0.8593,2.6202034950e-01
-0.1070,-0.0004130,0.0000021,0.00010700,0.00000233,-2.1010100842e+00,-9.6969684819e-04,0.8603,3.0646467209e-01
-0.1060,-0.0004020,0.0000021,0.00010700,0.00000233,-2.0565657616e+00,-1.0101004736e-03,0.8613,3.5090899467e-01
-0.1050,-0.0003920,0.0000021,0.00010700,0.00000233,-2.0161614418e+00,-1.0909085395e-03,0.8623,3.9131331444e-01
-0.1040,-0.0003810,0.0000020,0.00010700,0.00000233,-1.9717171192e+00,-1.1717167217e-03,0.8633,4.3575763702e-01
-0.1030,-0.0003700,0.0000020,0.00010700,0.00000233,-1.9272726774e+00,-1.2929294026e-03,0.8643,4.8020207882e-01
-0.1020,-0.0003590,0.0000020,0.00010700,0.00000233,-1.8828282356e+00,-1.2929294026e-03,0.8653,5.2464652061e-01
-0.1010,-0.0003490,0.0000020,0.00010700,0.00000233,-1.8424242735e+00,-1.3737366535e-03,0.8663,5.6505048275e-01
-0.1000,-0.0003380,0.0000020,0.00010700,0.00000233,-1.7979798317e+00,-1.4141411521e-03,0.8673,6.0949492455e-01
-0.0990,-0.0003280,0.0000020,0.00010700,0.00000233,-1.7575757504e+00,-1.4949493343e-03,0.8683,6.4989900589e-01
-0.0980,-0.0003180,0.0000020,0.00010700,0.00000233,-1.7171717882e+00,-1.4949493343e-03,0.8693,6.9030296803e-01
-0.0970,-0.0003070,0.0000019,0.00010800,0.00000233,-1.6767677069e+00,-1.6161610838e-03,0.8703,7.3070704937e-01
-0.0960,-0.0002970,0.0000019,0.00010800,0.00000232,-1.6363636255e+00,-1.6161620151e-03,0.8713,7.7111113071e-01
-0.0950,-0.0002870,0.0000019,0.00010800,0.00000233,-1.5959596634e+00,-1.6565655824e-03,0.8723,8.1151509285e-01
-0.0940,-0.0002780,0.0000019,0.00010800,0.00000232,-1.5595959425e+00,-1.6565655824e-03,0.8733,8.4787881374e-01
-0.0930,-0.0002680,0.0000019,0.00010800,0.00000233,-1.5191919804e+00,-1.7777773319e-03,0.8743,8.8828277588e-01
-0.0920,-0.0002590,0.0000019,0.00010800,0.00000232,-1.4828282595e+00,-1.7373737646e-03,0.8753,9.2464649677e-01
-0.0910,-0.0002490,0.0000019,0.00010800,0.00000232,-1.4424242973e+00,-1.8181818305e-03,0.8763,9.6505045891e-01
-0.0900,-0.0002400,0.0000019,0.00010800,0.00000232,-1.4060605764e+00,-1.8181818305e-03,0.8773,1.0014141798e+00
-0.0890,-0.0002310,0.0000019,0.00010800,0.00000232,-1.3696969748e+00,-1.8585859798e-03,0.8783,1.0377777815e+00
-0.0880,-0.0002220,0.0000019,0.00010800,0.00000232,-1.3333333731e+00,-1.8585859798e-03,0.8793,1.0741413832e+00
-0.0870,-0.0002130,0.0000018,0.00010800,0.00000232,-1.2969696522e+00,-1.9393941620e-03,0.8803,1.1105051041e+00
-0.0860,-0.0002050,0.0000018,0.00010800,0.00000232,-1.2646464109e+00,-1.9393941620e-03,0.8813,1.1428283453e+00
-0.0850,-0.0001960,0.0000018,0.00010900,0.00000232,-1.2323231697e+00,-1.9393941620e-03,0.8823,1.1751515865e+00
-0.0840,-0.0001870,0.0000018,0.00010900,0.00000232,-1.1959595680e+00,-2.0202023443e-03,0.8833,1.2115151882e+00
-0.0830,-0.0001790,0.0000018,0.00010900,0.00000232,-1.1636363268e+00,-1.9797980785e-03,0.8843,1.2438384295e+00
-0.0820,-0.0001710,0.0000018,0.00010900,0.00000232,-1.1313132048e+00,-2.0202023443e-03,0.8853,1.2761615515e+00
-0.0810,-0.0001630,0.0000018,0.00010900,0.00000232,-1.0989899635e+00,-2.0606063772e-03,0.8863,1.3084847927e+00
-0.0800,-0.0001550,0.0000018,0.00010900,0.00000232,-1.0666667223e+00,-2.0606063772e-03,0.8873,1.3408080339e+00
-0.0790,-0.0001480,0.0000018,0.00010900,0.00000231,-1.0383838415e+00,-2.0202018786e-03,0.8883,1.3690909147e+00
-0.0780,-0.0001400,0.0000018,0.00010900,0.00000232,-1.0060606003e+00,-2.0606063772e-03,0.8893,1.4014141560e+00
-0.0770,-0.0001330,0.0000018,0.00011000,0.00000231,-9.8181813955e-01,-2.0606059115e-03,0.8903,1.4256565571e+00
-0.0760,-0.0001260,0.0000018,0.00011000,0.00000231,-9.5353531837e-01,-2.0606059115e-03,0.8913,1.4539394379e+00
-0.0750,-0.0001190,0.0000018,0.00011000,0.00000231,-9.2525249720e-01,-2.1010094788e-03,0.8923,1.4822223186e+00
-0.0740,-0.0001120,0.0000018,0.00011000,0.00000231,-8.9696973562e-01,-2.1010094788e-03,0.8933,1.5105049610e+00
-0.0730,-0.0001060,0.0000018,0.00011000,0.00000231,-8.7272727489e-01,-2.0606059115e-03,0.8943,1.5347474813e+00
-0.0720,-0.0000990,0.0000018,0.00011000,0.00000231,-8.4444439411e-01,-2.1010094788e-03,0.8953,1.5630303621e+00
-0.0710,-0.0000926,0.0000018,0.00011000,0.00000231,-8.1858587265e-01,-2.1010094788e-03,0.8963,1.5888888836e+00
-0.0700,-0.0000863,0.0000018,0.00011000,0.00000231,-7.9313135147e-01,-2.1010094788e-03,0.8973,1.6143434048e+00
-0.0690,-0.0000801,0.0000018,0.00011000,0.00000230,-7.6808077097e-01,-2.0606059115e-03,0.8983,1.6393940449e+00
-0.0680,-0.0000742,0.0000018,0.00011000,0.00000231,-7.4424242973e-01,-2.1010094788e-03,0.8993,1.6632323265e+00
-0.0670,-0.0000684,0.0000018,0.00011100,0.00000231,-7.2484850883e-01,-2.1414135117e-03,0.9003,1.6826262474e+00
-0.0660,-0.0000626,0.0000018,0.00011100,0.00000231,-7.0141410828e-01,-2.1414135117e-03,0.9013,1.7060606480e+00
-0.0650,-0.0000572,0.0000018,0.00011100,0.00000231,-6.7959594727e-01,-2.1414135117e-03,0.9023,1.7278788090e+00
-0.0640,-0.0000516,0.0000018,0.00011100,0.00000231,-6.5696972609e-01,-2.1414135117e-03,0.9033,1.7505049706e+00
-0.0630,-0.0000465,0.0000018,0.00011100,0.00000231,-6.3636368513e-01,-2.1010094788e-03,0.9043,1.7711110115e+00
-0.0620,-0.0000414,0.0000018,0.00011100,0.00000231,-6.1575758457e-01,-2.1414135117e-03,0.9053,1.7917171717e+00
-0.0610,-0.0000364,0.0000018,0.00011100,0.00000231,-5.9555554390e-01,-2.1414135117e-03,0.9063,1.8119192123e+00
-0.0600,-0.0000314,0.0000018,0.00011100,0.00000231,-5.7535356283e-01,-2.1414135117e-03,0.9073,1.8321211338e+00
-0.0590,-0.0000268,0.0000018,0.00011100,0.00000231,-5.5676770210e-01,-2.1414135117e-03,0.9083,1.8507070541e+00
-0.0580,-0.0000220,0.0000018,0.00011100,0.00000231,-5.3737372160e-01,-2.1414135117e-03,0.9093,1.8701009750e+00
-0.0570,-0.0000174,0.0000018,0.00011200,0.00000231,-5.2282828093e-01,-2.1414135117e-03,0.9103,1.8846464157e+00
-0.0560,-0.0000134,0.0000018,0.00011200,0.00000231,-5.0666666031e-01,-2.1414135117e-03,0.9113,1.9008080959e+00
-0.0550,-0.0000091,0.0000018,0.00011200,0.00000230,-4.8945453763e-01,-2.1010099445e-03,0.9123,1.9180202484e+00
-0.0540,-0.0000049,0.0000018,0.00011200,0.00000230,-4.7228285670e-01,-2.1010099445e-03,0.9133,1.9351918697e+00
-0.0530,-0.0000009,0.0000018,0.00011200,0.00000230,-4.5607271791e-01,-2.1010099445e-03,0.9143,1.9514020681e+00
-0.0520,0.0000030,0.0000018,0.00011200,0.00000230,-4.4040405750e-01,-2.1010099445e-03,0.9153,1.9670706987e+00
-0.0510,0.0000071,0.0000018,0.00011200,0.00000230,-4.2404040694e-01,-2.1010099445e-03,0.9163,1.9834343195e+00
-0.0500,0.0000104,0.0000018,0.00011200,0.00000230,-4.1050505638e-01,-2.1010099445e-03,0.9173,1.9969696999e+00
-0.0490,0.0000140,0.0000018,0.00011300,0.00000230,-4.0000000596e-01,-2.1010099445e-03,0.9183,2.0074746609e+00
-0.0480,0.0000173,0.0000018,0.00011300,0.00000230,-3.8666668534e-01,-2.1010099445e-03,0.9193,2.0208079815e+00
-0.0470,0.0000207,0.0000018,0.00011300,0.00000230,-3.7292930484e-01,-2.1010099445e-03,0.9203,2.0345454216e+00
-0.0460,0.0000240,0.0000018,0.00011300,0.00000230,-3.5959595442e-01,-2.1010099445e-03,0.9213,2.0478787422e+00
-0.0450,0.0000273,0.0000018,0.00011300,0.00000230,-3.4626260400e-01,-2.1010099445e-03,0.9223,2.0612120628e+00
-0.0440,0.0000304,0.0000018,0.00011300,0.00000230,-3.3373737335e-01,-2.1010099445e-03,0.9233,2.0737373829e+00
-0.0430,0.0000330,0.0000018,0.00011300,0.00000230,-3.2323232293e-01,-2.1010099445e-03,0.9243,2.0842423439e+00
-0.0420,0.0000360,0.0000018,0.00011300,0.00000230,-3.1111112237e-01,-2.1010099445e-03,0.9253,2.0963635445e+00
-0.0410,0.0000388,0.0000018,0.00011300,0.00000230,-2.9979798198e-01,-2.1010099445e-03,0.9263,2.1076767445e+00
-0.0400,0.0000414,0.0000018,0.00011400,0.00000230,-2.9333332181e-01,-2.1010099445e-03,0.9273,2.1141414642e+00
-0.0390,0.0000441,0.0000018,0.00011400,0.00000230,-2.8242424130e-01,-2.1010099445e-03,0.9283,2.1250505447e+00
-0.0380,0.0000468,0.0000018,0.00011400,0.00000229,-2.7151516080e-01,-2.0606063772e-03,0.9293,2.1359596252e+00
-0.0370,0.0000490,0.0000018,0.00011400,0.00000230,-2.6262626052e-01,-2.0606059115e-03,0.9303,2.1448485851e+00
-0.0360,0.0000514,0.0000018,0.00011400,0.00000229,-2.5292930007e-01,-2.0202023443e-03,0.9313,2.1545455456e+00
-0.0350,0.0000538,0.0000018,0.00011400,0.00000229,-2.4323232472e-01,-2.0202023443e-03,0.9323,2.1642425060e+00
-0.0340,0.0000559,0.0000018,0.00011400,0.00000229,-2.3474746943e-01,-2.0606063772e-03,0.9333,2.1727273464e+00
-0.0330,0.0000580,0.0000018,0.00011400,0.00000229,-2.2626261413e-01,-2.0202023443e-03,0.9343,2.1812121868e+00
-0.0320,0.0000607,0.0000018,0.00011500,0.00000228,-2.1939393878e-01,-1.9797976129e-03,0.9353,2.1880807877e+00
-0.0310,0.0000621,0.0000018,0.00011500,0.00000229,-2.1373736858e-01,-2.0202023443e-03,0.9363,2.1937375069e+00
-0.0300,0.0000643,0.0000018,0.00011500,0.00000229,-2.0484846830e-01,-2.0202023443e-03,0.9373,2.2026262283e+00
-0.0290,0.0000662,0.0000018,0.00011500,0.00000229,-1.9717170298e-01,-2.0202023443e-03,0.9383,2.2103030682e+00
-0.0280,0.0000681,0.0000018,0.00011500,0.00000229,-1.8949493766e-01,-2.0202023443e-03,0.9393,2.2179799080e+00
-0.0270,0.0000697,0.0000018,0.00011500,0.00000229,-1.8303030729e-01,-2.0202023443e-03,0.9403,2.2244443893e+00
-0.0260,0.0000718,0.0000018,0.00011600,0.00000229,-1.7858585715e-01,-2.0202023443e-03,0.9413,2.2288889885e+00
-0.0250,0.0000735,0.0000018,0.00011600,0.00000229,-1.7171716690e-01,-2.0202023443e-03,0.9423,2.2357575893e+00
-0.0240,0.0000748,0.0000018,0.00011600,0.00000229,-1.6646464169e-01,-1.9797985442e-03,0.9433,2.2410101891e+00
-0.0230,0.0000768,0.0000018,0.00011600,0.00000229,-1.5838383138e-01,-1.9797985442e-03,0.9443,2.2490909100e+00
-0.0220,0.0000783,0.0000018,0.00011600,0.00000229,-1.5232323110e-01,-2.0202023443e-03,0.9453,2.2551515102e+00
-0.0210,0.0000797,0.0000018,0.00011600,0.00000229,-1.4666664600e-01,-2.0202023443e-03,0.9463,2.2608079910e+00
-0.0200,0.0000811,0.0000018,0.00011600,0.00000229,-1.4101010561e-01,-1.9797985442e-03,0.9473,2.2664647102e+00
-0.0190,0.0000828,0.0000018,0.00011600,0.00000229,-1.3414141536e-01,-1.9797985442e-03,0.9483,2.2733333111e+00
-0.0180,0.0000839,0.0000018,0.00011700,0.00000229,-1.3373738527e-01,-1.9797985442e-03,0.9493,2.2737374306e+00
-0.0170,0.0000852,0.0000018,0.00011700,0.00000228,-1.2848484516e-01,-1.9393941620e-03,0.9503,2.2789897919e+00
-0.0160,0.0000867,0.0000018,0.00011700,0.00000228,-1.2242425978e-01,-1.9393941620e-03,0.9513,2.2850503922e+00
-0.0150,0.0000877,0.0000018,0.00011700,0.00000229,-1.1838384718e-01,-1.9797985442e-03,0.9523,2.2890908718e+00
-0.0140,0.0000891,0.0000018,0.00011700,0.00000229,-1.1272726953e-01,-1.9797985442e-03,0.9533,2.2947475910e+00
-0.0130,0.0000904,0.0000018,0.00011700,0.00000228,-1.0747476667e-01,-1.9393941620e-03,0.9543,2.2999999523e+00
-0.0120,0.0000914,0.0000018,0.00011800,0.00000228,-1.0747476667e-01,-1.9393941620e-03,0.9553,2.2999999523e+00
-0.0110,0.0000923,0.0000018,0.00011800,0.00000228,-1.0383840650e-01,-1.9393941620e-03,0.9563,2.3036363125e+00
-0.0100,0.0000935,0.0000018,0.00011800,0.00000228,-9.8989911377e-02,-1.9393941620e-03,0.9573,2.3084847927e+00
-0.0090,0.0000947,0.0000018,0.00011800,0.00000228,-9.4141416252e-02,-1.9393941620e-03,0.9583,2.3133332729e+00
-0.0080,0.0000954,0.0000018,0.00011800,0.00000228,-9.1313146055e-02,-1.9393941620e-03,0.9593,2.3161616325e+00
-0.0070,0.0000967,0.0000018,0.00011800,0.00000228,-8.6060605943e-02,-1.9393941620e-03,0.9603,2.3214142323e+00
-0.0060,0.0000980,0.0000018,0.00011800,0.00000228,-8.0808103085e-02,-1.9393941620e-03,0.9613,2.3266665936e+00
-0.0050,0.0000984,0.0000018,0.00011800,0.00000228,-7.9191930592e-02,-1.8989900127e-03,0.9623,2.3282828331e+00
-0.0040,0.0000996,0.0000018,0.00011900,0.00000228,-7.8383810818e-02,-1.8989900127e-03,0.9633,2.3290908337e+00
-0.0030,0.0001010,0.0000018,0.00011900,0.00000228,-7.2727262974e-02,-1.9393941620e-03,0.9643,2.3347475529e+00
-0.0020,0.0001010,0.0000018,0.00011900,0.00000228,-7.2727262974e-02,-1.9393941620e-03,0.9653,2.3347475529e+00
-0.0010,0.0001020,0.0000018,0.00011900,0.00000227,-6.8686857820e-02,-1.8585864455e-03,0.9663,2.3387877941e+00
0.0000,0.0001040,0.0000018,0.00011900,0.00000228,-6.0606040061e-02,-1.9393941620e-03,0.9673,2.3468687534e+00
0.0010,0.0001040,0.0000018,0.00012000,0.00000228,-6.4646452665e-02,-1.8989900127e-03,0.9683,2.3428282738e+00
0.0020,0.0001050,0.0000018,0.00012000,0.00000228,-6.0606040061e-02,-1.8989900127e-03,0.9693,2.3468687534e+00
0.0030,0.0001050,0.0000018,0.00012000,0.00000228,-6.0606040061e-02,-1.8989900127e-03,0.9703,2.3468687534e+00
0.0040,0.0001070,0.0000018,0.00012000,0.00000227,-5.2525229752e-02,-1.8585864455e-03,0.9713,2.3549494743e+00
0.0050,0.0001070,0.0000018,0.00012000,0.00000227,-5.2525229752e-02,-1.8585864455e-03,0.9723,2.3549494743e+00
0.0060,0.0001080,0.0000018,0.00012000,0.00000228,-4.8484824598e-02,-1.8989900127e-03,0.9733,2.3589899540e+00
0.0070,0.0001090,0.0000018,0.00012000,0.00000227,-4.4444419444e-02,-1.8989904784e-03,0.9743,2.3630304337e+00
0.0080,0.0001090,0.0000018,0.00012100,0.00000227,-4.8484824598e-02,-1.8585864455e-03,0.9753,2.3589899540e+00
0.0090,0.0001100,0.0000018,0.00012100,0.00000227,-4.4444419444e-02,-1.8585864455e-03,0.9763,2.3630304337e+00
0.0100,0.0001100,0.0000018,0.00012100,0.00000228,-4.4444419444e-02,-1.8989900127e-03,0.9773,2.3630304337e+00
0.0110,0.0001110,0.0000018,0.00012100,0.00000227,-4.0404014289e-02,-1.8585864455e-03,0.9783,2.3670706749e+00
0.0120,0.0001110,0.0000018,0.00012100,0.00000227,-4.0404014289e-02,-1.8585864455e-03,0.9793,2.3670706749e+00
0.0130,0.0001130,0.0000018,0.00012100,0.00000227,-3.2323203981e-02,-1.8585864455e-03,0.9803,2.3751516342e+00
0.0140,0.0001130,0.0000018,0.00012200,0.00000227,-3.6363609135e-02,-1.8585864455e-03,0.9813,2.3711111546e+00
0.0150,0.0001140,0.0000018,0.00012200,0.00000227,-3.2323203981e-02,-1.8585864455e-03,0.9823,2.3751516342e+00
0.0160,0.0001140,0.0000018,0.00012200,0.00000227,-3.2323203981e-02,-1.8585864455e-03,0.9833,2.3751516342e+00
0.0170,0.0001150,0.0000018,0.00012200,0.00000226,-2.8282798827e-02,-1.8181818305e-03,0.9843,2.3791918755e+00
0.0180,0.0001150,0.0000018,0.00012200,0.00000226,-2.8282798827e-02,-1.8181818305e-03,0.9853,2.3791918755e+00
0.0190,0.0001160,0.0000018,0.00012300,0.00000226,-2.8282828629e-02,-1.7777777975e-03,0.9863,2.3791918755e+00
0.0200,0.0001170,0.0000018,0.00012300,0.00000226,-2.4242423475e-02,-1.8181818305e-03,0.9873,2.3832323551e+00
0.0210,0.0001170,0.0000018,0.00012300,0.00000226,-2.4242423475e-02,-1.7777777975e-03,0.9883,2.3832323551e+00
0.0220,0.0001180,0.0000018,0.00012300,0.00000226,-2.0202018321e-02,-1.8181818305e-03,0.9893,2.3872728348e+00
0.0230,0.0001180,0.0000018,0.00012300,0.00000226,-2.0202018321e-02,-1.8181818305e-03,0.9903,2.3872728348e+00
0.0240,0.0001190,0.0000018,0.00012300,0.00000226,-1.6161641106e-02,-1.7777777975e-03,0.9913,2.3913130760e+00
0.0250,0.0001190,0.0000018,0.00012400,0.00000226,-2.0202018321e-02,-1.8181818305e-03,0.9923,2.3872728348e+00
0.0260,0.0001200,0.0000018,0.00012400,0.00000226,-1.6161613166e-02,-1.8181818305e-03,0.9933,2.3913130760e+00
0.0270,0.0001200,0.0000018,0.00012400,0.00000226,-1.6161613166e-02,-1.8181818305e-03,0.9943,2.3913130760e+00
0.0280,0.0001210,0.0000018,0.00012400,0.00000226,-1.2121206149e-02,-1.8181818305e-03,0.9953,2.3953535557e+00
0.0290,0.0001210,0.0000018,0.00012400,0.00000226,-1.2121206149e-02,-1.8181818305e-03,0.9963,2.3953535557e+00
0.0300,0.0001210,0.0000018,0.00012400,0.00000225,-1.2121206149e-02,-1.7777782632e-03,0.9973,2.3953535557e+00
0.0310,0.0001220,0.0000018,0.00012500,0.00000226,-1.2121235020e-02,-1.8181818305e-03,0.9983,2.3953535557e+00
0.0320,0.0001230,0.0000018,0.00012500,0.00000225,-8.0808009952e-03,-1.7777782632e-03,0.9993,2.3993940353e+00
0.0330,0.0001230,0.0000018,0.00012500,0.00000226,-8.0808009952e-03,-1.8181818305e-03,1.0003,2.3993940353e+00
0.0340,0.0001230,0.0000018,0.00012500,0.00000225,-8.0808009952e-03,-1.7777782632e-03,1.0013,2.3993940353e+00
0.0350,0.0001240,0.0000018,0.00012600,0.00000226,-8.0808009952e-03,-1.8181818305e-03,1.0023,2.3993940353e+00
0.0360,0.0001240,0.0000018,0.00012600,0.00000225,-8.0808009952e-03,-1.7777782632e-03,1.0033,2.3993940353e+00
0.0370,0.0001250,0.0000018,0.00012600,0.00000225,-4.0403660387e-03,-1.7777782632e-03,1.0043,2.4034342766e+00
0.0380,0.0001250,0.0000018,0.00012600,0.00000225,-4.0403660387e-03,-1.7777782632e-03,1.0053,2.4034342766e+00
0.0390,0.0001260,0.0000018,0.00012700,0.00000225,-4.0404251777e-03,-1.8181822961e-03,1.0063,2.4034342766e+00
0.0400,0.0001260,0.0000018,0.00012700,0.00000225,-4.0404251777e-03,-1.7777782632e-03,1.0073,2.4034342766e+00
0.0410,0.0001270,0.0000018,0.00012700,0.00000225,9.9999999392e-09,-1.7777782632e-03,1.0083,2.4074747562e+00
0.0420,0.0001270,0.0000018,0.00012700,0.00000225,9.9999999392e-09,-1.8181822961e-03,1.0093,2.4074747562e+00
0.0430,0.0001270,0.0000018,0.00012700,0.00000225,9.9999999392e-09,-1.8181822961e-03,1.0103,2.4074747562e+00
0.0440,0.0001280,0.0000018,0.00012800,0.00000225,9.9999999392e-09,-1.7777782632e-03,1.0113,2.4074747562e+00
0.0450,0.0001280,0.0000018,0.00012800,0.00000225,9.9999999392e-09,-1.8181822961e-03,1.0123,2.4074747562e+00
0.0460,0.0001290,0.0000018,0.00012800,0.00000225,4.0403855965e-03,-1.7777782632e-03,1.0133,2.4115152359e+00
0.0470,0.0001290,0.0000018,0.00012800,0.00000225,4.0403855965e-03,-1.7777782632e-03,1.0143,2.4115152359e+00
0.0480,0.0001300,0.0000018,0.00012900,0.00000225,4.0404447354e-03,-1.8181822961e-03,1.0153,2.4115152359e+00
0.0490,0.0001300,0.0000018,0.00012900,0.00000225,4.0404447354e-03,-1.7777782632e-03,1.0163,2.4115152359e+00
0.0500,0.0001310,0.0000018,0.00012900,0.00000225,8.0808214843e-03,-1.8181822961e-03,1.0173,2.4155554771e+00
0.0510,0.0001310,0.0000018,0.00012900,0.00000225,8.0808214843e-03,-1.8181822961e-03,1.0183,2.4155554771e+00
0.0520,0.0001320,0.0000018,0.00013000,0.00000225,8.0808214843e-03,-1.8181822961e-03,1.0193,2.4155554771e+00
0.0530,0.0001320,0.0000018,0.00013000,0.00000225,8.0808214843e-03,-1.8181822961e-03,1.0203,2.4155554771e+00
0.0540,0.0001320,0.0000018,0.00013000,0.00000224,8.0808214843e-03,-1.7777777975e-03,1.0213,2.4155554771e+00
0.0550,0.0001330,0.0000018,0.00013000,0.00000225,1.2121196836e-02,-1.8181822961e-03,1.0223,2.4195959568e+00
0.0560,0.0001330,0.0000018,0.00013100,0.00000224,8.0808214843e-03,-1.7777777975e-03,1.0233,2.4155554771e+00
0.0570,0.0001340,0.0000018,0.00013100,0.00000224,1.2121255510e-02,-1.7777777975e-03,1.0243,2.4195959568e+00
0.0580,0.0001340,0.0000018,0.00013100,0.00000224,1.2121255510e-02,-1.7777777975e-03,1.0253,2.4195959568e+00
0.0590,0.0001340,0.0000018,0.00013100,0.00000224,1.2121255510e-02,-1.7777777975e-03,1.0263,2.4195959568e+00
0.0600,0.0001340,0.0000018,0.00013200,0.00000224,8.0808214843e-03,-1.7777777975e-03,1.0273,2.4155554771e+00
0.0610,0.0001360,0.0000018,0.00013200,0.00000224,1.6161631793e-02,-1.7777777975e-03,1.0283,2.4236364365e+00
0.0620,0.0001360,0.0000018,0.00013200,0.00000224,1.6161631793e-02,-1.7777777975e-03,1.0293,2.4236364365e+00
0.0630,0.0001360,0.0000018,0.00013300,0.00000224,1.2121255510e-02,-1.7777777975e-03,1.0303,2.4195959568e+00
0.0640,0.0001370,0.0000018,0.00013300,0.00000224,1.6161631793e-02,-1.7777777975e-03,1.0313,2.4236364365e+00
0.0650,0.0001370,0.0000018,0.00013300,0.00000224,1.6161631793e-02,-1.7373737646e-03,1.0323,2.4236364365e+00
0.0660,0.0001380,0.0000018,0.00013300,0.00000224,2.0202064887e-02,-1.7373737646e-03,1.0333,2.4276769161e+00
0.0670,0.0001380,0.0000018,0.00013400,0.00000224,1.6161631793e-02,-1.7777777975e-03,1.0343,2.4236364365e+00
0.0680,0.0001380,0.0000018,0.00013400,0.00000224,1.6161631793e-02,-1.7777777975e-03,1.0353,2.4236364365e+00
0.0690,0.0001390,0.0000018,0.00013400,0.00000224,2.0202007145e-02,-1.7777777975e-03,1.0363,2.4276766777e+00
0.0700,0.0001390,0.0000018,0.00013500,0.00000224,1.6161631793e-02,-1.7777777975e-03,1.0373,2.4236364365e+00
0.0710,0.0001400,0.0000018,0.00013500,0.00000224,2.0202064887e-02,-1.7373737646e-03,1.0383,2.4276769161e+00
0.0720,0.0001400,0.0000018,0.00013500,0.00000223,2.0202064887e-02,-1.7373742303e-03,1.0393,2.4276769161e+00
0.0730,0.0001410,0.0000018,0.00013600,0.00000224,2.0202007145e-02,-1.7777777975e-03,1.0403,2.4276766777e+00
0.0740,0.0001410,0.0000018,0.00013600,0.00000223,2.0202007145e-02,-1.7373742303e-03,1.0413,2.4276766777e+00
0.0750,0.0001410,0.0000018,0.00013600,0.00000223,2.0202007145e-02,-1.7373742303e-03,1.0423,2.4276766777e+00
0.0760,0.0001420,0.0000018,0.00013700,0.00000223,2.0202064887e-02,-1.7373742303e-03,1.0433,2.4276769161e+00
0.0770,0.0001420,0.0000018,0.00013700,0.00000223,2.0202064887e-02,-1.7373742303e-03,1.0443,2.4276769161e+00
0.0780,0.0001430,0.0000018,0.00013700,0.00000223,2.4242442101e-02,-1.6969700810e-03,1.0453,2.4317171574e+00
0.0790,0.0001430,0.0000018,0.00013800,0.00000222,2.0202007145e-02,-1.7373732990e-03,1.0463,2.4276766777e+00
0.0800,0.0001440,0.0000018,0.00013800,0.00000223,2.4242442101e-02,-1.7373742303e-03,1.0473,2.4317171574e+00
0.0810,0.0001440,0.0000018,0.00013800,0.00000223,2.4242442101e-02,-1.7373742303e-03,1.0483,2.4317171574e+00
0.0820,0.0001440,0.0000018,0.00013800,0.00000222,2.4242442101e-02,-1.7373732990e-03,1.0493,2.4317171574e+00
0.0830,0.0001460,0.0000018,0.00013900,0.00000222,2.8282877058e-02,-1.6969696153e-03,1.0503,2.4357576370e+00
0.0840,0.0001460,0.0000018,0.00013900,0.00000222,2.8282877058e-02,-1.6969696153e-03,1.0513,2.4357576370e+00
0.0850,0.0001460,0.0000018,0.00013900,0.00000222,2.8282877058e-02,-1.6969696153e-03,1.0523,2.4357576370e+00
0.0860,0.0001470,0.0000018,0.00014000,0.00000222,2.8282817453e-02,-1.7373732990e-03,1.0533,2.4357576370e+00
0.0870,0.0001470,0.0000018,0.00014000,0.00000222,2.8282817453e-02,-1.6969696153e-03,1.0543,2.4357576370e+00
0.0880,0.0001470,0.0000018,0.00014100,0.00000222,2.4242442101e-02,-1.6969696153e-03,1.0553,2.4317171574e+00
0.0890,0.0001480,0.0000018,0.00014100,0.00000222,2.8282877058e-02,-1.6969696153e-03,1.0563,2.4357576370e+00
0.0900,0.0001490,0.0000018,0.00014100,0.00000222,3.2323256135e-02,-1.6969696153e-03,1.0573,2.4397981167e+00
0.0910,0.0001490,0.0000018,0.00014200,0.00000222,2.8282817453e-02,-1.6969696153e-03,1.0583,2.4357576370e+00
0.0920,0.0001490,0.0000018,0.00014200,0.00000221,2.8282817453e-02,-1.6565660480e-03,1.0593,2.4357576370e+00
0.0930,0.0001500,0.0000018,0.00014200,0.00000222,3.2323256135e-02,-1.6969696153e-03,1.0603,2.4397981167e+00
0.0940,0.0001500,0.0000018,0.00014300,0.00000222,2.8282877058e-02,-1.6969696153e-03,1.0613,2.4357576370e+00
0.0950,0.0001510,0.0000018,0.00014300,0.00000222,3.2323256135e-02,-1.7373732990e-03,1.0623,2.4397981167e+00
0.0960,0.0001510,0.0000018,0.00014300,0.00000221,3.2323256135e-02,-1.6969696153e-03,1.0633,2.4397981167e+00
0.0970,0.0001520,0.0000018,0.00014400,0.00000222,3.2323196530e-02,-1.6969696153e-03,1.0643,2.4397978783e+00
0.0980,0.0001520,0.0000018,0.00014400,0.00000222,3.2323196530e-02,-1.7373732990e-03,1.0653,2.4397978783e+00
0.0990,0.0001530,0.0000018,0.00014400,0.00000221,3.6363631487e-02,-1.6969696153e-03,1.0663,2.4438383579e+00
0.1000,0.0001530,0.0000018,0.00014500,0.00000222,3.2323256135e-02,-1.6969696153e-03,1.0673,2.4397981167e+00
0.1010,0.0001540,0.0000018,0.00014500,0.00000222,3.6363631487e-02,-1.7373732990e-03,1.0683,2.4438383579e+00
0.1020,0.0001550,0.0000018,0.00014600,0.00000222,3.6363631487e-02,-1.7373732990e-03,1.0693,2.4438383579e+00
0.1030,0.0001550,0.0000018,0.00014600,0.00000222,3.6363631487e-02,-1.6969696153e-03,1.0703,2.4438383579e+00
0.1040,0.0001550,0.0000018,0.00014600,0.00000221,3.6363631487e-02,-1.6969696153e-03,1.0713,2.4438383579e+00
0.1050,0.0001550,0.0000018,0.00014700,0.00000221,3.2323256135e-02,-1.6969696153e-03,1.0723,2.4397981167e+00
0.1060,0.0001560,0.0000018,0.00014700,0.00000221,3.6363631487e-02,-1.6969696153e-03,1.0733,2.4438383579e+00
0.1070,0.0001560,0.0000018,0.00014700,0.00000221,3.6363631487e-02,-1.6969696153e-03,1.0743,2.4438383579e+00
0.1080,0.0001570,0.0000018,0.00014800,0.00000222,3.6363631487e-02,-1.7373732990e-03,1.0753,2.4438383579e+00
0.1090,0.0001580,0.0000018,0.00014800,0.00000221,4.0404006839e-02,-1.6969696153e-03,1.0763,2.4478788376e+00
0.1100,0.0001580,0.0000018,0.00014800,0.00000221,4.0404006839e-02,-1.6969696153e-03,1.0773,2.4478788376e+00
0.1110,0.0001590,0.0000018,0.00014900,0.00000221,4.0404066443e-02,-1.6969696153e-03,1.0783,2.4478788376e+00
0.1120,0.0001590,0.0000018,0.00014900,0.00000221,4.0404066443e-02,-1.6969696153e-03,1.0793,2.4478788376e+00
0.1130,0.0001590,0.0000018,0.00014900,0.00000221,4.0404066443e-02,-1.6969696153e-03,1.0803,2.4478788376e+00
0.1140,0.0001600,0.0000018,0.00015000,0.00000221,4.0404006839e-02,-1.6969696153e-03,1.0813,2.4478788376e+00
0.1150,0.0001600,0.0000018,0.00015000,0.00000221,4.0404006839e-02,-1.6969696153e-03,1.0823,2.4478788376e+00
0.1160,0.0001610,0.0000018,0.00015000,0.00000221,4.4444441795e-02,-1.7373737646e-03,1.0833,2.4519190788e+00
0.1170,0.0001610,0.0000018,0.00015100,0.00000221,4.0404066443e-02,-1.7373737646e-03,1.0843,2.4478788376e+00
0.1180,0.0001620,0.0000018,0.00015100,0.00000221,4.4444441795e-02,-1.6969696153e-03,1.0853,2.4519190788e+00
0.1190,0.0001630,0.0000018,0.00015100,0.00000221,4.8484876752e-02,-1.6969696153e-03,1.0863,2.4559595585e+00
0.1200,0.0001620,0.0000018,0.00015200,0.00000221,4.0404066443e-02,-1.7373737646e-03,1.0873,2.4478788376e+00
0.1210,0.0001640,0.0000018,0.00015200,0.00000220,4.8484876752e-02,-1.6969692660e-03,1.0883,2.4559595585e+00
0.1220,0.0001640,0.0000018,0.00015200,0.00000220,4.8484876752e-02,-1.6969692660e-03,1.0893,2.4559595585e+00
0.1230,0.0001640,0.0000018,0.00015300,0.00000221,4.4444441795e-02,-1.7373737646e-03,1.0903,2.4519190788e+00
0.1240,0.0001650,0.0000018,0.00015300,0.00000220,4.8484876752e-02,-1.6969692660e-03,1.0913,2.4559595585e+00
0.1250,0.0001650,0.0000018,0.00015300,0.00000220,4.8484876752e-02,-1.6969692660e-03,1.0923,2.4559595585e+00
0.1260,0.0001660,0.0000018,0.00015400,0.00000220,4.8484876752e-02,-1.6969692660e-03,1.0933,2.4559595585e+00
0.1270,0.0001660,0.0000018,0.00015400,0.00000220,4.8484876752e-02,-1.6969692660e-03,1.0943,2.4559595585e+00
0.1280,0.0001670,0.0000018,0.00015500,0.00000220,4.8484876752e-02,-1.6969692660e-03,1.0953,2.4559595585e+00
0.1290,0.0001680,0.0000018,0.00015500,0.00000220,5.2525252104e-02,-1.6565651167e-03,1.0963,2.4600000381e+00
0.1300,0.0001680,0.0000018,0.00015500,0.00000219,5.2525252104e-02,-1.6969696153e-03,1.0973,2.4600000381e+00
0.1310,0.0001690,0.0000018,0.00015600,0.00000219,5.2525311708e-02,-1.6969696153e-03,1.0983,2.4600000381e+00
0.1320,0.0001700,0.0000018,0.00015600,0.00000219,5.6565687060e-02,-1.6969696153e-03,1.0993,2.4640405178e+00
0.1330,0.0001700,0.0000018,0.00015700,0.00000219,5.2525252104e-02,-1.6969696153e-03,1.1003,2.4600000381e+00
0.1340,0.0001710,0.0000018,0.00015700,0.00000219,5.6565687060e-02,-1.6565655824e-03,1.1013,2.4640405178e+00
0.1350,0.0001710,0.0000018,0.00015700,0.00000219,5.6565687060e-02,-1.6969696153e-03,1.1023,2.4640405178e+00
0.1360,0.0001720,0.0000018,0.00015800,0.00000219,5.6565687060e-02,-1.6969696153e-03,1.1033,2.4640405178e+00
0.1370,0.0001720,0.0000018,0.00015800,0.00000219,5.6565687060e-02,-1.6969696153e-03,1.1043,2.4640405178e+00
0.1380,0.0001730,0.0000018,0.00015800,0.00000219,6.0606062412e-02,-1.6969696153e-03,1.1053,2.4680807590e+00
0.1390,0.0001740,0.0000018,0.00015900,0.00000219,6.0606062412e-02,-1.6969696153e-03,1.1063,2.4680807590e+00
0.1400,0.0001740,0.0000018,0.00015900,0.00000219,6.0606062412e-02,-1.6969696153e-03,1.1073,2.4680807590e+00
0.1410,0.0001750,0.0000018,0.00016000,0.00000219,6.0606062412e-02,-1.6969696153e-03,1.1083,2.4680807590e+00
0.1420,0.0001750,0.0000018,0.00016000,0.00000218,6.0606062412e-02,-1.6565651167e-03,1.1093,2.4680807590e+00
0.1430,0.0001760,0.0000018,0.00016100,0.00000219,6.0606062412e-02,-1.6969696153e-03,1.1103,2.4680807590e+00
0.1440,0.0001770,0.0000018,0.00016100,0.00000218,6.4646437764e-02,-1.6565651167e-03,1.1113,2.4721212387e+00
0.1450,0.0001770,0.0000018,0.00016200,0.00000218,6.0606062412e-02,-1.6969692660e-03,1.1123,2.4680807590e+00
0.1460,0.0001780,0.0000018,0.00016200,0.00000218,6.4646497369e-02,-1.6565651167e-03,1.1133,2.4721212387e+00
0.1470,0.0001790,0.0000018,0.00016300,0.00000218,6.4646437764e-02,-1.6565651167e-03,1.1143,2.4721212387e+00
0.1480,0.0001790,0.0000018,0.00016300,0.00000218,6.4646437764e-02,-1.6969692660e-03,1.1153,2.4721212387e+00
0.1490,0.0001810,0.0000018,0.00016300,0.00000218,7.2727248073e-02,-1.6565651167e-03,1.1163,2.4802019596e+00
0.1500,0.0001810,0.0000018,0.00016400,0.00000218,6.8686872721e-02,-1.6969692660e-03,1.1173,2.4761617184e+00
0.1510,0.0001820,0.0000018,0.00016400,0.00000218,7.2727307677e-02,-1.6969692660e-03,1.1183,2.4802019596e+00
0.1520,0.0001820,0.0000018,0.00016500,0.00000218,6.8686872721e-02,-1.6969692660e-03,1.1193,2.4761617184e+00
0.1530,0.0001830,0.0000018,0.00016500,0.00000217,7.2727248073e-02,-1.6565655824e-03,1.1203,2.4802019596e+00
0.1540,0.0001840,0.0000018,0.00016600,0.00000217,7.2727307677e-02,-1.6565655824e-03,1.1213,2.4802019596e+00
0.1550,0.0001850,0.0000018,0.00016600,0.00000217,7.6767683029e-02,-1.6565655824e-03,1.1223,2.4842424393e+00
0.1560,0.0001850,0.0000018,0.00016700,0.00000217,7.2727248073e-02,-1.6565655824e-03,1.1233,2.4802019596e+00
0.1570,0.0001860,0.0000018,0.00016700,0.00000217,7.6767683029e-02,-1.6565655824e-03,1.1243,2.4842424393e+00
0.1580,0.0001870,0.0000018,0.00016800,0.00000217,7.6767683029e-02,-1.6565655824e-03,1.1253,2.4842424393e+00
0.1590,0.0001880,0.0000018,0.00016800,0.00000217,8.0808117986e-02,-1.6565655824e-03,1.1263,2.4882829189e+00
0.1600,0.0001880,0.0000018,0.00016900,0.00000217,7.6767683029e-02,-1.6565655824e-03,1.1273,2.4842424393e+00
0.1610,0.0001900,0.0000018,0.00016900,0.00000217,8.4848493338e-02,-1.6565655824e-03,1.1283,2.4923231602e+00
0.1620,0.0001900,0.0000018,0.00017000,0.00000216,8.0808117986e-02,-1.6565651167e-03,1.1293,2.4882829189e+00
0.1630,0.0001910,0.0000018,0.00017000,0.00000216,8.4848493338e-02,-1.6161610838e-03,1.1303,2.4923231602e+00
0.1640,0.0001920,0.0000018,0.00017100,0.00000216,8.4848493338e-02,-1.6565651167e-03,1.1313,2.4923231602e+00
0.1650,0.0001930,0.0000018,0.00017200,0.00000216,8.4848493338e-02,-1.6565651167e-03,1.1323,2.4923231602e+00
0.1660,0.0001940,0.0000018,0.00017200,0.00000216,8.8888868690e-02,-1.6161610838e-03,1.1333,2.4963636398e+00
0.1670,0.0001940,0.0000017,0.00017300,0.00000216,8.4848493338e-02,-1.6969692660e-03,1.1343,2.4923231602e+00
0.1680,0.0001960,0.0000018,0.00017300,0.00000216,9.2929303646e-02,-1.6161610838e-03,1.1353,2.5004041195e+00
0.1690,0.0001970,0.0000018,0.00017400,0.00000216,9.2929303646e-02,-1.6565651167e-03,1.1363,2.5004041195e+00
0.1700,0.0001970,0.0000018,0.00017500,0.00000216,8.8888928294e-02,-1.6565651167e-03,1.1373,2.4963636398e+00
0.1710,0.0001980,0.0000018,0.00017500,0.00000216,9.2929303646e-02,-1.6565651167e-03,1.1383,2.5004041195e+00
0.1720,0.0001990,0.0000018,0.00017600,0.00000216,9.2929303646e-02,-1.6565651167e-03,1.1393,2.5004041195e+00
0.1730,0.0002000,0.0000018,0.00017700,0.00000216,9.2929303646e-02,-1.6565651167e-03,1.1403,2.5004041195e+00
0.1740,0.0002010,0.0000017,0.00017700,0.00000216,9.6969738603e-02,-1.6969692660e-03,1.1413,2.5044445992e+00
0.1750,0.0002030,0.0000018,0.00017800,0.00000215,1.0101011395e-01,-1.6161615495e-03,1.1423,2.5084848404e+00
0.1760,0.0002030,0.0000018,0.00017900,0.00000215,9.6969738603e-02,-1.6161615495e-03,1.1433,2.5044445992e+00
0.1770,0.0002040,0.0000017,0.00017900,0.00000215,1.0101011395e-01,-1.6565655824e-03,1.1443,2.5084848404e+00
0.1780,0.0002060,0.0000017,0.00018000,0.00000215,1.0505048931e-01,-1.6565655824e-03,1.1453,2.5125253201e+00
0.1790,0.0002070,0.0000018,0.00018100,0.00000215,1.0505054891e-01,-1.6161615495e-03,1.1463,2.5125253201e+00
0.1800,0.0002080,0.0000017,0.00018100,0.00000215,1.0909092426e-01,-1.6565655824e-03,1.1473,2.5165657997e+00
0.1810,0.0002090,0.0000017,0.00018200,0.00000215,1.0909092426e-01,-1.6565655824e-03,1.1483,2.5165657997e+00
0.1820,0.0002100,0.0000017,0.00018300,0.00000215,1.0909092426e-01,-1.6565655824e-03,1.1493,2.5165657997e+00
0.1830,0.0002110,0.0000017,0.00018300,0.00000215,1.1313135922e-01,-1.6565655824e-03,1.1503,2.5206060410e+00
0.1840,0.0002100,0.0000017,0.00018400,0.00000215,1.0505048931e-01,-1.6969696153e-03,1.1513,2.5125253201e+00
0.1850,0.0002140,0.0000018,0.00018500,0.00000215,1.1717173457e-01,-1.6161615495e-03,1.1523,2.5246465206e+00
0.1860,0.0002150,0.0000017,0.00018600,0.00000214,1.1717167497e-01,-1.6565660480e-03,1.1533,2.5246465206e+00
0.1870,0.0002150,0.0000017,0.00018600,0.00000214,1.1717167497e-01,-1.6565660480e-03,1.1543,2.5246465206e+00
0.1880,0.0002160,0.0000017,0.00018700,0.00000214,1.1717173457e-01,-1.6161620151e-03,1.1553,2.5246465206e+00
0.1890,0.0002180,0.0000017,0.00018800,0.00000214,1.2121210992e-01,-1.6565660480e-03,1.1563,2.5286867619e+00
0.1900,0.0002190,0.0000017,0.00018900,0.00000214,1.2121210992e-01,-1.6565660480e-03,1.1573,2.5286867619e+00
0.1910,0.0002200,0.0000017,0.00018900,0.00000213,1.2525255978e-01,-1.6161615495e-03,1.1583,2.5327272415e+00
0.1920,0.0002220,0.0000017,0.00019000,0.00000214,1.2929293513e-01,-1.6565660480e-03,1.1593,2.5367677212e+00
0.1930,0.0002230,0.0000017,0.00019100,0.00000214,1.2929293513e-01,-1.6565660480e-03,1.1603,2.5367677212e+00
0.1940,0.0002240,0.0000017,0.00019200,0.00000214,1.2929293513e-01,-1.6565660480e-03,1.1613,2.5367677212e+00
0.1950,0.0002260,0.0000017,0.00019300,0.00000213,1.3333337009e-01,-1.6161615495e-03,1.1623,2.5408082008e+00
0.1960,0.0002260,0.0000017,0.00019400,0.00000213,1.2929299474e-01,-1.6565655824e-03,1.1633,2.5367677212e+00
0.1970,0.0002280,0.0000017,0.00019400,0.00000213,1.3737380505e-01,-1.6565655824e-03,1.1643,2.5448484421e+00
0.1980,0.0002290,0.0000017,0.00019500,0.00000213,1.3737374544e-01,-1.6161615495e-03,1.1653,2.5448484421e+00
0.1990,0.0002310,0.0000017,0.00019600,0.00000213,1.4141418040e-01,-1.6161615495e-03,1.1663,2.5488889217e+00
