Potential,Disk-O2,Ring-O2,Disk-N2,Ring-N2,Disk-Density,Ring-Density,Potential_RHE,ABS
-0.9000,-0.0015400,0.0001020,-0.00070900,0.00000967,-3.3575756550e+00,3.7305048108e-01,0.0673,1.2755553722e+00
-0.8990,-0.0014600,0.0001020,-0.00064100,0.00000946,-3.3090910912e+00,3.7389898300e-01,0.0683,1.2270708084e+00
-0.8980,-0.0014200,0.0001020,-0.00058200,0.00000937,-3.3858585358e+00,3.7426263094e-01,0.0693,1.3038382530e+00
-0.8970,-0.0013900,0.0001020,-0.00053000,0.00000920,-3.4747474194e+00,3.7494948506e-01,0.0703,1.3927271366e+00
-0.8960,-0.0013600,0.0001020,-0.00048300,0.00000909,-3.5434343815e+00,3.7539392710e-01,0.0713,1.4614140987e+00
-0.8950,-0.0013400,0.0001020,-0.00044100,0.00000902,-3.6323232651e+00,3.7567678094e-01,0.0723,1.5503029823e+00
-0.8940,-0.0013100,0.0001020,-0.00040500,0.00000889,-3.6565654278e+00,3.7620201707e-01,0.0733,1.5745451450e+00
-0.8930,-0.0013000,0.0001020,-0.00037100,0.00000879,-3.7535352707e+00,3.7660607696e-01,0.0743,1.6715149879e+00
-0.8920,-0.0012800,0.0001020,-0.00034100,0.00000871,-3.7939391136e+00,3.7692928314e-01,0.0753,1.7119188309e+00
-0.8910,-0.0012600,0.0001020,-0.00031400,0.00000858,-3.8222224712e+00,3.7745454907e-01,0.0763,1.7402021885e+00
-0.8900,-0.0012500,0.0001020,-0.00028900,0.00000850,-3.8828282356e+00,3.7777778506e-01,0.0773,1.8008079529e+00
-0.8890,-0.0012400,0.0001020,-0.00026700,0.00000841,-3.9313132763e+00,3.7814140320e-01,0.0783,1.8492929935e+00
-0.8880,-0.0012200,0.0001010,-0.00024700,0.00000832,-3.9313130379e+00,3.7446463108e-01,0.0793,1.8492927551e+00
-0.8870,-0.0012100,0.0001020,-0.00022800,0.00000824,-3.9676768780e+00,3.7882828712e-01,0.0803,1.8856565952e+00
-0.8860,-0.0012000,0.0001020,-0.00021000,0.00000816,-4.0000004768e+00,3.7915149331e-01,0.0813,1.9179801941e+00
-0.8850,-0.0011900,0.0001010,-0.00019400,0.00000807,-4.0242424011e+00,3.7547475100e-01,0.0823,1.9422221184e+00
-0.8840,-0.0011800,0.0001010,-0.00017900,0.00000800,-4.0444445610e+00,3.7575754523e-01,0.0833,1.9624242783e+00
-0.8830,-0.0011700,0.0001010,-0.00016500,0.00000793,-4.0606060028e+00,3.7604039907e-01,0.0843,1.9785857201e+00
-0.8820,-0.0011600,0.0001010,-0.00015300,0.00000785,-4.0686869621e+00,3.7636363506e-01,0.0853,1.9866666794e+00
-0.8810,-0.0011600,0.0001010,-0.00014000,0.00000779,-4.1212120056e+00,3.7660604715e-01,0.0863,2.0391917229e+00
-0.8800,-0.0011500,0.0001010,-0.00013000,0.00000771,-4.1212124825e+00,3.7692928314e-01,0.0873,2.0391921997e+00
-0.8790,-0.0011400,0.0001010,-0.00012000,0.00000762,-4.1212120056e+00,3.7729293108e-01,0.0883,2.0391917229e+00
-0.8780,-0.0011300,0.0001010,-0.00011100,0.00000757,-4.1171717644e+00,3.7749493122e-01,0.0893,2.0351514816e+00
-0.8770,-0.0011300,0.0001010,-0.00010100,0.00000750,-4.1575760841e+00,3.7777778506e-01,0.0903,2.0755558014e+00
-0.8760,-0.0011200,0.0001010,-0.00009310,0.00000743,-4.1490907669e+00,3.7806060910e-01,0.0913,2.0670704842e+00
-0.8750,-0.0011200,0.0001010,-0.00008530,0.00000737,-4.1806063652e+00,3.7830302119e-01,0.0923,2.0985860825e+00
-0.8740,-0.0011100,0.0001010,-0.00007750,0.00000731,-4.1717171669e+00,3.7854543328e-01,0.0933,2.0896968842e+00
-0.8730,-0.0011000,0.0001010,-0.00007080,0.00000724,-4.1583838463e+00,3.7882828712e-01,0.0943,2.0763635635e+00
-0.8720,-0.0011100,0.0001000,-0.00006300,0.00000721,-4.2303028107e+00,3.7490907311e-01,0.0953,2.1482825279e+00
-0.8710,-0.0011000,0.0001010,-0.00005720,0.00000714,-4.2133336067e+00,3.7923231721e-01,0.0963,2.1313133240e+00
-0.8700,-0.0010900,0.0001000,-0.00005120,0.00000707,-4.1971716881e+00,3.7547475100e-01,0.0973,2.1151514053e+00
-0.8690,-0.0010900,0.0001000,-0.00004620,0.00000702,-4.2173738480e+00,3.7567678094e-01,0.0983,2.1353535652e+00
-0.8680,-0.0010800,0.0000998,-0.00004070,0.00000697,-4.1991920471e+00,3.7507072091e-01,0.0993,2.1171717644e+00
-0.8670,-0.0010800,0.0000999,-0.00003580,0.00000691,-4.2189893723e+00,3.7571716309e-01,0.1003,2.1369690895e+00
-0.8660,-0.0010800,0.0001000,-0.00003120,0.00000686,-4.2375755310e+00,3.7632322311e-01,0.1013,2.1555552483e+00
-0.8650,-0.0010700,0.0000999,-0.00002660,0.00000681,-4.2157578468e+00,3.7612119317e-01,0.1023,2.1337375641e+00
-0.8640,-0.0010700,0.0000999,-0.00002190,0.00000677,-4.2347474098e+00,3.7628281116e-01,0.1033,2.1527271271e+00
-0.8630,-0.0010600,0.0000997,-0.00001740,0.00000673,-4.2125253677e+00,3.7563636899e-01,0.1043,2.1305050850e+00
-0.8620,-0.0010600,0.0000996,-0.00001340,0.00000668,-4.2286872864e+00,3.7543436885e-01,0.1053,2.1466670036e+00
-0.8610,-0.0010600,0.0000996,-0.00001010,0.00000662,-4.2420206070e+00,3.7567678094e-01,0.1063,2.1600003242e+00
-0.8600,-0.0010600,0.0000996,-0.00000633,0.00000658,-4.2572526932e+00,3.7583839893e-01,0.1073,2.1752324104e+00
-0.8590,-0.0010500,0.0000996,-0.00000295,0.00000654,-4.2305049896e+00,3.7599998713e-01,0.1083,2.1484847069e+00
-0.8580,-0.0010500,0.0000996,0.00000071,0.00000650,-4.2453007698e+00,3.7616163492e-01,0.1093,2.1632804871e+00
-0.8570,-0.0010500,0.0000993,0.00000352,0.00000645,-4.2566466331e+00,3.7515151501e-01,0.1103,2.1746263504e+00
-0.8560,-0.0010400,0.0000996,0.00000631,0.00000641,-4.2275147438e+00,3.7652525306e-01,0.1113,2.1454944611e+00
-0.8550,-0.0010400,0.0000995,0.00000951,0.00000637,-4.2404441833e+00,3.7628284097e-01,0.1123,2.1584239006e+00
-0.8540,-0.0010400,0.0000991,0.00001240,0.00000633,-4.2521209717e+00,3.7482824922e-01,0.1133,2.1701006889e+00
-0.8530,-0.0010400,0.0000994,0.00001520,0.00000629,-4.2634344101e+00,3.7620201707e-01,0.1143,2.1814141273e+00
-0.8520,-0.0010400,0.0000993,0.00001730,0.00000625,-4.2719192505e+00,3.7595960498e-01,0.1153,2.1898989677e+00
-0.8510,-0.0010300,0.0000992,0.00001990,0.00000622,-4.2420206070e+00,3.7567678094e-01,0.1163,2.1600003242e+00
-0.8500,-0.0010300,0.0000991,0.00002260,0.00000618,-4.2529296875e+00,3.7543433905e-01,0.1173,2.1709094048e+00
-0.8490,-0.0010300,0.0000990,0.00002480,0.00000615,-4.2618184090e+00,3.7515148520e-01,0.1183,2.1797981262e+00
-0.8480,-0.0010300,0.0000990,0.00002710,0.00000611,-4.2711110115e+00,3.7531313300e-01,0.1193,2.1890907288e+00
-0.8470,-0.0010300,0.0000992,0.00002920,0.00000607,-4.2795963287e+00,3.7628284097e-01,0.1203,2.1975760460e+00
-0.8460,-0.0010200,0.0000990,0.00003110,0.00000603,-4.2468686104e+00,3.7563633919e-01,0.1213,2.1648483276e+00
-0.8450,-0.0010200,0.0000988,0.00003320,0.00000600,-4.2553534508e+00,3.7494948506e-01,0.1223,2.1733331680e+00
-0.8440,-0.0010200,0.0000989,0.00003530,0.00000596,-4.2638382912e+00,3.7551513314e-01,0.1233,2.1818180084e+00
-0.8430,-0.0010200,0.0000989,0.00003690,0.00000593,-4.2703032494e+00,3.7563633919e-01,0.1243,2.1882829666e+00
-0.8420,-0.0010200,0.0000990,0.00003870,0.00000590,-4.2775754929e+00,3.7616160512e-01,0.1253,2.1955552101e+00
-0.8410,-0.0010100,0.0000989,0.00004050,0.00000587,-4.2444443703e+00,3.7587875128e-01,0.1263,2.1624240875e+00
-0.8400,-0.0010100,0.0000986,0.00004200,0.00000583,-4.2505049706e+00,3.7482827902e-01,0.1273,2.1684846878e+00
-0.8390,-0.0010100,0.0000987,0.00004380,0.00000580,-4.2577776909e+00,3.7535354495e-01,0.1283,2.1757574081e+00
-0.8380,-0.0010100,0.0000988,0.00004540,0.00000577,-4.2642426491e+00,3.7587878108e-01,0.1293,2.1822223663e+00
-0.8370,-0.0010100,0.0000988,0.00004690,0.00000574,-4.2703032494e+00,3.7599998713e-01,0.1303,2.1882829666e+00
-0.8360,-0.0010100,0.0000986,0.00004840,0.00000571,-4.2763638496e+00,3.7531316280e-01,0.1313,2.1943435669e+00
-0.8350,-0.0010000,0.0000987,0.00004990,0.00000568,-4.2420206070e+00,3.7583839893e-01,0.1323,2.1600003242e+00
-0.8340,-0.0010000,0.0000985,0.00005130,0.00000565,-4.2476773262e+00,3.7515151501e-01,0.1333,2.1656570435e+00
-0.8330,-0.0010000,0.0000985,0.00005280,0.00000562,-4.2537379265e+00,3.7527272105e-01,0.1343,2.1717176437e+00
-0.8320,-0.0010000,0.0000989,0.00005410,0.00000559,-4.2589898109e+00,3.7701007724e-01,0.1353,2.1769695282e+00
-0.8310,-0.0009970,0.0000989,0.00005530,0.00000556,-4.2517170906e+00,3.7713128328e-01,0.1363,2.1696968079e+00
-0.8300,-0.0009950,0.0000985,0.00005610,0.00000553,-4.2468686104e+00,3.7563636899e-01,0.1373,2.1648483276e+00
-0.8290,-0.0009940,0.0000986,0.00005740,0.00000551,-4.2480807304e+00,3.7612119317e-01,0.1383,2.1660604477e+00
-0.8280,-0.0009960,0.0000985,0.00005880,0.00000549,-4.2618184090e+00,3.7579798698e-01,0.1393,2.1797981262e+00
-0.8270,-0.0009920,0.0000985,0.00005990,0.00000545,-4.2501010895e+00,3.7595960498e-01,0.1403,2.1680808067e+00
-0.8260,-0.0009930,0.0000985,0.00006100,0.00000543,-4.2585859299e+00,3.7604042888e-01,0.1413,2.1765656471e+00
-0.8250,-0.0009890,0.0000986,0.00006210,0.00000541,-4.2468686104e+00,3.7652525306e-01,0.1423,2.1648483276e+00
-0.8240,-0.0009870,0.0000985,0.00006310,0.00000538,-4.2428283691e+00,3.7624242902e-01,0.1433,2.1608080864e+00
-0.8230,-0.0009810,0.0000983,0.00006410,0.00000536,-4.2226262093e+00,3.7551513314e-01,0.1443,2.1406059265e+00
-0.8220,-0.0009860,0.0000981,0.00006520,0.00000534,-4.2472729683e+00,3.7478786707e-01,0.1453,2.1652526855e+00
-0.8210,-0.0009890,0.0000987,0.00006610,0.00000532,-4.2630305290e+00,3.7729293108e-01,0.1463,2.1810102463e+00
-0.8200,-0.0009850,0.0000986,0.00006710,0.00000529,-4.2509093285e+00,3.7701010704e-01,0.1473,2.1688890457e+00
-0.8190,-0.0009810,0.0000984,0.00006880,0.00000527,-4.2416162491e+00,3.7628284097e-01,0.1483,2.1595959663e+00
-0.8180,-0.0009800,0.0000983,0.00006920,0.00000525,-4.2391920090e+00,3.7595957518e-01,0.1493,2.1571717262e+00
-0.8170,-0.0009800,0.0000983,0.00007010,0.00000523,-4.2428283691e+00,3.7604039907e-01,0.1503,2.1608080864e+00
-0.8160,-0.0009830,0.0000987,0.00007100,0.00000521,-4.2585859299e+00,3.7773737311e-01,0.1513,2.1765656471e+00
-0.8150,-0.0009780,0.0000984,0.00007160,0.00000518,-4.2408080101e+00,3.7664645910e-01,0.1523,2.1587877274e+00
-0.8140,-0.0009730,0.0000984,0.00007240,0.00000516,-4.2238388062e+00,3.7672728300e-01,0.1533,2.1418185234e+00
-0.8130,-0.0009730,0.0000984,0.00007320,0.00000514,-4.2270708084e+00,3.7680807710e-01,0.1543,2.1450505257e+00
-0.8120,-0.0009780,0.0000982,0.00007400,0.00000511,-4.2505049706e+00,3.7612119317e-01,0.1553,2.1684846878e+00
-0.8110,-0.0009760,0.0000984,0.00007470,0.00000509,-4.2452526093e+00,3.7701010704e-01,0.1563,2.1632323265e+00
-0.8100,-0.0009720,0.0000985,0.00007560,0.00000507,-4.2327275276e+00,3.7749496102e-01,0.1573,2.1507072449e+00
-0.8090,-0.0009700,0.0000984,0.00007630,0.00000505,-4.2274746895e+00,3.7717169523e-01,0.1583,2.1454544067e+00
-0.8080,-0.0009700,0.0000982,0.00007710,0.00000503,-4.2307066917e+00,3.7644442916e-01,0.1593,2.1486864090e+00
-0.8070,-0.0009710,0.0000983,0.00007780,0.00000501,-4.2375755310e+00,3.7692928314e-01,0.1603,2.1555552483e+00
-0.8060,-0.0009700,0.0000983,0.00007830,0.00000499,-4.2355551720e+00,3.7701010704e-01,0.1613,2.1535348892e+00
-0.8050,-0.0009640,0.0000983,0.00007890,0.00000498,-4.2137374878e+00,3.7705048919e-01,0.1623,2.1317172050e+00
-0.8040,-0.0009640,0.0000983,0.00007970,0.00000496,-4.2169699669e+00,3.7713131309e-01,0.1633,2.1349496841e+00
-0.8030,-0.0009660,0.0000982,0.00008020,0.00000493,-4.2270708084e+00,3.7684848905e-01,0.1643,2.1450505257e+00
-0.8020,-0.0009660,0.0000983,0.00008090,0.00000492,-4.2298994064e+00,3.7729293108e-01,0.1653,2.1478791237e+00
-0.8010,-0.0009640,0.0000984,0.00008160,0.00000490,-4.2246465683e+00,3.7777778506e-01,0.1663,2.1426262856e+00
-0.8000,-0.0009600,0.0000983,0.00008220,0.00000488,-4.2109093666e+00,3.7745454907e-01,0.1673,2.1288890839e+00
-0.7990,-0.0009620,0.0000983,0.00008280,0.00000486,-4.2214140892e+00,3.7753537297e-01,0.1683,2.1393938065e+00
-0.7980,-0.0009630,0.0000984,0.00008330,0.00000485,-4.2274751663e+00,3.7797978520e-01,0.1693,2.1454548836e+00
-0.7970,-0.0009600,0.0000985,0.00008380,0.00000482,-4.2173738480e+00,3.7850505114e-01,0.1703,2.1353535652e+00
-0.7960,-0.0009570,0.0000983,0.00008440,0.00000481,-4.2076768875e+00,3.7773737311e-01,0.1713,2.1256566048e+00
-0.7950,-0.0009560,0.0000982,0.00008470,0.00000479,-4.2048487663e+00,3.7741413713e-01,0.1723,2.1228284836e+00
-0.7940,-0.0009550,0.0000983,0.00008540,0.00000478,-4.2036361694e+00,3.7785857916e-01,0.1733,2.1216158867e+00
-0.7930,-0.0009570,0.0000984,0.00008590,0.00000476,-4.2137374878e+00,3.7834343314e-01,0.1743,2.1317172050e+00
-0.7920,-0.0009570,0.0000986,0.00008630,0.00000474,-4.2153534889e+00,3.7923231721e-01,0.1753,2.1333332062e+00
-0.7910,-0.0009530,0.0000983,0.00008710,0.00000473,-4.2024240494e+00,3.7806060910e-01,0.1763,2.1204037666e+00
-0.7900,-0.0009510,0.0000982,0.00008750,0.00000471,-4.1959595680e+00,3.7773737311e-01,0.1773,2.1139392853e+00
-0.7890,-0.0009530,0.0000982,0.00008800,0.00000469,-4.2060608864e+00,3.7781816721e-01,0.1783,2.1240406036e+00
-0.7880,-0.0009520,0.0000985,0.00008840,0.00000468,-4.2036361694e+00,3.7907072902e-01,0.1793,2.1216158867e+00
-0.7870,-0.0009500,0.0000984,0.00008900,0.00000467,-4.1979799271e+00,3.7870708108e-01,0.1803,2.1159596443e+00
-0.7860,-0.0009480,0.0000985,0.00008960,0.00000465,-4.1923232079e+00,3.7919193506e-01,0.1813,2.1103029251e+00
-0.7850,-0.0009470,0.0000984,0.00008990,0.00000463,-4.1894950867e+00,3.7886869907e-01,0.1823,2.1074748039e+00
-0.7840,-0.0009490,0.0000984,0.00009010,0.00000461,-4.1983838081e+00,3.7894949317e-01,0.1833,2.1163635254e+00
-0.7830,-0.0009480,0.0000985,0.00009040,0.00000460,-4.1955556870e+00,3.7939393520e-01,0.1843,2.1135354042e+00
-0.7820,-0.0009450,0.0000983,0.00009090,0.00000459,-4.1854543686e+00,3.7862625718e-01,0.1853,2.1034340858e+00
-0.7810,-0.0009460,0.0000983,0.00009130,0.00000457,-4.1911110878e+00,3.7870708108e-01,0.1863,2.1090908051e+00
-0.7800,-0.0009400,0.0000983,0.00009180,0.00000456,-4.1688885689e+00,3.7874746323e-01,0.1873,2.0868682861e+00
-0.7790,-0.0009410,0.0000985,0.00009220,0.00000455,-4.1745452881e+00,3.7959596515e-01,0.1883,2.0925250053e+00
-0.7780,-0.0009390,0.0000984,0.00009270,0.00000453,-4.1684846878e+00,3.7927272916e-01,0.1893,2.0864644051e+00
-0.7770,-0.0009450,0.0000985,0.00009320,0.00000452,-4.1947474480e+00,3.7971717119e-01,0.1903,2.1127271652e+00
-0.7760,-0.0009460,0.0000988,0.00009320,0.00000450,-4.1987876892e+00,3.8101011515e-01,0.1913,2.1167674065e+00
-0.7750,-0.0009380,0.0000987,0.00009360,0.00000449,-4.1680808067e+00,3.8064646721e-01,0.1923,2.0860605240e+00
-0.7740,-0.0009390,0.0000986,0.00009410,0.00000448,-4.1741414070e+00,3.8028281927e-01,0.1933,2.0921211243e+00
-0.7730,-0.0009390,0.0000986,0.00009440,0.00000447,-4.1753535271e+00,3.8032323122e-01,0.1943,2.0933332443e+00
-0.7720,-0.0009410,0.0000988,0.00009470,0.00000446,-4.1846461296e+00,3.8117173314e-01,0.1953,2.1026258469e+00
-0.7710,-0.0009380,0.0000988,0.00009510,0.00000444,-4.1741414070e+00,3.8125252724e-01,0.1963,2.0921211243e+00
-0.7700,-0.0009350,0.0000987,0.00009540,0.00000443,-4.1632323265e+00,3.8088887930e-01,0.1973,2.0812120438e+00
-0.7690,-0.0009360,0.0000988,0.00009580,0.00000442,-4.1688890457e+00,3.8133335114e-01,0.1983,2.0868687630e+00
-0.7680,-0.0009340,0.0000988,0.00009630,0.00000441,-4.1628284454e+00,3.8137373328e-01,0.1993,2.0808081627e+00
-0.7670,-0.0009340,0.0000988,0.00009660,0.00000439,-4.1640405655e+00,3.8145455718e-01,0.2003,2.0820202827e+00
-0.7660,-0.0009320,0.0000988,0.00009680,0.00000438,-4.1567678452e+00,3.8149493933e-01,0.2013,2.0747475624e+00
-0.7650,-0.0009310,0.0000988,0.00009720,0.00000437,-4.1543436050e+00,3.8153538108e-01,0.2023,2.0723233223e+00
-0.7640,-0.0009320,0.0000988,0.00009740,0.00000436,-4.1591920853e+00,3.8157576323e-01,0.2033,2.0771718025e+00
-0.7630,-0.0009350,0.0000990,0.00009770,0.00000434,-4.1725254059e+00,3.8246464729e-01,0.2043,2.0905051231e+00
-0.7620,-0.0009310,0.0000991,0.00009800,0.00000433,-4.1575760841e+00,3.8290905952e-01,0.2053,2.0755558014e+00
-0.7610,-0.0009310,0.0000990,0.00009840,0.00000432,-4.1591920853e+00,3.8254544139e-01,0.2063,2.0771718025e+00
-0.7600,-0.0009270,0.0000990,0.00009850,0.00000430,-4.1434345245e+00,3.8262623549e-01,0.2073,2.0614142418e+00
-0.7590,-0.0009290,0.0000990,0.00009880,0.00000429,-4.1527276039e+00,3.8266664743e-01,0.2083,2.0707073212e+00
-0.7580,-0.0009280,0.0000991,0.00009910,0.00000428,-4.1498990059e+00,3.8311108947e-01,0.2093,2.0678787231e+00
-0.7570,-0.0009230,0.0000989,0.00009950,0.00000427,-4.1313133240e+00,3.8234344125e-01,0.2103,2.0492930412e+00
-0.7560,-0.0009220,0.0000989,0.00009970,0.00000426,-4.1280808449e+00,3.8238382339e-01,0.2113,2.0460605621e+00
-0.7550,-0.0009230,0.0000989,0.00010000,0.00000425,-4.1333332062e+00,3.8242420554e-01,0.2123,2.0513129234e+00
-0.7540,-0.0009260,0.0000991,0.00010000,0.00000424,-4.1454544067e+00,3.8327273726e-01,0.2133,2.0634341240e+00
-0.7530,-0.0009210,0.0000992,0.00010100,0.00000423,-4.1292929649e+00,3.8371714950e-01,0.2143,2.0472726822e+00
-0.7520,-0.0009200,0.0000991,0.00010100,0.00000421,-4.1252522469e+00,3.8339394331e-01,0.2153,2.0432319641e+00
-0.7510,-0.0009190,0.0000991,0.00010100,0.00000420,-4.1212120056e+00,3.8343432546e-01,0.2163,2.0391917229e+00
-0.7500,-0.0009180,0.0000991,0.00010100,0.00000420,-4.1171717644e+00,3.8343432546e-01,0.2173,2.0351514816e+00
-0.7490,-0.0009160,0.0000991,0.00010200,0.00000418,-4.1131310463e+00,3.8351514935e-01,0.2183,2.0311107635e+00
-0.7480,-0.0009200,0.0000992,0.00010200,0.00000417,-4.1292929649e+00,3.8395959139e-01,0.2193,2.0472726822e+00
-0.7470,-0.0009180,0.0000992,0.00010200,0.00000417,-4.1212120056e+00,3.8395959139e-01,0.2203,2.0391917229e+00
-0.7460,-0.0009140,0.0000991,0.00010200,0.00000415,-4.1050500870e+00,3.8363635540e-01,0.2213,2.0230298042e+00
-0.7450,-0.0009130,0.0000992,0.00010300,0.00000414,-4.1050505638e+00,3.8408079743e-01,0.2223,2.0230302811e+00
-0.7440,-0.0009130,0.0000993,0.00010300,0.00000414,-4.1050505638e+00,3.8448485732e-01,0.2233,2.0230302811e+00
-0.7430,-0.0009120,0.0000993,0.00010300,0.00000412,-4.1010103226e+00,3.8456568122e-01,0.2243,2.0189900398e+00
-0.7420,-0.0009110,0.0000993,0.00010300,0.00000412,-4.0969700813e+00,3.8456568122e-01,0.2253,2.0149497986e+00
-0.7410,-0.0009130,0.0000994,0.00010300,0.00000410,-4.1050505638e+00,3.8505050540e-01,0.2263,2.0230302811e+00
-0.7400,-0.0009100,0.0000995,0.00010400,0.00000409,-4.0969700813e+00,3.8549497724e-01,0.2273,2.0149497986e+00
-0.7390,-0.0009080,0.0000994,0.00010400,0.00000409,-4.0888891220e+00,3.8509091735e-01,0.2283,2.0068688393e+00
-0.7380,-0.0009110,0.0000995,0.00010400,0.00000408,-4.1010103226e+00,3.8553535938e-01,0.2293,2.0189900398e+00
-0.7370,-0.0009100,0.0000996,0.00010400,0.00000407,-4.0969700813e+00,3.8597980142e-01,0.2303,2.0149497986e+00
-0.7360,-0.0009070,0.0000996,0.00010500,0.00000406,-4.0888891220e+00,3.8602021337e-01,0.2313,2.0068688393e+00
-0.7350,-0.0009070,0.0000996,0.00010500,0.00000405,-4.0888891220e+00,3.8606059551e-01,0.2323,2.0068688393e+00
-0.7340,-0.0009040,0.0000997,0.00010500,0.00000404,-4.0767679214e+00,3.8650506735e-01,0.2333,1.9947476387e+00
-0.7330,-0.0009070,0.0000996,0.00010500,0.00000403,-4.0888891220e+00,3.8614141941e-01,0.2343,2.0068688393e+00
-0.7320,-0.0009090,0.0000998,0.00010500,0.00000402,-4.0969700813e+00,3.8698989153e-01,0.2353,2.0149497986e+00
-0.7310,-0.0009060,0.0001000,0.00010600,0.00000401,-4.0888891220e+00,3.8783839345e-01,0.2363,2.0068688393e+00
-0.7300,-0.0009050,0.0001000,0.00010600,0.00000400,-4.0848484039e+00,3.8787877560e-01,0.2373,2.0028281212e+00
-0.7290,-0.0009000,0.0001000,0.00010600,0.00000399,-4.0646462440e+00,3.8791918755e-01,0.2383,1.9826259613e+00
-0.7280,-0.0009050,0.0001000,0.00010600,0.00000399,-4.0848484039e+00,3.8791918755e-01,0.2393,2.0028281212e+00
-0.7270,-0.0009040,0.0001000,0.00010600,0.00000398,-4.0808081627e+00,3.8795959949e-01,0.2403,1.9987878799e+00
-0.7260,-0.0009020,0.0001000,0.00010600,0.00000396,-4.0727272034e+00,3.8804039359e-01,0.2413,1.9907069206e+00
-0.7250,-0.0009010,0.0001000,0.00010700,0.00000396,-4.0727272034e+00,3.8804039359e-01,0.2423,1.9907069206e+00
-0.7240,-0.0009000,0.0001000,0.00010700,0.00000395,-4.0686869621e+00,3.8808080554e-01,0.2433,1.9866666794e+00
-0.7230,-0.0009010,0.0001000,0.00010700,0.00000394,-4.0727272034e+00,3.8812121749e-01,0.2443,1.9907069206e+00
-0.7220,-0.0009000,0.0001000,0.00010700,0.00000394,-4.0686869621e+00,3.8812121749e-01,0.2453,1.9866666794e+00
-0.7210,-0.0008980,0.0001000,0.00010700,0.00000393,-4.0606060028e+00,3.8816159964e-01,0.2463,1.9785857201e+00
-0.7200,-0.0008960,0.0001000,0.00010700,0.00000392,-4.0525250435e+00,3.8820201159e-01,0.2473,1.9705047607e+00
-0.7190,-0.0008950,0.0001000,0.00010800,0.00000391,-4.0525250435e+00,3.8824242353e-01,0.2483,1.9705047607e+00
-0.7180,-0.0008960,0.0001010,0.00010800,0.00000390,-4.0565652847e+00,3.9232322574e-01,0.2493,1.9745450020e+00
-0.7170,-0.0008950,0.0001010,0.00010800,0.00000389,-4.0525250435e+00,3.9236360788e-01,0.2503,1.9705047607e+00
-0.7160,-0.0008920,0.0001010,0.00010800,0.00000389,-4.0404038429e+00,3.9236360788e-01,0.2513,1.9583835602e+00
-0.7150,-0.0008940,0.0001000,0.00010800,0.00000389,-4.0484848022e+00,3.8832324743e-01,0.2523,1.9664645195e+00
-0.7140,-0.0008930,0.0001010,0.00010900,0.00000388,-4.0484848022e+00,3.9240404963e-01,0.2533,1.9664645195e+00
-0.7130,-0.0008940,0.0001010,0.00010900,0.00000387,-4.0525250435e+00,3.9244443178e-01,0.2543,1.9705047607e+00
-0.7120,-0.0008920,0.0001010,0.00010900,0.00000386,-4.0444440842e+00,3.9248484373e-01,0.2553,1.9624238014e+00
-0.7110,-0.0008880,0.0001010,0.00010900,0.00000385,-4.0282831192e+00,3.9252525568e-01,0.2563,1.9462628365e+00
-0.7100,-0.0008860,0.0001010,0.00010900,0.00000385,-4.0202021599e+00,3.9252525568e-01,0.2573,1.9381818771e+00
-0.7090,-0.0008910,0.0001010,0.00010900,0.00000384,-4.0404038429e+00,3.9256563783e-01,0.2583,1.9583835602e+00
-0.7080,-0.0008890,0.0001010,0.00010900,0.00000383,-4.0323233604e+00,3.9260604978e-01,0.2593,1.9503030777e+00
-0.7070,-0.0008850,0.0001010,0.00010900,0.00000382,-4.0161614418e+00,3.9264646173e-01,0.2603,1.9341411591e+00
-0.7060,-0.0008870,0.0001010,0.00011000,0.00000381,-4.0282831192e+00,3.9268687367e-01,0.2613,1.9462628365e+00
-0.7050,-0.0008860,0.0001010,0.00011000,0.00000381,-4.0242424011e+00,3.9268687367e-01,0.2623,1.9422221184e+00
-0.7040,-0.0008880,0.0001010,0.00011000,0.00000380,-4.0323233604e+00,3.9272725582e-01,0.2633,1.9503030777e+00
-0.7030,-0.0008860,0.0001010,0.00011000,0.00000379,-4.0242424011e+00,3.9276766777e-01,0.2643,1.9422221184e+00
-0.7020,-0.0008830,0.0001010,0.00011000,0.00000379,-4.0121212006e+00,3.9276766777e-01,0.2653,1.9301009178e+00
-0.7010,-0.0008820,0.0001010,0.00011000,0.00000378,-4.0080809593e+00,3.9280807972e-01,0.2663,1.9260606766e+00
-0.7000,-0.0008820,0.0001010,0.00011000,0.00000377,-4.0080809593e+00,3.9284846187e-01,0.2673,1.9260606766e+00
-0.6990,-0.0008840,0.0001010,0.00011100,0.00000377,-4.0202021599e+00,3.9284846187e-01,0.2683,1.9381818771e+00
-0.6980,-0.0008810,0.0001020,0.00011100,0.00000376,-4.0080809593e+00,3.9692929387e-01,0.2693,1.9260606766e+00
-0.6970,-0.0008770,0.0001010,0.00011100,0.00000375,-3.9919190407e+00,3.9292928576e-01,0.2703,1.9098987579e+00
-0.6960,-0.0008790,0.0001010,0.00011100,0.00000375,-4.0000000000e+00,3.9292928576e-01,0.2713,1.9179797173e+00
-0.6950,-0.0008790,0.0001010,0.00011100,0.00000374,-4.0000000000e+00,3.9296966791e-01,0.2723,1.9179797173e+00
-0.6940,-0.0008770,0.0001020,0.00011100,0.00000374,-3.9919190407e+00,3.9701008797e-01,0.2733,1.9098987579e+00
-0.6930,-0.0008770,0.0001020,0.00011100,0.00000373,-3.9919190407e+00,3.9705049992e-01,0.2743,1.9098987579e+00
-0.6920,-0.0008750,0.0001010,0.00011100,0.00000372,-3.9838385582e+00,3.9305049181e-01,0.2753,1.9018182755e+00
-0.6910,-0.0008730,0.0001010,0.00011100,0.00000372,-3.9757578373e+00,3.9305049181e-01,0.2763,1.8937375546e+00
-0.6900,-0.0008750,0.0001020,0.00011200,0.00000371,-3.9878790379e+00,3.9713129401e-01,0.2773,1.9058587551e+00
-0.6890,-0.0008730,0.0001020,0.00011200,0.00000370,-3.9797980785e+00,3.9717170596e-01,0.2783,1.8977777958e+00
-0.6880,-0.0008710,0.0001020,0.00011200,0.00000370,-3.9717173576e+00,3.9717170596e-01,0.2793,1.8896970749e+00
-0.6870,-0.0008700,0.0001020,0.00011200,0.00000369,-3.9676768780e+00,3.9721211791e-01,0.2803,1.8856565952e+00
-0.6860,-0.0008720,0.0001020,0.00011200,0.00000368,-3.9757578373e+00,3.9725252986e-01,0.2813,1.8937375546e+00
-0.6850,-0.0008720,0.0001020,0.00011200,0.00000368,-3.9757578373e+00,3.9725252986e-01,0.2823,1.8937375546e+00
-0.6840,-0.0008690,0.0001020,0.00011200,0.00000367,-3.9636363983e+00,3.9729291201e-01,0.2833,1.8816161156e+00
-0.6830,-0.0008680,0.0001020,0.00011200,0.00000367,-3.9595959187e+00,3.9729291201e-01,0.2843,1.8775756359e+00
-0.6820,-0.0008690,0.0001020,0.00011300,0.00000366,-3.9676768780e+00,3.9733332396e-01,0.2853,1.8856565952e+00
-0.6810,-0.0008690,0.0001020,0.00011300,0.00000365,-3.9676768780e+00,3.9737373590e-01,0.2863,1.8856565952e+00
-0.6800,-0.0008690,0.0001020,0.00011300,0.00000365,-3.9676768780e+00,3.9737373590e-01,0.2873,1.8856565952e+00
-0.6790,-0.0008650,0.0001020,0.00011300,0.00000365,-3.9515151978e+00,3.9737373590e-01,0.2883,1.8694949150e+00
-0.6780,-0.0008650,0.0001020,0.00011300,0.00000364,-3.9515151978e+00,3.9741411805e-01,0.2893,1.8694949150e+00
-0.6770,-0.0008700,0.0001020,0.00011300,0.00000363,-3.9717173576e+00,3.9745455980e-01,0.2903,1.8896970749e+00
-0.6760,-0.0008670,0.0001020,0.00011300,0.00000363,-3.9595959187e+00,3.9745455980e-01,0.2913,1.8775756359e+00
-0.6750,-0.0008650,0.0001020,0.00011300,0.00000362,-3.9515151978e+00,3.9749494195e-01,0.2923,1.8694949150e+00
-0.6740,-0.0008640,0.0001030,0.00011300,0.00000362,-3.9474747181e+00,4.0153536201e-01,0.2933,1.8654544353e+00
-0.6730,-0.0008620,0.0001020,0.00011400,0.00000361,-3.9434342384e+00,3.9753532410e-01,0.2943,1.8614139557e+00
-0.6720,-0.0008620,0.0001020,0.00011400,0.00000360,-3.9434342384e+00,3.9757576585e-01,0.2953,1.8614139557e+00
-0.6710,-0.0008640,0.0001030,0.00011400,0.00000360,-3.9515151978e+00,4.0161615610e-01,0.2963,1.8694949150e+00
-0.6700,-0.0008630,0.0001030,0.00011400,0.00000360,-3.9474747181e+00,4.0161615610e-01,0.2973,1.8654544353e+00
-0.6690,-0.0008580,0.0001030,0.00011400,0.00000359,-3.9272727966e+00,4.0165656805e-01,0.2983,1.8452525139e+00
-0.6680,-0.0008590,0.0001030,0.00011400,0.00000359,-3.9313132763e+00,4.0165656805e-01,0.2993,1.8492929935e+00
-0.6670,-0.0008570,0.0001030,0.00011400,0.00000358,-3.9232323170e+00,4.0169698000e-01,0.3003,1.8412120342e+00
-0.6660,-0.0008590,0.0001030,0.00011400,0.00000357,-3.9313132763e+00,4.0173736215e-01,0.3013,1.8492929935e+00
-0.6650,-0.0008580,0.0001030,0.00011400,0.00000357,-3.9272727966e+00,4.0173736215e-01,0.3023,1.8452525139e+00
-0.6640,-0.0008570,0.0001030,0.00011400,0.00000357,-3.9232323170e+00,4.0173736215e-01,0.3033,1.8412120342e+00
-0.6630,-0.0008560,0.0001030,0.00011400,0.00000356,-3.9191918373e+00,4.0177777410e-01,0.3043,1.8371715546e+00
-0.6620,-0.0008560,0.0001030,0.00011400,0.00000356,-3.9191918373e+00,4.0177777410e-01,0.3053,1.8371715546e+00
-0.6610,-0.0008570,0.0001030,0.00011400,0.00000355,-3.9232323170e+00,4.0181818604e-01,0.3063,1.8412120342e+00
-0.6600,-0.0008510,0.0001030,0.00011500,0.00000354,-3.9030303955e+00,4.0185856819e-01,0.3073,1.8210101128e+00
-0.6590,-0.0008510,0.0001030,0.00011500,0.00000354,-3.9030303955e+00,4.0185856819e-01,0.3083,1.8210101128e+00
-0.6580,-0.0008510,0.0001030,0.00011500,0.00000353,-3.9030303955e+00,4.0189898014e-01,0.3093,1.8210101128e+00
-0.6570,-0.0008520,0.0001030,0.00011500,0.00000353,-3.9070708752e+00,4.0189898014e-01,0.3103,1.8250505924e+00
-0.6560,-0.0008540,0.0001030,0.00011500,0.00000352,-3.9151513577e+00,4.0193939209e-01,0.3113,1.8331310749e+00
-0.6550,-0.0008520,0.0001030,0.00011500,0.00000351,-3.9070708752e+00,4.0197977424e-01,0.3123,1.8250505924e+00
-0.6540,-0.0008500,0.0001030,0.00011500,0.00000351,-3.8989899158e+00,4.0197977424e-01,0.3133,1.8169696331e+00
-0.6530,-0.0008470,0.0001030,0.00011500,0.00000351,-3.8868687153e+00,4.0197977424e-01,0.3143,1.8048484325e+00
-0.6520,-0.0008490,0.0001030,0.00011500,0.00000350,-3.8949494362e+00,4.0202021599e-01,0.3153,1.8129291534e+00
-0.6510,-0.0008500,0.0001030,0.00011500,0.00000350,-3.8989899158e+00,4.0202021599e-01,0.3163,1.8169696331e+00
-0.6500,-0.0008480,0.0001040,0.00011500,0.00000349,-3.8909091949e+00,4.0610101819e-01,0.3173,1.8088889122e+00
-0.6490,-0.0008460,0.0001040,0.00011500,0.00000349,-3.8828282356e+00,4.0610101819e-01,0.3183,1.8008079529e+00
-0.6480,-0.0008470,0.0001040,0.00011600,0.00000349,-3.8909091949e+00,4.0610101819e-01,0.3193,1.8088889122e+00
-0.6470,-0.0008470,0.0001040,0.00011600,0.00000348,-3.8909091949e+00,4.0614140034e-01,0.3203,1.8088889122e+00
-0.6460,-0.0008490,0.0001040,0.00011600,0.00000348,-3.8989899158e+00,4.0614140034e-01,0.3213,1.8169696331e+00
-0.6450,-0.0008450,0.0001040,0.00011600,0.00000347,-3.8828282356e+00,4.0618181229e-01,0.3223,1.8008079529e+00
-0.6440,-0.0008420,0.0001040,0.00011600,0.00000347,-3.8707072735e+00,4.0618181229e-01,0.3233,1.7886869907e+00
-0.6430,-0.0008420,0.0001040,0.00011600,0.00000346,-3.8707072735e+00,4.0622222424e-01,0.3243,1.7886869907e+00
-0.6420,-0.0008470,0.0001040,0.00011600,0.00000346,-3.8909091949e+00,4.0622222424e-01,0.3253,1.8088889122e+00
-0.6410,-0.0008430,0.0001040,0.00011600,0.00000346,-3.8747475147e+00,4.0622222424e-01,0.3263,1.7927272320e+00
-0.6400,-0.0008390,0.0001040,0.00011600,0.00000345,-3.8585858345e+00,4.0626263618e-01,0.3273,1.7765655518e+00
-0.6390,-0.0008410,0.0001040,0.00011600,0.00000345,-3.8666667938e+00,4.0626263618e-01,0.3283,1.7846465111e+00
-0.6380,-0.0008390,0.0001040,0.00011600,0.00000344,-3.8585858345e+00,4.0630301833e-01,0.3293,1.7765655518e+00
-0.6370,-0.0008420,0.0001040,0.00011600,0.00000344,-3.8707072735e+00,4.0630301833e-01,0.3303,1.7886869907e+00
-0.6360,-0.0008390,0.0001040,0.00011600,0.00000344,-3.8585858345e+00,4.0630301833e-01,0.3313,1.7765655518e+00
-0.6350,-0.0008370,0.0001040,0.00011600,0.00000342,-3.8505051136e+00,4.0638384223e-01,0.3323,1.7684848309e+00
-0.6340,-0.0008340,0.0001040,0.00011700,0.00000343,-3.8424243927e+00,4.0634343028e-01,0.3333,1.7604041100e+00
-0.6330,-0.0008350,0.0001040,0.00011700,0.00000343,-3.8464648724e+00,4.0634343028e-01,0.3343,1.7644445896e+00
-0.6320,-0.0008350,0.0001040,0.00011700,0.00000342,-3.8464648724e+00,4.0638384223e-01,0.3353,1.7644445896e+00
-0.6310,-0.0008360,0.0001050,0.00011700,0.00000342,-3.8505051136e+00,4.1042423248e-01,0.3363,1.7684848309e+00
-0.6300,-0.0008350,0.0001040,0.00011700,0.00000341,-3.8464648724e+00,4.0642422438e-01,0.3373,1.7644445896e+00
-0.6290,-0.0008340,0.0001040,0.00011700,0.00000340,-3.8424243927e+00,4.0646466613e-01,0.3383,1.7604041100e+00
-0.6280,-0.0008310,0.0001040,0.00011700,0.00000340,-3.8303029537e+00,4.0646466613e-01,0.3393,1.7482826710e+00
-0.6270,-0.0008320,0.0001040,0.00011700,0.00000339,-3.8343434334e+00,4.0650504827e-01,0.3403,1.7523231506e+00
-0.6260,-0.0008360,0.0001050,0.00011700,0.00000340,-3.8505051136e+00,4.1050505638e-01,0.3413,1.7684848309e+00
-0.6250,-0.0008320,0.0001050,0.00011700,0.00000340,-3.8343434334e+00,4.1050505638e-01,0.3423,1.7523231506e+00
-0.6240,-0.0008280,0.0001050,0.00011700,0.00000339,-3.8181819916e+00,4.1054546833e-01,0.3433,1.7361617088e+00
-0.6230,-0.0008290,0.0001050,0.00011700,0.00000338,-3.8222224712e+00,4.1058585048e-01,0.3443,1.7402021885e+00
-0.6220,-0.0008320,0.0001050,0.00011700,0.00000338,-3.8343434334e+00,4.1058585048e-01,0.3453,1.7523231506e+00
-0.6210,-0.0008320,0.0001050,0.00011700,0.00000337,-3.8343434334e+00,4.1062626243e-01,0.3463,1.7523231506e+00
-0.6200,-0.0008300,0.0001050,0.00011800,0.00000337,-3.8303029537e+00,4.1062626243e-01,0.3473,1.7482826710e+00
-0.6190,-0.0008270,0.0001050,0.00011800,0.00000336,-3.8181819916e+00,4.1066667438e-01,0.3483,1.7361617088e+00
-0.6180,-0.0008260,0.0001050,0.00011800,0.00000336,-3.8141415119e+00,4.1066667438e-01,0.3493,1.7321212292e+00
-0.6170,-0.0008280,0.0001050,0.00011800,0.00000336,-3.8222224712e+00,4.1066667438e-01,0.3503,1.7402021885e+00
-0.6160,-0.0008290,0.0001050,0.00011800,0.00000335,-3.8262629509e+00,4.1070708632e-01,0.3513,1.7442426682e+00
-0.6150,-0.0008250,0.0001050,0.00011800,0.00000335,-3.8101010323e+00,4.1070708632e-01,0.3523,1.7280807495e+00
-0.6140,-0.0008210,0.0001050,0.00011800,0.00000335,-3.7939395905e+00,4.1070708632e-01,0.3533,1.7119193077e+00
-0.6130,-0.0008240,0.0001050,0.00011800,0.00000334,-3.8060605526e+00,4.1074746847e-01,0.3543,1.7240402699e+00
-0.6120,-0.0008250,0.0001050,0.00011800,0.00000334,-3.8101010323e+00,4.1074746847e-01,0.3553,1.7280807495e+00
-0.6110,-0.0008230,0.0001050,0.00011800,0.00000334,-3.8020203114e+00,4.1074746847e-01,0.3563,1.7200000286e+00
-0.6100,-0.0008200,0.0001050,0.00011800,0.00000334,-3.7898991108e+00,4.1074746847e-01,0.3573,1.7078788280e+00
-0.6090,-0.0008210,0.0001050,0.00011800,0.00000333,-3.7939395905e+00,4.1078788042e-01,0.3583,1.7119193077e+00
-0.6080,-0.0008240,0.0001050,0.00011800,0.00000333,-3.8060605526e+00,4.1078788042e-01,0.3593,1.7240402699e+00
-0.6070,-0.0008230,0.0001060,0.00011800,0.00000333,-3.8020203114e+00,4.1482827067e-01,0.3603,1.7200000286e+00
-0.6060,-0.0008180,0.0001060,0.00011800,0.00000332,-3.7818183899e+00,4.1486868262e-01,0.3613,1.6997981071e+00
-0.6050,-0.0008190,0.0001060,0.00011800,0.00000332,-3.7858586311e+00,4.1486868262e-01,0.3623,1.7038383484e+00
-0.6040,-0.0008180,0.0001060,0.00011800,0.00000332,-3.7818183899e+00,4.1486868262e-01,0.3633,1.6997981071e+00
-0.6030,-0.0008190,0.0001060,0.00011800,0.00000331,-3.7858586311e+00,4.1490909457e-01,0.3643,1.7038383484e+00
-0.6020,-0.0008160,0.0001060,0.00011800,0.00000331,-3.7737374306e+00,4.1490909457e-01,0.3653,1.6917171478e+00
-0.6010,-0.0008160,0.0001060,0.00011800,0.00000331,-3.7737374306e+00,4.1490909457e-01,0.3663,1.6917171478e+00
-0.6000,-0.0008150,0.0001060,0.00011800,0.00000330,-3.7696969509e+00,4.1494947672e-01,0.3673,1.6876766682e+00
-0.5990,-0.0008120,0.0001060,0.00011800,0.00000330,-3.7575759888e+00,4.1494947672e-01,0.3683,1.6755557060e+00
-0.5980,-0.0008130,0.0001060,0.00011800,0.00000330,-3.7616164684e+00,4.1494947672e-01,0.3693,1.6795961857e+00
-0.5970,-0.0008170,0.0001060,0.00011900,0.00000330,-3.7818181515e+00,4.1494947672e-01,0.3703,1.6997978687e+00
-0.5960,-0.0008140,0.0001060,0.00011900,0.00000329,-3.7696969509e+00,4.1498988867e-01,0.3713,1.6876766682e+00
-0.5950,-0.0008110,0.0001060,0.00011900,0.00000328,-3.7575757504e+00,4.1503030062e-01,0.3723,1.6755554676e+00
-0.5940,-0.0008100,0.0001060,0.00011900,0.00000328,-3.7535352707e+00,4.1503030062e-01,0.3733,1.6715149879e+00
-0.5930,-0.0008080,0.0001050,0.00011900,0.00000328,-3.7454543114e+00,4.1098988056e-01,0.3743,1.6634340286e+00
-0.5920,-0.0008110,0.0001060,0.00011900,0.00000328,-3.7575757504e+00,4.1503030062e-01,0.3753,1.6755554676e+00
-0.5910,-0.0008110,0.0001060,0.00011900,0.00000327,-3.7575757504e+00,4.1507071257e-01,0.3763,1.6755554676e+00
-0.5900,-0.0008100,0.0001060,0.00011900,0.00000327,-3.7535352707e+00,4.1507071257e-01,0.3773,1.6715149879e+00
-0.5890,-0.0008070,0.0001060,0.00011900,0.00000326,-3.7414138317e+00,4.1511112452e-01,0.3783,1.6593935490e+00
-0.5880,-0.0008040,0.0001060,0.00011900,0.00000326,-3.7292928696e+00,4.1511112452e-01,0.3793,1.6472725868e+00
-0.5870,-0.0008090,0.0001060,0.00011900,0.00000326,-3.7494947910e+00,4.1511112452e-01,0.3803,1.6674745083e+00
-0.5860,-0.0008080,0.0001070,0.00011900,0.00000325,-3.7454543114e+00,4.1919189692e-01,0.3813,1.6634340286e+00
-0.5850,-0.0008090,0.0001070,0.00011900,0.00000325,-3.7494947910e+00,4.1919189692e-01,0.3823,1.6674745083e+00
-0.5840,-0.0008070,0.0001070,0.00011900,0.00000325,-3.7414138317e+00,4.1919189692e-01,0.3833,1.6593935490e+00
-0.5830,-0.0008040,0.0001070,0.00011900,0.00000324,-3.7292928696e+00,4.1923233867e-01,0.3843,1.6472725868e+00
-0.5820,-0.0008040,0.0001070,0.00011900,0.00000324,-3.7292928696e+00,4.1923233867e-01,0.3853,1.6472725868e+00
-0.5810,-0.0008060,0.0001070,0.00011900,0.00000324,-3.7373738289e+00,4.1923233867e-01,0.3863,1.6553535461e+00
-0.5800,-0.0008030,0.0001070,0.00011900,0.00000323,-3.7252523899e+00,4.1927272081e-01,0.3873,1.6432321072e+00
-0.5790,-0.0008020,0.0001070,0.00011900,0.00000324,-3.7212119102e+00,4.1923233867e-01,0.3883,1.6391916275e+00
-0.5780,-0.0008020,0.0001070,0.00011900,0.00000323,-3.7212119102e+00,4.1927272081e-01,0.3893,1.6391916275e+00
-0.5770,-0.0008000,0.0001070,0.00011900,0.00000323,-3.7131311893e+00,4.1927272081e-01,0.3903,1.6311109066e+00
-0.5760,-0.0008020,0.0001070,0.00011900,0.00000323,-3.7212119102e+00,4.1927272081e-01,0.3913,1.6391916275e+00
-0.5750,-0.0008020,0.0001070,0.00011900,0.00000323,-3.7212119102e+00,4.1927272081e-01,0.3923,1.6391916275e+00
-0.5740,-0.0008010,0.0001070,0.00011900,0.00000322,-3.7171716690e+00,4.1931313276e-01,0.3933,1.6351513863e+00
-0.5730,-0.0007980,0.0001070,0.00011900,0.00000322,-3.7050504684e+00,4.1931313276e-01,0.3943,1.6230301857e+00
-0.5720,-0.0007980,0.0001070,0.00011900,0.00000321,-3.7050504684e+00,4.1935354471e-01,0.3953,1.6230301857e+00
-0.5710,-0.0007980,0.0001070,0.00011900,0.00000321,-3.7050504684e+00,4.1935354471e-01,0.3963,1.6230301857e+00
-0.5700,-0.0007990,0.0001070,0.00011900,0.00000321,-3.7090907097e+00,4.1935354471e-01,0.3973,1.6270704269e+00
-0.5690,-0.0008010,0.0001080,0.00011900,0.00000321,-3.7171716690e+00,4.2339393497e-01,0.3983,1.6351513863e+00
-0.5680,-0.0007970,0.0001080,0.00012000,0.00000321,-3.7050504684e+00,4.2339393497e-01,0.3993,1.6230301857e+00
-0.5670,-0.0007920,0.0001070,0.00011900,0.00000321,-3.6808078289e+00,4.1935354471e-01,0.4003,1.5987875462e+00
-0.5660,-0.0007960,0.0001080,0.00012000,0.00000320,-3.7010099888e+00,4.2343434691e-01,0.4013,1.6189897060e+00
-0.5650,-0.0007970,0.0001080,0.00012000,0.00000320,-3.7050504684e+00,4.2343434691e-01,0.4023,1.6230301857e+00
-0.5640,-0.0007920,0.0001080,0.00012000,0.00000320,-3.6848483086e+00,4.2343434691e-01,0.4033,1.6028280258e+00
-0.5630,-0.0007910,0.0001080,0.00012000,0.00000319,-3.6808080673e+00,4.2347475886e-01,0.4043,1.5987877846e+00
-0.5620,-0.0007930,0.0001080,0.00012000,0.00000319,-3.6888887882e+00,4.2347475886e-01,0.4053,1.6068685055e+00
-0.5610,-0.0007930,0.0001080,0.00011900,0.00000318,-3.6848483086e+00,4.2351514101e-01,0.4063,1.6028280258e+00
-0.5600,-0.0007930,0.0001080,0.00012000,0.00000319,-3.6888887882e+00,4.2347475886e-01,0.4073,1.6068685055e+00
-0.5590,-0.0007910,0.0001080,0.00012000,0.00000319,-3.6808080673e+00,4.2347475886e-01,0.4083,1.5987877846e+00
-0.5580,-0.0007900,0.0001080,0.00011900,0.00000318,-3.6727273464e+00,4.2351514101e-01,0.4093,1.5907070637e+00
-0.5570,-0.0007890,0.0001080,0.00012000,0.00000318,-3.6727273464e+00,4.2351514101e-01,0.4103,1.5907070637e+00
-0.5560,-0.0007890,0.0001080,0.00012000,0.00000318,-3.6727273464e+00,4.2351514101e-01,0.4113,1.5907070637e+00
-0.5550,-0.0007890,0.0001080,0.00011900,0.00000317,-3.6686868668e+00,4.2355558276e-01,0.4123,1.5866665840e+00
-0.5540,-0.0007880,0.0001080,0.00011900,0.00000316,-3.6646463871e+00,4.2359596491e-01,0.4133,1.5826261044e+00
-0.5530,-0.0007850,0.0001080,0.00012000,0.00000317,-3.6565654278e+00,4.2355558276e-01,0.4143,1.5745451450e+00
-0.5520,-0.0007850,0.0001080,0.00012000,0.00000316,-3.6565654278e+00,4.2359596491e-01,0.4153,1.5745451450e+00
-0.5510,-0.0007850,0.0001080,0.00012000,0.00000316,-3.6565654278e+00,4.2359596491e-01,0.4163,1.5745451450e+00
-0.5500,-0.0007880,0.0001090,0.00012000,0.00000316,-3.6686868668e+00,4.2763635516e-01,0.4173,1.5866665840e+00
-0.5490,-0.0007870,0.0001090,0.00012000,0.00000316,-3.6646463871e+00,4.2763635516e-01,0.4183,1.5826261044e+00
-0.5480,-0.0007850,0.0001090,0.00012000,0.00000316,-3.6565654278e+00,4.2763635516e-01,0.4193,1.5745451450e+00
-0.5470,-0.0007810,0.0001090,0.00012000,0.00000315,-3.6404039860e+00,4.2767676711e-01,0.4203,1.5583837032e+00
-0.5460,-0.0007830,0.0001090,0.00012000,0.00000315,-3.6484849453e+00,4.2767676711e-01,0.4213,1.5664646626e+00
-0.5450,-0.0007850,0.0001090,0.00012000,0.00000315,-3.6565654278e+00,4.2767676711e-01,0.4223,1.5745451450e+00
-0.5440,-0.0007830,0.0001090,0.00012000,0.00000315,-3.6484849453e+00,4.2767676711e-01,0.4233,1.5664646626e+00
-0.5430,-0.0007810,0.0001090,0.00012000,0.00000315,-3.6404039860e+00,4.2767676711e-01,0.4243,1.5583837032e+00
-0.5420,-0.0007810,0.0001090,0.00012000,0.00000315,-3.6404039860e+00,4.2767676711e-01,0.4253,1.5583837032e+00
-0.5410,-0.0007800,0.0001090,0.00012000,0.00000314,-3.6363635063e+00,4.2771717906e-01,0.4263,1.5543432236e+00
-0.5400,-0.0007820,0.0001090,0.00012000,0.00000313,-3.6444444656e+00,4.2775759101e-01,0.4273,1.5624241829e+00
-0.5390,-0.0007790,0.0001090,0.00012000,0.00000314,-3.6323232651e+00,4.2771717906e-01,0.4283,1.5503029823e+00
-0.5380,-0.0007750,0.0001090,0.00012000,0.00000313,-3.6161615849e+00,4.2775759101e-01,0.4293,1.5341413021e+00
-0.5370,-0.0007770,0.0001090,0.00012000,0.00000313,-3.6242423058e+00,4.2775759101e-01,0.4303,1.5422220230e+00
-0.5360,-0.0007780,0.0001090,0.00012000,0.00000313,-3.6282827854e+00,4.2775759101e-01,0.4313,1.5462625027e+00
-0.5350,-0.0007770,0.0001090,0.00012000,0.00000313,-3.6242423058e+00,4.2775759101e-01,0.4323,1.5422220230e+00
-0.5340,-0.0007760,0.0001090,0.00012000,0.00000313,-3.6202018261e+00,4.2775759101e-01,0.4333,1.5381815434e+00
-0.5330,-0.0007750,0.0001090,0.00012000,0.00000313,-3.6161615849e+00,4.2775759101e-01,0.4343,1.5341413021e+00
-0.5320,-0.0007730,0.0001090,0.00012000,0.00000312,-3.6080808640e+00,4.2779797316e-01,0.4353,1.5260605812e+00
-0.5310,-0.0007740,0.0001090,0.00012000,0.00000312,-3.6121211052e+00,4.2779797316e-01,0.4363,1.5301008224e+00
-0.5300,-0.0007750,0.0001100,0.00012000,0.00000312,-3.6161615849e+00,4.3183836341e-01,0.4373,1.5341413021e+00
-0.5290,-0.0007720,0.0001100,0.00012000,0.00000311,-3.6040403843e+00,4.3187880516e-01,0.4383,1.5220201015e+00
-0.5280,-0.0007690,0.0001090,0.00012000,0.00000311,-3.5919189453e+00,4.2783838511e-01,0.4393,1.5098986626e+00
-0.5270,-0.0007710,0.0001090,0.00012000,0.00000312,-3.5999999046e+00,4.2779797316e-01,0.4403,1.5179796219e+00
-0.5260,-0.0007720,0.0001100,0.00012000,0.00000311,-3.6040403843e+00,4.3187880516e-01,0.4413,1.5220201015e+00
-0.5250,-0.0007690,0.0001100,0.00012000,0.00000310,-3.5919189453e+00,4.3191918731e-01,0.4423,1.5098986626e+00
-0.5240,-0.0007680,0.0001100,0.00012000,0.00000311,-3.5878789425e+00,4.3187880516e-01,0.4433,1.5058586597e+00
-0.5230,-0.0007680,0.0001100,0.00012000,0.00000310,-3.5878789425e+00,4.3191918731e-01,0.4443,1.5058586597e+00
-0.5220,-0.0007680,0.0001100,0.00012000,0.00000310,-3.5878789425e+00,4.3191918731e-01,0.4453,1.5058586597e+00
-0.5210,-0.0007670,0.0001100,0.00012000,0.00000310,-3.5838384628e+00,4.3191918731e-01,0.4463,1.5018181801e+00
-0.5200,-0.0007680,0.0001100,0.00012000,0.00000310,-3.5878789425e+00,4.3191918731e-01,0.4473,1.5058586597e+00
-0.5190,-0.0007650,0.0001100,0.00012000,0.00000310,-3.5757575035e+00,4.3191918731e-01,0.4483,1.4937372208e+00
-0.5180,-0.0007630,0.0001100,0.00012000,0.00000310,-3.5676767826e+00,4.3191918731e-01,0.4493,1.4856564999e+00
-0.5170,-0.0007650,0.0001100,0.00012000,0.00000310,-3.5757575035e+00,4.3191918731e-01,0.4503,1.4937372208e+00
-0.5160,-0.0007650,0.0001100,0.00012000,0.00000309,-3.5757575035e+00,4.3195959926e-01,0.4513,1.4937372208e+00
-0.5150,-0.0007650,0.0001100,0.00012000,0.00000309,-3.5757575035e+00,4.3195959926e-01,0.4523,1.4937372208e+00
-0.5140,-0.0007640,0.0001110,0.00012000,0.00000309,-3.5717170238e+00,4.3600001931e-01,0.4533,1.4896967411e+00
-0.5130,-0.0007620,0.0001100,0.00012000,0.00000309,-3.5636363029e+00,4.3195959926e-01,0.4543,1.4816160202e+00
-0.5120,-0.0007640,0.0001100,0.00012000,0.00000309,-3.5717170238e+00,4.3195959926e-01,0.4553,1.4896967411e+00
-0.5110,-0.0007640,0.0001110,0.00012000,0.00000309,-3.5717170238e+00,4.3600001931e-01,0.4563,1.4896967411e+00
-0.5100,-0.0007620,0.0001110,0.00012000,0.00000308,-3.5636363029e+00,4.3604040146e-01,0.4573,1.4816160202e+00
-0.5090,-0.0007600,0.0001110,0.00012000,0.00000309,-3.5555555820e+00,4.3600001931e-01,0.4583,1.4735352993e+00
-0.5080,-0.0007600,0.0001110,0.00012000,0.00000308,-3.5555555820e+00,4.3604040146e-01,0.4593,1.4735352993e+00
-0.5070,-0.0007610,0.0001110,0.00012000,0.00000308,-3.5595958233e+00,4.3604040146e-01,0.4603,1.4775755405e+00
-0.5060,-0.0007620,0.0001110,0.00012000,0.00000307,-3.5636363029e+00,4.3608081341e-01,0.4613,1.4816160202e+00
-0.5050,-0.0007600,0.0001110,0.00012000,0.00000307,-3.5555555820e+00,4.3608081341e-01,0.4623,1.4735352993e+00
-0.5040,-0.0007580,0.0001110,0.00012000,0.00000307,-3.5474746227e+00,4.3608081341e-01,0.4633,1.4654543400e+00
-0.5030,-0.0007570,0.0001110,0.00012000,0.00000307,-3.5434343815e+00,4.3608081341e-01,0.4643,1.4614140987e+00
-0.5020,-0.0007590,0.0001110,0.00012000,0.00000307,-3.5515151024e+00,4.3608081341e-01,0.4653,1.4694948196e+00
-0.5010,-0.0007600,0.0001110,0.00012000,0.00000307,-3.5555555820e+00,4.3608081341e-01,0.4663,1.4735352993e+00
-0.5000,-0.0007570,0.0001110,0.00012000,0.00000307,-3.5434343815e+00,4.3608081341e-01,0.4673,1.4614140987e+00
-0.4990,-0.0007560,0.0001110,0.00012000,0.00000306,-3.5393939018e+00,4.3612122536e-01,0.4683,1.4573736191e+00
-0.4980,-0.0007550,0.0001110,0.00012000,0.00000306,-3.5353534222e+00,4.3612122536e-01,0.4693,1.4533331394e+00
-0.4970,-0.0007580,0.0001110,0.00012000,0.00000305,-3.5474746227e+00,4.3616160750e-01,0.4703,1.4654543400e+00
-0.4960,-0.0007570,0.0001120,0.00012000,0.00000305,-3.5434343815e+00,4.4020202756e-01,0.4713,1.4614140987e+00
-0.4950,-0.0007540,0.0001110,0.00012000,0.00000305,-3.5313129425e+00,4.3616160750e-01,0.4723,1.4492926598e+00
-0.4940,-0.0007530,0.0001110,0.00012000,0.00000305,-3.5272724628e+00,4.3616160750e-01,0.4733,1.4452521801e+00
-0.4930,-0.0007530,0.0001110,0.00012000,0.00000304,-3.5272724628e+00,4.3620204926e-01,0.4743,1.4452521801e+00
-0.4920,-0.0007540,0.0001120,0.00012000,0.00000304,-3.5313129425e+00,4.4024243951e-01,0.4753,1.4492926598e+00
-0.4910,-0.0007530,0.0001120,0.00012000,0.00000304,-3.5272724628e+00,4.4024243951e-01,0.4763,1.4452521801e+00
-0.4900,-0.0007500,0.0001120,0.00012000,0.00000304,-3.5151515007e+00,4.4024243951e-01,0.4773,1.4331312180e+00
-0.4890,-0.0007510,0.0001120,0.00012000,0.00000305,-3.5191919804e+00,4.4020202756e-01,0.4783,1.4371716976e+00
-0.4880,-0.0007530,0.0001120,0.00012000,0.00000304,-3.5272724628e+00,4.4024243951e-01,0.4793,1.4452521801e+00
-0.4870,-0.0007510,0.0001120,0.00012000,0.00000304,-3.5191919804e+00,4.4024243951e-01,0.4803,1.4371716976e+00
-0.4860,-0.0007500,0.0001120,0.00012000,0.00000304,-3.5151515007e+00,4.4024243951e-01,0.4813,1.4331312180e+00
-0.4850,-0.0007500,0.0001120,0.00012000,0.00000304,-3.5151515007e+00,4.4024243951e-01,0.4823,1.4331312180e+00
-0.4840,-0.0007510,0.0001120,0.00012000,0.00000303,-3.5191919804e+00,4.4028285146e-01,0.4833,1.4371716976e+00
-0.4830,-0.0007510,0.0001120,0.00012000,0.00000304,-3.5191919804e+00,4.4024243951e-01,0.4843,1.4371716976e+00
-0.4820,-0.0007490,0.0001120,0.00012000,0.00000303,-3.5111110210e+00,4.4028285146e-01,0.4853,1.4290907383e+00
-0.4810,-0.0007470,0.0001120,0.00012000,0.00000303,-3.5030300617e+00,4.4028285146e-01,0.4863,1.4210097790e+00
-0.4800,-0.0007470,0.0001120,0.00012000,0.00000303,-3.5030300617e+00,4.4028285146e-01,0.4873,1.4210097790e+00
-0.4790,-0.0007480,0.0001120,0.00012000,0.00000303,-3.5070705414e+00,4.4028285146e-01,0.4883,1.4250502586e+00
-0.4780,-0.0007470,0.0001120,0.00012000,0.00000303,-3.5030300617e+00,4.4028285146e-01,0.4893,1.4210097790e+00
-0.4770,-0.0007460,0.0001120,0.00012000,0.00000303,-3.4989898205e+00,4.4028285146e-01,0.4903,1.4169695377e+00
-0.4760,-0.0007450,0.0001120,0.00012000,0.00000303,-3.4949495792e+00,4.4028285146e-01,0.4913,1.4129292965e+00
-0.4750,-0.0007440,0.0001120,0.00012000,0.00000302,-3.4909090996e+00,4.4032323360e-01,0.4923,1.4088888168e+00
-0.4740,-0.0007440,0.0001120,0.00012000,0.00000303,-3.4909090996e+00,4.4028285146e-01,0.4933,1.4088888168e+00
-0.4730,-0.0007450,0.0001120,0.00012000,0.00000302,-3.4949495792e+00,4.4032323360e-01,0.4943,1.4129292965e+00
-0.4720,-0.0007440,0.0001120,0.00012000,0.00000302,-3.4909090996e+00,4.4032323360e-01,0.4953,1.4088888168e+00
-0.4710,-0.0007420,0.0001120,0.00012000,0.00000302,-3.4828281403e+00,4.4032323360e-01,0.4963,1.4008078575e+00
-0.4700,-0.0007420,0.0001120,0.00012000,0.00000302,-3.4828281403e+00,4.4032323360e-01,0.4973,1.4008078575e+00
-0.4690,-0.0007420,0.0001120,0.00012000,0.00000301,-3.4828281403e+00,4.4036364555e-01,0.4983,1.4008078575e+00
-0.4680,-0.0007430,0.0001120,0.00012000,0.00000301,-3.4868686199e+00,4.4036364555e-01,0.4993,1.4048483372e+00
-0.4670,-0.0007430,0.0001120,0.00012000,0.00000301,-3.4868686199e+00,4.4036364555e-01,0.5003,1.4048483372e+00
-0.4660,-0.0007400,0.0001120,0.00012000,0.00000301,-3.4747474194e+00,4.4036364555e-01,0.5013,1.3927271366e+00
-0.4650,-0.0007400,0.0001120,0.00012000,0.00000301,-3.4747474194e+00,4.4036364555e-01,0.5023,1.3927271366e+00
-0.4640,-0.0007380,0.0001120,0.00012000,0.00000300,-3.4666664600e+00,4.4040405750e-01,0.5033,1.3846461773e+00
-0.4630,-0.0007390,0.0001120,0.00012000,0.00000300,-3.4707069397e+00,4.4040405750e-01,0.5043,1.3886866570e+00
-0.4620,-0.0007380,0.0001120,0.00011900,0.00000300,-3.4626259804e+00,4.4040405750e-01,0.5053,1.3806056976e+00
-0.4610,-0.0007370,0.0001120,0.00012000,0.00000301,-3.4626262188e+00,4.4036364555e-01,0.5063,1.3806059361e+00
-0.4600,-0.0007370,0.0001120,0.00012000,0.00000300,-3.4626262188e+00,4.4040405750e-01,0.5073,1.3806059361e+00
-0.4590,-0.0007370,0.0001120,0.00012000,0.00000300,-3.4626262188e+00,4.4040405750e-01,0.5083,1.3806059361e+00
-0.4580,-0.0007360,0.0001120,0.00012000,0.00000300,-3.4585859776e+00,4.4040405750e-01,0.5093,1.3765656948e+00
-0.4570,-0.0007380,0.0001120,0.00012000,0.00000300,-3.4666664600e+00,4.4040405750e-01,0.5103,1.3846461773e+00
-0.4560,-0.0007360,0.0001120,0.00012000,0.00000300,-3.4585859776e+00,4.4040405750e-01,0.5113,1.3765656948e+00
-0.4550,-0.0007340,0.0001120,0.00012000,0.00000300,-3.4505050182e+00,4.4040405750e-01,0.5123,1.3684847355e+00
-0.4540,-0.0007330,0.0001120,0.00012000,0.00000299,-3.4464645386e+00,4.4044446945e-01,0.5133,1.3644442558e+00
-0.4530,-0.0007350,0.0001120,0.00012000,0.00000299,-3.4545454979e+00,4.4044446945e-01,0.5143,1.3725252151e+00
-0.4520,-0.0007340,0.0001120,0.00012000,0.00000299,-3.4505050182e+00,4.4044446945e-01,0.5153,1.3684847355e+00
-0.4510,-0.0007310,0.0001120,0.00012000,0.00000299,-3.4383835793e+00,4.4044446945e-01,0.5163,1.3563632965e+00
-0.4500,-0.0007330,0.0001120,0.00011900,0.00000299,-3.4424240589e+00,4.4044446945e-01,0.5173,1.3604037762e+00
-0.4490,-0.0007340,0.0001120,0.00012000,0.00000299,-3.4505050182e+00,4.4044446945e-01,0.5183,1.3684847355e+00
-0.4480,-0.0007320,0.0001120,0.00012000,0.00000298,-3.4424240589e+00,4.4048485160e-01,0.5193,1.3604037762e+00
-0.4470,-0.0007310,0.0001120,0.00012000,0.00000298,-3.4383835793e+00,4.4048485160e-01,0.5203,1.3563632965e+00
-0.4460,-0.0007300,0.0001120,0.00011900,0.00000298,-3.4303030968e+00,4.4048485160e-01,0.5213,1.3482828140e+00
-0.4450,-0.0007320,0.0001120,0.00011900,0.00000298,-3.4383835793e+00,4.4048485160e-01,0.5223,1.3563632965e+00
-0.4440,-0.0007310,0.0001120,0.00011900,0.00000298,-3.4343433380e+00,4.4048485160e-01,0.5233,1.3523230553e+00
-0.4430,-0.0007290,0.0001120,0.00011900,0.00000298,-3.4262626171e+00,4.4048485160e-01,0.5243,1.3442423344e+00
-0.4420,-0.0007270,0.0001120,0.00011900,0.00000298,-3.4181816578e+00,4.4048485160e-01,0.5253,1.3361613750e+00
-0.4410,-0.0007300,0.0001120,0.00011900,0.00000297,-3.4303030968e+00,4.4052526355e-01,0.5263,1.3482828140e+00
-0.4400,-0.0007300,0.0001120,0.00011900,0.00000297,-3.4303030968e+00,4.4052526355e-01,0.5273,1.3482828140e+00
-0.4390,-0.0007270,0.0001120,0.00011900,0.00000297,-3.4181816578e+00,4.4052526355e-01,0.5283,1.3361613750e+00
-0.4380,-0.0007280,0.0001120,0.00011900,0.00000297,-3.4222221375e+00,4.4052526355e-01,0.5293,1.3402018547e+00
-0.4370,-0.0007250,0.0001120,0.00011900,0.00000297,-3.4101009369e+00,4.4052526355e-01,0.5303,1.3280806541e+00
-0.4360,-0.0007250,0.0001120,0.00011900,0.00000297,-3.4101009369e+00,4.4052526355e-01,0.5313,1.3280806541e+00
-0.4350,-0.0007290,0.0001120,0.00011900,0.00000297,-3.4262626171e+00,4.4052526355e-01,0.5323,1.3442423344e+00
-0.4340,-0.0007240,0.0001120,0.00011900,0.00000297,-3.4060604572e+00,4.4052526355e-01,0.5333,1.3240401745e+00
-0.4330,-0.0007210,0.0001110,0.00011900,0.00000297,-3.3939394951e+00,4.3648484349e-01,0.5343,1.3119192123e+00
-0.4320,-0.0007240,0.0001110,0.00011900,0.00000297,-3.4060604572e+00,4.3648484349e-01,0.5353,1.3240401745e+00
-0.4310,-0.0007240,0.0001110,0.00011900,0.00000296,-3.4060604572e+00,4.3652525544e-01,0.5363,1.3240401745e+00
-0.4300,-0.0007220,0.0001110,0.00011900,0.00000296,-3.3979797363e+00,4.3652525544e-01,0.5373,1.3159594536e+00
-0.4290,-0.0007220,0.0001110,0.00011900,0.00000296,-3.3979797363e+00,4.3652525544e-01,0.5383,1.3159594536e+00
-0.4280,-0.0007220,0.0001110,0.00011900,0.00000295,-3.3979797363e+00,4.3656566739e-01,0.5393,1.3159594536e+00
-0.4270,-0.0007190,0.0001110,0.00011900,0.00000295,-3.3858585358e+00,4.3656566739e-01,0.5403,1.3038382530e+00
-0.4260,-0.0007210,0.0001110,0.00011900,0.00000296,-3.3939394951e+00,4.3652525544e-01,0.5413,1.3119192123e+00
-0.4250,-0.0007210,0.0001110,0.00011900,0.00000295,-3.3939394951e+00,4.3656566739e-01,0.5423,1.3119192123e+00
-0.4240,-0.0007200,0.0001110,0.00011900,0.00000295,-3.3898990154e+00,4.3656566739e-01,0.5433,1.3078787327e+00
-0.4230,-0.0007170,0.0001110,0.00011900,0.00000295,-3.3777775764e+00,4.3656566739e-01,0.5443,1.2957572937e+00
-0.4220,-0.0007180,0.0001110,0.00011900,0.00000295,-3.3818180561e+00,4.3656566739e-01,0.5453,1.2997977734e+00
-0.4210,-0.0007170,0.0001110,0.00011900,0.00000295,-3.3777775764e+00,4.3656566739e-01,0.5463,1.2957572937e+00
-0.4200,-0.0007180,0.0001110,0.00011900,0.00000295,-3.3818180561e+00,4.3656566739e-01,0.5473,1.2997977734e+00
-0.4190,-0.0007190,0.0001110,0.00011900,0.00000295,-3.3858585358e+00,4.3656566739e-01,0.5483,1.3038382530e+00
-0.4180,-0.0007160,0.0001110,0.00011800,0.00000294,-3.3696970940e+00,4.3660604954e-01,0.5493,1.2876768112e+00
-0.4170,-0.0007150,0.0001100,0.00011900,0.00000295,-3.3696968555e+00,4.3252524734e-01,0.5503,1.2876765728e+00
-0.4160,-0.0007150,0.0001100,0.00011900,0.00000294,-3.3696968555e+00,4.3256565928e-01,0.5513,1.2876765728e+00
-0.4150,-0.0007160,0.0001100,0.00011900,0.00000294,-3.3737370968e+00,4.3256565928e-01,0.5523,1.2917168140e+00
-0.4140,-0.0007150,0.0001100,0.00011900,0.00000295,-3.3696968555e+00,4.3252524734e-01,0.5533,1.2876765728e+00
-0.4130,-0.0007150,0.0001100,0.00011900,0.00000294,-3.3696968555e+00,4.3256565928e-01,0.5543,1.2876765728e+00
-0.4120,-0.0007120,0.0001100,0.00011900,0.00000294,-3.3575756550e+00,4.3256565928e-01,0.5553,1.2755553722e+00
-0.4110,-0.0007120,0.0001100,0.00011900,0.00000294,-3.3575756550e+00,4.3256565928e-01,0.5563,1.2755553722e+00
-0.4100,-0.0007120,0.0001100,0.00011900,0.00000294,-3.3575756550e+00,4.3256565928e-01,0.5573,1.2755553722e+00
-0.4090,-0.0007120,0.0001100,0.00011900,0.00000293,-3.3575756550e+00,4.3260607123e-01,0.5583,1.2755553722e+00
-0.4080,-0.0007110,0.0001090,0.00011900,0.00000294,-3.3535351753e+00,4.2852523923e-01,0.5593,1.2715148926e+00
-0.4070,-0.0007090,0.0001090,0.00011800,0.00000293,-3.3414142132e+00,4.2856565118e-01,0.5603,1.2593939304e+00
-0.4060,-0.0007090,0.0001100,0.00011800,0.00000293,-3.3414142132e+00,4.3260607123e-01,0.5613,1.2593939304e+00
-0.4050,-0.0007120,0.0001090,0.00011800,0.00000293,-3.3535354137e+00,4.2856565118e-01,0.5623,1.2715151310e+00
-0.4040,-0.0007110,0.0001090,0.00011800,0.00000293,-3.3494951725e+00,4.2856565118e-01,0.5633,1.2674748898e+00
-0.4030,-0.0007100,0.0001090,0.00011800,0.00000292,-3.3454546928e+00,4.2860606313e-01,0.5643,1.2634344101e+00
-0.4020,-0.0007080,0.0001090,0.00011800,0.00000293,-3.3373737335e+00,4.2856565118e-01,0.5653,1.2553534508e+00
-0.4010,-0.0007080,0.0001090,0.00011800,0.00000292,-3.3373737335e+00,4.2860606313e-01,0.5663,1.2553534508e+00
-0.4000,-0.0007070,0.0001080,0.00011800,0.00000292,-3.3333334923e+00,4.2456564307e-01,0.5673,1.2513132095e+00
-0.3990,-0.0007070,0.0001080,0.00011800,0.00000293,-3.3333334923e+00,4.2452526093e-01,0.5683,1.2513132095e+00
-0.3980,-0.0007060,0.0001080,0.00011800,0.00000292,-3.3292930126e+00,4.2456564307e-01,0.5693,1.2472727299e+00
-0.3970,-0.0007040,0.0001080,0.00011800,0.00000292,-3.3212122917e+00,4.2456564307e-01,0.5703,1.2391920090e+00
-0.3960,-0.0007070,0.0001080,0.00011800,0.00000292,-3.3333334923e+00,4.2456564307e-01,0.5713,1.2513132095e+00
-0.3950,-0.0007050,0.0001080,0.00011800,0.00000292,-3.3252527714e+00,4.2456564307e-01,0.5723,1.2432324886e+00
-0.3940,-0.0007040,0.0001080,0.00011800,0.00000291,-3.3212122917e+00,4.2460608482e-01,0.5733,1.2391920090e+00
-0.3930,-0.0007030,0.0001070,0.00011800,0.00000292,-3.3171718121e+00,4.2052525282e-01,0.5743,1.2351515293e+00
-0.3920,-0.0007030,0.0001070,0.00011800,0.00000292,-3.3171718121e+00,4.2052525282e-01,0.5753,1.2351515293e+00
-0.3910,-0.0007050,0.0001070,0.00011800,0.00000291,-3.3252527714e+00,4.2056566477e-01,0.5763,1.2432324886e+00
-0.3900,-0.0007040,0.0001070,0.00011800,0.00000291,-3.3212122917e+00,4.2056566477e-01,0.5773,1.2391920090e+00
-0.3890,-0.0007010,0.0001070,0.00011800,0.00000292,-3.3090908527e+00,4.2052525282e-01,0.5783,1.2270705700e+00
-0.3880,-0.0006980,0.0001060,0.00011800,0.00000290,-3.2969698906e+00,4.1656565666e-01,0.5793,1.2149496078e+00
-0.3870,-0.0006980,0.0001060,0.00011700,0.00000291,-3.2929294109e+00,4.1652527452e-01,0.5803,1.2109091282e+00
-0.3860,-0.0007000,0.0001060,0.00011800,0.00000291,-3.3050506115e+00,4.1652527452e-01,0.5813,1.2230303288e+00
-0.3850,-0.0006980,0.0001060,0.00011800,0.00000291,-3.2969698906e+00,4.1652527452e-01,0.5823,1.2149496078e+00
-0.3840,-0.0006970,0.0001060,0.00011800,0.00000290,-3.2929294109e+00,4.1656565666e-01,0.5833,1.2109091282e+00
-0.3830,-0.0006970,0.0001050,0.00011800,0.00000291,-3.2929294109e+00,4.1248485446e-01,0.5843,1.2109091282e+00
-0.3820,-0.0006950,0.0001050,0.00011700,0.00000290,-3.2808082104e+00,4.1252523661e-01,0.5853,1.1987879276e+00
-0.3810,-0.0006950,0.0001050,0.00011700,0.00000290,-3.2808082104e+00,4.1252523661e-01,0.5863,1.1987879276e+00
-0.3800,-0.0006970,0.0001050,0.00011700,0.00000291,-3.2888889313e+00,4.1248485446e-01,0.5873,1.2068686485e+00
-0.3790,-0.0006940,0.0001050,0.00011700,0.00000290,-3.2767677307e+00,4.1252523661e-01,0.5883,1.1947474480e+00
-0.3780,-0.0006910,0.0001040,0.00011700,0.00000290,-3.2646465302e+00,4.0848484635e-01,0.5893,1.1826262474e+00
-0.3770,-0.0006930,0.0001040,0.00011700,0.00000290,-3.2727272511e+00,4.0848484635e-01,0.5903,1.1907069683e+00
-0.3760,-0.0006930,0.0001040,0.00011700,0.00000290,-3.2727272511e+00,4.0848484635e-01,0.5913,1.1907069683e+00
-0.3750,-0.0006930,0.0001040,0.00011700,0.00000289,-3.2727272511e+00,4.0852522850e-01,0.5923,1.1907069683e+00
-0.3740,-0.0006920,0.0001040,0.00011700,0.00000289,-3.2686867714e+00,4.0852522850e-01,0.5933,1.1866664886e+00
-0.3730,-0.0006910,0.0001030,0.00011700,0.00000290,-3.2646465302e+00,4.0444442630e-01,0.5943,1.1826262474e+00
-0.3720,-0.0006910,0.0001030,0.00011700,0.00000289,-3.2646465302e+00,4.0448483825e-01,0.5953,1.1826262474e+00
-0.3710,-0.0006920,0.0001030,0.00011700,0.00000289,-3.2686867714e+00,4.0448483825e-01,0.5963,1.1866664886e+00
-0.3700,-0.0006900,0.0001030,0.00011700,0.00000289,-3.2606062889e+00,4.0448483825e-01,0.5973,1.1785860062e+00
-0.3690,-0.0006870,0.0001020,0.00011700,0.00000289,-3.2484848499e+00,4.0044441819e-01,0.5983,1.1664645672e+00
-0.3680,-0.0006880,0.0001020,0.00011700,0.00000289,-3.2525253296e+00,4.0044441819e-01,0.5993,1.1705050468e+00
-0.3670,-0.0006880,0.0001020,0.00011700,0.00000289,-3.2525253296e+00,4.0044441819e-01,0.6003,1.1705050468e+00
-0.3660,-0.0006870,0.0001020,0.00011700,0.00000288,-3.2484848499e+00,4.0048485994e-01,0.6013,1.1664645672e+00
-0.3650,-0.0006870,0.0001010,0.00011700,0.00000289,-3.2484848499e+00,3.9640402794e-01,0.6023,1.1664645672e+00
-0.3640,-0.0006860,0.0001010,0.00011700,0.00000288,-3.2444443703e+00,3.9644443989e-01,0.6033,1.1624240875e+00
-0.3630,-0.0006860,0.0001010,0.00011600,0.00000288,-3.2404041290e+00,3.9644443989e-01,0.6043,1.1583838463e+00
-0.3620,-0.0006860,0.0001010,0.00011700,0.00000289,-3.2444443703e+00,3.9640402794e-01,0.6053,1.1624240875e+00
-0.3610,-0.0006850,0.0001000,0.00011600,0.00000288,-3.2363636494e+00,3.9240404963e-01,0.6063,1.1543433666e+00
-0.3600,-0.0006820,0.0000999,0.00011600,0.00000288,-3.2242424488e+00,3.9199998975e-01,0.6073,1.1422221661e+00
-0.3590,-0.0006810,0.0000996,0.00011600,0.00000288,-3.2202022076e+00,3.9078789949e-01,0.6083,1.1381819248e+00
-0.3580,-0.0006830,0.0000993,0.00011600,0.00000288,-3.2282829285e+00,3.8957574964e-01,0.6093,1.1462626457e+00
-0.3570,-0.0006810,0.0000990,0.00011600,0.00000288,-3.2202022076e+00,3.8836362958e-01,0.6103,1.1381819248e+00
-0.3560,-0.0006810,0.0000988,0.00011600,0.00000288,-3.2202022076e+00,3.8755556941e-01,0.6113,1.1381819248e+00
-0.3550,-0.0006790,0.0000985,0.00011600,0.00000287,-3.2121212482e+00,3.8638383150e-01,0.6123,1.1301009655e+00
-0.3540,-0.0006770,0.0000981,0.00011600,0.00000287,-3.2040402889e+00,3.8476765156e-01,0.6133,1.1220200062e+00
-0.3530,-0.0006810,0.0000977,0.00011600,0.00000287,-3.2202022076e+00,3.8315153122e-01,0.6143,1.1381819248e+00
-0.3520,-0.0006780,0.0000975,0.00011600,0.00000287,-3.2080807686e+00,3.8234344125e-01,0.6153,1.1260604858e+00
-0.3510,-0.0006760,0.0000971,0.00011600,0.00000286,-3.2000000477e+00,3.8076767325e-01,0.6163,1.1179797649e+00
-0.3500,-0.0006740,0.0000967,0.00011600,0.00000287,-3.1919193268e+00,3.7911111116e-01,0.6173,1.1098990440e+00
-0.3490,-0.0006750,0.0000964,0.00011600,0.00000287,-3.1959598064e+00,3.7789899111e-01,0.6183,1.1139395237e+00
-0.3480,-0.0006770,0.0000962,0.00011600,0.00000286,-3.2040402889e+00,3.7713131309e-01,0.6193,1.1220200062e+00
-0.3470,-0.0006740,0.0000959,0.00011600,0.00000287,-3.1919193268e+00,3.7587878108e-01,0.6203,1.1098990440e+00
-0.3460,-0.0006720,0.0000955,0.00011600,0.00000287,-3.1838383675e+00,3.7426263094e-01,0.6213,1.1018180847e+00
-0.3450,-0.0006710,0.0000952,0.00011600,0.00000286,-3.1797978878e+00,3.7309092283e-01,0.6223,1.0977776051e+00
-0.3440,-0.0006720,0.0000948,0.00011600,0.00000287,-3.1838383675e+00,3.7143433094e-01,0.6233,1.1018180847e+00
-0.3430,-0.0006710,0.0000944,0.00011500,0.00000286,-3.1757576466e+00,3.6985859275e-01,0.6243,1.0937373638e+00
-0.3420,-0.0006700,0.0000942,0.00011600,0.00000286,-3.1757576466e+00,3.6905050278e-01,0.6253,1.0937373638e+00
-0.3410,-0.0006680,0.0000936,0.00011500,0.00000286,-3.1636364460e+00,3.6662626266e-01,0.6263,1.0816161633e+00
-0.3400,-0.0006670,0.0000935,0.00011500,0.00000286,-3.1595959663e+00,3.6622223258e-01,0.6273,1.0775756836e+00
-0.3390,-0.0006690,0.0000932,0.00011500,0.00000285,-3.1676766872e+00,3.6505049467e-01,0.6283,1.0856564045e+00
-0.3380,-0.0006670,0.0000926,0.00011500,0.00000286,-3.1595959663e+00,3.6258587241e-01,0.6293,1.0775756836e+00
-0.3370,-0.0006660,0.0000923,0.00011500,0.00000285,-3.1555554867e+00,3.6141413450e-01,0.6303,1.0735352039e+00
-0.3360,-0.0006630,0.0000919,0.00011500,0.00000285,-3.1434342861e+00,3.5979798436e-01,0.6313,1.0614140034e+00
-0.3350,-0.0006630,0.0000915,0.00011500,0.00000286,-3.1434342861e+00,3.5814142227e-01,0.6323,1.0614140034e+00
-0.3340,-0.0006630,0.0000911,0.00011500,0.00000285,-3.1434342861e+00,3.5656565428e-01,0.6333,1.0614140034e+00
-0.3330,-0.0006630,0.0000907,0.00011500,0.00000285,-3.1434342861e+00,3.5494950414e-01,0.6343,1.0614140034e+00
-0.3320,-0.0006610,0.0000903,0.00011500,0.00000285,-3.1353535652e+00,3.5333332419e-01,0.6353,1.0533332825e+00
-0.3310,-0.0006600,0.0000899,0.00011500,0.00000285,-3.1313133240e+00,3.5171717405e-01,0.6363,1.0492930412e+00
-0.3300,-0.0006570,0.0000894,0.00011500,0.00000285,-3.1191918850e+00,3.4969696403e-01,0.6373,1.0371716022e+00
-0.3290,-0.0006570,0.0000892,0.00011500,0.00000285,-3.1191918850e+00,3.4888890386e-01,0.6383,1.0371716022e+00
-0.3280,-0.0006570,0.0000889,0.00011400,0.00000284,-3.1151514053e+00,3.4771716595e-01,0.6393,1.0331311226e+00
-0.3270,-0.0006580,0.0000884,0.00011400,0.00000284,-3.1191918850e+00,3.4569695592e-01,0.6403,1.0371716022e+00
-0.3260,-0.0006550,0.0000880,0.00011400,0.00000284,-3.1070706844e+00,3.4408080578e-01,0.6413,1.0250504017e+00
-0.3250,-0.0006550,0.0000875,0.00011400,0.00000283,-3.1070706844e+00,3.4210100770e-01,0.6423,1.0250504017e+00
-0.3240,-0.0006550,0.0000872,0.00011400,0.00000284,-3.1070706844e+00,3.4084847569e-01,0.6433,1.0250504017e+00
-0.3230,-0.0006540,0.0000868,0.00011400,0.00000283,-3.1030302048e+00,3.3927273750e-01,0.6443,1.0210099220e+00
-0.3220,-0.0006520,0.0000865,0.00011400,0.00000283,-3.0949494839e+00,3.3806058764e-01,0.6453,1.0129292011e+00
-0.3210,-0.0006500,0.0000859,0.00011400,0.00000283,-3.0868687630e+00,3.3563637733e-01,0.6463,1.0048484802e+00
-0.3200,-0.0006490,0.0000854,0.00011400,0.00000283,-3.0828282833e+00,3.3361616731e-01,0.6473,1.0008080006e+00
-0.3190,-0.0006490,0.0000851,0.00011400,0.00000283,-3.0828282833e+00,3.3240404725e-01,0.6483,1.0008080006e+00
-0.3180,-0.0006490,0.0000847,0.00011400,0.00000282,-3.0828282833e+00,3.3082827926e-01,0.6493,1.0008080006e+00
-0.3170,-0.0006450,0.0000842,0.00011400,0.00000282,-3.0666668415e+00,3.2880806923e-01,0.6503,9.8464655876e-01
-0.3160,-0.0006440,0.0000837,0.00011400,0.00000283,-3.0626263618e+00,3.2674747705e-01,0.6513,9.8060607910e-01
-0.3150,-0.0006440,0.0000832,0.00011400,0.00000282,-3.0626263618e+00,3.2476767898e-01,0.6523,9.8060607910e-01
-0.3140,-0.0006450,0.0000829,0.00011300,0.00000282,-3.0626263618e+00,3.2355555892e-01,0.6533,9.8060607910e-01
-0.3130,-0.0006430,0.0000825,0.00011400,0.00000282,-3.0585858822e+00,3.2193940878e-01,0.6543,9.7656559944e-01
-0.3120,-0.0006400,0.0000820,0.00011300,0.00000282,-3.0424242020e+00,3.1991916895e-01,0.6553,9.6040391922e-01
-0.3110,-0.0006390,0.0000814,0.00011400,0.00000283,-3.0424242020e+00,3.1745454669e-01,0.6563,9.6040391922e-01
-0.3100,-0.0006390,0.0000810,0.00011400,0.00000283,-3.0424242020e+00,3.1583839655e-01,0.6573,9.6040391922e-01
-0.3090,-0.0006400,0.0000807,0.00011300,0.00000282,-3.0424242020e+00,3.1466668844e-01,0.6583,9.6040391922e-01
-0.3080,-0.0006370,0.0000804,0.00011300,0.00000282,-3.0303030014e+00,3.1345453858e-01,0.6593,9.4828271866e-01
-0.3070,-0.0006340,0.0000796,0.00011300,0.00000282,-3.0181818008e+00,3.1022223830e-01,0.6603,9.3616151810e-01
-0.3060,-0.0006330,0.0000791,0.00011300,0.00000282,-3.0141413212e+00,3.0820199847e-01,0.6613,9.3212103844e-01
-0.3050,-0.0006340,0.0000788,0.00011300,0.00000282,-3.0181818008e+00,3.0698990822e-01,0.6623,9.3616151810e-01
-0.3040,-0.0006330,0.0000784,0.00011300,0.00000282,-3.0141413212e+00,3.0537372828e-01,0.6633,9.3212103844e-01
-0.3030,-0.0006320,0.0000779,0.00011300,0.00000281,-3.0101008415e+00,3.0339393020e-01,0.6643,9.2808055878e-01
-0.3020,-0.0006290,0.0000775,0.00011300,0.00000281,-2.9979798794e+00,3.0177780986e-01,0.6653,9.1595959663e-01
-0.3010,-0.0006280,0.0000770,0.00011300,0.00000281,-2.9939393997e+00,2.9975757003e-01,0.6663,9.1191911697e-01
-0.3000,-0.0006270,0.0000766,0.00011300,0.00000281,-2.9898989201e+00,2.9814141989e-01,0.6673,9.0787863731e-01
-0.2990,-0.0006260,0.0000761,0.00011200,0.00000280,-2.9818181992e+00,2.9616162181e-01,0.6683,8.9979791641e-01
-0.2980,-0.0006250,0.0000757,0.00011200,0.00000281,-2.9777777195e+00,2.9450505972e-01,0.6693,8.9575743675e-01
-0.2970,-0.0006240,0.0000752,0.00011200,0.00000281,-2.9737372398e+00,2.9248484969e-01,0.6703,8.9171695709e-01
-0.2960,-0.0006230,0.0000747,0.00011200,0.00000281,-2.9696969986e+00,2.9046466947e-01,0.6713,8.8767671585e-01
-0.2950,-0.0006200,0.0000741,0.00011200,0.00000281,-2.9575757980e+00,2.8804039955e-01,0.6723,8.7555551529e-01
-0.2940,-0.0006200,0.0000736,0.00011200,0.00000281,-2.9575757980e+00,2.8602021933e-01,0.6733,8.7555551529e-01
-0.2930,-0.0006200,0.0000733,0.00011200,0.00000281,-2.9575757980e+00,2.8480809927e-01,0.6743,8.7555551529e-01
-0.2920,-0.0006170,0.0000728,0.00011200,0.00000280,-2.9454543591e+00,2.8282830119e-01,0.6753,8.6343407631e-01
-0.2910,-0.0006130,0.0000721,0.00011200,0.00000280,-2.9292929173e+00,2.8000003099e-01,0.6763,8.4727263451e-01
-0.2900,-0.0006140,0.0000717,0.00011200,0.00000280,-2.9333333969e+00,2.7838385105e-01,0.6773,8.5131311417e-01
-0.2890,-0.0006140,0.0000713,0.00011200,0.00000280,-2.9333333969e+00,2.7676767111e-01,0.6783,8.5131311417e-01
-0.2880,-0.0006140,0.0000709,0.00011200,0.00000280,-2.9333333969e+00,2.7515152097e-01,0.6793,8.5131311417e-01
-0.2870,-0.0006100,0.0000704,0.00011200,0.00000281,-2.9171714783e+00,2.7309089899e-01,0.6803,8.3515119553e-01
-0.2860,-0.0006080,0.0000698,0.00011100,0.00000279,-2.9050505161e+00,2.7074745297e-01,0.6813,8.2303023338e-01
-0.2850,-0.0006070,0.0000693,0.00011200,0.00000280,-2.9050505161e+00,2.6868686080e-01,0.6823,8.2303023338e-01
-0.2840,-0.0006080,0.0000689,0.00011200,0.00000280,-2.9090907574e+00,2.6707071066e-01,0.6833,8.2707047462e-01
-0.2830,-0.0006050,0.0000684,0.00011100,0.00000279,-2.8929293156e+00,2.6509088278e-01,0.6843,8.1090903282e-01
-0.2820,-0.0006030,0.0000679,0.00011100,0.00000280,-2.8848483562e+00,2.6303032041e-01,0.6853,8.0282807350e-01
-0.2810,-0.0006000,0.0000674,0.00011100,0.00000280,-2.8727276325e+00,2.6101008058e-01,0.6863,7.9070734978e-01
-0.2800,-0.0006020,0.0000668,0.00011100,0.00000279,-2.8808078766e+00,2.5862625241e-01,0.6873,7.9878759384e-01
-0.2790,-0.0006010,0.0000664,0.00011100,0.00000279,-2.8767673969e+00,2.5701010227e-01,0.6883,7.9474711418e-01
-0.2780,-0.0005980,0.0000659,0.00011100,0.00000279,-2.8646466732e+00,2.5498989224e-01,0.6893,7.8262639046e-01
-0.2770,-0.0005950,0.0000653,0.00011100,0.00000278,-2.8525252342e+00,2.5260609388e-01,0.6903,7.7050495148e-01
-0.2760,-0.0005940,0.0000648,0.00011100,0.00000279,-2.8484849930e+00,2.5054544210e-01,0.6913,7.6646471024e-01
-0.2750,-0.0005940,0.0000643,0.00011100,0.00000278,-2.8484849930e+00,2.4856567383e-01,0.6923,7.6646471024e-01
-0.2740,-0.0005920,0.0000638,0.00011100,0.00000278,-2.8404040337e+00,2.4654544890e-01,0.6933,7.5838375092e-01
-0.2730,-0.0005870,0.0000633,0.00011100,0.00000279,-2.8202018738e+00,2.4448485672e-01,0.6943,7.3818159103e-01
-0.2720,-0.0005860,0.0000628,0.00011100,0.00000279,-2.8161613941e+00,2.4246464670e-01,0.6953,7.3414111137e-01
-0.2710,-0.0005870,0.0000623,0.00011100,0.00000278,-2.8202018738e+00,2.4048484862e-01,0.6963,7.3818159103e-01
-0.2700,-0.0005860,0.0000619,0.00011000,0.00000279,-2.8121211529e+00,2.3882828653e-01,0.6973,7.3010087013e-01
-0.2690,-0.0005840,0.0000613,0.00011000,0.00000278,-2.8040406704e+00,2.3644444346e-01,0.6983,7.2202038765e-01
-0.2680,-0.0005820,0.0000609,0.00011000,0.00000278,-2.7959597111e+00,2.3482827842e-01,0.6993,7.1393942833e-01
-0.2670,-0.0005790,0.0000603,0.00011000,0.00000279,-2.7838385105e+00,2.3236364126e-01,0.7003,7.0181822777e-01
-0.2660,-0.0005810,0.0000598,0.00011000,0.00000278,-2.7919192314e+00,2.3038382828e-01,0.7013,7.0989894867e-01
-0.2650,-0.0005770,0.0000594,0.00011000,0.00000278,-2.7757577896e+00,2.2876767814e-01,0.7023,6.9373750687e-01
-0.2640,-0.0005760,0.0000589,0.00011000,0.00000277,-2.7717173100e+00,2.2678788006e-01,0.7033,6.8969702721e-01
-0.2630,-0.0005730,0.0000584,0.00011000,0.00000278,-2.7595961094e+00,2.2472727299e-01,0.7043,6.7757582664e-01
-0.2620,-0.0005710,0.0000579,0.00011000,0.00000277,-2.7515151501e+00,2.2274747491e-01,0.7053,6.6949486732e-01
-0.2610,-0.0005690,0.0000574,0.00011000,0.00000277,-2.7434344292e+00,2.2072727978e-01,0.7063,6.6141414642e-01
-0.2600,-0.0005680,0.0000567,0.00010900,0.00000277,-2.7353537083e+00,2.1789897978e-01,0.7073,6.5333342552e-01
-0.2590,-0.0005660,0.0000563,0.00010900,0.00000276,-2.7272727489e+00,2.1632322669e-01,0.7083,6.4525246620e-01
-0.2580,-0.0005650,0.0000558,0.00010900,0.00000277,-2.7232322693e+00,2.1426261961e-01,0.7093,6.4121198654e-01
-0.2570,-0.0005630,0.0000554,0.00010900,0.00000277,-2.7151515484e+00,2.1264645457e-01,0.7103,6.3313126564e-01
-0.2560,-0.0005580,0.0000549,0.00010900,0.00000276,-2.6949496269e+00,2.1066667140e-01,0.7113,6.1292934418e-01
-0.2550,-0.0005580,0.0000544,0.00010900,0.00000277,-2.6949496269e+00,2.0860604942e-01,0.7123,6.1292934418e-01
-0.2540,-0.0005550,0.0000539,0.00010900,0.00000276,-2.6828281879e+00,2.0662626624e-01,0.7133,6.0080790520e-01
-0.2530,-0.0005530,0.0000532,0.00010900,0.00000276,-2.6747477055e+00,2.0379798114e-01,0.7143,5.9272742271e-01
-0.2520,-0.0005530,0.0000528,0.00010900,0.00000276,-2.6747477055e+00,2.0218181610e-01,0.7153,5.9272742271e-01
-0.2510,-0.0005490,0.0000523,0.00010900,0.00000276,-2.6585857868e+00,2.0016162097e-01,0.7163,5.7656550407e-01
-0.2500,-0.0005480,0.0000518,0.00010900,0.00000276,-2.6545455456e+00,1.9814142585e-01,0.7173,5.7252526283e-01
-0.2490,-0.0005460,0.0000513,0.00010900,0.00000276,-2.6464648247e+00,1.9612121582e-01,0.7183,5.6444454193e-01
-0.2480,-0.0005440,0.0000507,0.00010900,0.00000276,-2.6383838654e+00,1.9369697571e-01,0.7193,5.5636358261e-01
-0.2470,-0.0005400,0.0000504,0.00010900,0.00000275,-2.6222221851e+00,1.9252526760e-01,0.7203,5.4020190239e-01
-0.2460,-0.0005390,0.0000497,0.00010800,0.00000276,-2.6141412258e+00,1.8965657055e-01,0.7213,5.3212094307e-01
-0.2450,-0.0005360,0.0000491,0.00010800,0.00000275,-2.6020202637e+00,1.8727272749e-01,0.7223,5.1999998093e-01
-0.2440,-0.0005340,0.0000487,0.00010800,0.00000275,-2.5939393044e+00,1.8565656245e-01,0.7233,5.1191902161e-01
-0.2430,-0.0005330,0.0000482,0.00010800,0.00000275,-2.5898990631e+00,1.8363636732e-01,0.7243,5.0787878036e-01
-0.2420,-0.0005320,0.0000477,0.00010800,0.00000275,-2.5858585835e+00,1.8161615729e-01,0.7253,5.0383830070e-01
-0.2410,-0.0005270,0.0000472,0.00010800,0.00000275,-2.5656566620e+00,1.7959596217e-01,0.7263,4.8363637924e-01
-0.2400,-0.0005230,0.0000465,0.00010800,0.00000275,-2.5494949818e+00,1.7676769197e-01,0.7273,4.6747469902e-01
-0.2390,-0.0005210,0.0000462,0.00010800,0.00000275,-2.5414142609e+00,1.7555555701e-01,0.7283,4.5939397812e-01
-0.2380,-0.0005210,0.0000455,0.00010800,0.00000274,-2.5414142609e+00,1.7276768386e-01,0.7293,4.5939397812e-01
-0.2370,-0.0005190,0.0000450,0.00010800,0.00000275,-2.5333333015e+00,1.7070707679e-01,0.7303,4.5131301880e-01
-0.2360,-0.0005160,0.0000445,0.00010800,0.00000274,-2.5212121010e+00,1.6872727871e-01,0.7313,4.3919181824e-01
-0.2350,-0.0005130,0.0000440,0.00010800,0.00000274,-2.5090909004e+00,1.6670708358e-01,0.7323,4.2707061768e-01
-0.2340,-0.0005090,0.0000435,0.00010700,0.00000274,-2.4888887405e+00,1.6468687356e-01,0.7333,4.0686845779e-01
-0.2330,-0.0005080,0.0000429,0.00010700,0.00000274,-2.4848484993e+00,1.6226263344e-01,0.7343,4.0282821655e-01
-0.2320,-0.0005050,0.0000425,0.00010700,0.00000273,-2.4727272987e+00,1.6068686545e-01,0.7353,3.9070701599e-01
-0.2310,-0.0005010,0.0000419,0.00010700,0.00000274,-2.4565656185e+00,1.5822222829e-01,0.7363,3.7454533577e-01
-0.2300,-0.0004980,0.0000413,0.00010700,0.00000273,-2.4444444180e+00,1.5583838522e-01,0.7373,3.6242413521e-01
-0.2290,-0.0004960,0.0000408,0.00010700,0.00000273,-2.4363636971e+00,1.5381819010e-01,0.7383,3.5434341431e-01
-0.2280,-0.0004940,0.0000403,0.00010700,0.00000273,-2.4282827377e+00,1.5179798007e-01,0.7393,3.4626245499e-01
-0.2270,-0.0004900,0.0000397,0.00010600,0.00000273,-2.4080808163e+00,1.4937373996e-01,0.7403,3.2606053352e-01
-0.2260,-0.0004860,0.0000391,0.00010700,0.00000273,-2.3959596157e+00,1.4694948494e-01,0.7413,3.1393933296e-01
-0.2250,-0.0004840,0.0000385,0.00010600,0.00000273,-2.3838384151e+00,1.4452524483e-01,0.7423,3.0181813240e-01
-0.2240,-0.0004820,0.0000380,0.00010600,0.00000273,-2.3757574558e+00,1.4250503480e-01,0.7433,2.9373717308e-01
-0.2230,-0.0004790,0.0000376,0.00010600,0.00000273,-2.3636364937e+00,1.4088888466e-01,0.7443,2.8161621094e-01
-0.2220,-0.0004740,0.0000370,0.00010600,0.00000273,-2.3434343338e+00,1.3846464455e-01,0.7453,2.6141405106e-01
-0.2210,-0.0004700,0.0000364,0.00010600,0.00000273,-2.3272728920e+00,1.3604040444e-01,0.7463,2.4525260925e-01
-0.2200,-0.0004670,0.0000357,0.00010600,0.00000273,-2.3151514530e+00,1.3321211934e-01,0.7473,2.3313117027e-01
-0.2190,-0.0004640,0.0000352,0.00010600,0.00000273,-2.3030304909e+00,1.3119190931e-01,0.7483,2.2101020813e-01
-0.2180,-0.0004600,0.0000347,0.00010600,0.00000272,-2.2868688107e+00,1.2921211123e-01,0.7493,2.0484852791e-01
-0.2170,-0.0004560,0.0000341,0.00010600,0.00000272,-2.2707071304e+00,1.2678788602e-01,0.7503,1.8868684769e-01
-0.2160,-0.0004530,0.0000335,0.00010600,0.00000272,-2.2585859299e+00,1.2436363846e-01,0.7513,1.7656564713e-01
-0.2150,-0.0004490,0.0000330,0.00010600,0.00000272,-2.2424244881e+00,1.2234343588e-01,0.7523,1.6040420532e-01
-0.2140,-0.0004460,0.0000325,0.00010500,0.00000272,-2.2262625694e+00,1.2032323331e-01,0.7533,1.4424228668e-01
-0.2130,-0.0004420,0.0000319,0.00010600,0.00000273,-2.2141413689e+00,1.1785858870e-01,0.7543,1.3212108612e-01
-0.2120,-0.0004380,0.0000313,0.00010600,0.00000272,-2.1979799271e+00,1.1547473818e-01,0.7553,1.1595964432e-01
-0.2110,-0.0004330,0.0000307,0.00010600,0.00000272,-2.1777780056e+00,1.1305050552e-01,0.7563,9.5757722855e-02
-0.2100,-0.0004300,0.0000301,0.00010500,0.00000272,-2.1616160870e+00,1.1062625796e-01,0.7573,7.9595804214e-02
-0.2090,-0.0004270,0.0000296,0.00010500,0.00000271,-2.1494948864e+00,1.0864646733e-01,0.7583,6.7474603653e-02
-0.2080,-0.0004230,0.0000290,0.00010500,0.00000271,-2.1333334446e+00,1.0622222722e-01,0.7593,5.1313161850e-02
-0.2070,-0.0004180,0.0000284,0.00010500,0.00000271,-2.1131315231e+00,1.0379797965e-01,0.7603,3.1111240387e-02
-0.2060,-0.0004130,0.0000278,0.00010500,0.00000271,-2.0929291248e+00,1.0137373954e-01,0.7613,1.0908842087e-02
-0.2050,-0.0004090,0.0000272,0.00010500,0.00000271,-2.0767676830e+00,9.8949499428e-02,0.7623,5.2525997162e-03
-0.2040,-0.0004050,0.0000267,0.00010500,0.00000271,-2.0606060028e+00,9.6929296851e-02,0.7633,2.1414279938e-02
-0.2030,-0.0004000,0.0000262,0.00010500,0.00000271,-2.0404040813e+00,9.4909094274e-02,0.7643,4.1616201401e-02
-0.2020,-0.0003950,0.0000255,0.00010500,0.00000271,-2.0202021599e+00,9.2080809176e-02,0.7653,6.1818122864e-02
-0.2010,-0.0003910,0.0000249,0.00010500,0.00000271,-2.0040404797e+00,8.9656569064e-02,0.7663,7.7979803085e-02
-0.2000,-0.0003870,0.0000243,0.00010400,0.00000271,-1.9838384390e+00,8.7232321501e-02,0.7673,9.8181843758e-02
-0.1990,-0.0003830,0.0000238,0.00010400,0.00000270,-1.9676768780e+00,8.5252523422e-02,0.7683,1.1434340477e-01
-0.1980,-0.0003780,0.0000233,0.00010400,0.00000271,-1.9474747181e+00,8.3191916347e-02,0.7693,1.3454556465e-01
-0.1970,-0.0003720,0.0000227,0.00010400,0.00000270,-1.9232324362e+00,8.0808080733e-02,0.7703,1.5878784657e-01
-0.1960,-0.0003680,0.0000221,0.00010400,0.00000270,-1.9070707560e+00,7.8383833170e-02,0.7713,1.7494952679e-01
-0.1950,-0.0003630,0.0000216,0.00010400,0.00000270,-1.8868687153e+00,7.6363638043e-02,0.7723,1.9515156746e-01
-0.1940,-0.0003590,0.0000210,0.00010400,0.00000270,-1.8707070351e+00,7.3939390481e-02,0.7733,2.1131324768e-01
-0.1930,-0.0003550,0.0000205,0.00010400,0.00000270,-1.8545454741e+00,7.1919187903e-02,0.7743,2.2747480869e-01
-0.1920,-0.0003490,0.0000199,0.00010400,0.00000270,-1.8303030729e+00,6.9494947791e-02,0.7753,2.5171720982e-01
-0.1910,-0.0003450,0.0000194,0.00010400,0.00000269,-1.8141415119e+00,6.7515157163e-02,0.7763,2.6787877083e-01
-0.1900,-0.0003390,0.0000189,0.00010300,0.00000269,-1.7858585119e+00,6.5494954586e-02,0.7773,2.9616177082e-01
-0.1890,-0.0003350,0.0000184,0.00010300,0.00000269,-1.7696969509e+00,6.3474752009e-02,0.7783,3.1232333183e-01
-0.1880,-0.0003300,0.0000179,0.00010300,0.00000269,-1.7494950294e+00,6.1454545707e-02,0.7793,3.3252525330e-01
-0.1870,-0.0003240,0.0000174,0.00010300,0.00000269,-1.7252525091e+00,5.9434343129e-02,0.7803,3.5676777363e-01
-0.1860,-0.0003190,0.0000169,0.00010300,0.00000268,-1.7050505877e+00,5.7454545051e-02,0.7813,3.7696969509e-01
-0.1850,-0.0003140,0.0000164,0.00010300,0.00000268,-1.6848485470e+00,5.5434342474e-02,0.7823,3.9717173576e-01
-0.1840,-0.0003110,0.0000159,0.00010300,0.00000269,-1.6727273464e+00,5.3373735398e-02,0.7833,4.0929293633e-01
-0.1830,-0.0003050,0.0000155,0.00010300,0.00000268,-1.6484848261e+00,5.1797978580e-02,0.7843,4.3353545666e-01
-0.1820,-0.0002990,0.0000150,0.00010300,0.00000268,-1.6242424250e+00,4.9777776003e-02,0.7853,4.5777785778e-01
-0.1810,-0.0002940,0.0000145,0.00010300,0.00000268,-1.6040403843e+00,4.7757577151e-02,0.7863,4.7797989845e-01
-0.1800,-0.0002890,0.0000141,0.00010300,0.00000268,-1.5838383436e+00,4.6141415834e-02,0.7873,4.9818193913e-01
-0.1790,-0.0002840,0.0000136,0.00010300,0.00000268,-1.5636364222e+00,4.4121213257e-02,0.7883,5.1838386059e-01
-0.1780,-0.0002800,0.0000132,0.00010300,0.00000268,-1.5474747419e+00,4.2505048215e-02,0.7893,5.3454554081e-01
-0.1770,-0.0002750,0.0000129,0.00010200,0.00000267,-1.5232323408e+00,4.1333332658e-02,0.7903,5.5878794193e-01
-0.1760,-0.0002690,0.0000124,0.00010200,0.00000267,-1.4989899397e+00,3.9313130081e-02,0.7913,5.8303034306e-01
-0.1750,-0.0002640,0.0000120,0.00010200,0.00000267,-1.4787878990e+00,3.7696972489e-02,0.7923,6.0323238373e-01
-0.1740,-0.0002590,0.0000117,0.00010200,0.00000267,-1.4585857391e+00,3.6484848708e-02,0.7933,6.2343454361e-01
-0.1730,-0.0002540,0.0000113,0.00010200,0.00000267,-1.4383838177e+00,3.4868687391e-02,0.7943,6.4363646507e-01
-0.1720,-0.0002490,0.0000110,0.00010200,0.00000267,-1.4181817770e+00,3.3656567335e-02,0.7953,6.6383850574e-01
-0.1710,-0.0002440,0.0000106,0.00010200,0.00000267,-1.3979797363e+00,3.2040402293e-02,0.7963,6.8404054642e-01
-0.1700,-0.0002390,0.0000102,0.00010200,0.00000267,-1.3777778149e+00,3.0424244702e-02,0.7973,7.0424246788e-01
-0.1690,-0.0002340,0.0000099,0.00010200,0.00000267,-1.3575757742e+00,2.9171718284e-02,0.7983,7.2444450855e-01
-0.1680,-0.0002300,0.0000096,0.00010200,0.00000266,-1.3414140940e+00,2.7919190004e-02,0.7993,7.4060618877e-01
-0.1670,-0.0002250,0.0000093,0.00010200,0.00000266,-1.3212120533e+00,2.6747474447e-02,0.8003,7.6080822945e-01
-0.1660,-0.0002200,0.0000090,0.00010200,0.00000266,-1.3010101318e+00,2.5616163388e-02,0.8013,7.8101015091e-01
-0.1650,-0.0002140,0.0000087,0.00010100,0.00000266,-1.2727273703e+00,2.4323232472e-02,0.8023,8.0929291248e-01
-0.1640,-0.0002100,0.0000084,0.00010100,0.00000266,-1.2565655708e+00,2.3151516914e-02,0.8033,8.2545471191e-01
-0.1630,-0.0002060,0.0000082,0.00010100,0.00000266,-1.2404041290e+00,2.2181818262e-02,0.8043,8.4161615372e-01
-0.1620,-0.0002010,0.0000079,0.00010100,0.00000266,-1.2202019691e+00,2.1212121472e-02,0.8053,8.6181831360e-01
-0.1610,-0.0001950,0.0000076,0.00010100,0.00000265,-1.1959595680e+00,2.0161615685e-02,0.8063,8.8606071472e-01
-0.1600,-0.0001910,0.0000074,0.00010100,0.00000266,-1.1797980070e+00,1.9070707262e-02,0.8073,9.0222227573e-01
-0.1590,-0.0001870,0.0000071,0.00010100,0.00000266,-1.1636363268e+00,1.8141413108e-02,0.8083,9.1838395596e-01
-0.1580,-0.0001830,0.0000069,0.00010100,0.00000265,-1.1474747658e+00,1.7333334312e-02,0.8093,9.3454551697e-01
-0.1570,-0.0001780,0.0000067,0.00010100,0.00000266,-1.1272727251e+00,1.6484849155e-02,0.8103,9.5474755764e-01
-0.1560,-0.0001730,0.0000065,0.00010100,0.00000265,-1.1070706844e+00,1.5636363998e-02,0.8113,9.7494959831e-01
-0.1550,-0.0001680,0.0000063,0.00010100,0.00000265,-1.0868687630e+00,1.4787879772e-02,0.8123,9.9515151978e-01
-0.1540,-0.0001640,0.0000061,0.00010100,0.00000265,-1.0707069635e+00,1.4020201750e-02,0.8133,1.0113133192e+00
-0.1530,-0.0001590,0.0000059,0.00010100,0.00000266,-1.0505050421e+00,1.3252524659e-02,0.8143,1.0315152407e+00
-0.1520,-0.0001560,0.0000058,0.00010000,0.00000265,-1.0343434811e+00,1.2646463700e-02,0.8153,1.0476768017e+00
-0.1510,-0.0001510,0.0000056,0.00010000,0.00000265,-1.0141413212e+00,1.2000001036e-02,0.8163,1.0678789616e+00
-0.1500,-0.0001470,0.0000055,0.00010000,0.00000265,-9.9797976017e-01,1.1313132010e-02,0.8173,1.0840405226e+00
-0.1490,-0.0001430,0.0000053,0.00010000,0.00000265,-9.8181813955e-01,1.0666666552e-02,0.8183,1.1002020836e+00
-0.1480,-0.0001390,0.0000051,0.00009990,0.00000265,-9.6525245905e-01,1.0060607456e-02,0.8193,1.1167678833e+00
-0.1470,-0.0001350,0.0000050,0.00010000,0.00000265,-9.4949489832e-01,9.5757581294e-03,0.8203,1.1325254440e+00
-0.1460,-0.0001310,0.0000049,0.00009980,0.00000265,-9.3252521753e-01,9.0505061671e-03,0.8213,1.1494951248e+00
-0.1450,-0.0001260,0.0000047,0.00009980,0.00000265,-9.1232323647e-01,8.4848478436e-03,0.8223,1.1696970463e+00
-0.1440,-0.0001230,0.0000046,0.00009960,0.00000265,-8.9939397573e-01,7.9595949501e-03,0.8233,1.1826262474e+00
-0.1430,-0.0001190,0.0000045,0.00009960,0.00000264,-8.8323235512e-01,7.5555555522e-03,0.8243,1.1987879276e+00
-0.1420,-0.0001150,0.0000044,0.00009940,0.00000264,-8.6626261473e-01,7.1111102588e-03,0.8253,1.2157576084e+00
-0.1410,-0.0001110,0.0000043,0.00009920,0.00000264,-8.4929293394e-01,6.7474739626e-03,0.8263,1.2327272892e+00
-0.1400,-0.0001070,0.0000042,0.00009950,0.00000264,-8.3434343338e-01,6.3030305319e-03,0.8273,1.2476768494e+00
-0.1390,-0.0001040,0.0000041,0.00009910,0.00000264,-8.2060605288e-01,5.8585852385e-03,0.8283,1.2614142895e+00
-0.1380,-0.0001000,0.0000040,0.00009890,0.00000264,-8.0363637209e-01,5.5353529751e-03,0.8293,1.2783839703e+00
-0.1370,-0.0000968,0.0000039,0.00009910,0.00000264,-7.9151517153e-01,5.1717166789e-03,0.8303,1.2905051708e+00
-0.1360,-0.0000928,0.0000039,0.00009890,0.00000263,-7.7454549074e-01,4.9292938784e-03,0.8313,1.3074748516e+00
-0.1350,-0.0000892,0.0000037,0.00009900,0.00000264,-7.6040405035e-01,4.4848481193e-03,0.8323,1.3216161728e+00
-0.1340,-0.0000857,0.0000037,0.00009900,0.00000263,-7.4626260996e-01,4.2020208202e-03,0.8333,1.3357577324e+00
-0.1330,-0.0000829,0.0000036,0.00009890,0.00000263,-7.3454540968e-01,3.9595961571e-03,0.8343,1.3474748135e+00
-0.1320,-0.0000790,0.0000035,0.00009880,0.00000264,-7.1838384867e-01,3.6767674610e-03,0.8353,1.3636364937e+00
-0.1310,-0.0000756,0.0000035,0.00009870,0.00000263,-7.0424246788e-01,3.4343439620e-03,0.8363,1.3777778149e+00
-0.1300,-0.0000722,0.0000034,0.00009860,0.00000263,-6.9010096788e-01,3.1515157316e-03,0.8373,1.3919193745e+00
-0.1290,-0.0000690,0.0000034,0.00009860,0.00000264,-6.7717170715e-01,2.9090903699e-03,0.8383,1.4048485756e+00
-0.1280,-0.0000659,0.0000033,0.00009830,0.00000263,-6.6343432665e-01,2.7474751696e-03,0.8393,1.4185860157e+00
-0.1270,-0.0000630,0.0000033,0.00009820,0.00000263,-6.5131312609e-01,2.5454552379e-03,0.8403,1.4307072163e+00
-0.1260,-0.0000596,0.0000032,0.00009840,0.00000264,-6.3838380575e-01,2.2626263089e-03,0.8413,1.4436364174e+00
-0.1250,-0.0000565,0.0000032,0.00009820,0.00000263,-6.2505048513e-01,2.1010108758e-03,0.8423,1.4569697380e+00
-0.1240,-0.0000535,0.0000031,0.00009830,0.00000263,-6.1333328485e-01,1.9393945113e-03,0.8433,1.4686870575e+00
-0.1230,-0.0000508,0.0000031,0.00009800,0.00000263,-6.0121214390e-01,1.7373737646e-03,0.8443,1.4808081388e+00
-0.1220,-0.0000478,0.0000030,0.00009800,0.00000263,-5.8909094334e-01,1.6161620151e-03,0.8453,1.4929293394e+00
-0.1210,-0.0000448,0.0000030,0.00009770,0.00000262,-5.7575762272e-01,1.4949493343e-03,0.8463,1.5062626600e+00
-0.1200,-0.0000421,0.0000029,0.00009790,0.00000263,-5.6565660238e-01,1.2929294026e-03,0.8473,1.5163636208e+00
-0.1190,-0.0000392,0.0000029,0.00009790,0.00000262,-5.5393940210e-01,1.1717167217e-03,0.8483,1.5280809402e+00
-0.1180,-0.0000364,0.0000029,0.00009790,0.00000262,-5.4262626171e-01,1.0505049722e-03,0.8493,1.5393940210e+00
-0.1170,-0.0000338,0.0000029,0.00009770,0.00000262,-5.3131312132e-01,9.2929322273e-04,0.8503,1.5507071018e+00
-0.1160,-0.0000311,0.0000028,0.00009770,0.00000262,-5.2040404081e-01,8.4848504048e-04,0.8513,1.5616161823e+00
-0.1150,-0.0000282,0.0000028,0.00009760,0.00000262,-5.0828284025e-01,7.2727235965e-04,0.8523,1.5737373829e+00
-0.1140,-0.0000260,0.0000028,0.00009740,0.00000262,-4.9858582020e-01,6.0606061015e-04,0.8533,1.5834344625e+00
-0.1130,-0.0000233,0.0000028,0.00009730,0.00000262,-4.8727273941e-01,5.2525248611e-04,0.8543,1.5947475433e+00
-0.1120,-0.0000208,0.0000027,0.00009720,0.00000262,-4.7676765919e-01,4.0404073661e-04,0.8553,1.6052526236e+00
-0.1110,-0.0000186,0.0000027,0.00009730,0.00000262,-4.6828281879e-01,3.2323258347e-04,0.8563,1.6137374640e+00
-0.1100,-0.0000161,0.0000027,0.00009710,0.00000262,-4.5737370849e-01,2.4242443033e-04,0.8573,1.6246465445e+00
-0.1090,-0.0000137,0.0000027,0.00009710,0.00000262,-4.4767677784e-01,1.6161629173e-04,0.8583,1.6343435049e+00
-0.1080,-0.0000115,0.0000026,0.00009710,0.00000262,-4.3878787756e-01,8.0808145867e-05,0.8593,1.6432323456e+00
-0.1070,-0.0000093,0.0000026,0.00009710,0.00000262,-4.2977777123e-01,0.0000000000e+00,0.8603,1.6522425413e+00
-0.1060,-0.0000068,0.0000026,0.00009700,0.00000261,-4.1927272081e-01,0.0000000000e+00,0.8613,1.6627476215e+00
-0.1050,-0.0000047,0.0000026,0.00009700,0.00000261,-4.1111108661e-01,-4.0403614548e-05,0.8623,1.6709091663e+00
-0.1040,-0.0000026,0.0000026,0.00009680,0.00000261,-4.0157577395e-01,-1.2121175678e-04,0.8633,1.6804444790e+00
-0.1030,-0.0000001,0.0000026,0.00009670,0.00000261,-3.9100161195e-01,-2.4242351355e-04,0.8643,1.6910187006e+00
-0.1020,0.0000019,0.0000026,0.00009680,0.00000261,-3.8343435526e-01,-2.4242351355e-04,0.8653,1.6985859871e+00
-0.1010,0.0000036,0.0000025,0.00009670,0.00000261,-3.7628284097e-01,-2.8282805579e-04,0.8663,1.7057374716e+00
-0.1000,0.0000057,0.0000025,0.00009660,0.00000262,-3.6739394069e-01,-4.0404073661e-04,0.8673,1.7146263123e+00
-0.0990,0.0000075,0.0000025,0.00009660,0.00000262,-3.6016160250e-01,-4.4444433297e-04,0.8683,1.7218587399e+00
-0.0980,0.0000093,0.0000025,0.00009650,0.00000261,-3.5232323408e-01,-4.4444433297e-04,0.8693,1.7296969891e+00
-0.0970,0.0000114,0.0000025,0.00009630,0.00000261,-3.4303030372e-01,-4.8484795843e-04,0.8703,1.7389899492e+00
-0.0960,0.0000133,0.0000025,0.00009630,0.00000261,-3.3535352349e-01,-5.2525248611e-04,0.8713,1.7466667891e+00
-0.0950,0.0000150,0.0000025,0.00009620,0.00000261,-3.2808080316e-01,-5.6565611158e-04,0.8723,1.7539395094e+00
-0.0940,0.0000166,0.0000025,0.00009610,0.00000261,-3.2121211290e-01,-6.0606061015e-04,0.8733,1.7608082294e+00
-0.0930,0.0000184,0.0000025,0.00009610,0.00000260,-3.1393936276e-01,-5.6565704290e-04,0.8743,1.7680809498e+00
-0.0920,0.0000201,0.0000025,0.00009590,0.00000260,-3.0626264215e-01,-6.0606061015e-04,0.8753,1.7757576704e+00
-0.0910,0.0000217,0.0000024,0.00009590,0.00000261,-2.9979801178e-01,-6.8686879240e-04,0.8763,1.7822222710e+00
-0.0900,0.0000233,0.0000024,0.00009590,0.00000260,-2.9333332181e-01,-6.4646516694e-04,0.8773,1.7886869907e+00
-0.0890,0.0000250,0.0000024,0.00009590,0.00000260,-2.8646466136e-01,-6.8686879240e-04,0.8783,1.7955555916e+00
-0.0880,0.0000261,0.0000024,0.00009580,0.00000261,-2.8161615133e-01,-7.2727235965e-04,0.8793,1.8004040718e+00
-0.0870,0.0000281,0.0000024,0.00009570,0.00000261,-2.7313134074e-01,-7.6767598512e-04,0.8803,1.8088889122e+00
-0.0860,0.0000295,0.0000024,0.00009560,0.00000260,-2.6707071066e-01,-7.6767691644e-04,0.8813,1.8149495125e+00
-0.0850,0.0000308,0.0000024,0.00009560,0.00000261,-2.6181817055e-01,-8.4848416736e-04,0.8823,1.8202021122e+00
-0.0840,0.0000323,0.0000024,0.00009550,0.00000260,-2.5535354018e-01,-8.0808054190e-04,0.8833,1.8266667128e+00
-0.0830,0.0000337,0.0000024,0.00009540,0.00000260,-2.4929292500e-01,-8.0808054190e-04,0.8843,1.8327273130e+00
-0.0820,0.0000348,0.0000024,0.00009540,0.00000260,-2.4484847486e-01,-8.0808054190e-04,0.8853,1.8371717930e+00
-0.0810,0.0000362,0.0000024,0.00009520,0.00000260,-2.3838381469e-01,-8.4848504048e-04,0.8863,1.8436365128e+00
-0.0800,0.0000375,0.0000024,0.00009540,0.00000260,-2.3393936455e-01,-8.8888866594e-04,0.8873,1.8480808735e+00
-0.0790,0.0000387,0.0000024,0.00009520,0.00000260,-2.2828280926e-01,-8.8888866594e-04,0.8883,1.8537374735e+00
-0.0780,0.0000398,0.0000024,0.00009530,0.00000260,-2.2424240410e-01,-8.8888866594e-04,0.8893,1.8577778339e+00
-0.0770,0.0000409,0.0000024,0.00009520,0.00000260,-2.1939392388e-01,-8.8888866594e-04,0.8903,1.8626263142e+00
-0.0760,0.0000422,0.0000024,0.00009510,0.00000260,-2.1373733878e-01,-8.8888866594e-04,0.8913,1.8682829142e+00
-0.0750,0.0000431,0.0000024,0.00009490,0.00000259,-2.0929291844e-01,-9.2929229140e-04,0.8923,1.8727273941e+00
-0.0740,0.0000442,0.0000024,0.00009480,0.00000260,-2.0444443822e-01,-9.6969684819e-04,0.8933,1.8775758743e+00
-0.0730,0.0000454,0.0000024,0.00009500,0.00000260,-2.0040403306e-01,-9.6969684819e-04,0.8943,1.8816162348e+00
-0.0720,0.0000464,0.0000024,0.00009480,0.00000259,-1.9555555284e-01,-9.2929229140e-04,0.8953,1.8864647150e+00
-0.0710,0.0000473,0.0000024,0.00009470,0.00000259,-1.9151514769e-01,-9.2929229140e-04,0.8963,1.8905050755e+00
-0.0700,0.0000486,0.0000024,0.00009490,0.00000260,-1.8707071245e-01,-9.6969684819e-04,0.8973,1.8949495554e+00
-0.0690,0.0000494,0.0000023,0.00009460,0.00000259,-1.8262624741e-01,-9.6969684819e-04,0.8983,1.8993940353e+00
-0.0680,0.0000503,0.0000023,0.00009440,0.00000259,-1.7818179727e-01,-9.6969684819e-04,0.8993,1.9038385153e+00
-0.0670,0.0000512,0.0000023,0.00009470,0.00000260,-1.7575755715e-01,-1.0101014050e-03,0.9003,1.9062627554e+00
-0.0660,0.0000519,0.0000023,0.00009450,0.00000259,-1.7212119699e-01,-9.6969684819e-04,0.9013,1.9098991156e+00
-0.0650,0.0000529,0.0000023,0.00009450,0.00000259,-1.6808079183e-01,-9.6969684819e-04,0.9023,1.9139394760e+00
-0.0640,0.0000539,0.0000023,0.00009440,0.00000259,-1.6363634169e-01,-1.0101004736e-03,0.9033,1.9183839560e+00
-0.0630,0.0000547,0.0000023,0.00009450,0.00000259,-1.6080805659e-01,-9.6969684819e-04,0.9043,1.9212121964e+00
-0.0620,0.0000554,0.0000023,0.00009430,0.00000259,-1.5717169642e-01,-1.0101004736e-03,0.9053,1.9248485565e+00
-0.0610,0.0000561,0.0000023,0.00009430,0.00000259,-1.5434341133e-01,-1.0101004736e-03,0.9063,1.9276769161e+00
-0.0600,0.0000568,0.0000023,0.00009420,0.00000259,-1.5111108124e-01,-9.6969684819e-04,0.9073,1.9309091568e+00
-0.0590,0.0000576,0.0000023,0.00009420,0.00000259,-1.4787876606e-01,-1.0101004736e-03,0.9083,1.9341415167e+00
-0.0580,0.0000588,0.0000023,0.00009410,0.00000258,-1.4262625575e-01,-9.6969684819e-04,0.9093,1.9393939972e+00
-0.0570,0.0000593,0.0000023,0.00009430,0.00000258,-1.4141412079e-01,-1.0101014050e-03,0.9103,1.9406061172e+00
-0.0560,0.0000596,0.0000023,0.00009410,0.00000258,-1.3939394057e-01,-1.0101014050e-03,0.9113,1.9426263571e+00
-0.0550,0.0000604,0.0000023,0.00009400,0.00000258,-1.3575756550e-01,-9.6969684819e-04,0.9123,1.9462627172e+00
-0.0540,0.0000611,0.0000023,0.00009390,0.00000258,-1.3252525032e-01,-1.0101014050e-03,0.9133,1.9494950771e+00
-0.0530,0.0000617,0.0000023,0.00009390,0.00000258,-1.3010101020e-01,-1.0101014050e-03,0.9143,1.9519193172e+00
-0.0520,0.0000623,0.0000023,0.00009390,0.00000258,-1.2767675519e-01,-1.0101014050e-03,0.9153,1.9543435574e+00
-0.0510,0.0000632,0.0000023,0.00009400,0.00000258,-1.2444444746e-01,-1.0101014050e-03,0.9163,1.9575757980e+00
-0.0500,0.0000632,0.0000023,0.00009400,0.00000258,-1.2444444746e-01,-1.0101014050e-03,0.9173,1.9575757980e+00
-0.0490,0.0000641,0.0000023,0.00009370,0.00000258,-1.1959595233e-01,-1.0101014050e-03,0.9183,1.9624242783e+00
-0.0480,0.0000645,0.0000023,0.00009370,0.00000257,-1.1797980964e-01,-9.6969772130e-04,0.9193,1.9640405178e+00
-0.0470,0.0000652,0.0000023,0.00009370,0.00000258,-1.1515150219e-01,-1.0101014050e-03,0.9203,1.9668687582e+00
-0.0460,0.0000655,0.0000023,0.00009350,0.00000257,-1.1313131452e-01,-9.6969772130e-04,0.9213,1.9688889980e+00
-0.0450,0.0000662,0.0000023,0.00009360,0.00000258,-1.1070705205e-01,-1.0101014050e-03,0.9223,1.9713132381e+00
-0.0440,0.0000666,0.0000023,0.00009370,0.00000258,-1.0949495435e-01,-1.0101014050e-03,0.9233,1.9725253582e+00
-0.0430,0.0000671,0.0000023,0.00009340,0.00000257,-1.0626260191e-01,-1.0101014050e-03,0.9243,1.9757577181e+00
-0.0420,0.0000677,0.0000023,0.00009340,0.00000257,-1.0383837670e-01,-1.0101014050e-03,0.9253,1.9781819582e+00
-0.0410,0.0000678,0.0000023,0.00009330,0.00000257,-1.0303028673e-01,-1.0101014050e-03,0.9263,1.9789899588e+00
-0.0400,0.0000682,0.0000023,0.00009310,0.00000257,-1.0060605407e-01,-9.6969772130e-04,0.9273,1.9814141989e+00
-0.0390,0.0000690,0.0000023,0.00009330,0.00000257,-9.8181791604e-02,-1.0101014050e-03,0.9283,1.9838384390e+00
-0.0380,0.0000695,0.0000023,0.00009330,0.00000257,-9.6161603928e-02,-1.0101014050e-03,0.9293,1.9858586788e+00
-0.0370,0.0000696,0.0000023,0.00009330,0.00000257,-9.5757566392e-02,-1.0101014050e-03,0.9303,1.9862626791e+00
-0.0360,0.0000699,0.0000023,0.00009330,0.00000256,-9.4545431435e-02,-9.6969684819e-04,0.9313,1.9874747992e+00
-0.0350,0.0000702,0.0000023,0.00009320,0.00000256,-9.2929258943e-02,-9.6969684819e-04,0.9323,1.9890910387e+00
-0.0340,0.0000705,0.0000023,0.00009310,0.00000257,-9.1313146055e-02,-1.0101014050e-03,0.9333,1.9907071590e+00
-0.0330,0.0000709,0.0000023,0.00009290,0.00000256,-8.8888883591e-02,-9.2929322273e-04,0.9343,1.9931313992e+00
-0.0320,0.0000719,0.0000023,0.00009320,0.00000257,-8.6060576141e-02,-1.0101014050e-03,0.9353,1.9959597588e+00
-0.0310,0.0000719,0.0000023,0.00009300,0.00000257,-8.5252523422e-02,-1.0505059035e-03,0.9363,1.9967677593e+00
-0.0300,0.0000720,0.0000023,0.00009290,0.00000257,-8.4444433451e-02,-1.0505059035e-03,0.9373,1.9975758791e+00
-0.0290,0.0000722,0.0000023,0.00009300,0.00000256,-8.4040418267e-02,-9.2929322273e-04,0.9383,1.9979798794e+00
-0.0280,0.0000729,0.0000023,0.00009310,0.00000256,-8.1616155803e-02,-9.2929322273e-04,0.9393,2.0004041195e+00
-0.0270,0.0000731,0.0000023,0.00009290,0.00000256,-8.0000013113e-02,-9.6969684819e-04,0.9403,2.0020203590e+00
-0.0260,0.0000736,0.0000023,0.00009300,0.00000256,-7.8383840621e-02,-9.6969684819e-04,0.9413,2.0036363602e+00
-0.0250,0.0000738,0.0000023,0.00009300,0.00000257,-7.7575750649e-02,-1.0505059035e-03,0.9423,2.0044445992e+00
-0.0240,0.0000737,0.0000023,0.00009270,0.00000256,-7.6767668128e-02,-9.6969684819e-04,0.9433,2.0052525997e+00
-0.0230,0.0000741,0.0000023,0.00009280,0.00000256,-7.5555562973e-02,-9.6969684819e-04,0.9443,2.0064647198e+00
-0.0220,0.0000747,0.0000023,0.00009280,0.00000256,-7.3131300509e-02,-9.6969684819e-04,0.9453,2.0088889599e+00
-0.0210,0.0000747,0.0000023,0.00009270,0.00000256,-7.2727262974e-02,-1.0101014050e-03,0.9463,2.0092930794e+00
-0.0200,0.0000752,0.0000023,0.00009270,0.00000256,-7.0707075298e-02,-9.6969684819e-04,0.9473,2.0113132000e+00
-0.0190,0.0000756,0.0000023,0.00009270,0.00000256,-6.9090895355e-02,-9.6969684819e-04,0.9483,2.0129294395e+00
-0.0180,0.0000755,0.0000023,0.00009240,0.00000255,-6.8282812834e-02,-9.6969772130e-04,0.9493,2.0137374401e+00
-0.0170,0.0000758,0.0000023,0.00009250,0.00000256,-6.7474722862e-02,-1.0101014050e-03,0.9503,2.0145454407e+00
-0.0160,0.0000761,0.0000023,0.00009260,0.00000256,-6.6666670144e-02,-9.6969684819e-04,0.9513,2.0153536797e+00
-0.0150,0.0000763,0.0000023,0.00009250,0.00000256,-6.5454535186e-02,-1.0101014050e-03,0.9523,2.0165657997e+00
-0.0140,0.0000766,0.0000023,0.00009240,0.00000255,-6.3838362694e-02,-9.6969772130e-04,0.9533,2.0181818008e+00
-0.0130,0.0000769,0.0000023,0.00009250,0.00000256,-6.3030272722e-02,-9.6969684819e-04,0.9543,2.0189900398e+00
-0.0120,0.0000771,0.0000023,0.00009250,0.00000255,-6.2222216278e-02,-9.6969772130e-04,0.9553,2.0197980404e+00
-0.0110,0.0000771,0.0000023,0.00009230,0.00000255,-6.1414126307e-02,-9.6969772130e-04,0.9563,2.0206060410e+00
-0.0100,0.0000772,0.0000023,0.00009240,0.00000255,-6.1414126307e-02,-9.2929322273e-04,0.9573,2.0206060410e+00
-0.0090,0.0000776,0.0000023,0.00009220,0.00000255,-5.8989897370e-02,-9.2929322273e-04,0.9583,2.0230302811e+00
-0.0080,0.0000779,0.0000023,0.00009230,0.00000255,-5.8181807399e-02,-9.6969772130e-04,0.9593,2.0238385201e+00
-0.0070,0.0000781,0.0000023,0.00009220,0.00000255,-5.6969709694e-02,-9.6969772130e-04,0.9603,2.0250506401e+00
-0.0060,0.0000784,0.0000023,0.00009250,0.00000255,-5.6969679892e-02,-1.0101014050e-03,0.9613,2.0250506401e+00
-0.0050,0.0000783,0.0000023,0.00009230,0.00000255,-5.6565634906e-02,-9.6969772130e-04,0.9623,2.0254547596e+00
-0.0040,0.0000784,0.0000023,0.00009230,0.00000255,-5.6161593646e-02,-9.6969772130e-04,0.9633,2.0258586407e+00
-0.0030,0.0000790,0.0000023,0.00009240,0.00000255,-5.4141402245e-02,-9.6969772130e-04,0.9643,2.0278787613e+00
-0.0020,0.0000791,0.0000023,0.00009240,0.00000255,-5.3737360984e-02,-9.6969772130e-04,0.9653,2.0282828808e+00
-0.0010,0.0000793,0.0000023,0.00009230,0.00000255,-5.2525229752e-02,-9.6969772130e-04,0.9663,2.0294950008e+00
0.0000,0.0000805,0.0000023,0.00009260,0.00000255,-4.8888869584e-02,-1.0101014050e-03,0.9673,2.0331313610e+00
0.0010,0.0000792,0.0000023,0.00009250,0.00000255,-5.3737360984e-02,-9.2929322273e-04,0.9683,2.0282828808e+00
0.0020,0.0000795,0.0000023,0.00009230,0.00000255,-5.1717143506e-02,-9.2929322273e-04,0.9693,2.0303032398e+00
0.0030,0.0000799,0.0000023,0.00009230,0.00000255,-5.0100997090e-02,-9.2929322273e-04,0.9703,2.0319192410e+00
0.0040,0.0000804,0.0000023,0.00009220,0.00000255,-4.7676768154e-02,-9.6969772130e-04,0.9713,2.0343434811e+00
0.0050,0.0000803,0.0000023,0.00009220,0.00000255,-4.8080809414e-02,-1.0101014050e-03,0.9723,2.0339393616e+00
0.0060,0.0000801,0.0000023,0.00009220,0.00000255,-4.8888895661e-02,-1.0101014050e-03,0.9733,2.0331313610e+00
0.0070,0.0000803,0.0000023,0.00009220,0.00000255,-4.8080809414e-02,-9.2929322273e-04,0.9743,2.0339393616e+00
0.0080,0.0000806,0.0000023,0.00009200,0.00000255,-4.6060591936e-02,-9.6969772130e-04,0.9753,2.0359597206e+00
0.0090,0.0000810,0.0000023,0.00009210,0.00000255,-4.4848490506e-02,-9.6969772130e-04,0.9763,2.0371718407e+00
0.0100,0.0000811,0.0000023,0.00009210,0.00000255,-4.4444449246e-02,-1.0101014050e-03,0.9773,2.0375757217e+00
0.0110,0.0000807,0.0000023,0.00009200,0.00000255,-4.5656550676e-02,-9.6969772130e-04,0.9783,2.0363638401e+00
0.0120,0.0000812,0.0000023,0.00009210,0.00000255,-4.4040404260e-02,-9.6969772130e-04,0.9793,2.0379798412e+00
0.0130,0.0000818,0.0000023,0.00009210,0.00000254,-4.1616175324e-02,-9.2929322273e-04,0.9803,2.0404040813e+00
0.0140,0.0000817,0.0000023,0.00009210,0.00000255,-4.2020216584e-02,-9.6969772130e-04,0.9813,2.0399999619e+00
0.0150,0.0000819,0.0000023,0.00009200,0.00000255,-4.0808085352e-02,-1.0505049722e-03,0.9823,2.0412120819e+00
0.0160,0.0000817,0.0000023,0.00009190,0.00000254,-4.1212130338e-02,-9.6969684819e-04,0.9833,2.0408082008e+00
0.0170,0.0000815,0.0000023,0.00009190,0.00000255,-4.2020186782e-02,-9.2929322273e-04,0.9843,2.0400002003e+00
0.0180,0.0000822,0.0000023,0.00009190,0.00000254,-3.9191912860e-02,-9.2929322273e-04,0.9853,2.0428283215e+00
0.0190,0.0000825,0.0000023,0.00009200,0.00000254,-3.8383826613e-02,-9.6969684819e-04,0.9863,2.0436365604e+00
0.0200,0.0000826,0.0000023,0.00009200,0.00000254,-3.7979781628e-02,-9.6969684819e-04,0.9873,2.0440404415e+00
0.0210,0.0000825,0.0000023,0.00009180,0.00000254,-3.7575740367e-02,-1.0101004736e-03,0.9883,2.0444445610e+00
0.0220,0.0000826,0.0000023,0.00009200,0.00000254,-3.7979781628e-02,-9.6969684819e-04,0.9893,2.0440404415e+00
0.0230,0.0000826,0.0000023,0.00009200,0.00000254,-3.7979781628e-02,-9.2929322273e-04,0.9903,2.0440404415e+00
0.0240,0.0000829,0.0000023,0.00009190,0.00000254,-3.6363638937e-02,-9.2929322273e-04,0.9913,2.0456566811e+00
0.0250,0.0000834,0.0000023,0.00009190,0.00000254,-3.4343421459e-02,-1.0101004736e-03,0.9923,2.0476768017e+00
0.0260,0.0000833,0.0000023,0.00009200,0.00000253,-3.5151507705e-02,-9.6969684819e-04,0.9933,2.0468688011e+00
0.0270,0.0000832,0.0000023,0.00009190,0.00000254,-3.5151507705e-02,-9.6969684819e-04,0.9943,2.0468688011e+00
0.0280,0.0000833,0.0000023,0.00009190,0.00000253,-3.4747462720e-02,-9.6969684819e-04,0.9953,2.0472729206e+00
0.0290,0.0000835,0.0000023,0.00009210,0.00000253,-3.4747462720e-02,-9.2929322273e-04,0.9963,2.0472729206e+00
0.0300,0.0000836,0.0000023,0.00009210,0.00000253,-3.4343421459e-02,-9.2929322273e-04,0.9973,2.0476768017e+00
0.0310,0.0000840,0.0000023,0.00009200,0.00000253,-3.2323233783e-02,-9.6969684819e-04,0.9983,2.0496971607e+00
0.0320,0.0000843,0.0000023,0.00009200,0.00000253,-3.1111104414e-02,-1.0101014050e-03,0.9993,2.0509092808e+00
0.0330,0.0000837,0.0000023,0.00009210,0.00000253,-3.3939406276e-02,-9.6969684819e-04,1.0003,2.0480809212e+00
0.0340,0.0000839,0.0000023,0.00009190,0.00000253,-3.2323233783e-02,-9.2929322273e-04,1.0013,2.0496971607e+00
0.0350,0.0000844,0.0000023,0.00009190,0.00000253,-3.0303016305e-02,-9.2929322273e-04,1.0023,2.0517172813e+00
0.0360,0.0000847,0.0000023,0.00009200,0.00000253,-2.9494959861e-02,-9.6969684819e-04,1.0033,2.0525252819e+00
0.0370,0.0000848,0.0000023,0.00009210,0.00000253,-2.9494959861e-02,-1.0505049722e-03,1.0043,2.0525252819e+00
0.0380,0.0000847,0.0000023,0.00009190,0.00000252,-2.9090914875e-02,-9.6969684819e-04,1.0053,2.0529294014e+00
0.0390,0.0000848,0.0000023,0.00009220,0.00000252,-2.9899002984e-02,-8.8888866594e-04,1.0063,2.0521211624e+00
0.0400,0.0000847,0.0000023,0.00009210,0.00000253,-2.9899002984e-02,-9.6969684819e-04,1.0073,2.0521211624e+00
0.0410,0.0000852,0.0000023,0.00009200,0.00000252,-2.7474742383e-02,-9.2929229140e-04,1.0083,2.0545456409e+00
0.0420,0.0000854,0.0000023,0.00009210,0.00000252,-2.7070697397e-02,-1.0101004736e-03,1.0093,2.0549495220e+00
0.0430,0.0000853,0.0000023,0.00009200,0.00000253,-2.7070697397e-02,-1.0101014050e-03,1.0103,2.0549495220e+00
0.0440,0.0000853,0.0000023,0.00009210,0.00000252,-2.7474742383e-02,-9.2929229140e-04,1.0113,2.0545456409e+00
0.0450,0.0000857,0.0000023,0.00009200,0.00000252,-2.5454552844e-02,-8.8888866594e-04,1.0123,2.0565657616e+00
0.0460,0.0000855,0.0000023,0.00009210,0.00000252,-2.6666654274e-02,-9.2929229140e-04,1.0133,2.0553536415e+00
0.0470,0.0000863,0.0000023,0.00009200,0.00000252,-2.3030292243e-02,-9.6969684819e-04,1.0143,2.0589900017e+00
0.0480,0.0000861,0.0000023,0.00009210,0.00000252,-2.4242423475e-02,-1.0101004736e-03,1.0153,2.0577778816e+00
0.0490,0.0000860,0.0000023,0.00009220,0.00000252,-2.5050509721e-02,-9.2929229140e-04,1.0163,2.0569698811e+00
0.0500,0.0000862,0.0000023,0.00009210,0.00000252,-2.3838380352e-02,-9.2929229140e-04,1.0173,2.0581820011e+00
0.0510,0.0000865,0.0000023,0.00009220,0.00000252,-2.3030322045e-02,-9.2929229140e-04,1.0183,2.0589900017e+00
0.0520,0.0000868,0.0000023,0.00009220,0.00000252,-2.1818190813e-02,-9.2929229140e-04,1.0193,2.0602021217e+00
0.0530,0.0000866,0.0000023,0.00009200,0.00000252,-2.1818190813e-02,-1.0101004736e-03,1.0203,2.0602021217e+00
0.0540,0.0000867,0.0000023,0.00009240,0.00000252,-2.3030292243e-02,-9.6969684819e-04,1.0213,2.0589900017e+00
0.0550,0.0000868,0.0000023,0.00009230,0.00000252,-2.2222205997e-02,-9.6969684819e-04,1.0223,2.0597980022e+00
0.0560,0.0000867,0.0000023,0.00009220,0.00000251,-2.2222235799e-02,-8.8888866594e-04,1.0233,2.0597980022e+00
0.0570,0.0000873,0.0000023,0.00009220,0.00000251,-1.9797975197e-02,-9.2929322273e-04,1.0243,2.0622222424e+00
0.0580,0.0000876,0.0000023,0.00009240,0.00000251,-1.9393930212e-02,-9.6969684819e-04,1.0253,2.0626263618e+00
0.0590,0.0000873,0.0000023,0.00009230,0.00000251,-2.0201988518e-02,-9.6969684819e-04,1.0263,2.0618183613e+00
0.0600,0.0000874,0.0000023,0.00009230,0.00000251,-1.9797945395e-02,-9.6969684819e-04,1.0273,2.0622222424e+00
0.0610,0.0000875,0.0000023,0.00009230,0.00000251,-1.9393930212e-02,-9.2929322273e-04,1.0283,2.0626263618e+00
0.0620,0.0000875,0.0000023,0.00009240,0.00000251,-1.9797975197e-02,-9.2929322273e-04,1.0293,2.0622222424e+00
0.0630,0.0000879,0.0000023,0.00009240,0.00000251,-1.8181800842e-02,-8.8888866594e-04,1.0303,2.0638384819e+00
0.0640,0.0000884,0.0000023,0.00009240,0.00000251,-1.6161613166e-02,-1.0101014050e-03,1.0313,2.0658586025e+00
0.0650,0.0000879,0.0000023,0.00009240,0.00000251,-1.8181800842e-02,-1.0101014050e-03,1.0323,2.0638384819e+00
0.0660,0.0000881,0.0000023,0.00009240,0.00000251,-1.7373712733e-02,-9.6969684819e-04,1.0333,2.0646464825e+00
0.0670,0.0000884,0.0000023,0.00009250,0.00000251,-1.6565656289e-02,-9.6969684819e-04,1.0343,2.0654547215e+00
0.0680,0.0000883,0.0000023,0.00009250,0.00000251,-1.6969669610e-02,-9.6969684819e-04,1.0353,2.0650506020e+00
0.0690,0.0000886,0.0000023,0.00009250,0.00000250,-1.5757568181e-02,-9.2929229140e-04,1.0363,2.0662627220e+00
0.0700,0.0000893,0.0000023,0.00009250,0.00000251,-1.2929263525e-02,-1.0101014050e-03,1.0373,2.0690910816e+00
0.0710,0.0000890,0.0000023,0.00009270,0.00000251,-1.4949481003e-02,-1.0505049722e-03,1.0383,2.0670707226e+00
0.0720,0.0000885,0.0000023,0.00009260,0.00000250,-1.6565656289e-02,-9.2929229140e-04,1.0393,2.0654547215e+00
0.0730,0.0000890,0.0000023,0.00009270,0.00000250,-1.4949481003e-02,-8.8888866594e-04,1.0403,2.0670707226e+00
0.0740,0.0000893,0.0000023,0.00009270,0.00000250,-1.3737350702e-02,-9.2929229140e-04,1.0413,2.0682828426e+00
0.0750,0.0000893,0.0000023,0.00009270,0.00000250,-1.3737350702e-02,-9.2929229140e-04,1.0423,2.0682828426e+00
0.0760,0.0000898,0.0000023,0.00009290,0.00000250,-1.2525249273e-02,-9.6969684819e-04,1.0433,2.0694949627e+00
0.0770,0.0000896,0.0000023,0.00009290,0.00000250,-1.3333336450e-02,-9.6969684819e-04,1.0443,2.0686869621e+00
0.0780,0.0000894,0.0000023,0.00009290,0.00000250,-1.4141423628e-02,-9.6969684819e-04,1.0453,2.0678789616e+00
0.0790,0.0000895,0.0000023,0.00009290,0.00000250,-1.3737379573e-02,-9.2929229140e-04,1.0463,2.0682828426e+00
0.0800,0.0000902,0.0000023,0.00009290,0.00000249,-1.0909075849e-02,-8.8888866594e-04,1.0473,2.0711112022e+00
0.0810,0.0000901,0.0000023,0.00009300,0.00000249,-1.1717162095e-02,-9.2929322273e-04,1.0483,2.0703032017e+00
0.0820,0.0000901,0.0000023,0.00009300,0.00000249,-1.1717162095e-02,-8.8888866594e-04,1.0493,2.0703032017e+00
0.0830,0.0000904,0.0000023,0.00009300,0.00000250,-1.0505061597e-02,-9.6969684819e-04,1.0503,2.0715153217e+00
0.0840,0.0000908,0.0000023,0.00009310,0.00000249,-9.2929312959e-03,-9.2929322273e-04,1.0513,2.0727274418e+00
0.0850,0.0000905,0.0000023,0.00009310,0.00000249,-1.0505061597e-02,-9.6969684819e-04,1.0523,2.0715153217e+00
0.0860,0.0000906,0.0000023,0.00009310,0.00000249,-1.0101017542e-02,-9.2929322273e-04,1.0533,2.0719192028e+00
0.0870,0.0000906,0.0000023,0.00009310,0.00000249,-1.0101017542e-02,-9.2929322273e-04,1.0543,2.0719192028e+00
0.0880,0.0000911,0.0000023,0.00009300,0.00000249,-7.6767574064e-03,-9.2929322273e-04,1.0553,2.0743434429e+00
0.0890,0.0000916,0.0000023,0.00009310,0.00000249,-6.0606128536e-03,-9.6969684819e-04,1.0563,2.0759596825e+00
0.0900,0.0000915,0.0000023,0.00009330,0.00000249,-7.2727142833e-03,-9.6969684819e-04,1.0573,2.0747475624e+00
0.0910,0.0000909,0.0000023,0.00009320,0.00000248,-9.2929014936e-03,-8.8888866594e-04,1.0583,2.0727274418e+00
0.0920,0.0000915,0.0000023,0.00009340,0.00000248,-7.6767574064e-03,-8.4848416736e-04,1.0593,2.0743434429e+00
0.0930,0.0000919,0.0000023,0.00009340,0.00000249,-6.0605835170e-03,-9.2929322273e-04,1.0603,2.0759596825e+00
0.0940,0.0000920,0.0000023,0.00009340,0.00000248,-5.6565403938e-03,-9.2929229140e-04,1.0613,2.0763638020e+00
0.0950,0.0000919,0.0000023,0.00009360,0.00000248,-6.8686706945e-03,-9.2929229140e-04,1.0623,2.0751516819e+00
0.0960,0.0000923,0.0000023,0.00009360,0.00000248,-5.2525261417e-03,-8.8888866594e-04,1.0633,2.0767676830e+00
0.0970,0.0000921,0.0000023,0.00009360,0.00000248,-6.0605835170e-03,-8.8888866594e-04,1.0643,2.0759596825e+00
0.0980,0.0000926,0.0000023,0.00009360,0.00000248,-4.0403958410e-03,-9.2929229140e-04,1.0653,2.0779798031e+00
0.0990,0.0000928,0.0000023,0.00009370,0.00000248,-3.6363520194e-03,-9.2929229140e-04,1.0663,2.0783839226e+00
0.1000,0.0000928,0.0000023,0.00009380,0.00000248,-4.0403958410e-03,-9.2929229140e-04,1.0673,2.0779798031e+00
0.1010,0.0000928,0.0000023,0.00009390,0.00000248,-4.4444389641e-03,-9.2929229140e-04,1.0683,2.0775759220e+00
0.1020,0.0000934,0.0000023,0.00009400,0.00000248,-2.4242508225e-03,-8.8888866594e-04,1.0693,2.0795960426e+00
0.1030,0.0000933,0.0000023,0.00009410,0.00000248,-3.2323377673e-03,-8.4848416736e-04,1.0703,2.0787880421e+00
0.1040,0.0000934,0.0000023,0.00009410,0.00000248,-2.8282944113e-03,-8.8888866594e-04,1.0713,2.0791919231e+00
0.1050,0.0000938,0.0000022,0.00009400,0.00000248,-8.0807693303e-04,-9.6969684819e-04,1.0723,2.0812122822e+00
0.1060,0.0000933,0.0000022,0.00009400,0.00000248,-2.8282944113e-03,-9.6969684819e-04,1.0733,2.0791919231e+00
0.1070,0.0000934,0.0000023,0.00009420,0.00000248,-3.2323084306e-03,-8.8888866594e-04,1.0743,2.0787880421e+00
0.1080,0.0000939,0.0000023,0.00009410,0.00000248,-8.0807693303e-04,-8.8888866594e-04,1.0753,2.0812122822e+00
0.1090,0.0000943,0.0000023,0.00009440,0.00000247,-4.0403346065e-04,-8.8888866594e-04,1.0763,2.0816161633e+00
0.1100,0.0000942,0.0000022,0.00009420,0.00000247,9.9999999392e-09,-9.2929322273e-04,1.0773,2.0820202827e+00
0.1110,0.0000944,0.0000022,0.00009440,0.00000247,9.9999999392e-09,-9.2929322273e-04,1.0783,2.0820202827e+00
0.1120,0.0000944,0.0000023,0.00009450,0.00000247,-4.0403346065e-04,-8.8888866594e-04,1.0793,2.0816161633e+00
0.1130,0.0000945,0.0000023,0.00009450,0.00000247,9.9999999392e-09,-8.8888866594e-04,1.0803,2.0820202827e+00
0.1140,0.0000951,0.0000023,0.00009460,0.00000247,2.0201979205e-03,-8.8888866594e-04,1.0813,2.0840404034e+00
0.1150,0.0000952,0.0000022,0.00009470,0.00000247,2.0201979205e-03,-9.2929322273e-04,1.0823,2.0840404034e+00
0.1160,0.0000951,0.0000023,0.00009470,0.00000247,1.6161545645e-03,-8.8888866594e-04,1.0833,2.0836365223e+00
0.1170,0.0000954,0.0000022,0.00009480,0.00000247,2.4242415093e-03,-9.6969684819e-04,1.0843,2.0844445229e+00
0.1180,0.0000951,0.0000022,0.00009470,0.00000247,1.6161545645e-03,-9.2929322273e-04,1.0853,2.0836365223e+00
0.1190,0.0000957,0.0000023,0.00009490,0.00000246,3.2323284540e-03,-8.4848416736e-04,1.0863,2.0852525234e+00
0.1200,0.0000957,0.0000023,0.00009490,0.00000246,3.2323284540e-03,-8.4848416736e-04,1.0873,2.0852525234e+00
0.1210,0.0000963,0.0000022,0.00009520,0.00000246,4.4444585219e-03,-9.2929229140e-04,1.0883,2.0864646435e+00
0.1220,0.0000964,0.0000022,0.00009520,0.00000246,4.8485021107e-03,-9.2929229140e-04,1.0893,2.0868687630e+00
0.1230,0.0000958,0.0000022,0.00009520,0.00000246,2.4242708459e-03,-8.8888866594e-04,1.0903,2.0844445229e+00
0.1240,0.0000963,0.0000023,0.00009530,0.00000246,4.0404153988e-03,-8.4848416736e-04,1.0913,2.0860607624e+00
0.1250,0.0000969,0.0000023,0.00009540,0.00000247,6.0606324114e-03,-8.8888866594e-04,1.0923,2.0880808830e+00
0.1260,0.0000969,0.0000022,0.00009540,0.00000246,6.0606324114e-03,-8.8888866594e-04,1.0933,2.0880808830e+00
0.1270,0.0000971,0.0000022,0.00009560,0.00000246,6.0606030747e-03,-9.2929229140e-04,1.0943,2.0880808830e+00
0.1280,0.0000973,0.0000022,0.00009550,0.00000246,7.2727338411e-03,-9.2929229140e-04,1.0953,2.0892930031e+00
0.1290,0.0000970,0.0000022,0.00009570,0.00000246,5.2525163628e-03,-8.8888866594e-04,1.0963,2.0872728825e+00
0.1300,0.0000972,0.0000022,0.00009580,0.00000246,5.6565599516e-03,-8.8888866594e-04,1.0973,2.0876767635e+00
0.1310,0.0000976,0.0000022,0.00009580,0.00000245,7.2727338411e-03,-8.4848504048e-04,1.0983,2.0892930031e+00
0.1320,0.0000982,0.0000022,0.00009590,0.00000245,9.2929219827e-03,-8.8888866594e-04,1.0993,2.0913131237e+00
0.1330,0.0000982,0.0000022,0.00009590,0.00000246,9.2929219827e-03,-9.6969684819e-04,1.1003,2.0913131237e+00
0.1340,0.0000983,0.0000022,0.00009620,0.00000245,8.4848646075e-03,-9.2929322273e-04,1.1013,2.0905051231e+00
0.1350,0.0000983,0.0000022,0.00009630,0.00000245,8.0808214843e-03,-8.4848504048e-04,1.1023,2.0901010036e+00
0.1360,0.0000986,0.0000022,0.00009630,0.00000245,9.2929517850e-03,-8.8888866594e-04,1.1033,2.0913131237e+00
0.1370,0.0000989,0.0000022,0.00009640,0.00000245,1.0101009160e-02,-9.2929322273e-04,1.1043,2.0921213627e+00
0.1380,0.0000992,0.0000022,0.00009650,0.00000245,1.0909096338e-02,-9.2929322273e-04,1.1053,2.0929293633e+00
0.1390,0.0000991,0.0000022,0.00009660,0.00000244,1.0101009160e-02,-8.4848416736e-04,1.1063,2.0921213627e+00
0.1400,0.0000993,0.0000022,0.00009670,0.00000245,1.0505052283e-02,-8.8888866594e-04,1.1073,2.0925252438e+00
0.1410,0.0000999,0.0000022,0.00009670,0.00000245,1.2929284014e-02,-8.4848504048e-04,1.1083,2.0949494839e+00
0.1420,0.0000999,0.0000022,0.00009690,0.00000244,1.2121196836e-02,-8.8888866594e-04,1.1093,2.0941414833e+00
0.1430,0.0001000,0.0000022,0.00009690,0.00000244,1.2525240891e-02,-8.8888866594e-04,1.1103,2.0945456028e+00
0.1440,0.0001000,0.0000022,0.00009700,0.00000244,1.2121226639e-02,-8.8888866594e-04,1.1113,2.0941414833e+00
0.1450,0.0001000,0.0000022,0.00009700,0.00000244,1.2121226639e-02,-8.4848416736e-04,1.1123,2.0941414833e+00
0.1460,0.0001010,0.0000022,0.00009720,0.00000244,1.5353544615e-02,-8.4848416736e-04,1.1133,2.0973737240e+00
0.1470,0.0001010,0.0000022,0.00009730,0.00000244,1.4949501492e-02,-9.2929229140e-04,1.1143,2.0969698429e+00
0.1480,0.0001010,0.0000022,0.00009750,0.00000244,1.4141414315e-02,-9.2929229140e-04,1.1153,2.0961616039e+00
0.1490,0.0001010,0.0000022,0.00009750,0.00000244,1.4141414315e-02,-8.8888866594e-04,1.1163,2.0961616039e+00
0.1500,0.0001010,0.0000022,0.00009770,0.00000244,1.3333327137e-02,-8.8888866594e-04,1.1173,2.0953536034e+00
0.1510,0.0001020,0.0000022,0.00009780,0.00000244,1.6969688237e-02,-8.4848416736e-04,1.1183,2.0989899635e+00
0.1520,0.0001020,0.0000022,0.00009780,0.00000244,1.6969688237e-02,-8.4848416736e-04,1.1193,2.0989899635e+00
0.1530,0.0001030,0.0000022,0.00009790,0.00000244,2.0606050268e-02,-8.8888866594e-04,1.1203,2.1026263237e+00
0.1540,0.0001030,0.0000022,0.00009820,0.00000244,1.9393948838e-02,-9.2929229140e-04,1.1213,2.1014142036e+00
0.1550,0.0001020,0.0000022,0.00009820,0.00000244,1.5353544615e-02,-9.2929229140e-04,1.1223,2.0973737240e+00
0.1560,0.0001030,0.0000022,0.00009840,0.00000244,1.8585862592e-02,-9.2929229140e-04,1.1233,2.1006062031e+00
0.1570,0.0001030,0.0000022,0.00009850,0.00000244,1.8181819469e-02,-8.8888866594e-04,1.1243,2.1002020836e+00
0.1580,0.0001030,0.0000022,0.00009860,0.00000244,1.7777776346e-02,-9.2929229140e-04,1.1253,2.0997979641e+00
0.1590,0.0001030,0.0000022,0.00009870,0.00000243,1.7373731360e-02,-8.4848504048e-04,1.1263,2.0993940830e+00
0.1600,0.0001040,0.0000022,0.00009890,0.00000243,2.0606080070e-02,-9.2929322273e-04,1.1273,2.1026263237e+00
0.1610,0.0001040,0.0000022,0.00009890,0.00000243,2.0606080070e-02,-9.2929322273e-04,1.1283,2.1026263237e+00
0.1620,0.0001040,0.0000022,0.00009900,0.00000243,2.0202036947e-02,-8.8888866594e-04,1.1293,2.1022222042e+00
0.1630,0.0001050,0.0000022,0.00009930,0.00000243,2.3030310869e-02,-8.8888866594e-04,1.1303,2.1050505638e+00
0.1640,0.0001050,0.0000022,0.00009940,0.00000243,2.2626267746e-02,-8.8888866594e-04,1.1313,2.1046464443e+00
0.1650,0.0001050,0.0000022,0.00009940,0.00000243,2.2626267746e-02,-8.8888866594e-04,1.1323,2.1046464443e+00
0.1660,0.0001060,0.0000022,0.00009960,0.00000243,2.5858586654e-02,-9.2929322273e-04,1.1333,2.1078789234e+00
0.1670,0.0001050,0.0000022,0.00009980,0.00000243,2.1010093391e-02,-9.2929322273e-04,1.1343,2.1030304432e+00
0.1680,0.0001050,0.0000022,0.00009980,0.00000243,2.1010093391e-02,-8.4848504048e-04,1.1353,2.1030304432e+00
0.1690,0.0001060,0.0000022,0.00010000,0.00000242,2.4242442101e-02,-8.4848504048e-04,1.1363,2.1062626839e+00
0.1700,0.0001060,0.0000022,0.00010000,0.00000243,2.4242442101e-02,-9.6969684819e-04,1.1373,2.1062626839e+00
0.1710,0.0001070,0.0000022,0.00010000,0.00000242,2.8282847255e-02,-9.2929322273e-04,1.1383,2.1103031635e+00
0.1720,0.0001070,0.0000022,0.00010100,0.00000242,2.4242442101e-02,-8.8888959726e-04,1.1393,2.1062626839e+00
0.1730,0.0001070,0.0000022,0.00010100,0.00000242,2.4242442101e-02,-8.8888959726e-04,1.1403,2.1062626839e+00
0.1740,0.0001070,0.0000022,0.00010100,0.00000242,2.4242442101e-02,-8.4848504048e-04,1.1413,2.1062626839e+00
0.1750,0.0001080,0.0000022,0.00010100,0.00000242,2.8282847255e-02,-8.8888959726e-04,1.1423,2.1103031635e+00
0.1760,0.0001080,0.0000022,0.00010100,0.00000242,2.8282847255e-02,-8.8888959726e-04,1.1433,2.1103031635e+00
0.1770,0.0001080,0.0000022,0.00010100,0.00000242,2.8282847255e-02,-8.8888959726e-04,1.1443,2.1103031635e+00
0.1780,0.0001080,0.0000022,0.00010100,0.00000242,2.8282847255e-02,-9.2929322273e-04,1.1453,2.1103031635e+00
0.1790,0.0001080,0.0000022,0.00010200,0.00000242,2.4242442101e-02,-8.8888959726e-04,1.1463,2.1062626839e+00
0.1800,0.0001090,0.0000022,0.00010200,0.00000242,2.8282847255e-02,-8.8888959726e-04,1.1473,2.1103031635e+00
0.1810,0.0001090,0.0000022,0.00010200,0.00000241,2.8282847255e-02,-8.4848504048e-04,1.1483,2.1103031635e+00
0.1820,0.0001100,0.0000022,0.00010200,0.00000241,3.2323256135e-02,-8.8888866594e-04,1.1493,2.1143436432e+00
0.1830,0.0001100,0.0000022,0.00010200,0.00000241,3.2323256135e-02,-8.8888866594e-04,1.1503,2.1143436432e+00
0.1840,0.0001100,0.0000022,0.00010300,0.00000241,2.8282847255e-02,-8.8888866594e-04,1.1513,2.1103031635e+00
0.1850,0.0001100,0.0000022,0.00010300,0.00000241,2.8282847255e-02,-8.8888866594e-04,1.1523,2.1103031635e+00
0.1860,0.0001100,0.0000022,0.00010300,0.00000241,2.8282847255e-02,-8.0808054190e-04,1.1533,2.1103031635e+00
0.1870,0.0001110,0.0000022,0.00010300,0.00000241,3.2323256135e-02,-8.4848504048e-04,1.1543,2.1143436432e+00
0.1880,0.0001110,0.0000022,0.00010300,0.00000241,3.2323256135e-02,-8.8888866594e-04,1.1553,2.1143436432e+00
0.1890,0.0001120,0.0000022,0.00010300,0.00000241,3.6363661289e-02,-9.6969684819e-04,1.1563,2.1183838844e+00
0.1900,0.0001120,0.0000022,0.00010400,0.00000240,3.2323256135e-02,-8.4848504048e-04,1.1573,2.1143436432e+00
0.1910,0.0001120,0.0000022,0.00010400,0.00000240,3.2323256135e-02,-8.0808147322e-04,1.1583,2.1143436432e+00
0.1920,0.0001130,0.0000022,0.00010400,0.00000241,3.6363661289e-02,-8.8888866594e-04,1.1593,2.1183838844e+00
0.1930,0.0001130,0.0000022,0.00010400,0.00000241,3.6363661289e-02,-9.2929322273e-04,1.1603,2.1183838844e+00
0.1940,0.0001130,0.0000022,0.00010500,0.00000241,3.2323256135e-02,-9.6969684819e-04,1.1613,2.1143436432e+00
0.1950,0.0001130,0.0000022,0.00010500,0.00000240,3.2323256135e-02,-8.8888959726e-04,1.1623,2.1143436432e+00
0.1960,0.0001140,0.0000022,0.00010500,0.00000240,3.6363661289e-02,-8.4848504048e-04,1.1633,2.1183838844e+00
0.1970,0.0001140,0.0000022,0.00010500,0.00000240,3.6363661289e-02,-8.8888959726e-04,1.1643,2.1183838844e+00
0.1980,0.0001150,0.0000022,0.00010500,0.00000240,4.0404066443e-02,-8.8888959726e-04,1.1653,2.1224243641e+00
0.1990,0.0001150,0.0000022,0.00010600,0.00000240,3.6363661289e-02,-9.2929322273e-04,1.1663,2.1183838844e+00
